ISO-10303-21;
HEADER;
/* Generated by software containing ST-Developer
 * from STEP Tools, Inc. (www.steptools.com) 
 */

FILE_DESCRIPTION(
/* description */ (''),
/* implementation_level */ '2;1');

FILE_NAME(
/* name */ 'Delb_Tail_Male_cONNECTOR.stp',
/* time_stamp */ '2026-08-26T18:05:54-04:00',
/* author */ ('mateo'),
/* organization */ (''),
/* preprocessor_version */ 'ST-DEVELOPER v20.1',
/* originating_system */ 'Autodesk Inventor 2027',
/* authorisation */ '');

FILE_SCHEMA (('AUTOMOTIVE_DESIGN { 1 0 10303 214 3 1 1 }'));
ENDSEC;

DATA;
#10=MECHANICAL_DESIGN_GEOMETRIC_PRESENTATION_REPRESENTATION('',(#42,#43),
#12001);
#11=ITEM_DEFINED_TRANSFORMATION($,$,#3697,#3928);
#12=ITEM_DEFINED_TRANSFORMATION($,$,#3710,#3929);
#13=(
REPRESENTATION_RELATIONSHIP($,$,#12015,#12014)
REPRESENTATION_RELATIONSHIP_WITH_TRANSFORMATION(#11)
SHAPE_REPRESENTATION_RELATIONSHIP()
);
#14=(
REPRESENTATION_RELATIONSHIP($,$,#12016,#12014)
REPRESENTATION_RELATIONSHIP_WITH_TRANSFORMATION(#12)
SHAPE_REPRESENTATION_RELATIONSHIP()
);
#15=CONTEXT_DEPENDENT_SHAPE_REPRESENTATION(#13,#12012);
#16=CONTEXT_DEPENDENT_SHAPE_REPRESENTATION(#14,#12013);
#17=NEXT_ASSEMBLY_USAGE_OCCURRENCE('connector:1','connector:1',
'connector:1',#12018,#12019,'connector:1');
#18=NEXT_ASSEMBLY_USAGE_OCCURRENCE('Male_Tail_Female_Connector:1',
'Male_Tail_Female_Connector:1','Male_Tail_Female_Connector:1',#12018,#12020,
'Male_Tail_Female_Connector:1');
#19=TOROIDAL_SURFACE('',#3839,4.25,2.);
#20=(
BOUNDED_SURFACE()
B_SPLINE_SURFACE(1,2,((#10383,#10384,#10385,#10386,#10387,#10388,#10389,
#10390,#10391),(#10392,#10393,#10394,#10395,#10396,#10397,#10398,#10399,
#10400)),.UNSPECIFIED.,.F.,.T.,.F.)
B_SPLINE_SURFACE_WITH_KNOTS((2,2),(3,2,2,2,3),(0.159362549800796,1.03386454183267),
(-3.14159265358979,-1.5707963267949,0.,1.5707963267949,3.14159265358979),
 .UNSPECIFIED.)
GEOMETRIC_REPRESENTATION_ITEM()
RATIONAL_B_SPLINE_SURFACE(((1.,0.707106781186548,1.,0.707106781186548,1.,
0.707106781186548,1.,0.707106781186548,1.),(1.,0.707106781186548,1.,0.707106781186548,
1.,0.707106781186548,1.,0.707106781186548,1.)))
REPRESENTATION_ITEM('')
SURFACE()
);
#21=ORIENTED_CLOSED_SHELL('',*,#3626,.F.);
#22=ORIENTED_CLOSED_SHELL('',*,#3627,.F.);
#23=ORIENTED_CLOSED_SHELL('',*,#3628,.F.);
#24=ORIENTED_CLOSED_SHELL('',*,#3629,.F.);
#25=ORIENTED_CLOSED_SHELL('',*,#3630,.F.);
#26=ORIENTED_CLOSED_SHELL('',*,#3631,.F.);
#27=ORIENTED_CLOSED_SHELL('',*,#3632,.F.);
#28=ORIENTED_CLOSED_SHELL('',*,#3633,.F.);
#29=ORIENTED_CLOSED_SHELL('',*,#3634,.F.);
#30=ORIENTED_CLOSED_SHELL('',*,#3635,.F.);
#31=ORIENTED_CLOSED_SHELL('',*,#3636,.F.);
#32=ORIENTED_CLOSED_SHELL('',*,#3637,.F.);
#33=ORIENTED_CLOSED_SHELL('',*,#3638,.F.);
#34=ORIENTED_CLOSED_SHELL('',*,#3639,.F.);
#35=ORIENTED_CLOSED_SHELL('',*,#3640,.F.);
#36=ORIENTED_CLOSED_SHELL('',*,#3641,.F.);
#37=BREP_WITH_VOIDS('Solid3',#3642,(#21,#22,#23,#24,#25,#26,#27,#28,#29,
#30,#31,#32,#33,#34,#35,#36));
#38=SHAPE_REPRESENTATION_RELATIONSHIP('SRR','None',#12015,#40);
#39=SHAPE_REPRESENTATION_RELATIONSHIP('SRR','None',#12016,#41);
#40=ADVANCED_BREP_SHAPE_REPRESENTATION('',(#44),#11999);
#41=ADVANCED_BREP_SHAPE_REPRESENTATION('',(#37),#12000);
#42=STYLED_ITEM('',(#3669),#44);
#43=STYLED_ITEM('',(#3669),#37);
#44=MANIFOLD_SOLID_BREP('Solid3',#3625);
#45=B_SPLINE_SURFACE_WITH_KNOTS('',4,1,((#4798,#4799),(#4800,#4801),(#4802,
#4803),(#4804,#4805),(#4806,#4807),(#4808,#4809),(#4810,#4811),(#4812,#4813),
(#4814,#4815),(#4816,#4817),(#4818,#4819),(#4820,#4821),(#4822,#4823),(#4824,
#4825),(#4826,#4827),(#4828,#4829),(#4830,#4831),(#4832,#4833),(#4834,#4835),
(#4836,#4837),(#4838,#4839),(#4840,#4841),(#4842,#4843),(#4844,#4845),(#4846,
#4847),(#4848,#4849),(#4850,#4851),(#4852,#4853),(#4854,#4855),(#4856,#4857),
(#4858,#4859),(#4860,#4861),(#4862,#4863),(#4864,#4865),(#4866,#4867),(#4868,
#4869),(#4870,#4871),(#4872,#4873),(#4874,#4875),(#4876,#4877),(#4878,#4879),
(#4880,#4881),(#4882,#4883),(#4884,#4885),(#4886,#4887),(#4888,#4889),(#4890,
#4891),(#4892,#4893),(#4894,#4895),(#4896,#4897),(#4898,#4899),(#4900,#4901),
(#4902,#4903),(#4904,#4905),(#4906,#4907),(#4908,#4909),(#4910,#4911),(#4912,
#4913),(#4914,#4915),(#4916,#4917),(#4918,#4919),(#4920,#4921),(#4922,#4923),
(#4924,#4925),(#4926,#4927),(#4928,#4929),(#4930,#4931),(#4932,#4933),(#4934,
#4935),(#4936,#4937),(#4938,#4939),(#4940,#4941),(#4942,#4943),(#4944,#4945),
(#4946,#4947),(#4948,#4949),(#4950,#4951),(#4952,#4953),(#4954,#4955),(#4956,
#4957),(#4958,#4959),(#4960,#4961),(#4962,#4963),(#4964,#4965),(#4966,#4967),
(#4968,#4969),(#4970,#4971),(#4972,#4973),(#4974,#4975),(#4976,#4977),(#4978,
#4979),(#4980,#4981),(#4982,#4983),(#4984,#4985),(#4986,#4987),(#4988,#4989),
(#4990,#4991),(#4992,#4993),(#4994,#4995),(#4996,#4997),(#4998,#4999),(#5000,
#5001),(#5002,#5003),(#5004,#5005),(#5006,#5007),(#5008,#5009),(#5010,#5011),
(#5012,#5013),(#5014,#5015),(#5016,#5017),(#5018,#5019),(#5020,#5021),(#5022,
#5023),(#5024,#5025),(#5026,#5027),(#5028,#5029),(#5030,#5031)),
 .UNSPECIFIED.,.F.,.F.,.F.,(5,1,1,1,1,1,1,1,1,1,1,1,1,1,1,1,1,1,1,1,1,1,
1,1,1,1,1,1,1,1,1,1,1,1,1,1,1,1,1,1,1,1,1,1,1,1,1,1,1,1,1,1,1,1,1,1,1,1,
1,1,1,1,1,1,1,1,1,1,1,1,1,1,1,1,1,1,1,1,1,1,1,1,1,1,1,1,1,1,1,1,1,1,1,1,
1,1,1,1,1,1,1,1,1,1,1,1,1,1,1,1,1,1,1,5),(2,2),(0.0375904011676887,0.0424977051415694,
0.0492302376725698,0.0562626920636539,0.0635744340458775,0.0711465509423019,
0.0789614594143131,0.0870026602977662,0.0952545246112878,0.103702135464401,
0.112331170498918,0.121127790334781,0.130078580834046,0.139170451623569,
0.148390605811655,0.157726485353297,0.16716573405587,0.176696171008584,
0.186305752571399,0.195982556429584,0.205714765308719,0.215490639450342,
0.225298515796117,0.235126802905358,0.244963940147166,0.254798435334924,
0.264618834301533,0.274413713777979,0.284171693111968,0.293881418720027,
0.303531559126895,0.313110815882648,0.32260790185933,0.332011539205534,
0.34131045601614,0.350493366990779,0.359548964390373,0.368465902616835,
0.377232782729097,0.38583813242097,0.394270391065301,0.402517896252394,
0.410568873621552,0.418411443559001,0.426033653265572,0.433423551900057,
0.440569314991927,0.447459474606622,0.454083367810835,0.460431816008489,
0.466498335728379,0.472281090512072,0.477785893648077,0.483030581543972,
0.488050079800375,0.492900326112248,0.497645763453044,0.502354236547561,
0.507099673888358,0.511949920200271,0.516969418456674,0.522214106352569,
0.527718909488574,0.533501664272267,0.539568183992157,0.545916632189811,
0.552540525394024,0.559430685008719,0.566576448100588,0.573966346735074,
0.581588556441645,0.589431126379094,0.597482103748252,0.605729608935345,
0.614161867579676,0.622767217271548,0.631534097383812,0.640451035610272,
0.649506633009877,0.658689543984522,0.667988460795126,0.677392098141332,
0.686889184118004,0.696468440873752,0.706118581280622,0.715828306888681,
0.72558628622267,0.735381165699116,0.745201564665725,0.755036059853482,
0.764873197095291,0.774701484204532,0.784509360550307,0.794285234691929,
0.804017443571064,0.813694247429249,0.823303828992065,0.832834265944778,
0.842273514647351,0.851609394188994,0.860829548377079,0.869921419166602,
0.878872209665867,0.88766882950173,0.896297864536247,0.90474547538936,0.912997339702882,
0.921038540586334,0.928853449058346,0.936425565954769,0.943737307936996,
0.950769762327706,0.957502294858718,0.962409598835927),(0.,45.3491),
 .UNSPECIFIED.);
#46=B_SPLINE_SURFACE_WITH_KNOTS('',4,1,((#5052,#5053),(#5054,#5055),(#5056,
#5057),(#5058,#5059),(#5060,#5061),(#5062,#5063),(#5064,#5065),(#5066,#5067),
(#5068,#5069),(#5070,#5071),(#5072,#5073),(#5074,#5075),(#5076,#5077),(#5078,
#5079),(#5080,#5081),(#5082,#5083),(#5084,#5085),(#5086,#5087),(#5088,#5089),
(#5090,#5091),(#5092,#5093),(#5094,#5095),(#5096,#5097),(#5098,#5099),(#5100,
#5101),(#5102,#5103),(#5104,#5105),(#5106,#5107),(#5108,#5109),(#5110,#5111),
(#5112,#5113),(#5114,#5115),(#5116,#5117),(#5118,#5119),(#5120,#5121),(#5122,
#5123),(#5124,#5125),(#5126,#5127),(#5128,#5129),(#5130,#5131),(#5132,#5133),
(#5134,#5135),(#5136,#5137),(#5138,#5139),(#5140,#5141),(#5142,#5143),(#5144,
#5145),(#5146,#5147),(#5148,#5149),(#5150,#5151),(#5152,#5153),(#5154,#5155),
(#5156,#5157),(#5158,#5159),(#5160,#5161),(#5162,#5163),(#5164,#5165),(#5166,
#5167),(#5168,#5169),(#5170,#5171),(#5172,#5173),(#5174,#5175),(#5176,#5177),
(#5178,#5179),(#5180,#5181),(#5182,#5183),(#5184,#5185),(#5186,#5187),(#5188,
#5189),(#5190,#5191),(#5192,#5193),(#5194,#5195),(#5196,#5197),(#5198,#5199),
(#5200,#5201),(#5202,#5203),(#5204,#5205)),.UNSPECIFIED.,.F.,.F.,.F.,(5,
1,1,1,1,1,1,1,1,1,1,1,1,1,1,1,1,1,1,1,1,1,1,1,1,1,1,1,1,1,1,1,1,1,1,1,1,
1,1,1,1,1,1,1,1,1,1,1,1,1,1,1,1,1,1,1,1,1,1,1,1,1,1,1,1,1,1,1,1,1,1,1,1,
5),(2,2),(0.212723116389765,0.215490639446675,0.225298515792606,0.235126802902004,
0.24496394014397,0.254798435331884,0.26461883429865,0.274413713775252,0.284171693109398,
0.293881418717611,0.303531559124635,0.313110815880523,0.322607901857318,
0.332011539203604,0.341310456014303,0.350493366989054,0.359548964388776,
0.368465902615394,0.377232782727796,0.385838132419806,0.394270391064272,
0.402517896251497,0.410568873620783,0.418411443558358,0.426033653265051,
0.433423551899654,0.440569314991637,0.447459474606442,0.45408336781076,
0.460431816008516,0.466498335728503,0.472281090512288,0.477785893648381,
0.48303058154436,0.488050079800844,0.492900326112569,0.49764576345295,0.502354236547049,
0.50709967388743,0.511949920199155,0.516969418455639,0.522214106351618,
0.527718909487711,0.533501664271496,0.539568183991484,0.545916632189239,
0.552540525393557,0.559430685008362,0.566576448100345,0.573966346734948,
0.581588556441641,0.589431126379216,0.597482103748502,0.605729608935727,
0.614161867580193,0.622767217272203,0.631534097384605,0.640451035611224,
0.649506633010946,0.658689543985696,0.667988460796395,0.677392098142681,
0.686889184119477,0.696468440875364,0.706118581282388,0.715828306890602,
0.725586286224747,0.735381165701349,0.745201564668115,0.75503605985603,
0.764873197097996,0.774701484207393,0.784509360553325,0.78727688361024),
(0.,14.3),.UNSPECIFIED.);
#47=B_SPLINE_SURFACE_WITH_KNOTS('',4,1,((#5225,#5226),(#5227,#5228),(#5229,
#5230),(#5231,#5232),(#5233,#5234),(#5235,#5236),(#5237,#5238),(#5239,#5240),
(#5241,#5242),(#5243,#5244),(#5245,#5246),(#5247,#5248),(#5249,#5250),(#5251,
#5252),(#5253,#5254),(#5255,#5256),(#5257,#5258),(#5259,#5260),(#5261,#5262),
(#5263,#5264),(#5265,#5266),(#5267,#5268),(#5269,#5270),(#5271,#5272),(#5273,
#5274),(#5275,#5276),(#5277,#5278),(#5279,#5280),(#5281,#5282),(#5283,#5284),
(#5285,#5286),(#5287,#5288),(#5289,#5290),(#5291,#5292),(#5293,#5294),(#5295,
#5296),(#5297,#5298),(#5299,#5300),(#5301,#5302),(#5303,#5304),(#5305,#5306),
(#5307,#5308),(#5309,#5310),(#5311,#5312),(#5313,#5314),(#5315,#5316),(#5317,
#5318),(#5319,#5320),(#5321,#5322),(#5323,#5324),(#5325,#5326),(#5327,#5328),
(#5329,#5330),(#5331,#5332),(#5333,#5334),(#5335,#5336),(#5337,#5338),(#5339,
#5340),(#5341,#5342),(#5343,#5344),(#5345,#5346),(#5347,#5348),(#5349,#5350),
(#5351,#5352),(#5353,#5354),(#5355,#5356),(#5357,#5358),(#5359,#5360),(#5361,
#5362),(#5363,#5364),(#5365,#5366),(#5367,#5368),(#5369,#5370),(#5371,#5372),
(#5373,#5374),(#5375,#5376),(#5377,#5378)),.UNSPECIFIED.,.F.,.F.,.F.,(5,
1,1,1,1,1,1,1,1,1,1,1,1,1,1,1,1,1,1,1,1,1,1,1,1,1,1,1,1,1,1,1,1,1,1,1,1,
1,1,1,1,1,1,1,1,1,1,1,1,1,1,1,1,1,1,1,1,1,1,1,1,1,1,1,1,1,1,1,1,1,1,1,1,
5),(2,2),(0.212723116389765,0.215490639446675,0.225298515792606,0.235126802902004,
0.24496394014397,0.254798435331884,0.26461883429865,0.274413713775252,0.284171693109398,
0.293881418717611,0.303531559124635,0.313110815880523,0.322607901857318,
0.332011539203604,0.341310456014303,0.350493366989054,0.359548964388776,
0.368465902615394,0.377232782727796,0.385838132419806,0.394270391064272,
0.402517896251497,0.410568873620783,0.418411443558358,0.426033653265051,
0.433423551899654,0.440569314991637,0.447459474606442,0.45408336781076,
0.460431816008516,0.466498335728503,0.472281090512288,0.477785893648381,
0.48303058154436,0.488050079800844,0.492900326112569,0.49764576345295,0.502354236547049,
0.50709967388743,0.511949920199155,0.516969418455639,0.522214106351618,
0.527718909487711,0.533501664271496,0.539568183991484,0.545916632189239,
0.552540525393557,0.559430685008362,0.566576448100345,0.573966346734948,
0.581588556441641,0.589431126379216,0.597482103748502,0.605729608935727,
0.614161867580193,0.622767217272203,0.631534097384605,0.640451035611224,
0.649506633010946,0.658689543985696,0.667988460796395,0.677392098142681,
0.686889184119477,0.696468440875364,0.706118581282388,0.715828306890602,
0.725586286224747,0.735381165701349,0.745201564668115,0.75503605985603,
0.764873197097996,0.774701484207393,0.784509360553325,0.78727688361024),
(0.,14.3),.UNSPECIFIED.);
#48=B_SPLINE_SURFACE_WITH_KNOTS('',4,1,((#5418,#5419),(#5420,#5421),(#5422,
#5423),(#5424,#5425),(#5426,#5427),(#5428,#5429),(#5430,#5431),(#5432,#5433),
(#5434,#5435),(#5436,#5437),(#5438,#5439),(#5440,#5441),(#5442,#5443),(#5444,
#5445),(#5446,#5447),(#5448,#5449),(#5450,#5451),(#5452,#5453),(#5454,#5455),
(#5456,#5457),(#5458,#5459),(#5460,#5461),(#5462,#5463),(#5464,#5465),(#5466,
#5467),(#5468,#5469),(#5470,#5471),(#5472,#5473),(#5474,#5475),(#5476,#5477),
(#5478,#5479),(#5480,#5481),(#5482,#5483),(#5484,#5485),(#5486,#5487),(#5488,
#5489),(#5490,#5491),(#5492,#5493),(#5494,#5495),(#5496,#5497),(#5498,#5499),
(#5500,#5501),(#5502,#5503),(#5504,#5505),(#5506,#5507),(#5508,#5509),(#5510,
#5511),(#5512,#5513),(#5514,#5515),(#5516,#5517),(#5518,#5519),(#5520,#5521),
(#5522,#5523),(#5524,#5525),(#5526,#5527),(#5528,#5529),(#5530,#5531),(#5532,
#5533),(#5534,#5535),(#5536,#5537),(#5538,#5539),(#5540,#5541),(#5542,#5543),
(#5544,#5545),(#5546,#5547),(#5548,#5549),(#5550,#5551),(#5552,#5553),(#5554,
#5555),(#5556,#5557),(#5558,#5559),(#5560,#5561),(#5562,#5563),(#5564,#5565),
(#5566,#5567),(#5568,#5569),(#5570,#5571)),.UNSPECIFIED.,.F.,.F.,.F.,(5,
1,1,1,1,1,1,1,1,1,1,1,1,1,1,1,1,1,1,1,1,1,1,1,1,1,1,1,1,1,1,1,1,1,1,1,1,
1,1,1,1,1,1,1,1,1,1,1,1,1,1,1,1,1,1,1,1,1,1,1,1,1,1,1,1,1,1,1,1,1,1,1,1,
5),(2,2),(0.212723116389765,0.215490639446675,0.225298515792606,0.235126802902004,
0.24496394014397,0.254798435331884,0.26461883429865,0.274413713775252,0.284171693109398,
0.293881418717611,0.303531559124635,0.313110815880523,0.322607901857318,
0.332011539203604,0.341310456014303,0.350493366989054,0.359548964388776,
0.368465902615394,0.377232782727796,0.385838132419806,0.394270391064272,
0.402517896251497,0.410568873620783,0.418411443558358,0.426033653265051,
0.433423551899654,0.440569314991637,0.447459474606442,0.45408336781076,
0.460431816008516,0.466498335728503,0.472281090512288,0.477785893648381,
0.48303058154436,0.488050079800844,0.492900326112569,0.49764576345295,0.502354236547049,
0.50709967388743,0.511949920199155,0.516969418455639,0.522214106351618,
0.527718909487711,0.533501664271496,0.539568183991484,0.545916632189239,
0.552540525393557,0.559430685008362,0.566576448100345,0.573966346734948,
0.581588556441641,0.589431126379216,0.597482103748502,0.605729608935727,
0.614161867580193,0.622767217272203,0.631534097384605,0.640451035611224,
0.649506633010946,0.658689543985696,0.667988460796395,0.677392098142681,
0.686889184119477,0.696468440875364,0.706118581282388,0.715828306890602,
0.725586286224747,0.735381165701349,0.745201564668115,0.75503605985603,
0.764873197097996,0.774701484207393,0.784509360553325,0.78727688361024),
(0.,14.3),.UNSPECIFIED.);
#49=B_SPLINE_SURFACE_WITH_KNOTS('',4,1,((#5572,#5573),(#5574,#5575),(#5576,
#5577),(#5578,#5579),(#5580,#5581),(#5582,#5583),(#5584,#5585),(#5586,#5587),
(#5588,#5589),(#5590,#5591),(#5592,#5593),(#5594,#5595),(#5596,#5597),(#5598,
#5599),(#5600,#5601),(#5602,#5603),(#5604,#5605),(#5606,#5607),(#5608,#5609),
(#5610,#5611),(#5612,#5613),(#5614,#5615),(#5616,#5617),(#5618,#5619),(#5620,
#5621),(#5622,#5623),(#5624,#5625),(#5626,#5627),(#5628,#5629),(#5630,#5631),
(#5632,#5633),(#5634,#5635),(#5636,#5637),(#5638,#5639),(#5640,#5641),(#5642,
#5643),(#5644,#5645),(#5646,#5647),(#5648,#5649),(#5650,#5651),(#5652,#5653),
(#5654,#5655),(#5656,#5657),(#5658,#5659),(#5660,#5661),(#5662,#5663),(#5664,
#5665),(#5666,#5667),(#5668,#5669),(#5670,#5671),(#5672,#5673),(#5674,#5675),
(#5676,#5677),(#5678,#5679),(#5680,#5681),(#5682,#5683),(#5684,#5685),(#5686,
#5687),(#5688,#5689),(#5690,#5691),(#5692,#5693),(#5694,#5695),(#5696,#5697),
(#5698,#5699),(#5700,#5701),(#5702,#5703),(#5704,#5705),(#5706,#5707),(#5708,
#5709),(#5710,#5711),(#5712,#5713),(#5714,#5715),(#5716,#5717),(#5718,#5719),
(#5720,#5721),(#5722,#5723),(#5724,#5725)),.UNSPECIFIED.,.F.,.F.,.F.,(5,
1,1,1,1,1,1,1,1,1,1,1,1,1,1,1,1,1,1,1,1,1,1,1,1,1,1,1,1,1,1,1,1,1,1,1,1,
1,1,1,1,1,1,1,1,1,1,1,1,1,1,1,1,1,1,1,1,1,1,1,1,1,1,1,1,1,1,1,1,1,1,1,1,
5),(2,2),(0.212723116389765,0.215490639446675,0.225298515792606,0.235126802902004,
0.24496394014397,0.254798435331884,0.26461883429865,0.274413713775252,0.284171693109398,
0.293881418717611,0.303531559124635,0.313110815880523,0.322607901857318,
0.332011539203604,0.341310456014303,0.350493366989054,0.359548964388776,
0.368465902615394,0.377232782727796,0.385838132419806,0.394270391064272,
0.402517896251497,0.410568873620783,0.418411443558358,0.426033653265051,
0.433423551899654,0.440569314991637,0.447459474606442,0.45408336781076,
0.460431816008516,0.466498335728503,0.472281090512288,0.477785893648381,
0.48303058154436,0.488050079800844,0.492900326112569,0.49764576345295,0.502354236547049,
0.50709967388743,0.511949920199155,0.516969418455639,0.522214106351618,
0.527718909487711,0.533501664271496,0.539568183991484,0.545916632189239,
0.552540525393557,0.559430685008362,0.566576448100345,0.573966346734948,
0.581588556441641,0.589431126379216,0.597482103748502,0.605729608935727,
0.614161867580193,0.622767217272203,0.631534097384605,0.640451035611224,
0.649506633010946,0.658689543985696,0.667988460796395,0.677392098142681,
0.686889184119477,0.696468440875364,0.706118581282388,0.715828306890602,
0.725586286224747,0.735381165701349,0.745201564668115,0.75503605985603,
0.764873197097996,0.774701484207393,0.784509360553325,0.78727688361024),
(0.,14.3),.UNSPECIFIED.);
#50=B_SPLINE_SURFACE_WITH_KNOTS('',4,1,((#5785,#5786),(#5787,#5788),(#5789,
#5790),(#5791,#5792),(#5793,#5794),(#5795,#5796),(#5797,#5798),(#5799,#5800),
(#5801,#5802),(#5803,#5804),(#5805,#5806),(#5807,#5808),(#5809,#5810),(#5811,
#5812),(#5813,#5814),(#5815,#5816),(#5817,#5818),(#5819,#5820),(#5821,#5822),
(#5823,#5824),(#5825,#5826),(#5827,#5828),(#5829,#5830),(#5831,#5832),(#5833,
#5834),(#5835,#5836),(#5837,#5838),(#5839,#5840),(#5841,#5842),(#5843,#5844),
(#5845,#5846),(#5847,#5848),(#5849,#5850),(#5851,#5852),(#5853,#5854),(#5855,
#5856),(#5857,#5858),(#5859,#5860),(#5861,#5862),(#5863,#5864),(#5865,#5866),
(#5867,#5868),(#5869,#5870),(#5871,#5872),(#5873,#5874),(#5875,#5876),(#5877,
#5878),(#5879,#5880),(#5881,#5882),(#5883,#5884),(#5885,#5886),(#5887,#5888),
(#5889,#5890),(#5891,#5892),(#5893,#5894),(#5895,#5896),(#5897,#5898),(#5899,
#5900),(#5901,#5902),(#5903,#5904),(#5905,#5906),(#5907,#5908),(#5909,#5910),
(#5911,#5912),(#5913,#5914),(#5915,#5916),(#5917,#5918),(#5919,#5920),(#5921,
#5922),(#5923,#5924),(#5925,#5926),(#5927,#5928),(#5929,#5930),(#5931,#5932),
(#5933,#5934),(#5935,#5936),(#5937,#5938)),.UNSPECIFIED.,.F.,.F.,.F.,(5,
1,1,1,1,1,1,1,1,1,1,1,1,1,1,1,1,1,1,1,1,1,1,1,1,1,1,1,1,1,1,1,1,1,1,1,1,
1,1,1,1,1,1,1,1,1,1,1,1,1,1,1,1,1,1,1,1,1,1,1,1,1,1,1,1,1,1,1,1,1,1,1,1,
5),(2,2),(0.212723116389765,0.215490639446675,0.225298515792606,0.235126802902004,
0.24496394014397,0.254798435331884,0.26461883429865,0.274413713775252,0.284171693109398,
0.293881418717611,0.303531559124635,0.313110815880523,0.322607901857318,
0.332011539203604,0.341310456014303,0.350493366989054,0.359548964388776,
0.368465902615394,0.377232782727796,0.385838132419806,0.394270391064272,
0.402517896251497,0.410568873620783,0.418411443558358,0.426033653265051,
0.433423551899654,0.440569314991637,0.447459474606442,0.45408336781076,
0.460431816008516,0.466498335728503,0.472281090512288,0.477785893648381,
0.48303058154436,0.488050079800844,0.492900326112569,0.49764576345295,0.502354236547049,
0.50709967388743,0.511949920199155,0.516969418455639,0.522214106351618,
0.527718909487711,0.533501664271496,0.539568183991484,0.545916632189239,
0.552540525393557,0.559430685008362,0.566576448100345,0.573966346734948,
0.581588556441641,0.589431126379216,0.597482103748502,0.605729608935727,
0.614161867580193,0.622767217272203,0.631534097384605,0.640451035611224,
0.649506633010946,0.658689543985696,0.667988460796395,0.677392098142681,
0.686889184119477,0.696468440875364,0.706118581282388,0.715828306890602,
0.725586286224747,0.735381165701349,0.745201564668115,0.75503605985603,
0.764873197097996,0.774701484207393,0.784509360553325,0.78727688361024),
(0.,14.3),.UNSPECIFIED.);
#51=B_SPLINE_SURFACE_WITH_KNOTS('',4,1,((#5976,#5977),(#5978,#5979),(#5980,
#5981),(#5982,#5983),(#5984,#5985),(#5986,#5987),(#5988,#5989),(#5990,#5991),
(#5992,#5993),(#5994,#5995),(#5996,#5997),(#5998,#5999),(#6000,#6001),(#6002,
#6003),(#6004,#6005),(#6006,#6007),(#6008,#6009),(#6010,#6011),(#6012,#6013),
(#6014,#6015),(#6016,#6017),(#6018,#6019),(#6020,#6021),(#6022,#6023),(#6024,
#6025),(#6026,#6027),(#6028,#6029),(#6030,#6031),(#6032,#6033),(#6034,#6035),
(#6036,#6037),(#6038,#6039),(#6040,#6041),(#6042,#6043),(#6044,#6045),(#6046,
#6047),(#6048,#6049),(#6050,#6051),(#6052,#6053),(#6054,#6055),(#6056,#6057),
(#6058,#6059),(#6060,#6061),(#6062,#6063),(#6064,#6065),(#6066,#6067),(#6068,
#6069),(#6070,#6071),(#6072,#6073),(#6074,#6075),(#6076,#6077),(#6078,#6079),
(#6080,#6081),(#6082,#6083),(#6084,#6085),(#6086,#6087),(#6088,#6089),(#6090,
#6091),(#6092,#6093),(#6094,#6095),(#6096,#6097),(#6098,#6099),(#6100,#6101),
(#6102,#6103),(#6104,#6105),(#6106,#6107),(#6108,#6109),(#6110,#6111),(#6112,
#6113),(#6114,#6115),(#6116,#6117),(#6118,#6119),(#6120,#6121),(#6122,#6123),
(#6124,#6125),(#6126,#6127),(#6128,#6129)),.UNSPECIFIED.,.F.,.F.,.F.,(5,
1,1,1,1,1,1,1,1,1,1,1,1,1,1,1,1,1,1,1,1,1,1,1,1,1,1,1,1,1,1,1,1,1,1,1,1,
1,1,1,1,1,1,1,1,1,1,1,1,1,1,1,1,1,1,1,1,1,1,1,1,1,1,1,1,1,1,1,1,1,1,1,1,
5),(2,2),(0.212723116389765,0.215490639446675,0.225298515792606,0.235126802902004,
0.24496394014397,0.254798435331884,0.26461883429865,0.274413713775252,0.284171693109398,
0.293881418717611,0.303531559124635,0.313110815880523,0.322607901857318,
0.332011539203604,0.341310456014303,0.350493366989054,0.359548964388776,
0.368465902615394,0.377232782727796,0.385838132419806,0.394270391064272,
0.402517896251497,0.410568873620783,0.418411443558358,0.426033653265051,
0.433423551899654,0.440569314991637,0.447459474606442,0.45408336781076,
0.460431816008516,0.466498335728503,0.472281090512288,0.477785893648381,
0.48303058154436,0.488050079800844,0.492900326112569,0.49764576345295,0.502354236547049,
0.50709967388743,0.511949920199155,0.516969418455639,0.522214106351618,
0.527718909487711,0.533501664271496,0.539568183991484,0.545916632189239,
0.552540525393557,0.559430685008362,0.566576448100345,0.573966346734948,
0.581588556441641,0.589431126379216,0.597482103748502,0.605729608935727,
0.614161867580193,0.622767217272203,0.631534097384605,0.640451035611224,
0.649506633010946,0.658689543985696,0.667988460796395,0.677392098142681,
0.686889184119477,0.696468440875364,0.706118581282388,0.715828306890602,
0.725586286224747,0.735381165701349,0.745201564668115,0.75503605985603,
0.764873197097996,0.774701484207393,0.784509360553325,0.78727688361024),
(0.,14.3),.UNSPECIFIED.);
#52=B_SPLINE_SURFACE_WITH_KNOTS('',4,1,((#6236,#6237),(#6238,#6239),(#6240,
#6241),(#6242,#6243),(#6244,#6245),(#6246,#6247),(#6248,#6249),(#6250,#6251),
(#6252,#6253),(#6254,#6255),(#6256,#6257),(#6258,#6259),(#6260,#6261),(#6262,
#6263),(#6264,#6265),(#6266,#6267),(#6268,#6269),(#6270,#6271),(#6272,#6273),
(#6274,#6275),(#6276,#6277),(#6278,#6279),(#6280,#6281),(#6282,#6283),(#6284,
#6285),(#6286,#6287),(#6288,#6289),(#6290,#6291),(#6292,#6293),(#6294,#6295),
(#6296,#6297),(#6298,#6299),(#6300,#6301),(#6302,#6303),(#6304,#6305),(#6306,
#6307),(#6308,#6309),(#6310,#6311),(#6312,#6313),(#6314,#6315),(#6316,#6317),
(#6318,#6319),(#6320,#6321),(#6322,#6323),(#6324,#6325),(#6326,#6327),(#6328,
#6329),(#6330,#6331),(#6332,#6333),(#6334,#6335),(#6336,#6337),(#6338,#6339),
(#6340,#6341),(#6342,#6343),(#6344,#6345),(#6346,#6347),(#6348,#6349),(#6350,
#6351),(#6352,#6353),(#6354,#6355),(#6356,#6357),(#6358,#6359),(#6360,#6361),
(#6362,#6363),(#6364,#6365),(#6366,#6367),(#6368,#6369),(#6370,#6371),(#6372,
#6373),(#6374,#6375),(#6376,#6377),(#6378,#6379),(#6380,#6381),(#6382,#6383),
(#6384,#6385),(#6386,#6387),(#6388,#6389)),.UNSPECIFIED.,.F.,.F.,.F.,(5,
1,1,1,1,1,1,1,1,1,1,1,1,1,1,1,1,1,1,1,1,1,1,1,1,1,1,1,1,1,1,1,1,1,1,1,1,
1,1,1,1,1,1,1,1,1,1,1,1,1,1,1,1,1,1,1,1,1,1,1,1,1,1,1,1,1,1,1,1,1,1,1,1,
5),(2,2),(0.212723116389765,0.215490639446675,0.225298515792606,0.235126802902004,
0.24496394014397,0.254798435331884,0.26461883429865,0.274413713775252,0.284171693109398,
0.293881418717611,0.303531559124635,0.313110815880523,0.322607901857318,
0.332011539203604,0.341310456014303,0.350493366989054,0.359548964388776,
0.368465902615394,0.377232782727796,0.385838132419806,0.394270391064272,
0.402517896251497,0.410568873620783,0.418411443558358,0.426033653265051,
0.433423551899654,0.440569314991637,0.447459474606442,0.45408336781076,
0.460431816008516,0.466498335728503,0.472281090512288,0.477785893648381,
0.48303058154436,0.488050079800844,0.492900326112569,0.49764576345295,0.502354236547049,
0.50709967388743,0.511949920199155,0.516969418455639,0.522214106351618,
0.527718909487711,0.533501664271496,0.539568183991484,0.545916632189239,
0.552540525393557,0.559430685008362,0.566576448100345,0.573966346734948,
0.581588556441641,0.589431126379216,0.597482103748502,0.605729608935727,
0.614161867580193,0.622767217272203,0.631534097384605,0.640451035611224,
0.649506633010946,0.658689543985696,0.667988460796395,0.677392098142681,
0.686889184119477,0.696468440875364,0.706118581282388,0.715828306890602,
0.725586286224747,0.735381165701349,0.745201564668115,0.75503605985603,
0.764873197097996,0.774701484207393,0.784509360553325,0.78727688361024),
(0.,14.3),.UNSPECIFIED.);
#53=B_SPLINE_SURFACE_WITH_KNOTS('',4,1,((#6390,#6391),(#6392,#6393),(#6394,
#6395),(#6396,#6397),(#6398,#6399),(#6400,#6401),(#6402,#6403),(#6404,#6405),
(#6406,#6407),(#6408,#6409),(#6410,#6411),(#6412,#6413),(#6414,#6415),(#6416,
#6417),(#6418,#6419),(#6420,#6421),(#6422,#6423),(#6424,#6425),(#6426,#6427),
(#6428,#6429),(#6430,#6431),(#6432,#6433),(#6434,#6435),(#6436,#6437),(#6438,
#6439),(#6440,#6441),(#6442,#6443),(#6444,#6445),(#6446,#6447),(#6448,#6449),
(#6450,#6451),(#6452,#6453),(#6454,#6455),(#6456,#6457),(#6458,#6459),(#6460,
#6461),(#6462,#6463),(#6464,#6465),(#6466,#6467),(#6468,#6469),(#6470,#6471),
(#6472,#6473),(#6474,#6475),(#6476,#6477),(#6478,#6479),(#6480,#6481),(#6482,
#6483),(#6484,#6485),(#6486,#6487),(#6488,#6489),(#6490,#6491),(#6492,#6493),
(#6494,#6495),(#6496,#6497),(#6498,#6499),(#6500,#6501),(#6502,#6503),(#6504,
#6505),(#6506,#6507),(#6508,#6509),(#6510,#6511),(#6512,#6513),(#6514,#6515),
(#6516,#6517),(#6518,#6519),(#6520,#6521),(#6522,#6523),(#6524,#6525),(#6526,
#6527),(#6528,#6529),(#6530,#6531),(#6532,#6533),(#6534,#6535),(#6536,#6537),
(#6538,#6539),(#6540,#6541),(#6542,#6543)),.UNSPECIFIED.,.F.,.F.,.F.,(5,
1,1,1,1,1,1,1,1,1,1,1,1,1,1,1,1,1,1,1,1,1,1,1,1,1,1,1,1,1,1,1,1,1,1,1,1,
1,1,1,1,1,1,1,1,1,1,1,1,1,1,1,1,1,1,1,1,1,1,1,1,1,1,1,1,1,1,1,1,1,1,1,1,
5),(2,2),(0.212723116389765,0.215490639446675,0.225298515792606,0.235126802902004,
0.24496394014397,0.254798435331884,0.26461883429865,0.274413713775252,0.284171693109398,
0.293881418717611,0.303531559124635,0.313110815880523,0.322607901857318,
0.332011539203604,0.341310456014303,0.350493366989054,0.359548964388776,
0.368465902615394,0.377232782727796,0.385838132419806,0.394270391064272,
0.402517896251497,0.410568873620783,0.418411443558358,0.426033653265051,
0.433423551899654,0.440569314991637,0.447459474606442,0.45408336781076,
0.460431816008516,0.466498335728503,0.472281090512288,0.477785893648381,
0.48303058154436,0.488050079800844,0.492900326112569,0.49764576345295,0.502354236547049,
0.50709967388743,0.511949920199155,0.516969418455639,0.522214106351618,
0.527718909487711,0.533501664271496,0.539568183991484,0.545916632189239,
0.552540525393557,0.559430685008362,0.566576448100345,0.573966346734948,
0.581588556441641,0.589431126379216,0.597482103748502,0.605729608935727,
0.614161867580193,0.622767217272203,0.631534097384605,0.640451035611224,
0.649506633010946,0.658689543985696,0.667988460796395,0.677392098142681,
0.686889184119477,0.696468440875364,0.706118581282388,0.715828306890602,
0.725586286224747,0.735381165701349,0.745201564668115,0.75503605985603,
0.764873197097996,0.774701484207393,0.784509360553325,0.78727688361024),
(0.,14.3),.UNSPECIFIED.);
#54=B_SPLINE_SURFACE_WITH_KNOTS('',4,1,((#6588,#6589),(#6590,#6591),(#6592,
#6593),(#6594,#6595),(#6596,#6597),(#6598,#6599),(#6600,#6601),(#6602,#6603),
(#6604,#6605),(#6606,#6607),(#6608,#6609),(#6610,#6611),(#6612,#6613),(#6614,
#6615),(#6616,#6617),(#6618,#6619),(#6620,#6621),(#6622,#6623),(#6624,#6625),
(#6626,#6627),(#6628,#6629),(#6630,#6631),(#6632,#6633),(#6634,#6635),(#6636,
#6637),(#6638,#6639),(#6640,#6641),(#6642,#6643),(#6644,#6645),(#6646,#6647),
(#6648,#6649),(#6650,#6651),(#6652,#6653),(#6654,#6655),(#6656,#6657),(#6658,
#6659),(#6660,#6661),(#6662,#6663),(#6664,#6665),(#6666,#6667),(#6668,#6669),
(#6670,#6671),(#6672,#6673),(#6674,#6675),(#6676,#6677),(#6678,#6679),(#6680,
#6681),(#6682,#6683),(#6684,#6685),(#6686,#6687),(#6688,#6689),(#6690,#6691),
(#6692,#6693),(#6694,#6695),(#6696,#6697),(#6698,#6699),(#6700,#6701),(#6702,
#6703),(#6704,#6705),(#6706,#6707),(#6708,#6709),(#6710,#6711),(#6712,#6713),
(#6714,#6715),(#6716,#6717),(#6718,#6719),(#6720,#6721),(#6722,#6723),(#6724,
#6725),(#6726,#6727),(#6728,#6729),(#6730,#6731),(#6732,#6733),(#6734,#6735),
(#6736,#6737),(#6738,#6739),(#6740,#6741)),.UNSPECIFIED.,.F.,.F.,.F.,(5,
1,1,1,1,1,1,1,1,1,1,1,1,1,1,1,1,1,1,1,1,1,1,1,1,1,1,1,1,1,1,1,1,1,1,1,1,
1,1,1,1,1,1,1,1,1,1,1,1,1,1,1,1,1,1,1,1,1,1,1,1,1,1,1,1,1,1,1,1,1,1,1,1,
5),(2,2),(0.212723116389765,0.215490639446675,0.225298515792606,0.235126802902004,
0.24496394014397,0.254798435331884,0.26461883429865,0.274413713775252,0.284171693109398,
0.293881418717611,0.303531559124635,0.313110815880523,0.322607901857318,
0.332011539203604,0.341310456014303,0.350493366989054,0.359548964388776,
0.368465902615394,0.377232782727796,0.385838132419806,0.394270391064272,
0.402517896251497,0.410568873620783,0.418411443558358,0.426033653265051,
0.433423551899654,0.440569314991637,0.447459474606442,0.45408336781076,
0.460431816008516,0.466498335728503,0.472281090512288,0.477785893648381,
0.48303058154436,0.488050079800844,0.492900326112569,0.49764576345295,0.502354236547049,
0.50709967388743,0.511949920199155,0.516969418455639,0.522214106351618,
0.527718909487711,0.533501664271496,0.539568183991484,0.545916632189239,
0.552540525393557,0.559430685008362,0.566576448100345,0.573966346734948,
0.581588556441641,0.589431126379216,0.597482103748502,0.605729608935727,
0.614161867580193,0.622767217272203,0.631534097384605,0.640451035611224,
0.649506633010946,0.658689543985696,0.667988460796395,0.677392098142681,
0.686889184119477,0.696468440875364,0.706118581282388,0.715828306890602,
0.725586286224747,0.735381165701349,0.745201564668115,0.75503605985603,
0.764873197097996,0.774701484207393,0.784509360553325,0.78727688361024),
(0.,14.3),.UNSPECIFIED.);
#55=B_SPLINE_SURFACE_WITH_KNOTS('',4,1,((#6871,#6872),(#6873,#6874),(#6875,
#6876),(#6877,#6878),(#6879,#6880),(#6881,#6882),(#6883,#6884),(#6885,#6886),
(#6887,#6888),(#6889,#6890),(#6891,#6892),(#6893,#6894),(#6895,#6896),(#6897,
#6898),(#6899,#6900),(#6901,#6902),(#6903,#6904),(#6905,#6906),(#6907,#6908),
(#6909,#6910),(#6911,#6912),(#6913,#6914),(#6915,#6916),(#6917,#6918),(#6919,
#6920),(#6921,#6922),(#6923,#6924),(#6925,#6926),(#6927,#6928),(#6929,#6930),
(#6931,#6932),(#6933,#6934),(#6935,#6936),(#6937,#6938),(#6939,#6940),(#6941,
#6942),(#6943,#6944),(#6945,#6946),(#6947,#6948),(#6949,#6950),(#6951,#6952),
(#6953,#6954),(#6955,#6956),(#6957,#6958),(#6959,#6960),(#6961,#6962),(#6963,
#6964),(#6965,#6966),(#6967,#6968),(#6969,#6970),(#6971,#6972),(#6973,#6974),
(#6975,#6976),(#6977,#6978),(#6979,#6980),(#6981,#6982),(#6983,#6984),(#6985,
#6986),(#6987,#6988),(#6989,#6990),(#6991,#6992),(#6993,#6994),(#6995,#6996),
(#6997,#6998),(#6999,#7000),(#7001,#7002),(#7003,#7004),(#7005,#7006),(#7007,
#7008),(#7009,#7010),(#7011,#7012),(#7013,#7014),(#7015,#7016),(#7017,#7018),
(#7019,#7020),(#7021,#7022),(#7023,#7024)),.UNSPECIFIED.,.F.,.F.,.F.,(5,
1,1,1,1,1,1,1,1,1,1,1,1,1,1,1,1,1,1,1,1,1,1,1,1,1,1,1,1,1,1,1,1,1,1,1,1,
1,1,1,1,1,1,1,1,1,1,1,1,1,1,1,1,1,1,1,1,1,1,1,1,1,1,1,1,1,1,1,1,1,1,1,1,
5),(2,2),(0.212723116389765,0.215490639446675,0.225298515792606,0.235126802902004,
0.24496394014397,0.254798435331884,0.26461883429865,0.274413713775252,0.284171693109398,
0.293881418717611,0.303531559124635,0.313110815880523,0.322607901857318,
0.332011539203604,0.341310456014303,0.350493366989054,0.359548964388776,
0.368465902615394,0.377232782727796,0.385838132419806,0.394270391064272,
0.402517896251497,0.410568873620783,0.418411443558358,0.426033653265051,
0.433423551899654,0.440569314991637,0.447459474606442,0.45408336781076,
0.460431816008516,0.466498335728503,0.472281090512288,0.477785893648381,
0.48303058154436,0.488050079800844,0.492900326112569,0.49764576345295,0.502354236547049,
0.50709967388743,0.511949920199155,0.516969418455639,0.522214106351618,
0.527718909487711,0.533501664271496,0.539568183991484,0.545916632189239,
0.552540525393557,0.559430685008362,0.566576448100345,0.573966346734948,
0.581588556441641,0.589431126379216,0.597482103748502,0.605729608935727,
0.614161867580193,0.622767217272203,0.631534097384605,0.640451035611224,
0.649506633010946,0.658689543985696,0.667988460796395,0.677392098142681,
0.686889184119477,0.696468440875364,0.706118581282388,0.715828306890602,
0.725586286224747,0.735381165701349,0.745201564668115,0.75503605985603,
0.764873197097996,0.774701484207393,0.784509360553325,0.78727688361024),
(0.,14.3),.UNSPECIFIED.);
#56=B_SPLINE_SURFACE_WITH_KNOTS('',4,1,((#7025,#7026),(#7027,#7028),(#7029,
#7030),(#7031,#7032),(#7033,#7034),(#7035,#7036),(#7037,#7038),(#7039,#7040),
(#7041,#7042),(#7043,#7044),(#7045,#7046),(#7047,#7048),(#7049,#7050),(#7051,
#7052),(#7053,#7054),(#7055,#7056),(#7057,#7058),(#7059,#7060),(#7061,#7062),
(#7063,#7064),(#7065,#7066),(#7067,#7068),(#7069,#7070),(#7071,#7072),(#7073,
#7074),(#7075,#7076),(#7077,#7078),(#7079,#7080),(#7081,#7082),(#7083,#7084),
(#7085,#7086),(#7087,#7088),(#7089,#7090),(#7091,#7092),(#7093,#7094),(#7095,
#7096),(#7097,#7098),(#7099,#7100),(#7101,#7102),(#7103,#7104),(#7105,#7106),
(#7107,#7108),(#7109,#7110),(#7111,#7112),(#7113,#7114),(#7115,#7116),(#7117,
#7118),(#7119,#7120),(#7121,#7122),(#7123,#7124),(#7125,#7126),(#7127,#7128),
(#7129,#7130),(#7131,#7132),(#7133,#7134),(#7135,#7136),(#7137,#7138),(#7139,
#7140),(#7141,#7142),(#7143,#7144),(#7145,#7146),(#7147,#7148),(#7149,#7150),
(#7151,#7152),(#7153,#7154),(#7155,#7156),(#7157,#7158),(#7159,#7160),(#7161,
#7162),(#7163,#7164),(#7165,#7166),(#7167,#7168),(#7169,#7170),(#7171,#7172),
(#7173,#7174),(#7175,#7176),(#7177,#7178)),.UNSPECIFIED.,.F.,.F.,.F.,(5,
1,1,1,1,1,1,1,1,1,1,1,1,1,1,1,1,1,1,1,1,1,1,1,1,1,1,1,1,1,1,1,1,1,1,1,1,
1,1,1,1,1,1,1,1,1,1,1,1,1,1,1,1,1,1,1,1,1,1,1,1,1,1,1,1,1,1,1,1,1,1,1,1,
5),(2,2),(0.212723116389765,0.215490639446675,0.225298515792606,0.235126802902004,
0.24496394014397,0.254798435331884,0.26461883429865,0.274413713775252,0.284171693109398,
0.293881418717611,0.303531559124635,0.313110815880523,0.322607901857318,
0.332011539203604,0.341310456014303,0.350493366989054,0.359548964388776,
0.368465902615394,0.377232782727796,0.385838132419806,0.394270391064272,
0.402517896251497,0.410568873620783,0.418411443558358,0.426033653265051,
0.433423551899654,0.440569314991637,0.447459474606442,0.45408336781076,
0.460431816008516,0.466498335728503,0.472281090512288,0.477785893648381,
0.48303058154436,0.488050079800844,0.492900326112569,0.49764576345295,0.502354236547049,
0.50709967388743,0.511949920199155,0.516969418455639,0.522214106351618,
0.527718909487711,0.533501664271496,0.539568183991484,0.545916632189239,
0.552540525393557,0.559430685008362,0.566576448100345,0.573966346734948,
0.581588556441641,0.589431126379216,0.597482103748502,0.605729608935727,
0.614161867580193,0.622767217272203,0.631534097384605,0.640451035611224,
0.649506633010946,0.658689543985696,0.667988460796395,0.677392098142681,
0.686889184119477,0.696468440875364,0.706118581282388,0.715828306890602,
0.725586286224747,0.735381165701349,0.745201564668115,0.75503605985603,
0.764873197097996,0.774701484207393,0.784509360553325,0.78727688361024),
(0.,14.3),.UNSPECIFIED.);
#57=B_SPLINE_SURFACE_WITH_KNOTS('',4,1,((#7236,#7237),(#7238,#7239),(#7240,
#7241),(#7242,#7243),(#7244,#7245),(#7246,#7247),(#7248,#7249),(#7250,#7251),
(#7252,#7253),(#7254,#7255),(#7256,#7257),(#7258,#7259),(#7260,#7261),(#7262,
#7263),(#7264,#7265),(#7266,#7267),(#7268,#7269),(#7270,#7271),(#7272,#7273),
(#7274,#7275),(#7276,#7277),(#7278,#7279),(#7280,#7281),(#7282,#7283),(#7284,
#7285),(#7286,#7287),(#7288,#7289),(#7290,#7291),(#7292,#7293),(#7294,#7295),
(#7296,#7297),(#7298,#7299),(#7300,#7301),(#7302,#7303),(#7304,#7305),(#7306,
#7307),(#7308,#7309),(#7310,#7311),(#7312,#7313),(#7314,#7315),(#7316,#7317),
(#7318,#7319),(#7320,#7321),(#7322,#7323),(#7324,#7325),(#7326,#7327),(#7328,
#7329),(#7330,#7331),(#7332,#7333),(#7334,#7335),(#7336,#7337),(#7338,#7339),
(#7340,#7341),(#7342,#7343),(#7344,#7345),(#7346,#7347),(#7348,#7349),(#7350,
#7351),(#7352,#7353),(#7354,#7355),(#7356,#7357),(#7358,#7359),(#7360,#7361),
(#7362,#7363),(#7364,#7365),(#7366,#7367),(#7368,#7369),(#7370,#7371),(#7372,
#7373),(#7374,#7375),(#7376,#7377),(#7378,#7379),(#7380,#7381),(#7382,#7383),
(#7384,#7385),(#7386,#7387),(#7388,#7389)),.UNSPECIFIED.,.F.,.F.,.F.,(5,
1,1,1,1,1,1,1,1,1,1,1,1,1,1,1,1,1,1,1,1,1,1,1,1,1,1,1,1,1,1,1,1,1,1,1,1,
1,1,1,1,1,1,1,1,1,1,1,1,1,1,1,1,1,1,1,1,1,1,1,1,1,1,1,1,1,1,1,1,1,1,1,1,
5),(2,2),(0.212723116389765,0.215490639446675,0.225298515792606,0.235126802902004,
0.24496394014397,0.254798435331884,0.26461883429865,0.274413713775252,0.284171693109398,
0.293881418717611,0.303531559124635,0.313110815880523,0.322607901857318,
0.332011539203604,0.341310456014303,0.350493366989054,0.359548964388776,
0.368465902615394,0.377232782727796,0.385838132419806,0.394270391064272,
0.402517896251497,0.410568873620783,0.418411443558358,0.426033653265051,
0.433423551899654,0.440569314991637,0.447459474606442,0.45408336781076,
0.460431816008516,0.466498335728503,0.472281090512288,0.477785893648381,
0.48303058154436,0.488050079800844,0.492900326112569,0.49764576345295,0.502354236547049,
0.50709967388743,0.511949920199155,0.516969418455639,0.522214106351618,
0.527718909487711,0.533501664271496,0.539568183991484,0.545916632189239,
0.552540525393557,0.559430685008362,0.566576448100345,0.573966346734948,
0.581588556441641,0.589431126379216,0.597482103748502,0.605729608935727,
0.614161867580193,0.622767217272203,0.631534097384605,0.640451035611224,
0.649506633010946,0.658689543985696,0.667988460796395,0.677392098142681,
0.686889184119477,0.696468440875364,0.706118581282388,0.715828306890602,
0.725586286224747,0.735381165701349,0.745201564668115,0.75503605985603,
0.764873197097996,0.774701484207393,0.784509360553325,0.78727688361024),
(0.,14.3),.UNSPECIFIED.);
#58=B_SPLINE_SURFACE_WITH_KNOTS('',4,1,((#7391,#7392),(#7393,#7394),(#7395,
#7396),(#7397,#7398),(#7399,#7400),(#7401,#7402),(#7403,#7404),(#7405,#7406),
(#7407,#7408),(#7409,#7410),(#7411,#7412),(#7413,#7414),(#7415,#7416),(#7417,
#7418),(#7419,#7420),(#7421,#7422),(#7423,#7424),(#7425,#7426),(#7427,#7428),
(#7429,#7430),(#7431,#7432),(#7433,#7434),(#7435,#7436),(#7437,#7438),(#7439,
#7440),(#7441,#7442),(#7443,#7444),(#7445,#7446),(#7447,#7448),(#7449,#7450),
(#7451,#7452),(#7453,#7454),(#7455,#7456),(#7457,#7458),(#7459,#7460),(#7461,
#7462),(#7463,#7464),(#7465,#7466),(#7467,#7468),(#7469,#7470),(#7471,#7472),
(#7473,#7474),(#7475,#7476),(#7477,#7478),(#7479,#7480),(#7481,#7482),(#7483,
#7484),(#7485,#7486),(#7487,#7488),(#7489,#7490),(#7491,#7492),(#7493,#7494),
(#7495,#7496),(#7497,#7498),(#7499,#7500),(#7501,#7502),(#7503,#7504),(#7505,
#7506),(#7507,#7508),(#7509,#7510),(#7511,#7512),(#7513,#7514),(#7515,#7516),
(#7517,#7518),(#7519,#7520),(#7521,#7522),(#7523,#7524),(#7525,#7526),(#7527,
#7528),(#7529,#7530),(#7531,#7532),(#7533,#7534),(#7535,#7536),(#7537,#7538),
(#7539,#7540),(#7541,#7542),(#7543,#7544)),.UNSPECIFIED.,.F.,.F.,.F.,(5,
1,1,1,1,1,1,1,1,1,1,1,1,1,1,1,1,1,1,1,1,1,1,1,1,1,1,1,1,1,1,1,1,1,1,1,1,
1,1,1,1,1,1,1,1,1,1,1,1,1,1,1,1,1,1,1,1,1,1,1,1,1,1,1,1,1,1,1,1,1,1,1,1,
5),(2,2),(0.212723116389765,0.215490639446675,0.225298515792606,0.235126802902004,
0.24496394014397,0.254798435331884,0.26461883429865,0.274413713775252,0.284171693109398,
0.293881418717611,0.303531559124635,0.313110815880523,0.322607901857318,
0.332011539203604,0.341310456014303,0.350493366989054,0.359548964388776,
0.368465902615394,0.377232782727796,0.385838132419806,0.394270391064272,
0.402517896251497,0.410568873620783,0.418411443558358,0.426033653265051,
0.433423551899654,0.440569314991637,0.447459474606442,0.45408336781076,
0.460431816008516,0.466498335728503,0.472281090512288,0.477785893648381,
0.48303058154436,0.488050079800844,0.492900326112569,0.49764576345295,0.502354236547049,
0.50709967388743,0.511949920199155,0.516969418455639,0.522214106351618,
0.527718909487711,0.533501664271496,0.539568183991484,0.545916632189239,
0.552540525393557,0.559430685008362,0.566576448100345,0.573966346734948,
0.581588556441641,0.589431126379216,0.597482103748502,0.605729608935727,
0.614161867580193,0.622767217272203,0.631534097384605,0.640451035611224,
0.649506633010946,0.658689543985696,0.667988460796395,0.677392098142681,
0.686889184119477,0.696468440875364,0.706118581282388,0.715828306890602,
0.725586286224747,0.735381165701349,0.745201564668115,0.75503605985603,
0.764873197097996,0.774701484207393,0.784509360553325,0.78727688361024),
(0.,14.3),.UNSPECIFIED.);
#59=B_SPLINE_SURFACE_WITH_KNOTS('',4,1,((#7640,#7641),(#7642,#7643),(#7644,
#7645),(#7646,#7647),(#7648,#7649),(#7650,#7651),(#7652,#7653),(#7654,#7655),
(#7656,#7657),(#7658,#7659),(#7660,#7661),(#7662,#7663),(#7664,#7665),(#7666,
#7667),(#7668,#7669),(#7670,#7671),(#7672,#7673),(#7674,#7675),(#7676,#7677),
(#7678,#7679),(#7680,#7681),(#7682,#7683),(#7684,#7685),(#7686,#7687),(#7688,
#7689),(#7690,#7691),(#7692,#7693),(#7694,#7695),(#7696,#7697),(#7698,#7699),
(#7700,#7701),(#7702,#7703),(#7704,#7705),(#7706,#7707),(#7708,#7709),(#7710,
#7711),(#7712,#7713),(#7714,#7715),(#7716,#7717),(#7718,#7719),(#7720,#7721),
(#7722,#7723),(#7724,#7725),(#7726,#7727),(#7728,#7729),(#7730,#7731),(#7732,
#7733),(#7734,#7735),(#7736,#7737),(#7738,#7739),(#7740,#7741),(#7742,#7743),
(#7744,#7745),(#7746,#7747),(#7748,#7749),(#7750,#7751),(#7752,#7753),(#7754,
#7755),(#7756,#7757),(#7758,#7759),(#7760,#7761),(#7762,#7763),(#7764,#7765),
(#7766,#7767),(#7768,#7769),(#7770,#7771),(#7772,#7773),(#7774,#7775),(#7776,
#7777),(#7778,#7779),(#7780,#7781),(#7782,#7783),(#7784,#7785),(#7786,#7787),
(#7788,#7789),(#7790,#7791),(#7792,#7793)),.UNSPECIFIED.,.F.,.F.,.F.,(5,
1,1,1,1,1,1,1,1,1,1,1,1,1,1,1,1,1,1,1,1,1,1,1,1,1,1,1,1,1,1,1,1,1,1,1,1,
1,1,1,1,1,1,1,1,1,1,1,1,1,1,1,1,1,1,1,1,1,1,1,1,1,1,1,1,1,1,1,1,1,1,1,1,
5),(2,2),(0.212723116389765,0.215490639446675,0.225298515792606,0.235126802902004,
0.24496394014397,0.254798435331884,0.26461883429865,0.274413713775252,0.284171693109398,
0.293881418717611,0.303531559124635,0.313110815880523,0.322607901857318,
0.332011539203604,0.341310456014303,0.350493366989054,0.359548964388776,
0.368465902615394,0.377232782727796,0.385838132419806,0.394270391064272,
0.402517896251497,0.410568873620783,0.418411443558358,0.426033653265051,
0.433423551899654,0.440569314991637,0.447459474606442,0.45408336781076,
0.460431816008516,0.466498335728503,0.472281090512288,0.477785893648381,
0.48303058154436,0.488050079800844,0.492900326112569,0.49764576345295,0.502354236547049,
0.50709967388743,0.511949920199155,0.516969418455639,0.522214106351618,
0.527718909487711,0.533501664271496,0.539568183991484,0.545916632189239,
0.552540525393557,0.559430685008362,0.566576448100345,0.573966346734948,
0.581588556441641,0.589431126379216,0.597482103748502,0.605729608935727,
0.614161867580193,0.622767217272203,0.631534097384605,0.640451035611224,
0.649506633010946,0.658689543985696,0.667988460796395,0.677392098142681,
0.686889184119477,0.696468440875364,0.706118581282388,0.715828306890602,
0.725586286224747,0.735381165701349,0.745201564668115,0.75503605985603,
0.764873197097996,0.774701484207393,0.784509360553325,0.78727688361024),
(0.,14.3),.UNSPECIFIED.);
#60=B_SPLINE_SURFACE_WITH_KNOTS('',4,1,((#7866,#7867),(#7868,#7869),(#7870,
#7871),(#7872,#7873),(#7874,#7875),(#7876,#7877),(#7878,#7879),(#7880,#7881),
(#7882,#7883),(#7884,#7885),(#7886,#7887),(#7888,#7889),(#7890,#7891),(#7892,
#7893),(#7894,#7895),(#7896,#7897),(#7898,#7899),(#7900,#7901),(#7902,#7903),
(#7904,#7905),(#7906,#7907),(#7908,#7909),(#7910,#7911),(#7912,#7913),(#7914,
#7915),(#7916,#7917),(#7918,#7919),(#7920,#7921),(#7922,#7923),(#7924,#7925),
(#7926,#7927),(#7928,#7929),(#7930,#7931),(#7932,#7933),(#7934,#7935),(#7936,
#7937),(#7938,#7939),(#7940,#7941),(#7942,#7943),(#7944,#7945),(#7946,#7947),
(#7948,#7949),(#7950,#7951),(#7952,#7953),(#7954,#7955),(#7956,#7957),(#7958,
#7959),(#7960,#7961),(#7962,#7963),(#7964,#7965),(#7966,#7967),(#7968,#7969),
(#7970,#7971),(#7972,#7973),(#7974,#7975),(#7976,#7977),(#7978,#7979),(#7980,
#7981),(#7982,#7983),(#7984,#7985),(#7986,#7987),(#7988,#7989),(#7990,#7991),
(#7992,#7993),(#7994,#7995),(#7996,#7997),(#7998,#7999),(#8000,#8001),(#8002,
#8003),(#8004,#8005),(#8006,#8007),(#8008,#8009),(#8010,#8011),(#8012,#8013),
(#8014,#8015),(#8016,#8017),(#8018,#8019)),.UNSPECIFIED.,.F.,.F.,.F.,(5,
1,1,1,1,1,1,1,1,1,1,1,1,1,1,1,1,1,1,1,1,1,1,1,1,1,1,1,1,1,1,1,1,1,1,1,1,
1,1,1,1,1,1,1,1,1,1,1,1,1,1,1,1,1,1,1,1,1,1,1,1,1,1,1,1,1,1,1,1,1,1,1,1,
5),(2,2),(0.212723116389765,0.215490639446675,0.225298515792606,0.235126802902004,
0.24496394014397,0.254798435331884,0.26461883429865,0.274413713775252,0.284171693109398,
0.293881418717611,0.303531559124635,0.313110815880523,0.322607901857318,
0.332011539203604,0.341310456014303,0.350493366989054,0.359548964388776,
0.368465902615394,0.377232782727796,0.385838132419806,0.394270391064272,
0.402517896251497,0.410568873620783,0.418411443558358,0.426033653265051,
0.433423551899654,0.440569314991637,0.447459474606442,0.45408336781076,
0.460431816008516,0.466498335728503,0.472281090512288,0.477785893648381,
0.48303058154436,0.488050079800844,0.492900326112569,0.49764576345295,0.502354236547049,
0.50709967388743,0.511949920199155,0.516969418455639,0.522214106351618,
0.527718909487711,0.533501664271496,0.539568183991484,0.545916632189239,
0.552540525393557,0.559430685008362,0.566576448100345,0.573966346734948,
0.581588556441641,0.589431126379216,0.597482103748502,0.605729608935727,
0.614161867580193,0.622767217272203,0.631534097384605,0.640451035611224,
0.649506633010946,0.658689543985696,0.667988460796395,0.677392098142681,
0.686889184119477,0.696468440875364,0.706118581282388,0.715828306890602,
0.725586286224747,0.735381165701349,0.745201564668115,0.75503605985603,
0.764873197097996,0.774701484207393,0.784509360553325,0.78727688361024),
(0.,14.3),.UNSPECIFIED.);
#61=B_SPLINE_SURFACE_WITH_KNOTS('',4,1,((#8026,#8027),(#8028,#8029),(#8030,
#8031),(#8032,#8033),(#8034,#8035),(#8036,#8037),(#8038,#8039),(#8040,#8041),
(#8042,#8043),(#8044,#8045),(#8046,#8047),(#8048,#8049),(#8050,#8051),(#8052,
#8053),(#8054,#8055),(#8056,#8057),(#8058,#8059),(#8060,#8061),(#8062,#8063),
(#8064,#8065),(#8066,#8067),(#8068,#8069),(#8070,#8071),(#8072,#8073),(#8074,
#8075),(#8076,#8077),(#8078,#8079),(#8080,#8081),(#8082,#8083),(#8084,#8085),
(#8086,#8087),(#8088,#8089),(#8090,#8091),(#8092,#8093),(#8094,#8095),(#8096,
#8097),(#8098,#8099),(#8100,#8101),(#8102,#8103),(#8104,#8105),(#8106,#8107),
(#8108,#8109),(#8110,#8111),(#8112,#8113),(#8114,#8115),(#8116,#8117),(#8118,
#8119),(#8120,#8121),(#8122,#8123),(#8124,#8125),(#8126,#8127),(#8128,#8129),
(#8130,#8131),(#8132,#8133),(#8134,#8135),(#8136,#8137),(#8138,#8139),(#8140,
#8141),(#8142,#8143),(#8144,#8145),(#8146,#8147),(#8148,#8149),(#8150,#8151),
(#8152,#8153),(#8154,#8155),(#8156,#8157),(#8158,#8159),(#8160,#8161),(#8162,
#8163),(#8164,#8165),(#8166,#8167),(#8168,#8169),(#8170,#8171),(#8172,#8173),
(#8174,#8175),(#8176,#8177),(#8178,#8179)),.UNSPECIFIED.,.F.,.F.,.F.,(5,
1,1,1,1,1,1,1,1,1,1,1,1,1,1,1,1,1,1,1,1,1,1,1,1,1,1,1,1,1,1,1,1,1,1,1,1,
1,1,1,1,1,1,1,1,1,1,1,1,1,1,1,1,1,1,1,1,1,1,1,1,1,1,1,1,1,1,1,1,1,1,1,1,
5),(2,2),(0.212723116389765,0.215490639446675,0.225298515792606,0.235126802902004,
0.24496394014397,0.254798435331884,0.26461883429865,0.274413713775252,0.284171693109398,
0.293881418717611,0.303531559124635,0.313110815880523,0.322607901857318,
0.332011539203604,0.341310456014303,0.350493366989054,0.359548964388776,
0.368465902615394,0.377232782727796,0.385838132419806,0.394270391064272,
0.402517896251497,0.410568873620783,0.418411443558358,0.426033653265051,
0.433423551899654,0.440569314991637,0.447459474606442,0.45408336781076,
0.460431816008516,0.466498335728503,0.472281090512288,0.477785893648381,
0.48303058154436,0.488050079800844,0.492900326112569,0.49764576345295,0.502354236547049,
0.50709967388743,0.511949920199155,0.516969418455639,0.522214106351618,
0.527718909487711,0.533501664271496,0.539568183991484,0.545916632189239,
0.552540525393557,0.559430685008362,0.566576448100345,0.573966346734948,
0.581588556441641,0.589431126379216,0.597482103748502,0.605729608935727,
0.614161867580193,0.622767217272203,0.631534097384605,0.640451035611224,
0.649506633010946,0.658689543985696,0.667988460796395,0.677392098142681,
0.686889184119477,0.696468440875364,0.706118581282388,0.715828306890602,
0.725586286224747,0.735381165701349,0.745201564668115,0.75503605985603,
0.764873197097996,0.774701484207393,0.784509360553325,0.78727688361024),
(0.,14.3),.UNSPECIFIED.);
#62=B_SPLINE_SURFACE_WITH_KNOTS('',4,1,((#8261,#8262),(#8263,#8264),(#8265,
#8266),(#8267,#8268),(#8269,#8270),(#8271,#8272),(#8273,#8274),(#8275,#8276),
(#8277,#8278),(#8279,#8280),(#8281,#8282),(#8283,#8284),(#8285,#8286),(#8287,
#8288),(#8289,#8290),(#8291,#8292),(#8293,#8294),(#8295,#8296),(#8297,#8298),
(#8299,#8300),(#8301,#8302),(#8303,#8304),(#8305,#8306),(#8307,#8308),(#8309,
#8310),(#8311,#8312),(#8313,#8314),(#8315,#8316),(#8317,#8318),(#8319,#8320),
(#8321,#8322),(#8323,#8324),(#8325,#8326),(#8327,#8328),(#8329,#8330),(#8331,
#8332),(#8333,#8334),(#8335,#8336),(#8337,#8338),(#8339,#8340),(#8341,#8342),
(#8343,#8344),(#8345,#8346),(#8347,#8348),(#8349,#8350),(#8351,#8352),(#8353,
#8354),(#8355,#8356),(#8357,#8358),(#8359,#8360),(#8361,#8362),(#8363,#8364),
(#8365,#8366),(#8367,#8368),(#8369,#8370),(#8371,#8372),(#8373,#8374),(#8375,
#8376),(#8377,#8378),(#8379,#8380),(#8381,#8382),(#8383,#8384),(#8385,#8386),
(#8387,#8388),(#8389,#8390),(#8391,#8392),(#8393,#8394),(#8395,#8396),(#8397,
#8398),(#8399,#8400),(#8401,#8402),(#8403,#8404),(#8405,#8406),(#8407,#8408),
(#8409,#8410),(#8411,#8412),(#8413,#8414)),.UNSPECIFIED.,.F.,.F.,.F.,(5,
1,1,1,1,1,1,1,1,1,1,1,1,1,1,1,1,1,1,1,1,1,1,1,1,1,1,1,1,1,1,1,1,1,1,1,1,
1,1,1,1,1,1,1,1,1,1,1,1,1,1,1,1,1,1,1,1,1,1,1,1,1,1,1,1,1,1,1,1,1,1,1,1,
5),(2,2),(0.212723116389765,0.215490639446675,0.225298515792606,0.235126802902004,
0.24496394014397,0.254798435331884,0.26461883429865,0.274413713775252,0.284171693109398,
0.293881418717611,0.303531559124635,0.313110815880523,0.322607901857318,
0.332011539203604,0.341310456014303,0.350493366989054,0.359548964388776,
0.368465902615394,0.377232782727796,0.385838132419806,0.394270391064272,
0.402517896251497,0.410568873620783,0.418411443558358,0.426033653265051,
0.433423551899654,0.440569314991637,0.447459474606442,0.45408336781076,
0.460431816008516,0.466498335728503,0.472281090512288,0.477785893648381,
0.48303058154436,0.488050079800844,0.492900326112569,0.49764576345295,0.502354236547049,
0.50709967388743,0.511949920199155,0.516969418455639,0.522214106351618,
0.527718909487711,0.533501664271496,0.539568183991484,0.545916632189239,
0.552540525393557,0.559430685008362,0.566576448100345,0.573966346734948,
0.581588556441641,0.589431126379216,0.597482103748502,0.605729608935727,
0.614161867580193,0.622767217272203,0.631534097384605,0.640451035611224,
0.649506633010946,0.658689543985696,0.667988460796395,0.677392098142681,
0.686889184119477,0.696468440875364,0.706118581282388,0.715828306890602,
0.725586286224747,0.735381165701349,0.745201564668115,0.75503605985603,
0.764873197097996,0.774701484207393,0.784509360553325,0.78727688361024),
(0.,14.3),.UNSPECIFIED.);
#63=B_SPLINE_SURFACE_WITH_KNOTS('',4,1,((#8452,#8453),(#8454,#8455),(#8456,
#8457),(#8458,#8459),(#8460,#8461),(#8462,#8463),(#8464,#8465),(#8466,#8467),
(#8468,#8469),(#8470,#8471),(#8472,#8473),(#8474,#8475),(#8476,#8477),(#8478,
#8479),(#8480,#8481),(#8482,#8483),(#8484,#8485),(#8486,#8487),(#8488,#8489),
(#8490,#8491),(#8492,#8493),(#8494,#8495),(#8496,#8497),(#8498,#8499),(#8500,
#8501),(#8502,#8503),(#8504,#8505),(#8506,#8507),(#8508,#8509),(#8510,#8511),
(#8512,#8513),(#8514,#8515),(#8516,#8517),(#8518,#8519),(#8520,#8521),(#8522,
#8523),(#8524,#8525),(#8526,#8527),(#8528,#8529),(#8530,#8531),(#8532,#8533),
(#8534,#8535),(#8536,#8537),(#8538,#8539),(#8540,#8541),(#8542,#8543),(#8544,
#8545),(#8546,#8547),(#8548,#8549),(#8550,#8551),(#8552,#8553),(#8554,#8555),
(#8556,#8557),(#8558,#8559),(#8560,#8561),(#8562,#8563),(#8564,#8565),(#8566,
#8567),(#8568,#8569),(#8570,#8571),(#8572,#8573),(#8574,#8575),(#8576,#8577),
(#8578,#8579),(#8580,#8581),(#8582,#8583),(#8584,#8585),(#8586,#8587),(#8588,
#8589),(#8590,#8591),(#8592,#8593),(#8594,#8595),(#8596,#8597),(#8598,#8599),
(#8600,#8601),(#8602,#8603),(#8604,#8605)),.UNSPECIFIED.,.F.,.F.,.F.,(5,
1,1,1,1,1,1,1,1,1,1,1,1,1,1,1,1,1,1,1,1,1,1,1,1,1,1,1,1,1,1,1,1,1,1,1,1,
1,1,1,1,1,1,1,1,1,1,1,1,1,1,1,1,1,1,1,1,1,1,1,1,1,1,1,1,1,1,1,1,1,1,1,1,
5),(2,2),(0.212723116389765,0.215490639446675,0.225298515792606,0.235126802902004,
0.24496394014397,0.254798435331884,0.26461883429865,0.274413713775252,0.284171693109398,
0.293881418717611,0.303531559124635,0.313110815880523,0.322607901857318,
0.332011539203604,0.341310456014303,0.350493366989054,0.359548964388776,
0.368465902615394,0.377232782727796,0.385838132419806,0.394270391064272,
0.402517896251497,0.410568873620783,0.418411443558358,0.426033653265051,
0.433423551899654,0.440569314991637,0.447459474606442,0.45408336781076,
0.460431816008516,0.466498335728503,0.472281090512288,0.477785893648381,
0.48303058154436,0.488050079800844,0.492900326112569,0.49764576345295,0.502354236547049,
0.50709967388743,0.511949920199155,0.516969418455639,0.522214106351618,
0.527718909487711,0.533501664271496,0.539568183991484,0.545916632189239,
0.552540525393557,0.559430685008362,0.566576448100345,0.573966346734948,
0.581588556441641,0.589431126379216,0.597482103748502,0.605729608935727,
0.614161867580193,0.622767217272203,0.631534097384605,0.640451035611224,
0.649506633010946,0.658689543985696,0.667988460796395,0.677392098142681,
0.686889184119477,0.696468440875364,0.706118581282388,0.715828306890602,
0.725586286224747,0.735381165701349,0.745201564668115,0.75503605985603,
0.764873197097996,0.774701484207393,0.784509360553325,0.78727688361024),
(0.,14.3),.UNSPECIFIED.);
#64=B_SPLINE_SURFACE_WITH_KNOTS('',4,1,((#8639,#8640),(#8641,#8642),(#8643,
#8644),(#8645,#8646),(#8647,#8648),(#8649,#8650),(#8651,#8652),(#8653,#8654),
(#8655,#8656),(#8657,#8658),(#8659,#8660),(#8661,#8662),(#8663,#8664),(#8665,
#8666),(#8667,#8668),(#8669,#8670),(#8671,#8672),(#8673,#8674),(#8675,#8676),
(#8677,#8678),(#8679,#8680),(#8681,#8682),(#8683,#8684),(#8685,#8686),(#8687,
#8688),(#8689,#8690),(#8691,#8692),(#8693,#8694),(#8695,#8696),(#8697,#8698),
(#8699,#8700),(#8701,#8702),(#8703,#8704),(#8705,#8706),(#8707,#8708),(#8709,
#8710),(#8711,#8712),(#8713,#8714),(#8715,#8716),(#8717,#8718),(#8719,#8720),
(#8721,#8722),(#8723,#8724),(#8725,#8726),(#8727,#8728),(#8729,#8730),(#8731,
#8732),(#8733,#8734),(#8735,#8736),(#8737,#8738),(#8739,#8740),(#8741,#8742),
(#8743,#8744),(#8745,#8746),(#8747,#8748),(#8749,#8750),(#8751,#8752),(#8753,
#8754),(#8755,#8756),(#8757,#8758),(#8759,#8760),(#8761,#8762),(#8763,#8764),
(#8765,#8766),(#8767,#8768),(#8769,#8770),(#8771,#8772),(#8773,#8774),(#8775,
#8776),(#8777,#8778),(#8779,#8780),(#8781,#8782),(#8783,#8784),(#8785,#8786),
(#8787,#8788),(#8789,#8790),(#8791,#8792)),.UNSPECIFIED.,.F.,.F.,.F.,(5,
1,1,1,1,1,1,1,1,1,1,1,1,1,1,1,1,1,1,1,1,1,1,1,1,1,1,1,1,1,1,1,1,1,1,1,1,
1,1,1,1,1,1,1,1,1,1,1,1,1,1,1,1,1,1,1,1,1,1,1,1,1,1,1,1,1,1,1,1,1,1,1,1,
5),(2,2),(0.212723116389765,0.215490639446675,0.225298515792606,0.235126802902004,
0.24496394014397,0.254798435331884,0.26461883429865,0.274413713775252,0.284171693109398,
0.293881418717611,0.303531559124635,0.313110815880523,0.322607901857318,
0.332011539203604,0.341310456014303,0.350493366989054,0.359548964388776,
0.368465902615394,0.377232782727796,0.385838132419806,0.394270391064272,
0.402517896251497,0.410568873620783,0.418411443558358,0.426033653265051,
0.433423551899654,0.440569314991637,0.447459474606442,0.45408336781076,
0.460431816008516,0.466498335728503,0.472281090512288,0.477785893648381,
0.48303058154436,0.488050079800844,0.492900326112569,0.49764576345295,0.502354236547049,
0.50709967388743,0.511949920199155,0.516969418455639,0.522214106351618,
0.527718909487711,0.533501664271496,0.539568183991484,0.545916632189239,
0.552540525393557,0.559430685008362,0.566576448100345,0.573966346734948,
0.581588556441641,0.589431126379216,0.597482103748502,0.605729608935727,
0.614161867580193,0.622767217272203,0.631534097384605,0.640451035611224,
0.649506633010946,0.658689543985696,0.667988460796395,0.677392098142681,
0.686889184119477,0.696468440875364,0.706118581282388,0.715828306890602,
0.725586286224747,0.735381165701349,0.745201564668115,0.75503605985603,
0.764873197097996,0.774701484207393,0.784509360553325,0.78727688361024),
(0.,14.3),.UNSPECIFIED.);
#65=B_SPLINE_SURFACE_WITH_KNOTS('',4,1,((#8799,#8800),(#8801,#8802),(#8803,
#8804),(#8805,#8806),(#8807,#8808),(#8809,#8810),(#8811,#8812),(#8813,#8814),
(#8815,#8816),(#8817,#8818),(#8819,#8820),(#8821,#8822),(#8823,#8824),(#8825,
#8826),(#8827,#8828),(#8829,#8830),(#8831,#8832),(#8833,#8834),(#8835,#8836),
(#8837,#8838),(#8839,#8840),(#8841,#8842),(#8843,#8844),(#8845,#8846),(#8847,
#8848),(#8849,#8850),(#8851,#8852),(#8853,#8854),(#8855,#8856),(#8857,#8858),
(#8859,#8860),(#8861,#8862),(#8863,#8864),(#8865,#8866),(#8867,#8868),(#8869,
#8870),(#8871,#8872),(#8873,#8874),(#8875,#8876),(#8877,#8878),(#8879,#8880),
(#8881,#8882),(#8883,#8884),(#8885,#8886),(#8887,#8888),(#8889,#8890),(#8891,
#8892),(#8893,#8894),(#8895,#8896),(#8897,#8898),(#8899,#8900),(#8901,#8902),
(#8903,#8904),(#8905,#8906),(#8907,#8908),(#8909,#8910),(#8911,#8912),(#8913,
#8914),(#8915,#8916),(#8917,#8918),(#8919,#8920),(#8921,#8922),(#8923,#8924),
(#8925,#8926),(#8927,#8928),(#8929,#8930),(#8931,#8932),(#8933,#8934),(#8935,
#8936),(#8937,#8938),(#8939,#8940),(#8941,#8942),(#8943,#8944),(#8945,#8946),
(#8947,#8948),(#8949,#8950),(#8951,#8952)),.UNSPECIFIED.,.F.,.F.,.F.,(5,
1,1,1,1,1,1,1,1,1,1,1,1,1,1,1,1,1,1,1,1,1,1,1,1,1,1,1,1,1,1,1,1,1,1,1,1,
1,1,1,1,1,1,1,1,1,1,1,1,1,1,1,1,1,1,1,1,1,1,1,1,1,1,1,1,1,1,1,1,1,1,1,1,
5),(2,2),(0.212723116389765,0.215490639446675,0.225298515792606,0.235126802902004,
0.24496394014397,0.254798435331884,0.26461883429865,0.274413713775252,0.284171693109398,
0.293881418717611,0.303531559124635,0.313110815880523,0.322607901857318,
0.332011539203604,0.341310456014303,0.350493366989054,0.359548964388776,
0.368465902615394,0.377232782727796,0.385838132419806,0.394270391064272,
0.402517896251497,0.410568873620783,0.418411443558358,0.426033653265051,
0.433423551899654,0.440569314991637,0.447459474606442,0.45408336781076,
0.460431816008516,0.466498335728503,0.472281090512288,0.477785893648381,
0.48303058154436,0.488050079800844,0.492900326112569,0.49764576345295,0.502354236547049,
0.50709967388743,0.511949920199155,0.516969418455639,0.522214106351618,
0.527718909487711,0.533501664271496,0.539568183991484,0.545916632189239,
0.552540525393557,0.559430685008362,0.566576448100345,0.573966346734948,
0.581588556441641,0.589431126379216,0.597482103748502,0.605729608935727,
0.614161867580193,0.622767217272203,0.631534097384605,0.640451035611224,
0.649506633010946,0.658689543985696,0.667988460796395,0.677392098142681,
0.686889184119477,0.696468440875364,0.706118581282388,0.715828306890602,
0.725586286224747,0.735381165701349,0.745201564668115,0.75503605985603,
0.764873197097996,0.774701484207393,0.784509360553325,0.78727688361024),
(0.,14.3),.UNSPECIFIED.);
#66=B_SPLINE_SURFACE_WITH_KNOTS('',4,1,((#9003,#9004),(#9005,#9006),(#9007,
#9008),(#9009,#9010),(#9011,#9012),(#9013,#9014),(#9015,#9016),(#9017,#9018),
(#9019,#9020),(#9021,#9022),(#9023,#9024),(#9025,#9026),(#9027,#9028),(#9029,
#9030),(#9031,#9032),(#9033,#9034),(#9035,#9036),(#9037,#9038),(#9039,#9040),
(#9041,#9042),(#9043,#9044),(#9045,#9046),(#9047,#9048),(#9049,#9050),(#9051,
#9052),(#9053,#9054),(#9055,#9056),(#9057,#9058),(#9059,#9060),(#9061,#9062),
(#9063,#9064),(#9065,#9066),(#9067,#9068),(#9069,#9070),(#9071,#9072),(#9073,
#9074),(#9075,#9076),(#9077,#9078),(#9079,#9080),(#9081,#9082),(#9083,#9084),
(#9085,#9086),(#9087,#9088),(#9089,#9090),(#9091,#9092),(#9093,#9094),(#9095,
#9096),(#9097,#9098),(#9099,#9100),(#9101,#9102),(#9103,#9104),(#9105,#9106),
(#9107,#9108),(#9109,#9110),(#9111,#9112),(#9113,#9114),(#9115,#9116),(#9117,
#9118),(#9119,#9120),(#9121,#9122),(#9123,#9124),(#9125,#9126),(#9127,#9128),
(#9129,#9130),(#9131,#9132),(#9133,#9134),(#9135,#9136),(#9137,#9138),(#9139,
#9140),(#9141,#9142),(#9143,#9144),(#9145,#9146),(#9147,#9148),(#9149,#9150),
(#9151,#9152),(#9153,#9154),(#9155,#9156)),.UNSPECIFIED.,.F.,.F.,.F.,(5,
1,1,1,1,1,1,1,1,1,1,1,1,1,1,1,1,1,1,1,1,1,1,1,1,1,1,1,1,1,1,1,1,1,1,1,1,
1,1,1,1,1,1,1,1,1,1,1,1,1,1,1,1,1,1,1,1,1,1,1,1,1,1,1,1,1,1,1,1,1,1,1,1,
5),(2,2),(0.212723116389765,0.215490639446675,0.225298515792606,0.235126802902004,
0.24496394014397,0.254798435331884,0.26461883429865,0.274413713775252,0.284171693109398,
0.293881418717611,0.303531559124635,0.313110815880523,0.322607901857318,
0.332011539203604,0.341310456014303,0.350493366989054,0.359548964388776,
0.368465902615394,0.377232782727796,0.385838132419806,0.394270391064272,
0.402517896251497,0.410568873620783,0.418411443558358,0.426033653265051,
0.433423551899654,0.440569314991637,0.447459474606442,0.45408336781076,
0.460431816008516,0.466498335728503,0.472281090512288,0.477785893648381,
0.48303058154436,0.488050079800844,0.492900326112569,0.49764576345295,0.502354236547049,
0.50709967388743,0.511949920199155,0.516969418455639,0.522214106351618,
0.527718909487711,0.533501664271496,0.539568183991484,0.545916632189239,
0.552540525393557,0.559430685008362,0.566576448100345,0.573966346734948,
0.581588556441641,0.589431126379216,0.597482103748502,0.605729608935727,
0.614161867580193,0.622767217272203,0.631534097384605,0.640451035611224,
0.649506633010946,0.658689543985696,0.667988460796395,0.677392098142681,
0.686889184119477,0.696468440875364,0.706118581282388,0.715828306890602,
0.725586286224747,0.735381165701349,0.745201564668115,0.75503605985603,
0.764873197097996,0.774701484207393,0.784509360553325,0.78727688361024),
(0.,14.3),.UNSPECIFIED.);
#67=B_SPLINE_SURFACE_WITH_KNOTS('',4,1,((#9189,#9190),(#9191,#9192),(#9193,
#9194),(#9195,#9196),(#9197,#9198),(#9199,#9200),(#9201,#9202),(#9203,#9204),
(#9205,#9206),(#9207,#9208),(#9209,#9210),(#9211,#9212),(#9213,#9214),(#9215,
#9216),(#9217,#9218),(#9219,#9220),(#9221,#9222),(#9223,#9224),(#9225,#9226),
(#9227,#9228),(#9229,#9230),(#9231,#9232),(#9233,#9234),(#9235,#9236),(#9237,
#9238),(#9239,#9240),(#9241,#9242),(#9243,#9244),(#9245,#9246),(#9247,#9248),
(#9249,#9250),(#9251,#9252),(#9253,#9254),(#9255,#9256),(#9257,#9258),(#9259,
#9260),(#9261,#9262),(#9263,#9264),(#9265,#9266),(#9267,#9268),(#9269,#9270),
(#9271,#9272),(#9273,#9274),(#9275,#9276),(#9277,#9278),(#9279,#9280),(#9281,
#9282),(#9283,#9284),(#9285,#9286),(#9287,#9288),(#9289,#9290),(#9291,#9292),
(#9293,#9294),(#9295,#9296),(#9297,#9298),(#9299,#9300),(#9301,#9302),(#9303,
#9304),(#9305,#9306),(#9307,#9308),(#9309,#9310),(#9311,#9312),(#9313,#9314),
(#9315,#9316),(#9317,#9318),(#9319,#9320),(#9321,#9322),(#9323,#9324),(#9325,
#9326),(#9327,#9328),(#9329,#9330),(#9331,#9332),(#9333,#9334),(#9335,#9336),
(#9337,#9338),(#9339,#9340),(#9341,#9342)),.UNSPECIFIED.,.F.,.F.,.F.,(5,
1,1,1,1,1,1,1,1,1,1,1,1,1,1,1,1,1,1,1,1,1,1,1,1,1,1,1,1,1,1,1,1,1,1,1,1,
1,1,1,1,1,1,1,1,1,1,1,1,1,1,1,1,1,1,1,1,1,1,1,1,1,1,1,1,1,1,1,1,1,1,1,1,
5),(2,2),(0.212723116389765,0.215490639446675,0.225298515792606,0.235126802902004,
0.24496394014397,0.254798435331884,0.26461883429865,0.274413713775252,0.284171693109398,
0.293881418717611,0.303531559124635,0.313110815880523,0.322607901857318,
0.332011539203604,0.341310456014303,0.350493366989054,0.359548964388776,
0.368465902615394,0.377232782727796,0.385838132419806,0.394270391064272,
0.402517896251497,0.410568873620783,0.418411443558358,0.426033653265051,
0.433423551899654,0.440569314991637,0.447459474606442,0.45408336781076,
0.460431816008516,0.466498335728503,0.472281090512288,0.477785893648381,
0.48303058154436,0.488050079800844,0.492900326112569,0.49764576345295,0.502354236547049,
0.50709967388743,0.511949920199155,0.516969418455639,0.522214106351618,
0.527718909487711,0.533501664271496,0.539568183991484,0.545916632189239,
0.552540525393557,0.559430685008362,0.566576448100345,0.573966346734948,
0.581588556441641,0.589431126379216,0.597482103748502,0.605729608935727,
0.614161867580193,0.622767217272203,0.631534097384605,0.640451035611224,
0.649506633010946,0.658689543985696,0.667988460796395,0.677392098142681,
0.686889184119477,0.696468440875364,0.706118581282388,0.715828306890602,
0.725586286224747,0.735381165701349,0.745201564668115,0.75503605985603,
0.764873197097996,0.774701484207393,0.784509360553325,0.78727688361024),
(0.,14.3),.UNSPECIFIED.);
#68=B_SPLINE_SURFACE_WITH_KNOTS('',4,1,((#9349,#9350),(#9351,#9352),(#9353,
#9354),(#9355,#9356),(#9357,#9358),(#9359,#9360),(#9361,#9362),(#9363,#9364),
(#9365,#9366),(#9367,#9368),(#9369,#9370),(#9371,#9372),(#9373,#9374),(#9375,
#9376),(#9377,#9378),(#9379,#9380),(#9381,#9382),(#9383,#9384),(#9385,#9386),
(#9387,#9388),(#9389,#9390),(#9391,#9392),(#9393,#9394),(#9395,#9396),(#9397,
#9398),(#9399,#9400),(#9401,#9402),(#9403,#9404),(#9405,#9406),(#9407,#9408),
(#9409,#9410),(#9411,#9412),(#9413,#9414),(#9415,#9416),(#9417,#9418),(#9419,
#9420),(#9421,#9422),(#9423,#9424),(#9425,#9426),(#9427,#9428),(#9429,#9430),
(#9431,#9432),(#9433,#9434),(#9435,#9436),(#9437,#9438),(#9439,#9440),(#9441,
#9442),(#9443,#9444),(#9445,#9446),(#9447,#9448),(#9449,#9450),(#9451,#9452),
(#9453,#9454),(#9455,#9456),(#9457,#9458),(#9459,#9460),(#9461,#9462),(#9463,
#9464),(#9465,#9466),(#9467,#9468),(#9469,#9470),(#9471,#9472),(#9473,#9474),
(#9475,#9476),(#9477,#9478),(#9479,#9480),(#9481,#9482),(#9483,#9484),(#9485,
#9486),(#9487,#9488),(#9489,#9490),(#9491,#9492),(#9493,#9494),(#9495,#9496),
(#9497,#9498),(#9499,#9500),(#9501,#9502)),.UNSPECIFIED.,.F.,.F.,.F.,(5,
1,1,1,1,1,1,1,1,1,1,1,1,1,1,1,1,1,1,1,1,1,1,1,1,1,1,1,1,1,1,1,1,1,1,1,1,
1,1,1,1,1,1,1,1,1,1,1,1,1,1,1,1,1,1,1,1,1,1,1,1,1,1,1,1,1,1,1,1,1,1,1,1,
5),(2,2),(0.212723116389765,0.215490639446675,0.225298515792606,0.235126802902004,
0.24496394014397,0.254798435331884,0.26461883429865,0.274413713775252,0.284171693109398,
0.293881418717611,0.303531559124635,0.313110815880523,0.322607901857318,
0.332011539203604,0.341310456014303,0.350493366989054,0.359548964388776,
0.368465902615394,0.377232782727796,0.385838132419806,0.394270391064272,
0.402517896251497,0.410568873620783,0.418411443558358,0.426033653265051,
0.433423551899654,0.440569314991637,0.447459474606442,0.45408336781076,
0.460431816008516,0.466498335728503,0.472281090512288,0.477785893648381,
0.48303058154436,0.488050079800844,0.492900326112569,0.49764576345295,0.502354236547049,
0.50709967388743,0.511949920199155,0.516969418455639,0.522214106351618,
0.527718909487711,0.533501664271496,0.539568183991484,0.545916632189239,
0.552540525393557,0.559430685008362,0.566576448100345,0.573966346734948,
0.581588556441641,0.589431126379216,0.597482103748502,0.605729608935727,
0.614161867580193,0.622767217272203,0.631534097384605,0.640451035611224,
0.649506633010946,0.658689543985696,0.667988460796395,0.677392098142681,
0.686889184119477,0.696468440875364,0.706118581282388,0.715828306890602,
0.725586286224747,0.735381165701349,0.745201564668115,0.75503605985603,
0.764873197097996,0.774701484207393,0.784509360553325,0.78727688361024),
(0.,14.3),.UNSPECIFIED.);
#69=B_SPLINE_SURFACE_WITH_KNOTS('',4,1,((#9575,#9576),(#9577,#9578),(#9579,
#9580),(#9581,#9582),(#9583,#9584),(#9585,#9586),(#9587,#9588),(#9589,#9590),
(#9591,#9592),(#9593,#9594),(#9595,#9596),(#9597,#9598),(#9599,#9600),(#9601,
#9602),(#9603,#9604),(#9605,#9606),(#9607,#9608),(#9609,#9610),(#9611,#9612),
(#9613,#9614),(#9615,#9616),(#9617,#9618),(#9619,#9620),(#9621,#9622),(#9623,
#9624),(#9625,#9626),(#9627,#9628),(#9629,#9630),(#9631,#9632),(#9633,#9634),
(#9635,#9636),(#9637,#9638),(#9639,#9640),(#9641,#9642),(#9643,#9644),(#9645,
#9646),(#9647,#9648),(#9649,#9650),(#9651,#9652),(#9653,#9654),(#9655,#9656),
(#9657,#9658),(#9659,#9660),(#9661,#9662),(#9663,#9664),(#9665,#9666),(#9667,
#9668),(#9669,#9670),(#9671,#9672),(#9673,#9674),(#9675,#9676),(#9677,#9678),
(#9679,#9680),(#9681,#9682),(#9683,#9684),(#9685,#9686),(#9687,#9688),(#9689,
#9690),(#9691,#9692),(#9693,#9694),(#9695,#9696),(#9697,#9698),(#9699,#9700),
(#9701,#9702),(#9703,#9704),(#9705,#9706),(#9707,#9708),(#9709,#9710),(#9711,
#9712),(#9713,#9714),(#9715,#9716),(#9717,#9718),(#9719,#9720),(#9721,#9722),
(#9723,#9724),(#9725,#9726),(#9727,#9728)),.UNSPECIFIED.,.F.,.F.,.F.,(5,
1,1,1,1,1,1,1,1,1,1,1,1,1,1,1,1,1,1,1,1,1,1,1,1,1,1,1,1,1,1,1,1,1,1,1,1,
1,1,1,1,1,1,1,1,1,1,1,1,1,1,1,1,1,1,1,1,1,1,1,1,1,1,1,1,1,1,1,1,1,1,1,1,
5),(2,2),(0.212723116389765,0.215490639446675,0.225298515792606,0.235126802902004,
0.24496394014397,0.254798435331884,0.26461883429865,0.274413713775252,0.284171693109398,
0.293881418717611,0.303531559124635,0.313110815880523,0.322607901857318,
0.332011539203604,0.341310456014303,0.350493366989054,0.359548964388776,
0.368465902615394,0.377232782727796,0.385838132419806,0.394270391064272,
0.402517896251497,0.410568873620783,0.418411443558358,0.426033653265051,
0.433423551899654,0.440569314991637,0.447459474606442,0.45408336781076,
0.460431816008516,0.466498335728503,0.472281090512288,0.477785893648381,
0.48303058154436,0.488050079800844,0.492900326112569,0.49764576345295,0.502354236547049,
0.50709967388743,0.511949920199155,0.516969418455639,0.522214106351618,
0.527718909487711,0.533501664271496,0.539568183991484,0.545916632189239,
0.552540525393557,0.559430685008362,0.566576448100345,0.573966346734948,
0.581588556441641,0.589431126379216,0.597482103748502,0.605729608935727,
0.614161867580193,0.622767217272203,0.631534097384605,0.640451035611224,
0.649506633010946,0.658689543985696,0.667988460796395,0.677392098142681,
0.686889184119477,0.696468440875364,0.706118581282388,0.715828306890602,
0.725586286224747,0.735381165701349,0.745201564668115,0.75503605985603,
0.764873197097996,0.774701484207393,0.784509360553325,0.78727688361024),
(0.,14.3),.UNSPECIFIED.);
#70=B_SPLINE_SURFACE_WITH_KNOTS('',4,1,((#9729,#9730),(#9731,#9732),(#9733,
#9734),(#9735,#9736),(#9737,#9738),(#9739,#9740),(#9741,#9742),(#9743,#9744),
(#9745,#9746),(#9747,#9748),(#9749,#9750),(#9751,#9752),(#9753,#9754),(#9755,
#9756),(#9757,#9758),(#9759,#9760),(#9761,#9762),(#9763,#9764),(#9765,#9766),
(#9767,#9768),(#9769,#9770),(#9771,#9772),(#9773,#9774),(#9775,#9776),(#9777,
#9778),(#9779,#9780),(#9781,#9782),(#9783,#9784),(#9785,#9786),(#9787,#9788),
(#9789,#9790),(#9791,#9792),(#9793,#9794),(#9795,#9796),(#9797,#9798),(#9799,
#9800),(#9801,#9802),(#9803,#9804),(#9805,#9806),(#9807,#9808),(#9809,#9810),
(#9811,#9812),(#9813,#9814),(#9815,#9816),(#9817,#9818),(#9819,#9820),(#9821,
#9822),(#9823,#9824),(#9825,#9826),(#9827,#9828),(#9829,#9830),(#9831,#9832),
(#9833,#9834),(#9835,#9836),(#9837,#9838),(#9839,#9840),(#9841,#9842),(#9843,
#9844),(#9845,#9846),(#9847,#9848),(#9849,#9850),(#9851,#9852),(#9853,#9854),
(#9855,#9856),(#9857,#9858),(#9859,#9860),(#9861,#9862),(#9863,#9864),(#9865,
#9866),(#9867,#9868),(#9869,#9870),(#9871,#9872),(#9873,#9874),(#9875,#9876),
(#9877,#9878),(#9879,#9880),(#9881,#9882)),.UNSPECIFIED.,.F.,.F.,.F.,(5,
1,1,1,1,1,1,1,1,1,1,1,1,1,1,1,1,1,1,1,1,1,1,1,1,1,1,1,1,1,1,1,1,1,1,1,1,
1,1,1,1,1,1,1,1,1,1,1,1,1,1,1,1,1,1,1,1,1,1,1,1,1,1,1,1,1,1,1,1,1,1,1,1,
5),(2,2),(0.212723116389765,0.215490639446675,0.225298515792606,0.235126802902004,
0.24496394014397,0.254798435331884,0.26461883429865,0.274413713775252,0.284171693109398,
0.293881418717611,0.303531559124635,0.313110815880523,0.322607901857318,
0.332011539203604,0.341310456014303,0.350493366989054,0.359548964388776,
0.368465902615394,0.377232782727796,0.385838132419806,0.394270391064272,
0.402517896251497,0.410568873620783,0.418411443558358,0.426033653265051,
0.433423551899654,0.440569314991637,0.447459474606442,0.45408336781076,
0.460431816008516,0.466498335728503,0.472281090512288,0.477785893648381,
0.48303058154436,0.488050079800844,0.492900326112569,0.49764576345295,0.502354236547049,
0.50709967388743,0.511949920199155,0.516969418455639,0.522214106351618,
0.527718909487711,0.533501664271496,0.539568183991484,0.545916632189239,
0.552540525393557,0.559430685008362,0.566576448100345,0.573966346734948,
0.581588556441641,0.589431126379216,0.597482103748502,0.605729608935727,
0.614161867580193,0.622767217272203,0.631534097384605,0.640451035611224,
0.649506633010946,0.658689543985696,0.667988460796395,0.677392098142681,
0.686889184119477,0.696468440875364,0.706118581282388,0.715828306890602,
0.725586286224747,0.735381165701349,0.745201564668115,0.75503605985603,
0.764873197097996,0.774701484207393,0.784509360553325,0.78727688361024),
(0.,14.3),.UNSPECIFIED.);
#71=B_SPLINE_SURFACE_WITH_KNOTS('',3,3,((#9904,#9905,#9906,#9907,#9908,
#9909,#9910,#9911,#9912,#9913,#9914,#9915,#9916,#9917,#9918,#9919,#9920,
#9921,#9922,#9923,#9924,#9925,#9926,#9927,#9928,#9929,#9930,#9931,#9932),
(#9933,#9934,#9935,#9936,#9937,#9938,#9939,#9940,#9941,#9942,#9943,#9944,
#9945,#9946,#9947,#9948,#9949,#9950,#9951,#9952,#9953,#9954,#9955,#9956,
#9957,#9958,#9959,#9960,#9961),(#9962,#9963,#9964,#9965,#9966,#9967,#9968,
#9969,#9970,#9971,#9972,#9973,#9974,#9975,#9976,#9977,#9978,#9979,#9980,
#9981,#9982,#9983,#9984,#9985,#9986,#9987,#9988,#9989,#9990),(#9991,#9992,
#9993,#9994,#9995,#9996,#9997,#9998,#9999,#10000,#10001,#10002,#10003,#10004,
#10005,#10006,#10007,#10008,#10009,#10010,#10011,#10012,#10013,#10014,#10015,
#10016,#10017,#10018,#10019),(#10020,#10021,#10022,#10023,#10024,#10025,
#10026,#10027,#10028,#10029,#10030,#10031,#10032,#10033,#10034,#10035,#10036,
#10037,#10038,#10039,#10040,#10041,#10042,#10043,#10044,#10045,#10046,#10047,
#10048)),.UNSPECIFIED.,.F.,.T.,.F.,(4,1,4),(4,1,1,1,1,1,1,1,1,1,1,1,1,1,
1,1,1,1,1,1,1,1,1,1,1,1,4),(0.,0.571428571428571,1.),(0.,0.224399475256414,
0.448798950512828,0.673198425769241,0.897597901025655,1.34639685153848,
1.79519580205131,2.0943951023932,2.39359440273508,2.69279370307697,2.84239335324791,
2.99199300341885,3.14159265358979,3.29119230376074,3.44079195393168,3.59039160410262,
3.88959090444451,4.18879020478639,4.33838985495733,4.48798950512828,4.78718880547016,
5.08638810581205,5.38558740615393,5.60998688141034,5.83438635666676,6.05878583192317,
6.28318530717959),.UNSPECIFIED.);
#72=B_SPLINE_SURFACE_WITH_KNOTS('',3,3,((#11182,#11183,#11184,#11185,#11186,
#11187,#11188,#11189,#11190,#11191,#11192,#11193,#11194),(#11195,#11196,
#11197,#11198,#11199,#11200,#11201,#11202,#11203,#11204,#11205,#11206,#11207),
(#11208,#11209,#11210,#11211,#11212,#11213,#11214,#11215,#11216,#11217,
#11218,#11219,#11220),(#11221,#11222,#11223,#11224,#11225,#11226,#11227,
#11228,#11229,#11230,#11231,#11232,#11233),(#11234,#11235,#11236,#11237,
#11238,#11239,#11240,#11241,#11242,#11243,#11244,#11245,#11246),(#11247,
#11248,#11249,#11250,#11251,#11252,#11253,#11254,#11255,#11256,#11257,#11258,
#11259)),.UNSPECIFIED.,.F.,.F.,.F.,(4,1,1,4),(4,1,1,1,1,1,1,1,1,1,4),(0.,
0.285714285714286,0.571428571428571,1.),(-3.62871519584943,-3.50488038284732,
-3.38104556984521,-3.13337594384099,-2.63803669183255,-1.64735818781568,
-1.15201893580724,-0.656679683798801,-0.409010057794582,-0.285175244792472,
-0.161340431790363),.UNSPECIFIED.);
#73=B_SPLINE_SURFACE_WITH_KNOTS('',3,3,((#11308,#11309,#11310,#11311,#11312,
#11313,#11314,#11315,#11316,#11317,#11318,#11319,#11320),(#11321,#11322,
#11323,#11324,#11325,#11326,#11327,#11328,#11329,#11330,#11331,#11332,#11333),
(#11334,#11335,#11336,#11337,#11338,#11339,#11340,#11341,#11342,#11343,
#11344,#11345,#11346),(#11347,#11348,#11349,#11350,#11351,#11352,#11353,
#11354,#11355,#11356,#11357,#11358,#11359),(#11360,#11361,#11362,#11363,
#11364,#11365,#11366,#11367,#11368,#11369,#11370,#11371,#11372),(#11373,
#11374,#11375,#11376,#11377,#11378,#11379,#11380,#11381,#11382,#11383,#11384,
#11385)),.UNSPECIFIED.,.F.,.F.,.F.,(4,1,1,4),(4,1,1,1,1,1,1,1,1,1,4),(0.,
0.285714285714286,0.571428571428571,1.),(-6.01662581770562,-5.81127594343412,
-5.60592606916261,-5.1952263206196,-4.37382682353358,-3.55242732644756,
-1.90962833227552,-1.0882288351895,-0.677529086646484,-0.472179212374979,
-0.266829338103474),.UNSPECIFIED.);
#74=B_SPLINE_SURFACE_WITH_KNOTS('',3,3,((#11388,#11389,#11390,#11391,#11392,
#11393,#11394,#11395,#11396,#11397),(#11398,#11399,#11400,#11401,#11402,
#11403,#11404,#11405,#11406,#11407),(#11408,#11409,#11410,#11411,#11412,
#11413,#11414,#11415,#11416,#11417),(#11418,#11419,#11420,#11421,#11422,
#11423,#11424,#11425,#11426,#11427),(#11428,#11429,#11430,#11431,#11432,
#11433,#11434,#11435,#11436,#11437),(#11438,#11439,#11440,#11441,#11442,
#11443,#11444,#11445,#11446,#11447),(#11448,#11449,#11450,#11451,#11452,
#11453,#11454,#11455,#11456,#11457)),.UNSPECIFIED.,.F.,.F.,.F.,(4,1,1,1,
4),(4,1,1,1,1,1,1,4),(0.,0.285714285714286,0.571428571428571,0.857142857142857,
1.),(0.,0.142857142857143,0.285714285714286,0.428571428571429,0.571428571428571,
0.714285714285714,0.857142857142857,1.),.UNSPECIFIED.);
#75=B_SPLINE_SURFACE_WITH_KNOTS('',3,3,((#11458,#11459,#11460,#11461,#11462,
#11463,#11464,#11465,#11466,#11467),(#11468,#11469,#11470,#11471,#11472,
#11473,#11474,#11475,#11476,#11477),(#11478,#11479,#11480,#11481,#11482,
#11483,#11484,#11485,#11486,#11487),(#11488,#11489,#11490,#11491,#11492,
#11493,#11494,#11495,#11496,#11497),(#11498,#11499,#11500,#11501,#11502,
#11503,#11504,#11505,#11506,#11507),(#11508,#11509,#11510,#11511,#11512,
#11513,#11514,#11515,#11516,#11517),(#11518,#11519,#11520,#11521,#11522,
#11523,#11524,#11525,#11526,#11527)),.UNSPECIFIED.,.F.,.F.,.F.,(4,1,1,1,
4),(4,1,1,1,1,1,1,4),(0.,0.285714285714286,0.571428571428571,0.857142857142857,
1.),(0.,0.142857142857143,0.285714285714286,0.428571428571429,0.571428571428571,
0.714285714285714,0.857142857142857,1.),.UNSPECIFIED.);
#76=B_SPLINE_SURFACE_WITH_KNOTS('',4,1,((#11687,#11688),(#11689,#11690),
(#11691,#11692),(#11693,#11694),(#11695,#11696),(#11697,#11698),(#11699,
#11700),(#11701,#11702),(#11703,#11704),(#11705,#11706),(#11707,#11708),
(#11709,#11710),(#11711,#11712),(#11713,#11714),(#11715,#11716),(#11717,
#11718),(#11719,#11720),(#11721,#11722),(#11723,#11724),(#11725,#11726),
(#11727,#11728),(#11729,#11730),(#11731,#11732),(#11733,#11734),(#11735,
#11736),(#11737,#11738),(#11739,#11740),(#11741,#11742),(#11743,#11744),
(#11745,#11746),(#11747,#11748),(#11749,#11750),(#11751,#11752),(#11753,
#11754),(#11755,#11756),(#11757,#11758),(#11759,#11760),(#11761,#11762),
(#11763,#11764),(#11765,#11766),(#11767,#11768),(#11769,#11770),(#11771,
#11772),(#11773,#11774),(#11775,#11776),(#11777,#11778),(#11779,#11780),
(#11781,#11782),(#11783,#11784),(#11785,#11786),(#11787,#11788),(#11789,
#11790),(#11791,#11792),(#11793,#11794),(#11795,#11796),(#11797,#11798),
(#11799,#11800),(#11801,#11802),(#11803,#11804),(#11805,#11806),(#11807,
#11808),(#11809,#11810),(#11811,#11812),(#11813,#11814),(#11815,#11816),
(#11817,#11818),(#11819,#11820),(#11821,#11822),(#11823,#11824),(#11825,
#11826),(#11827,#11828),(#11829,#11830),(#11831,#11832),(#11833,#11834),
(#11835,#11836),(#11837,#11838),(#11839,#11840),(#11841,#11842),(#11843,
#11844),(#11845,#11846),(#11847,#11848),(#11849,#11850),(#11851,#11852),
(#11853,#11854),(#11855,#11856),(#11857,#11858),(#11859,#11860),(#11861,
#11862),(#11863,#11864),(#11865,#11866),(#11867,#11868),(#11869,#11870),
(#11871,#11872),(#11873,#11874),(#11875,#11876),(#11877,#11878),(#11879,
#11880),(#11881,#11882),(#11883,#11884),(#11885,#11886),(#11887,#11888),
(#11889,#11890),(#11891,#11892),(#11893,#11894),(#11895,#11896),(#11897,
#11898),(#11899,#11900),(#11901,#11902),(#11903,#11904),(#11905,#11906),
(#11907,#11908),(#11909,#11910),(#11911,#11912),(#11913,#11914),(#11915,
#11916),(#11917,#11918),(#11919,#11920)),.UNSPECIFIED.,.F.,.F.,.F.,(5,1,
1,1,1,1,1,1,1,1,1,1,1,1,1,1,1,1,1,1,1,1,1,1,1,1,1,1,1,1,1,1,1,1,1,1,1,1,
1,1,1,1,1,1,1,1,1,1,1,1,1,1,1,1,1,1,1,1,1,1,1,1,1,1,1,1,1,1,1,1,1,1,1,1,
1,1,1,1,1,1,1,1,1,1,1,1,1,1,1,1,1,1,1,1,1,1,1,1,1,1,1,1,1,1,1,1,1,1,1,1,
1,1,1,5),(2,2),(0.0375904011676887,0.0424977051415694,0.0492302376725698,
0.0562626920636539,0.0635744340458775,0.0711465509423019,0.0789614594143131,
0.0870026602977662,0.0952545246112878,0.103702135464401,0.112331170498918,
0.121127790334781,0.130078580834046,0.139170451623569,0.148390605811655,
0.157726485353297,0.16716573405587,0.176696171008584,0.186305752571399,
0.195982556429584,0.205714765308719,0.215490639450342,0.225298515796117,
0.235126802905358,0.244963940147166,0.254798435334924,0.264618834301533,
0.274413713777979,0.284171693111968,0.293881418720027,0.303531559126895,
0.313110815882648,0.32260790185933,0.332011539205534,0.34131045601614,0.350493366990779,
0.359548964390373,0.368465902616835,0.377232782729097,0.38583813242097,
0.394270391065301,0.402517896252394,0.410568873621552,0.418411443559001,
0.426033653265572,0.433423551900057,0.440569314991927,0.447459474606622,
0.454083367810835,0.460431816008489,0.466498335728379,0.472281090512072,
0.477785893648077,0.483030581543972,0.488050079800375,0.492900326112248,
0.497645763453044,0.502354236547561,0.507099673888358,0.511949920200271,
0.516969418456674,0.522214106352569,0.527718909488574,0.533501664272267,
0.539568183992157,0.545916632189811,0.552540525394024,0.559430685008719,
0.566576448100588,0.573966346735074,0.581588556441645,0.589431126379094,
0.597482103748252,0.605729608935345,0.614161867579676,0.622767217271548,
0.631534097383812,0.640451035610272,0.649506633009877,0.658689543984522,
0.667988460795126,0.677392098141332,0.686889184118004,0.696468440873752,
0.706118581280622,0.715828306888681,0.72558628622267,0.735381165699116,
0.745201564665725,0.755036059853482,0.764873197095291,0.774701484204532,
0.784509360550307,0.794285234691929,0.804017443571064,0.813694247429249,
0.823303828992065,0.832834265944778,0.842273514647351,0.851609394188994,
0.860829548377079,0.869921419166602,0.878872209665867,0.88766882950173,
0.896297864536247,0.90474547538936,0.912997339702882,0.921038540586334,
0.928853449058346,0.936425565954769,0.943737307936996,0.950769762327706,
0.957502294858718,0.962409598835927),(0.,45.3491),.UNSPECIFIED.);
#77=CIRCLE('',#3706,3.25);
#78=CIRCLE('',#3708,5.25);
#79=CIRCLE('',#3745,15.9935);
#80=CIRCLE('',#3749,15.9935);
#81=CIRCLE('',#3809,15.9935);
#82=CIRCLE('',#3835,4.00000000000002);
#83=CIRCLE('',#3840,2.25);
#84=CIRCLE('',#3841,2.);
#85=CIRCLE('',#3842,4.25);
#86=CIRCLE('',#3843,2.25);
#87=CIRCLE('',#3845,17.);
#88=CIRCLE('',#3895,17.);
#89=CIRCLE('',#3899,3.24999999999999);
#90=CIRCLE('',#3906,3.24999999999999);
#91=CIRCLE('',#3908,7.25000000000001);
#92=CIRCLE('',#3909,7.25);
#93=CIRCLE('',#3911,5.5);
#94=CIRCLE('',#3913,5.5);
#95=CIRCLE('',#3915,3.25);
#96=CIRCLE('',#3919,3.25);
#97=CIRCLE('',#3924,5.25);
#98=CYLINDRICAL_SURFACE('',#3705,3.25);
#99=CYLINDRICAL_SURFACE('',#3709,5.25);
#100=CYLINDRICAL_SURFACE('',#3715,15.9935);
#101=CYLINDRICAL_SURFACE('',#3720,15.9935);
#102=CYLINDRICAL_SURFACE('',#3732,15.9935);
#103=CYLINDRICAL_SURFACE('',#3747,15.9935);
#104=CYLINDRICAL_SURFACE('',#3774,15.9935);
#105=CYLINDRICAL_SURFACE('',#3807,15.9935);
#106=CYLINDRICAL_SURFACE('',#3819,15.9935);
#107=CYLINDRICAL_SURFACE('',#3846,2.25);
#108=CYLINDRICAL_SURFACE('',#3905,3.24999999999999);
#109=CYLINDRICAL_SURFACE('',#3907,3.24999999999999);
#110=CYLINDRICAL_SURFACE('',#3910,5.5);
#111=CYLINDRICAL_SURFACE('',#3912,5.5);
#112=CYLINDRICAL_SURFACE('',#3916,3.25);
#113=CYLINDRICAL_SURFACE('',#3920,3.25);
#114=CYLINDRICAL_SURFACE('',#3925,5.25);
#115=CYLINDRICAL_SURFACE('',#3926,17.);
#116=FACE_BOUND('',#522,.T.);
#117=FACE_BOUND('',#525,.T.);
#118=FACE_BOUND('',#528,.T.);
#119=FACE_BOUND('',#545,.T.);
#120=FACE_BOUND('',#647,.T.);
#121=FACE_BOUND('',#658,.T.);
#122=FACE_BOUND('',#659,.T.);
#123=FACE_BOUND('',#662,.T.);
#124=FACE_BOUND('',#714,.T.);
#125=FACE_BOUND('',#729,.T.);
#126=FACE_BOUND('',#732,.T.);
#127=FACE_BOUND('',#735,.T.);
#128=FACE_BOUND('',#736,.T.);
#129=FACE_BOUND('',#737,.T.);
#130=FACE_BOUND('',#739,.T.);
#131=FACE_BOUND('',#740,.T.);
#132=FACE_BOUND('',#741,.T.);
#133=FACE_BOUND('',#742,.T.);
#134=FACE_BOUND('',#744,.T.);
#135=ELLIPSE('',#3701,5.26943497874259,5.25);
#136=ELLIPSE('',#3704,3.26203117731711,3.25);
#137=ELLIPSE('',#3712,18.4677030605686,15.9935);
#138=ELLIPSE('',#3714,18.4677030605686,15.9935);
#139=ELLIPSE('',#3717,18.4677030605686,15.9935);
#140=ELLIPSE('',#3719,18.4677030605686,15.9935);
#141=ELLIPSE('',#3729,18.4677030605686,15.9935);
#142=ELLIPSE('',#3731,18.4677030605686,15.9935);
#143=ELLIPSE('',#3739,18.4677030605686,15.9935);
#144=ELLIPSE('',#3741,18.4677030605686,15.9935);
#145=ELLIPSE('',#3743,18.4677030605686,15.9935);
#146=ELLIPSE('',#3748,18.4677030605686,15.9935);
#147=ELLIPSE('',#3750,18.4677030605686,15.9935);
#148=ELLIPSE('',#3751,18.4677030605686,15.9935);
#149=ELLIPSE('',#3767,18.4677030605686,15.9935);
#150=ELLIPSE('',#3769,18.4677030605686,15.9935);
#151=ELLIPSE('',#3771,18.4677030605686,15.9935);
#152=ELLIPSE('',#3773,18.4677030605686,15.9935);
#153=ELLIPSE('',#3775,18.4677030605686,15.9935);
#154=ELLIPSE('',#3776,18.4677030605686,15.9935);
#155=ELLIPSE('',#3777,18.4677030605686,15.9935);
#156=ELLIPSE('',#3778,18.4677030605686,15.9935);
#157=ELLIPSE('',#3804,18.4677030605686,15.9935);
#158=ELLIPSE('',#3806,18.4677030605686,15.9935);
#159=ELLIPSE('',#3808,18.4677030605686,15.9935);
#160=ELLIPSE('',#3810,18.4677030605686,15.9935);
#161=ELLIPSE('',#3816,18.4677030605686,15.9935);
#162=ELLIPSE('',#3818,18.4677030605686,15.9935);
#163=ELLIPSE('',#3847,2.48260031766561,2.25);
#164=ELLIPSE('',#3917,3.26241447201588,3.25);
#165=ELLIPSE('',#3921,3.26241447201588,3.25);
#166=B_SPLINE_CURVE_WITH_KNOTS('',3,(#4729,#4730,#4731,#4732,#4733,#4734),
 .UNSPECIFIED.,.F.,.F.,(4,2,4),(-2.13188919077542,-1.23677978294831,-0.209060649425909),
 .UNSPECIFIED.);
#167=B_SPLINE_CURVE_WITH_KNOTS('',3,(#4740,#4741,#4742,#4743,#4744,#4745,
#4746,#4747),.UNSPECIFIED.,.F.,.F.,(4,2,2,4),(-1.00940411949443,-0.785666649100452,
-0.465425398322421,-0.0854701868400822),.UNSPECIFIED.);
#168=B_SPLINE_CURVE_WITH_KNOTS('',3,(#4748,#4749,#4750,#4751,#4752,#4753,
#4754,#4755,#4756,#4757,#4758,#4759),.UNSPECIFIED.,.F.,.F.,(4,2,2,2,2,4),
(-6.33505525848357,-3.38279312716459,-2.27966002751876,-1.64197658425854,
-1.13331343738939,-1.00940411949443),.UNSPECIFIED.);
#169=B_SPLINE_CURVE_WITH_KNOTS('',3,(#4765,#4766,#4767,#4768),
 .UNSPECIFIED.,.F.,.F.,(4,4),(-0.915502849353951,-0.0502938746315668),
 .UNSPECIFIED.);
#170=B_SPLINE_CURVE_WITH_KNOTS('',3,(#4771,#4772,#4773,#4774,#4775,#4776,
#4777,#4778),.UNSPECIFIED.,.F.,.F.,(4,2,2,4),(-0.839588710095341,-0.718274337359295,
-0.421180190112539,-0.078110983120136),.UNSPECIFIED.);
#171=B_SPLINE_CURVE_WITH_KNOTS('',3,(#4779,#4780,#4781,#4782,#4783,#4784,
#4785,#4786),.UNSPECIFIED.,.F.,.F.,(4,2,2,4),(-1.59808504386362,-1.24675460295548,
-0.979438043776986,-0.839588710095341),.UNSPECIFIED.);
#172=B_SPLINE_CURVE_WITH_KNOTS('',3,(#5039,#5040,#5041,#5042),
 .UNSPECIFIED.,.F.,.F.,(4,4),(-0.513881605609182,0.),.UNSPECIFIED.);
#173=B_SPLINE_CURVE_WITH_KNOTS('',3,(#5046,#5047,#5048,#5049),
 .UNSPECIFIED.,.F.,.F.,(4,4),(-0.56394962841451,-0.0501657175374999),
 .UNSPECIFIED.);
#174=B_SPLINE_CURVE_WITH_KNOTS('',3,(#5212,#5213,#5214,#5215),
 .UNSPECIFIED.,.F.,.F.,(4,4),(-0.513881605607529,0.),.UNSPECIFIED.);
#175=B_SPLINE_CURVE_WITH_KNOTS('',3,(#5219,#5220,#5221,#5222),
 .UNSPECIFIED.,.F.,.F.,(4,4),(-0.56394962841434,-0.050165717537504),
 .UNSPECIFIED.);
#176=B_SPLINE_CURVE_WITH_KNOTS('',3,(#5382,#5383,#5384,#5385,#5386,#5387,
#5388,#5389,#5390,#5391),.UNSPECIFIED.,.F.,.F.,(4,2,2,2,4),(-12.1937360582653,
-11.6647043784288,-10.7431076806017,-8.75615020938147,-0.0501324575859723),
 .UNSPECIFIED.);
#177=B_SPLINE_CURVE_WITH_KNOTS('',3,(#5399,#5400,#5401,#5402),
 .UNSPECIFIED.,.F.,.F.,(4,4),(-6.28093397576902,-0.0500000000000007),
 .UNSPECIFIED.);
#178=B_SPLINE_CURVE_WITH_KNOTS('',3,(#5407,#5408,#5409,#5410,#5411,#5412,
#5413,#5414,#5415,#5416),.UNSPECIFIED.,.F.,.F.,(4,2,2,2,4),(-4.53168973037911,
-1.42135002327755,-0.586714676309485,-0.217756052645216,-0.100474788794461),
 .UNSPECIFIED.);
#179=B_SPLINE_CURVE_WITH_KNOTS('',3,(#5728,#5729,#5730,#5731,#5732,#5733,
#5734,#5735,#5736,#5737),.UNSPECIFIED.,.F.,.F.,(4,2,2,2,4),(-12.0673740208636,
-11.81353363897,-11.2126717593351,-8.89463684401383,-0.0501307303052151),
 .UNSPECIFIED.);
#180=B_SPLINE_CURVE_WITH_KNOTS('',3,(#5739,#5740,#5741,#5742,#5743,#5744,
#5745,#5746,#5747,#5748),.UNSPECIFIED.,.F.,.F.,(4,2,2,2,4),(-3.36069276389708,
-1.41398093248054,-0.586479071797577,-0.21790749670724,-0.0993132672990223),
 .UNSPECIFIED.);
#181=B_SPLINE_CURVE_WITH_KNOTS('',3,(#5749,#5750,#5751,#5752),
 .UNSPECIFIED.,.F.,.F.,(4,4),(-6.27880071681311,-0.0499999999999732),
 .UNSPECIFIED.);
#182=B_SPLINE_CURVE_WITH_KNOTS('',3,(#5771,#5772,#5773,#5774),
 .UNSPECIFIED.,.F.,.F.,(4,4),(-0.565879555295072,-0.0501656303067353),
 .UNSPECIFIED.);
#183=B_SPLINE_CURVE_WITH_KNOTS('',3,(#5779,#5780,#5781,#5782),
 .UNSPECIFIED.,.F.,.F.,(4,4),(-0.515812106402567,0.),.UNSPECIFIED.);
#184=B_SPLINE_CURVE_WITH_KNOTS('',3,(#5942,#5943,#5944,#5945,#5946,#5947,
#5948,#5949,#5950,#5951,#5952,#5953,#5954,#5955),.UNSPECIFIED.,.F.,.F.,
(4,2,2,2,2,2,4),(-5.10675935192029,-1.65913881218549,-0.735450678072772,
-0.409038633367127,-0.243382997249364,-0.131133772931562,-0.0447342147489248),
 .UNSPECIFIED.);
#185=B_SPLINE_CURVE_WITH_KNOTS('',3,(#5961,#5962,#5963,#5964,#5965,#5966,
#5967,#5968,#5969,#5970,#5971,#5972,#5973,#5974),.UNSPECIFIED.,.F.,.F.,
(4,2,2,2,2,2,4),(-4.18271200031686,-4.15620112608612,-4.10251694713545,
-3.96988861830509,-3.72643074071341,-3.06304034766801,-0.0491859118620524),
 .UNSPECIFIED.);
#186=B_SPLINE_CURVE_WITH_KNOTS('',3,(#6131,#6132,#6133,#6134),
 .UNSPECIFIED.,.F.,.F.,(4,4),(-3.33043401936852,-3.32864327030509),
 .UNSPECIFIED.);
#187=B_SPLINE_CURVE_WITH_KNOTS('',3,(#6136,#6137,#6138,#6139,#6140,#6141,
#6142,#6143,#6144,#6145,#6146,#6147,#6148,#6149),.UNSPECIFIED.,.F.,.F.,
(4,2,2,2,2,2,4),(-4.76819243884795,-1.69266132451324,-0.747391149271603,
-0.41216401109878,-0.244114129624692,-0.131117511954727,-0.0447357001853783),
 .UNSPECIFIED.);
#188=B_SPLINE_CURVE_WITH_KNOTS('',3,(#6151,#6152,#6153,#6154,#6155,#6156,
#6157,#6158,#6159,#6160,#6161,#6162,#6163,#6164),.UNSPECIFIED.,.F.,.F.,
(4,2,2,2,2,2,4),(-11.1041061525113,-10.9956635761779,-10.7546189627524,
-10.2603799824552,-9.31122330838813,-7.07379702745803,-0.0501176042720127),
 .UNSPECIFIED.);
#189=B_SPLINE_CURVE_WITH_KNOTS('',3,(#6165,#6166,#6167,#6168),
 .UNSPECIFIED.,.F.,.F.,(4,4),(-9.61970070516785,-9.61956598063148),
 .UNSPECIFIED.);
#190=B_SPLINE_CURVE_WITH_KNOTS('',3,(#6179,#6180,#6181,#6182),
 .UNSPECIFIED.,.F.,.F.,(4,4),(-6.29024936407336,-0.0499663493898605),
 .UNSPECIFIED.);
#191=B_SPLINE_CURVE_WITH_KNOTS('',3,(#6193,#6194,#6195,#6196),
 .UNSPECIFIED.,.F.,.F.,(4,4),(-0.631549723764225,0.),.UNSPECIFIED.);
#192=B_SPLINE_CURVE_WITH_KNOTS('',3,(#6201,#6202,#6203,#6204),
 .UNSPECIFIED.,.F.,.F.,(4,4),(-6.12850136605274,-0.0501240554413653),
 .UNSPECIFIED.);
#193=B_SPLINE_CURVE_WITH_KNOTS('',4,(#6211,#6212,#6213,#6214,#6215,#6216),
 .UNSPECIFIED.,.F.,.F.,(5,1,5),(0.777861802374221,0.784509360553325,0.78727688361024),
 .UNSPECIFIED.);
#194=B_SPLINE_CURVE_WITH_KNOTS('',3,(#6545,#6546,#6547,#6548),
 .UNSPECIFIED.,.F.,.F.,(4,4),(-0.679658285877263,-0.050160499541309),
 .UNSPECIFIED.);
#195=B_SPLINE_CURVE_WITH_KNOTS('',4,(#6550,#6551,#6552,#6553,#6554,#6555),
 .UNSPECIFIED.,.F.,.F.,(5,1,5),(0.212723116389765,0.215490639446675,0.222133458011969),
 .UNSPECIFIED.);
#196=B_SPLINE_CURVE_WITH_KNOTS('',3,(#6557,#6558,#6559,#6560),
 .UNSPECIFIED.,.F.,.F.,(4,4),(-6.16727903987072,0.),.UNSPECIFIED.);
#197=B_SPLINE_CURVE_WITH_KNOTS('',3,(#6561,#6562,#6563,#6564),
 .UNSPECIFIED.,.F.,.F.,(4,4),(-6.19741641222208,-0.0499665468267844),
 .UNSPECIFIED.);
#198=B_SPLINE_CURVE_WITH_KNOTS('',3,(#6578,#6579,#6580,#6581,#6582,#6583,
#6584,#6585,#6586,#6587),.UNSPECIFIED.,.F.,.F.,(4,2,2,2,4),(-1.09964961420215,
-1.01596115386701,-0.881531236847695,-0.591660423508542,0.),
 .UNSPECIFIED.);
#199=B_SPLINE_CURVE_WITH_KNOTS('',3,(#6744,#6745,#6746,#6747,#6748,#6749,
#6750,#6751,#6752,#6753),.UNSPECIFIED.,.F.,.F.,(4,2,2,2,4),(-0.716747641286327,
-0.412164011097478,-0.244114129623999,-0.131117511954443,-0.0447357001853343),
 .UNSPECIFIED.);
#200=B_SPLINE_CURVE_WITH_KNOTS('',3,(#6754,#6755,#6756,#6757,#6758,#6759,
#6760,#6761,#6762,#6763,#6764,#6765,#6766,#6767,#6768,#6769),
 .UNSPECIFIED.,.F.,.F.,(4,2,2,2,2,2,2,4),(-22.5014092729887,-21.1413429417885,
-20.2758378785233,-19.6420395741508,-19.0216111522053,-18.30567412017,-17.2721989085223,
-16.212214633923),.UNSPECIFIED.);
#201=B_SPLINE_CURVE_WITH_KNOTS('',3,(#6770,#6771,#6772,#6773),
 .UNSPECIFIED.,.F.,.F.,(4,4),(-3.33043401936852,-3.32864327030509),
 .UNSPECIFIED.);
#202=B_SPLINE_CURVE_WITH_KNOTS('',3,(#6784,#6785,#6786,#6787),
 .UNSPECIFIED.,.F.,.F.,(4,4),(-3.10530585456671,0.),.UNSPECIFIED.);
#203=B_SPLINE_CURVE_WITH_KNOTS('',3,(#6795,#6796,#6797,#6798,#6799,#6800,
#6801,#6802,#6803,#6804),.UNSPECIFIED.,.F.,.F.,(4,2,2,2,4),(-15.1915187070037,
-13.8278923838998,-12.3452974495732,-9.1643207173385,-0.0501478469469523),
 .UNSPECIFIED.);
#204=B_SPLINE_CURVE_WITH_KNOTS('',4,(#6809,#6810,#6811,#6812,#6813,#6814,
#6815,#6816,#6817,#6818,#6819,#6820,#6821,#6822,#6823,#6824,#6825,#6826,
#6827,#6828,#6829,#6830,#6831,#6832,#6833),.UNSPECIFIED.,.F.,.F.,(5,1,1,
1,1,1,1,1,1,1,1,1,1,1,1,1,1,1,1,1,1,5),(0.513892298450423,0.516969418455639,
0.522214106351618,0.527718909487711,0.533501664271496,0.539568183991484,
0.545916632189239,0.552540525393557,0.559430685008362,0.566576448100345,
0.573966346734948,0.581588556441641,0.589431126379216,0.597482103748502,
0.605729608935727,0.614161867580193,0.622767217272203,0.631534097384605,
0.640451035611224,0.649506633010946,0.658689543985696,0.660548705826045),
 .UNSPECIFIED.);
#205=B_SPLINE_CURVE_WITH_KNOTS('',4,(#6839,#6840,#6841,#6842,#6843,#6844,
#6845,#6846,#6847,#6848,#6849,#6850,#6851,#6852,#6853,#6854,#6855,#6856,
#6857,#6858,#6859,#6860,#6861,#6862,#6863),.UNSPECIFIED.,.F.,.F.,(5,1,1,
1,1,1,1,1,1,1,1,1,1,1,1,1,1,1,1,1,1,5),(0.339455147636815,0.341310456014303,
0.350493366989054,0.359548964388776,0.368465902615394,0.377232782727796,
0.385838132419806,0.394270391064272,0.402517896251497,0.410568873620783,
0.418411443558358,0.426033653265051,0.433423551899654,0.440569314991637,
0.447459474606442,0.45408336781076,0.460431816008516,0.466498335728503,
0.472281090512288,0.477785893648381,0.48303058154436,0.485883990405074),
 .UNSPECIFIED.);
#206=B_SPLINE_CURVE_WITH_KNOTS('',3,(#7180,#7181,#7182,#7183,#7184,#7185,
#7186,#7187,#7188,#7189),.UNSPECIFIED.,.F.,.F.,(4,2,2,2,4),(-7.24321270772379,
-2.70700748811973,-0.918336349607392,-0.300774966049294,0.),
 .UNSPECIFIED.);
#207=B_SPLINE_CURVE_WITH_KNOTS('',3,(#7190,#7191,#7192,#7193),
 .UNSPECIFIED.,.F.,.F.,(4,4),(-3.15341121282521,-0.0499999999999869),
 .UNSPECIFIED.);
#208=B_SPLINE_CURVE_WITH_KNOTS('',3,(#7202,#7203,#7204,#7205),
 .UNSPECIFIED.,.F.,.F.,(4,4),(-0.679658285877243,-0.050160499541297),
 .UNSPECIFIED.);
#209=B_SPLINE_CURVE_WITH_KNOTS('',3,(#7211,#7212,#7213,#7214),
 .UNSPECIFIED.,.F.,.F.,(4,4),(-6.19741641222318,-0.0499665468267855),
 .UNSPECIFIED.);
#210=B_SPLINE_CURVE_WITH_KNOTS('',3,(#7221,#7222,#7223,#7224),
 .UNSPECIFIED.,.F.,.F.,(4,4),(-0.629620370576419,0.),.UNSPECIFIED.);
#211=B_SPLINE_CURVE_WITH_KNOTS('',3,(#7229,#7230,#7231,#7232),
 .UNSPECIFIED.,.F.,.F.,(4,4),(-6.12853813545026,-0.0501241334375875),
 .UNSPECIFIED.);
#212=B_SPLINE_CURVE_WITH_KNOTS('',3,(#7547,#7548,#7549,#7550),
 .UNSPECIFIED.,.F.,.F.,(4,4),(-0.6815872249737,-0.0501604126032205),
 .UNSPECIFIED.);
#213=B_SPLINE_CURVE_WITH_KNOTS('',3,(#7554,#7555,#7556,#7557),
 .UNSPECIFIED.,.F.,.F.,(4,4),(-0.631549723764716,0.),.UNSPECIFIED.);
#214=B_SPLINE_CURVE_WITH_KNOTS('',3,(#7559,#7560,#7561,#7562),
 .UNSPECIFIED.,.F.,.F.,(4,4),(-6.12850136593172,-0.0501240553133648),
 .UNSPECIFIED.);
#215=B_SPLINE_CURVE_WITH_KNOTS('',3,(#7563,#7564,#7565,#7566),
 .UNSPECIFIED.,.F.,.F.,(4,4),(-6.19735836508003,-0.0499665622344154),
 .UNSPECIFIED.);
#216=B_SPLINE_CURVE_WITH_KNOTS('',3,(#7592,#7593,#7594,#7595,#7596,#7597,
#7598,#7599,#7600,#7601,#7602,#7603,#7604,#7605),.UNSPECIFIED.,.F.,.F.,
(4,2,2,2,2,2,4),(-4.76819243881923,-1.69266132451,-0.747391149270952,-0.412164011098427,
-0.244114129624502,-0.131117511954648,-0.044735700185366),.UNSPECIFIED.);
#217=B_SPLINE_CURVE_WITH_KNOTS('',3,(#7611,#7612,#7613,#7614,#7615,#7616,
#7617,#7618,#7619,#7620,#7621,#7622,#7623,#7624),.UNSPECIFIED.,.F.,.F.,
(4,2,2,2,2,2,4),(-11.1041061493492,-10.9956635733629,-10.7546189597769,
-10.260379979139,-9.31122330524307,-7.07379702451516,-0.050117604103109),
 .UNSPECIFIED.);
#218=B_SPLINE_CURVE_WITH_KNOTS('',3,(#7628,#7629,#7630,#7631),
 .UNSPECIFIED.,.F.,.F.,(4,4),(-0.0577728860507163,-0.055982136987283),
 .UNSPECIFIED.);
#219=B_SPLINE_CURVE_WITH_KNOTS('',3,(#7636,#7637,#7638,#7639),
 .UNSPECIFIED.,.F.,.F.,(4,4),(-6.34703957185004,-6.34690484731368),
 .UNSPECIFIED.);
#220=B_SPLINE_CURVE_WITH_KNOTS('',3,(#7795,#7796,#7797,#7798,#7799,#7800,
#7801,#7802,#7803,#7804,#7805,#7806,#7807,#7808),.UNSPECIFIED.,.F.,.F.,
(4,2,2,2,2,2,4),(-5.10675935191066,-1.65913881218972,-0.735450678075242,
-0.409038633368406,-0.243382997250047,-0.131133772931843,-0.0447342147489683),
 .UNSPECIFIED.);
#221=B_SPLINE_CURVE_WITH_KNOTS('',3,(#7809,#7810,#7811,#7812,#7813,#7814,
#7815,#7816,#7817,#7818,#7819,#7820,#7821,#7822),.UNSPECIFIED.,.F.,.F.,
(4,2,2,2,2,2,4),(-4.18271201241141,-4.15620113802536,-4.10251695776397,
-3.96988862826253,-3.72643074923447,-3.06304035269256,-0.0491859118189694),
 .UNSPECIFIED.);
#222=B_SPLINE_CURVE_WITH_KNOTS('',3,(#7834,#7835,#7836,#7837),
 .UNSPECIFIED.,.F.,.F.,(4,4),(-3.55781550560827,0.),.UNSPECIFIED.);
#223=B_SPLINE_CURVE_WITH_KNOTS('',3,(#7840,#7841,#7842,#7843,#7844,#7845,
#7846,#7847,#7848,#7849),.UNSPECIFIED.,.F.,.F.,(4,2,2,2,4),(-12.0673740209151,
-11.8135336390194,-11.2126717593797,-8.89463684403919,-0.0501307303052151),
 .UNSPECIFIED.);
#224=B_SPLINE_CURVE_WITH_KNOTS('',3,(#7855,#7856,#7857,#7858,#7859,#7860,
#7861,#7862),.UNSPECIFIED.,.F.,.F.,(4,2,2,4),(-1.14418653104489,-0.586479071915007,
-0.217907496736793,-0.0993132672348232),.UNSPECIFIED.);
#225=B_SPLINE_CURVE_WITH_KNOTS('',3,(#8020,#8021,#8022,#8023,#8024,#8025),
 .UNSPECIFIED.,.F.,.F.,(4,2,4),(-40.4616732226405,-27.0556655594689,-23.1700210919082),
 .UNSPECIFIED.);
#226=B_SPLINE_CURVE_WITH_KNOTS('',3,(#8182,#8183,#8184,#8185,#8186,#8187,
#8188,#8189),.UNSPECIFIED.,.F.,.F.,(4,2,2,4),(-1.04516928197237,-0.885302932707774,
-0.604714100192277,0.),.UNSPECIFIED.);
#227=B_SPLINE_CURVE_WITH_KNOTS('',3,(#8191,#8192,#8193,#8194,#8195,#8196,
#8197,#8198,#8199,#8200),.UNSPECIFIED.,.F.,.F.,(4,2,2,2,4),(-4.53168973037479,
-1.42135002327759,-0.586714676309484,-0.217756052645216,-0.100474788794461),
 .UNSPECIFIED.);
#228=B_SPLINE_CURVE_WITH_KNOTS('',3,(#8202,#8203,#8204,#8205),
 .UNSPECIFIED.,.F.,.F.,(4,4),(-3.6080541228227,-0.0499999999999829),
 .UNSPECIFIED.);
#229=B_SPLINE_CURVE_WITH_KNOTS('',3,(#8206,#8207,#8208,#8209,#8210,#8211,
#8212,#8213),.UNSPECIFIED.,.F.,.F.,(4,2,2,4),(-15.5855236357338,-14.5231060529657,
-7.76039117399991,-6.83549961696648),.UNSPECIFIED.);
#230=B_SPLINE_CURVE_WITH_KNOTS('',3,(#8235,#8236,#8237,#8238),
 .UNSPECIFIED.,.F.,.F.,(4,4),(-3.1761667980408,-0.0499999999999905),
 .UNSPECIFIED.);
#231=B_SPLINE_CURVE_WITH_KNOTS('',3,(#8246,#8247,#8248,#8249),
 .UNSPECIFIED.,.F.,.F.,(4,4),(-6.02986398970971,0.),.UNSPECIFIED.);
#232=B_SPLINE_CURVE_WITH_KNOTS('',4,(#8415,#8416,#8417,#8418,#8419,#8420,
#8421,#8422,#8423,#8424,#8425,#8426,#8427,#8428,#8429,#8430),
 .UNSPECIFIED.,.F.,.F.,(5,1,1,1,1,1,1,1,1,1,1,1,5),(0.662687083194818,0.667988460796395,
0.677392098142681,0.686889184119477,0.696468440875364,0.706118581282388,
0.715828306890602,0.725586286224747,0.735381165701349,0.745201564668115,
0.75503605985603,0.764873197097996,0.773801928628696),.UNSPECIFIED.);
#233=B_SPLINE_CURVE_WITH_KNOTS('',4,(#8435,#8436,#8437,#8438,#8439,#8440,
#8441,#8442,#8443,#8444,#8445,#8446,#8447,#8448,#8449,#8450),
 .UNSPECIFIED.,.F.,.F.,(5,1,1,1,1,1,1,1,1,1,1,1,5),(0.226193337126939,0.235126802902004,
0.24496394014397,0.254798435331884,0.26461883429865,0.274413713775252,0.284171693109398,
0.293881418717611,0.303531559124635,0.313110815880523,0.322607901857318,
0.332011539203604,0.337316759356414),.UNSPECIFIED.);
#234=B_SPLINE_CURVE_WITH_KNOTS('',3,(#8607,#8608,#8609,#8610),
 .UNSPECIFIED.,.F.,.F.,(4,4),(-3.12640541525522,0.),.UNSPECIFIED.);
#235=B_SPLINE_CURVE_WITH_KNOTS('',3,(#8611,#8612,#8613,#8614),
 .UNSPECIFIED.,.F.,.F.,(4,4),(-6.14584440858874,-0.0499676963542928),
 .UNSPECIFIED.);
#236=B_SPLINE_CURVE_WITH_KNOTS('',3,(#8621,#8622,#8623,#8624),
 .UNSPECIFIED.,.F.,.F.,(4,4),(-0.629620370576909,0.),.UNSPECIFIED.);
#237=B_SPLINE_CURVE_WITH_KNOTS('',3,(#8632,#8633,#8634,#8635),
 .UNSPECIFIED.,.F.,.F.,(4,4),(-0.823609916603004,-0.050164502838454),
 .UNSPECIFIED.);
#238=B_SPLINE_CURVE_WITH_KNOTS('',3,(#8794,#8795,#8796,#8797),
 .UNSPECIFIED.,.F.,.F.,(4,4),(-72.439718536257,-65.9703826810909),
 .UNSPECIFIED.);
#239=B_SPLINE_CURVE_WITH_KNOTS('',3,(#8955,#8956,#8957,#8958),
 .UNSPECIFIED.,.F.,.F.,(4,4),(-0.771864380769589,0.),.UNSPECIFIED.);
#240=B_SPLINE_CURVE_WITH_KNOTS('',3,(#8960,#8961,#8962,#8963),
 .UNSPECIFIED.,.F.,.F.,(4,4),(-0.681587224973702,-0.0501604126032106),
 .UNSPECIFIED.);
#241=B_SPLINE_CURVE_WITH_KNOTS('',3,(#8966,#8967,#8968,#8969),
 .UNSPECIFIED.,.F.,.F.,(4,4),(-1.23625772355951,0.),.UNSPECIFIED.);
#242=B_SPLINE_CURVE_WITH_KNOTS('',3,(#8991,#8992,#8993,#8994),
 .UNSPECIFIED.,.F.,.F.,(4,4),(-0.565879555285929,-0.0501656302974726),
 .UNSPECIFIED.);
#243=B_SPLINE_CURVE_WITH_KNOTS('',3,(#8999,#9000,#9001,#9002),
 .UNSPECIFIED.,.F.,.F.,(4,4),(-0.515812106403234,0.),.UNSPECIFIED.);
#244=B_SPLINE_CURVE_WITH_KNOTS('',3,(#9167,#9168,#9169,#9170),
 .UNSPECIFIED.,.F.,.F.,(4,4),(-0.888994766576895,0.),.UNSPECIFIED.);
#245=B_SPLINE_CURVE_WITH_KNOTS('',3,(#9173,#9174,#9175,#9176),
 .UNSPECIFIED.,.F.,.F.,(4,4),(-6.09549454539805,-0.0501197519193423),
 .UNSPECIFIED.);
#246=B_SPLINE_CURVE_WITH_KNOTS('',3,(#9182,#9183,#9184,#9185),
 .UNSPECIFIED.,.F.,.F.,(4,4),(-3.63080970803829,-0.0499999999999763),
 .UNSPECIFIED.);
#247=B_SPLINE_CURVE_WITH_KNOTS('',3,(#9343,#9344,#9345,#9346,#9347,#9348),
 .UNSPECIFIED.,.F.,.F.,(4,2,4),(-64.9211176630732,-44.4298020398928,-40.8974748348991),
 .UNSPECIFIED.);
#248=B_SPLINE_CURVE_WITH_KNOTS('',3,(#9505,#9506,#9507,#9508),
 .UNSPECIFIED.,.F.,.F.,(4,4),(-3.57891506629679,0.),.UNSPECIFIED.);
#249=B_SPLINE_CURVE_WITH_KNOTS('',3,(#9510,#9511,#9512,#9513),
 .UNSPECIFIED.,.F.,.F.,(4,4),(-6.1604636672608,-0.0499674151249623),
 .UNSPECIFIED.);
#250=B_SPLINE_CURVE_WITH_KNOTS('',3,(#9515,#9516,#9517,#9518),
 .UNSPECIFIED.,.F.,.F.,(4,4),(-0.937768161881722,-0.0501607312510973),
 .UNSPECIFIED.);
#251=B_SPLINE_CURVE_WITH_KNOTS('',3,(#9519,#9520,#9521,#9522),
 .UNSPECIFIED.,.F.,.F.,(4,4),(-6.71097723559736,-1.44407216507515),
 .UNSPECIFIED.);
#252=B_SPLINE_CURVE_WITH_KNOTS('',3,(#9544,#9545,#9546,#9547),
 .UNSPECIFIED.,.F.,.F.,(4,4),(-6.32265586271721,-0.0499999999999829),
 .UNSPECIFIED.);
#253=B_SPLINE_CURVE_WITH_KNOTS('',3,(#9555,#9556,#9557,#9558),
 .UNSPECIFIED.,.F.,.F.,(4,4),(-6.09357170694136,-0.0501196943100588),
 .UNSPECIFIED.);
#254=B_SPLINE_CURVE_WITH_KNOTS('',3,(#9563,#9564,#9565,#9566),
 .UNSPECIFIED.,.F.,.F.,(4,4),(-6.16046366726106,-0.0499674151249659),
 .UNSPECIFIED.);
#255=B_SPLINE_CURVE_WITH_KNOTS('',3,(#9885,#9886,#9887,#9888),
 .UNSPECIFIED.,.F.,.F.,(4,4),(-6.09549454537635,-0.0501197519028027),
 .UNSPECIFIED.);
#256=B_SPLINE_CURVE_WITH_KNOTS('',3,(#9890,#9891,#9892,#9893),
 .UNSPECIFIED.,.F.,.F.,(4,4),(-6.32478912167312,-0.0499999999999767),
 .UNSPECIFIED.);
#257=B_SPLINE_CURVE_WITH_KNOTS('',3,(#9894,#9895,#9896,#9897),
 .UNSPECIFIED.,.F.,.F.,(4,4),(-6.16244968622708,-0.0499674086285571),
 .UNSPECIFIED.);
#258=B_SPLINE_CURVE_WITH_KNOTS('',3,(#10051,#10052,#10053,#10054,#10055,
#10056,#10057,#10058,#10059,#10060,#10061,#10062,#10063,#10064,#10065,#10066,
#10067,#10068,#10069,#10070),.UNSPECIFIED.,.F.,.F.,(4,2,2,2,2,2,2,2,2,4),
(0.,0.498772067978255,0.958803431519696,1.10634240480665,1.19471990811363,
1.27231956977061,1.36741835883963,1.54386469364009,1.7540312167422,2.32436870792537),
 .UNSPECIFIED.);
#259=B_SPLINE_CURVE_WITH_KNOTS('',3,(#10072,#10073,#10074,#10075,#10076,
#10077,#10078),.UNSPECIFIED.,.F.,.F.,(4,1,1,1,4),(5.60824724780175,5.60998688141034,
5.83438635666676,6.05878583192317,6.28318530717959),.UNSPECIFIED.);
#260=B_SPLINE_CURVE_WITH_KNOTS('',3,(#10082,#10083,#10084,#10085,#10086,
#10087,#10088,#10089,#10090,#10091,#10092,#10093,#10094,#10095,#10096,#10097,
#10098,#10099),.UNSPECIFIED.,.F.,.F.,(4,1,1,1,1,1,1,1,1,1,1,1,1,1,1,4),
(-6.28318530717959,-6.05878583192317,-5.83438635666676,-5.60998688141034,
-5.38558740615393,-5.08638810581205,-4.78718880547016,-4.48798950512828,
-4.33838985495733,-4.18879020478639,-3.88959090444451,-3.59039160410262,
-3.44079195393168,-3.29119230376074,-3.14159265358979,-3.14152046083401),
 .UNSPECIFIED.);
#261=B_SPLINE_CURVE_WITH_KNOTS('',3,(#10100,#10101,#10102,#10103,#10104,
#10105,#10106,#10107,#10108,#10109,#10110,#10111,#10112,#10113,#10114),
 .UNSPECIFIED.,.F.,.F.,(4,1,1,1,1,1,1,1,1,1,1,1,4),(-3.14152046083401,-2.99199300341885,
-2.84239335324791,-2.69279370307697,-2.39359440273508,-2.0943951023932,
-1.79519580205131,-1.34639685153848,-0.897597901025655,-0.673198425769241,
-0.448798950512828,-0.224399475256414,0.),.UNSPECIFIED.);
#262=B_SPLINE_CURVE_WITH_KNOTS('',3,(#10116,#10117,#10118,#10119,#10120,
#10121),.UNSPECIFIED.,.F.,.F.,(4,1,1,4),(0.,0.224399475256414,0.448798950512828,
0.672052207942295),.UNSPECIFIED.);
#263=B_SPLINE_CURVE_WITH_KNOTS('',3,(#10123,#10124,#10125,#10126,#10127,
#10128,#10129,#10130,#10131,#10132,#10133,#10134,#10135,#10136,#10137,#10138,
#10139,#10140,#10141,#10142,#10143,#10144),.UNSPECIFIED.,.F.,.F.,(4,2,2,
2,2,2,2,2,2,2,4),(0.,0.497416477065844,0.57776685738482,1.1283427143402,
1.33399742385065,1.46171941813608,1.5769084383983,1.72203540708646,2.00297055692336,
2.3413498143626,3.09869405455165),.UNSPECIFIED.);
#264=B_SPLINE_CURVE_WITH_KNOTS('',3,(#10145,#10146,#10147,#10148,#10149,
#10150,#10151,#10152,#10153,#10154,#10155),.UNSPECIFIED.,.F.,.F.,(4,1,1,
1,1,1,1,1,4),(2.46944763340134,2.69279370307697,2.84239335324791,2.99199300341885,
3.14159265358979,3.29119230376074,3.44079195393168,3.59039160410262,3.81638642340874),
 .UNSPECIFIED.);
#265=B_SPLINE_CURVE_WITH_KNOTS('',3,(#10172,#10173,#10174,#10175,#10176,
#10177,#10178,#10179,#10180,#10181,#10182,#10183,#10184,#10185,#10186,#10187,
#10188,#10189,#10190,#10191,#10192,#10193,#10194,#10195,#10196,#10197,#10198,
#10199,#10200,#10201,#10202,#10203,#10204,#10205,#10206,#10207,#10208,#10209,
#10210,#10211,#10212,#10213,#10214,#10215,#10216,#10217,#10218,#10219,#10220,
#10221,#10222,#10223,#10224,#10225,#10226,#10227,#10228,#10229,#10230,#10231,
#10232,#10233,#10234,#10235,#10236,#10237,#10238,#10239,#10240,#10241,#10242,
#10243,#10244,#10245,#10246,#10247,#10248,#10249,#10250,#10251,#10252,#10253,
#10254,#10255,#10256,#10257,#10258,#10259,#10260,#10261,#10262,#10263,#10264,
#10265,#10266,#10267,#10268,#10269,#10270,#10271,#10272,#10273,#10274,#10275,
#10276,#10277,#10278,#10279,#10280,#10281,#10282,#10283,#10284,#10285,#10286,
#10287,#10288,#10289,#10290,#10291,#10292,#10293,#10294,#10295,#10296,#10297,
#10298,#10299,#10300,#10301,#10302,#10303,#10304,#10305,#10306,#10307,#10308,
#10309,#10310,#10311,#10312,#10313,#10314,#10315,#10316,#10317,#10318,#10319,
#10320,#10321,#10322,#10323,#10324,#10325,#10326,#10327,#10328,#10329,#10330,
#10331,#10332,#10333,#10334,#10335,#10336,#10337,#10338,#10339,#10340,#10341,
#10342,#10343,#10344,#10345,#10346,#10347,#10348,#10349,#10350,#10351,#10352,
#10353,#10354,#10355,#10356,#10357,#10358,#10359,#10360,#10361,#10362,#10363,
#10364,#10365,#10366,#10367,#10368,#10369,#10370,#10371,#10372,#10373),
 .UNSPECIFIED.,.F.,.F.,(4,3,3,3,3,3,3,3,3,3,3,3,3,3,3,3,3,3,3,3,3,3,3,3,
3,3,3,3,3,3,3,3,3,3,3,3,3,3,3,3,3,3,3,3,3,3,3,3,3,3,3,3,3,3,3,3,3,3,3,3,
3,3,3,3,3,3,3,4),(-16.6665727580834,-16.5799990283182,-16.4947428087365,
-16.4092400085148,-16.3330943691197,-16.2596432690346,-16.1863024109858,
-16.1161752896853,-16.052467443811,-15.9903326006945,-15.929753733672,-15.8732149034527,
-15.8185720269326,-15.7671574019587,-15.7172841025006,-15.6698783786358,
-15.6242550726061,-15.5801807480107,-15.5385019751924,-15.4972392929198,
-15.4585516949951,-15.4200862497173,-15.3826139235348,-15.3456524692781,
-15.3098434659616,-15.2780715483249,-15.2460977765549,-15.2108191713243,
-15.1762131710997,-15.1482925363008,-15.1247461359161,-15.1013507858428,
-15.0779554357694,-15.046948769807,-15.0091440414997,-14.9834182946165,
-14.9600229444641,-14.9354802819564,-14.9120414290453,-14.8775187715431,
-14.8429127714957,-14.8099770052354,-14.7782124445269,-14.7452647570025,
-14.7083033027635,-14.6713418485243,-14.6312778077571,-14.5924657682639,
-14.5515130735597,-14.5098343007356,-14.46645809251,-14.4208347864853,-14.3745787873681,
-14.3247087694769,-14.2748153270799,-14.2194701531357,-14.162903803311,
-14.1023578426363,-14.0408756968365,-13.977167850956,-13.9116278962773,
-13.8382260529701,-13.7646593004533,-13.6910393958888,-13.6057794676517,
-13.5200335111008,-13.4340946048939,-13.3892925439734),.UNSPECIFIED.);
#266=B_SPLINE_CURVE_WITH_KNOTS('',3,(#10404,#10405,#10406,#10407,#10408,
#10409,#10410),.UNSPECIFIED.,.F.,.F.,(4,1,1,1,4),(-0.5,-0.428571428571429,
-0.285714285714286,-0.142857142857143,0.),.UNSPECIFIED.);
#267=B_SPLINE_CURVE_WITH_KNOTS('',3,(#10412,#10413,#10414,#10415,#10416,
#10417,#10418,#10419,#10420,#10421,#10422,#10423,#10424),.UNSPECIFIED.,
 .F.,.F.,(4,1,1,1,1,1,1,1,1,1,4),(0.266829338103474,0.472179212374979,0.677529086646484,
1.0882288351895,1.90962833227552,3.55242732644756,4.37382682353358,5.1952263206196,
5.60592606916261,5.81127594343412,6.01662581770562),.UNSPECIFIED.);
#268=B_SPLINE_CURVE_WITH_KNOTS('',3,(#10426,#10427,#10428,#10429,#10430,
#10431,#10432,#10433,#10434,#10435),.UNSPECIFIED.,.F.,.F.,(4,1,1,1,1,1,
1,4),(-1.,-0.857142857142857,-0.714285714285714,-0.571428571428571,-0.428571428571429,
-0.285714285714286,-0.142857142857143,0.),.UNSPECIFIED.);
#269=B_SPLINE_CURVE_WITH_KNOTS('',3,(#10437,#10438,#10439,#10440,#10441,
#10442,#10443,#10444,#10445,#10446,#10447,#10448,#10449),.UNSPECIFIED.,
 .F.,.F.,(4,1,1,1,1,1,1,1,1,1,4),(0.161340431790363,0.285175244792472,0.409010057794582,
0.656679683798801,1.15201893580724,1.64735818781568,2.63803669183255,3.13337594384099,
3.38104556984521,3.50488038284732,3.62871519584943),.UNSPECIFIED.);
#270=B_SPLINE_CURVE_WITH_KNOTS('',3,(#10450,#10451,#10452,#10453,#10454,
#10455,#10456),.UNSPECIFIED.,.F.,.F.,(4,1,1,1,4),(-1.,-0.857142857142857,
-0.714285714285714,-0.571428571428571,-0.5),.UNSPECIFIED.);
#271=B_SPLINE_CURVE_WITH_KNOTS('',3,(#10459,#10460,#10461,#10462,#10463,
#10464,#10465,#10466,#10467,#10468),.UNSPECIFIED.,.F.,.F.,(4,2,2,2,4),(0.,
0.122451178052461,0.244902356104922,0.367354377808683,0.489806399512443),
 .UNSPECIFIED.);
#272=B_SPLINE_CURVE_WITH_KNOTS('',3,(#10469,#10470,#10471,#10472,#10473,
#10474,#10475,#10476,#10477,#10478,#10479,#10480,#10481,#10482,#10483,#10484,
#10485,#10486,#10487,#10488,#10489,#10490,#10491,#10492,#10493,#10494),
 .UNSPECIFIED.,.F.,.F.,(4,2,2,2,2,2,2,2,2,2,2,2,4),(0.489806399512443,0.612255818362037,
0.73470523721163,0.857155910224175,0.97960658323672,1.10205725624926,1.22450792926181,
1.3469573481114,1.469406766961,1.59185878866476,1.71431081036852,1.83676198842098,
1.95921316647344),.UNSPECIFIED.);
#273=B_SPLINE_CURVE_WITH_KNOTS('',3,(#10497,#10498,#10499,#10500,#10501,
#10502,#10503,#10504,#10505,#10506,#10507,#10508,#10509,#10510,#10511,#10512,
#10513,#10514,#10515,#10516,#10517,#10518,#10519,#10520,#10521,#10522),
 .UNSPECIFIED.,.F.,.F.,(4,2,2,2,2,2,2,2,2,2,2,2,4),(0.,0.122451043668623,
0.244902087337247,0.367353902612024,0.489805717886801,0.612255332822573,
0.734704947758344,0.857155752383538,0.979606557008733,1.10205736163393,
1.22450816625912,1.34695778119489,1.46940739613066),.UNSPECIFIED.);
#274=B_SPLINE_CURVE_WITH_KNOTS('',3,(#10523,#10524,#10525,#10526,#10527,
#10528,#10529,#10530,#10531,#10532),.UNSPECIFIED.,.F.,.F.,(4,2,2,2,4),(1.46940739613066,
1.59185921140544,1.71431102668022,1.83676207034884,1.95921311401747),
 .UNSPECIFIED.);
#275=B_SPLINE_CURVE_WITH_KNOTS('',3,(#10544,#10545,#10546,#10547,#10548,
#10549,#10550,#10551,#10552,#10553,#10554,#10555,#10556,#10557,#10558,#10559,
#10560,#10561,#10562,#10563,#10564,#10565,#10566,#10567,#10568,#10569,#10570,
#10571,#10572,#10573,#10574,#10575,#10576,#10577,#10578,#10579,#10580,#10581,
#10582,#10583,#10584,#10585,#10586,#10587,#10588,#10589,#10590,#10591,#10592,
#10593,#10594,#10595,#10596,#10597,#10598,#10599,#10600,#10601,#10602,#10603,
#10604,#10605,#10606,#10607,#10608,#10609,#10610),.UNSPECIFIED.,.F.,.F.,
(4,3,3,3,3,3,3,3,3,3,3,3,3,3,3,3,3,3,3,3,3,3,4),(-6.88151972787105,-6.71018979790973,
-6.55287536379328,-6.39670506673906,-6.2102102629149,-6.01823515061502,
-5.82420625976045,-5.6139228470365,-5.39695837216866,-5.16689937109196,
-4.92398438460443,-4.66748513696027,-4.40057772513007,-4.12800614999668,
-3.84118642880785,-3.53590837134548,-3.22221171184266,-2.90714604480136,
-2.53010002587824,-2.19085261633003,-1.79381049213537,-1.43017764552194,
-1.39896196910889),.UNSPECIFIED.);
#276=B_SPLINE_CURVE_WITH_KNOTS('',3,(#10612,#10613,#10614,#10615),
 .UNSPECIFIED.,.F.,.F.,(4,4),(-1.39896196910889,-0.0502751771961217),
 .UNSPECIFIED.);
#277=B_SPLINE_CURVE_WITH_KNOTS('',3,(#10617,#10618,#10619,#10620),
 .UNSPECIFIED.,.F.,.F.,(4,4),(-1.74483197884582,-0.649353652320555),
 .UNSPECIFIED.);
#278=B_SPLINE_CURVE_WITH_KNOTS('',3,(#10624,#10625,#10626,#10627),
 .UNSPECIFIED.,.F.,.F.,(4,4),(-2.83883104149298,-1.74611884108483),
 .UNSPECIFIED.);
#279=B_SPLINE_CURVE_WITH_KNOTS('',3,(#10629,#10630,#10631,#10632),
 .UNSPECIFIED.,.F.,.F.,(4,4),(-6.81982905518036,-5.47353514524171),
 .UNSPECIFIED.);
#280=B_SPLINE_CURVE_WITH_KNOTS('',3,(#10634,#10635,#10636,#10637,#10638,
#10639,#10640,#10641,#10642,#10643,#10644,#10645,#10646,#10647,#10648,#10649,
#10650,#10651,#10652,#10653,#10654,#10655,#10656,#10657,#10658,#10659,#10660,
#10661,#10662,#10663,#10664,#10665,#10666,#10667,#10668,#10669,#10670,#10671,
#10672,#10673,#10674,#10675,#10676,#10677,#10678,#10679,#10680,#10681,#10682,
#10683,#10684,#10685,#10686,#10687,#10688,#10689,#10690,#10691,#10692,#10693,
#10694,#10695,#10696,#10697,#10698,#10699,#10700),.UNSPECIFIED.,.F.,.F.,
(4,3,3,3,3,3,3,3,3,3,3,3,3,3,3,3,3,3,3,3,3,3,4),(-5.47353514524171,-5.11030337023039,
-4.74012831911408,-4.39822937210407,-4.03032968553415,-3.72297752483128,
-3.41723733771302,-3.11418939634218,-2.82808304950929,-2.55599275014613,
-2.29065878945167,-2.03571638141478,-1.78125183373794,-1.55395002962848,
-1.33820479836282,-1.13099667030156,-0.937804965142992,-0.746001424871387,
-0.55950106865354,-0.401028295813691,-0.245011277411503,-0.0759153805603997,
0.),.UNSPECIFIED.);
#281=B_SPLINE_CURVE_WITH_KNOTS('',3,(#10948,#10949,#10950,#10951),
 .UNSPECIFIED.,.F.,.F.,(4,4),(-0.850000000000005,-0.0500000000000007),
 .UNSPECIFIED.);
#282=B_SPLINE_CURVE_WITH_KNOTS('',3,(#10958,#10959,#10960,#10961),
 .UNSPECIFIED.,.F.,.F.,(4,4),(-0.800000000000001,0.),.UNSPECIFIED.);
#283=B_SPLINE_CURVE_WITH_KNOTS('',3,(#10963,#10964,#10965,#10966,#10967,
#10968,#10969,#10970,#10971,#10972,#10973,#10974,#10975,#10976,#10977,#10978,
#10979,#10980,#10981,#10982,#10983,#10984,#10985,#10986,#10987,#10988,#10989,
#10990,#10991,#10992,#10993,#10994,#10995,#10996,#10997,#10998,#10999,#11000,
#11001,#11002,#11003,#11004,#11005),.UNSPECIFIED.,.F.,.F.,(4,3,3,3,3,3,
3,3,3,3,3,3,3,3,4),(-4.04574776669775,-3.81915946617126,-3.58363747001581,
-3.34150919068265,-3.08555292096316,-2.81723070322843,-2.54634649695072,
-2.26459290380448,-1.96129960914166,-1.65082470966518,-1.33503751306647,
-0.997887166203238,-0.659409358589972,-0.285218203970809,-0.0508075276841922),
 .UNSPECIFIED.);
#284=B_SPLINE_CURVE_WITH_KNOTS('',3,(#11009,#11010,#11011,#11012),
 .UNSPECIFIED.,.F.,.F.,(4,4),(-0.800000000000004,0.),.UNSPECIFIED.);
#285=B_SPLINE_CURVE_WITH_KNOTS('',3,(#11017,#11018,#11019,#11020),
 .UNSPECIFIED.,.F.,.F.,(4,4),(-0.850000000000005,-0.0500000000000007),
 .UNSPECIFIED.);
#286=B_SPLINE_CURVE_WITH_KNOTS('',3,(#11023,#11024,#11025,#11026,#11027,
#11028,#11029,#11030,#11031,#11032,#11033,#11034,#11035,#11036,#11037,#11038,
#11039,#11040,#11041,#11042,#11043,#11044,#11045,#11046,#11047,#11048,#11049,
#11050,#11051,#11052,#11053,#11054,#11055,#11056,#11057,#11058,#11059,#11060,
#11061,#11062,#11063,#11064,#11065),.UNSPECIFIED.,.F.,.F.,(4,3,3,3,3,3,
3,3,3,3,3,3,3,3,4),(-5.24711062120977,-4.76722700491418,-4.30542229625232,
-3.86941830000066,-3.42941206069437,-3.03050728599259,-2.64043546099437,
-2.27116861090622,-1.9159501186905,-1.56388661958762,-1.21805036052376,
-0.903904341113652,-0.603199228742941,-0.306724804428907,-0.0516085641982169),
 .UNSPECIFIED.);
#287=B_SPLINE_CURVE_WITH_KNOTS('',3,(#11068,#11069,#11070,#11071,#11072,
#11073,#11074,#11075,#11076,#11077,#11078,#11079,#11080,#11081,#11082,#11083,
#11084,#11085,#11086,#11087,#11088,#11089,#11090,#11091,#11092),
 .UNSPECIFIED.,.F.,.F.,(4,3,3,3,3,3,3,3,4),(-11.1567705180197,-10.6852514166067,
-10.2184504197319,-9.75444516741158,-9.23367151449711,-8.73364685234549,
-8.20868269286891,-7.77232692935704,-7.41095555625608),.UNSPECIFIED.);
#288=B_SPLINE_CURVE_WITH_KNOTS('',3,(#11095,#11096,#11097,#11098,#11099,
#11100,#11101,#11102,#11103,#11104,#11105,#11106,#11107,#11108,#11109,#11110,
#11111,#11112,#11113,#11114,#11115,#11116,#11117,#11118,#11119),
 .UNSPECIFIED.,.F.,.F.,(4,3,3,3,3,3,3,3,4),(-23.1612470673359,-22.7976549103806,
-22.2770946321864,-21.8500618835075,-21.3968512135025,-20.9956093674931,
-20.5957683131444,-20.1938927590231,-19.9375178971863),.UNSPECIFIED.);
#289=B_SPLINE_CURVE_WITH_KNOTS('',3,(#11127,#11128,#11129,#11130),
 .UNSPECIFIED.,.F.,.F.,(4,4),(-0.632982815938547,-0.0500003302907436),
 .UNSPECIFIED.);
#290=B_SPLINE_CURVE_WITH_KNOTS('',3,(#11135,#11136,#11137,#11138),
 .UNSPECIFIED.,.F.,.F.,(4,4),(-0.633096343993559,-0.0500131136908729),
 .UNSPECIFIED.);
#291=B_SPLINE_CURVE_WITH_KNOTS('',3,(#11156,#11157,#11158,#11159,#11160,
#11161,#11162,#11163,#11164,#11165,#11166,#11167,#11168),.UNSPECIFIED.,
 .F.,.F.,(4,1,1,1,1,1,1,1,1,1,4),(-6.01662581770562,-5.81127594343412,-5.60592606916261,
-5.1952263206196,-4.37382682353358,-3.55242732644756,-1.90962833227552,
-1.0882288351895,-0.677529086646484,-0.472179212374979,-0.266829338103474),
 .UNSPECIFIED.);
#292=B_SPLINE_CURVE_WITH_KNOTS('',3,(#11169,#11170,#11171,#11172,#11173,
#11174,#11175,#11176,#11177,#11178,#11179,#11180,#11181),.UNSPECIFIED.,
 .F.,.F.,(4,1,1,1,1,1,1,1,1,1,4),(-3.62871519584943,-3.50488038284732,-3.38104556984521,
-3.13337594384099,-2.63803669183255,-1.64735818781568,-1.15201893580724,
-0.656679683798801,-0.409010057794582,-0.285175244792472,-0.161340431790363),
 .UNSPECIFIED.);
#293=B_SPLINE_CURVE_WITH_KNOTS('',3,(#11260,#11261,#11262,#11263,#11264,
#11265),.UNSPECIFIED.,.F.,.F.,(4,1,1,4),(0.,0.285714285714286,0.571428571428571,
1.),.UNSPECIFIED.);
#294=B_SPLINE_CURVE_WITH_KNOTS('',3,(#11266,#11267,#11268,#11269,#11270,
#11271),.UNSPECIFIED.,.F.,.F.,(4,1,1,4),(-1.,-0.571428571428571,-0.285714285714286,
0.),.UNSPECIFIED.);
#295=B_SPLINE_CURVE_WITH_KNOTS('',3,(#11273,#11274,#11275,#11276,#11277,
#11278,#11279),.UNSPECIFIED.,.F.,.F.,(4,3,4),(-0.63293088884895,-0.244067419538176,
-0.0500324566641618),.UNSPECIFIED.);
#296=B_SPLINE_CURVE_WITH_KNOTS('',3,(#11282,#11283,#11284,#11285),
 .UNSPECIFIED.,.F.,.F.,(4,4),(-0.63308947770547,-0.0500066854595643),
 .UNSPECIFIED.);
#297=B_SPLINE_CURVE_WITH_KNOTS('',3,(#11289,#11290,#11291,#11292),
 .UNSPECIFIED.,.F.,.F.,(4,4),(-0.632978612476003,-0.0499985170252738),
 .UNSPECIFIED.);
#298=B_SPLINE_CURVE_WITH_KNOTS('',3,(#11295,#11296,#11297,#11298,#11299,
#11300,#11301),.UNSPECIFIED.,.F.,.F.,(4,3,4),(-0.632941307916595,-0.24405055529345,
-0.0500019786034915),.UNSPECIFIED.);
#299=B_SPLINE_CURVE_WITH_KNOTS('',3,(#11534,#11535,#11536,#11537,#11538,
#11539,#11540,#11541,#11542,#11543,#11544,#11545,#11546,#11547,#11548,#11549,
#11550,#11551,#11552,#11553,#11554,#11555,#11556,#11557,#11558,#11559,#11560,
#11561,#11562,#11563,#11564,#11565,#11566,#11567,#11568,#11569,#11570,#11571),
 .UNSPECIFIED.,.F.,.F.,(4,2,2,2,2,2,2,2,2,2,2,2,2,2,2,2,2,2,4),(-3.22364832951782,
-2.94831343188064,-2.55195840945653,-2.36951201774341,-2.24788420585618,
-2.14756418537881,-2.12252090030318,-2.06900666234362,-1.93844554270241,
-1.73272687839371,-1.41233499808989,-0.952329343741934,-0.539210277158903,
-0.360617493242423,-0.244605558675784,-0.149880177341423,-0.138035142731311,
-0.113482492620947,0.),.UNSPECIFIED.);
#300=B_SPLINE_CURVE_WITH_KNOTS('',3,(#11572,#11573,#11574,#11575,#11576,
#11577,#11578,#11579,#11580,#11581),.UNSPECIFIED.,.F.,.F.,(4,2,2,2,4),(-3.99368573497292,
-3.95147339650234,-3.75811907294948,-3.42994881557275,-3.22364832951782),
 .UNSPECIFIED.);
#301=B_SPLINE_CURVE_WITH_KNOTS('',3,(#11588,#11589,#11590,#11591),
 .UNSPECIFIED.,.F.,.F.,(4,4),(-0.202990661816739,0.),.UNSPECIFIED.);
#302=B_SPLINE_CURVE_WITH_KNOTS('',3,(#11592,#11593,#11594,#11595,#11596,
#11597,#11598,#11599,#11600,#11601,#11602,#11603,#11604,#11605,#11606,#11607,
#11608,#11609,#11610,#11611,#11612,#11613,#11614,#11615,#11616,#11617,#11618,
#11619,#11620,#11621,#11622,#11623,#11624,#11625,#11626,#11627,#11628,#11629,
#11630,#11631,#11632,#11633,#11634,#11635),.UNSPECIFIED.,.F.,.F.,(4,2,2,
2,2,2,2,2,2,2,2,2,2,2,2,2,2,2,2,2,2,4),(-6.3165757376576,-5.69762334783145,
-5.43825411223293,-5.22954959400958,-5.07808742195054,-5.0603541288826,
-5.04199557564659,-4.95654309346614,-4.73447814777601,-4.35518209294678,
-3.66787915991164,-2.97634507417272,-2.53214865843235,-2.25357678012988,
-2.03194926429396,-1.8747007695168,-1.83769796601086,-1.79933453670686,
-1.60494535913521,-1.30404715611233,-0.758130305233171,-0.202990661816739),
 .UNSPECIFIED.);
#303=B_SPLINE_CURVE_WITH_KNOTS('',3,(#11653,#11654,#11655,#11656,#11657,
#11658,#11659,#11660,#11661,#11662,#11663,#11664,#11665,#11666),
 .UNSPECIFIED.,.F.,.F.,(4,2,2,2,2,2,4),(-17.4368800006296,-17.257603045367,
-17.0586311576654,-16.7667138453942,-15.6508155330128,-10.0671577395705,
0.),.UNSPECIFIED.);
#304=B_SPLINE_CURVE_WITH_KNOTS('',3,(#11669,#11670,#11671,#11672,#11673,
#11674,#11675,#11676,#11677,#11678,#11679,#11680,#11681,#11682,#11683,#11684,
#11685,#11686),.UNSPECIFIED.,.F.,.F.,(4,2,2,2,2,2,2,2,4),(-25.4839483402856,
-21.7043385489441,-20.3762044540661,-18.9591542628574,-18.2237967968735,
-17.8829626435654,-17.6734796916227,-17.4575308054321,-17.4368800006296),
 .UNSPECIFIED.);
#305=B_SPLINE_CURVE_WITH_KNOTS('',3,(#11921,#11922,#11923,#11924),
 .UNSPECIFIED.,.F.,.F.,(4,4),(-30.00221308,-13.2004870748609),
 .UNSPECIFIED.);
#306=B_SPLINE_CURVE_WITH_KNOTS('',3,(#11927,#11928,#11929,#11930,#11931,
#11932),.UNSPECIFIED.,.F.,.F.,(4,2,4),(-16.8017260051391,-2.34984487667702,
0.),.UNSPECIFIED.);
#307=B_SPLINE_CURVE_WITH_KNOTS('',3,(#11935,#11936,#11937,#11938,#11939,
#11940,#11941,#11942),.UNSPECIFIED.,.F.,.F.,(4,2,2,4),(-3.30758368929809,
-3.19876801158624,-3.0847723595275,-3.0744971286076),.UNSPECIFIED.);
#308=B_SPLINE_CURVE_WITH_KNOTS('',3,(#11943,#11944,#11945,#11946,#11947,
#11948,#11949,#11950,#11951,#11952,#11953,#11954,#11955,#11956,#11957,#11958,
#11959,#11960,#11961,#11962,#11963,#11964,#11965,#11966,#11967,#11968,#11969,
#11970,#11971,#11972,#11973,#11974,#11975,#11976,#11977,#11978,#11979,#11980,
#11981,#11982,#11983,#11984),.UNSPECIFIED.,.F.,.F.,(4,2,2,2,2,2,2,2,2,2,
2,2,2,2,2,2,2,2,2,2,4),(-3.0744971286076,-3.05830968458387,-3.03127809687111,
-2.90973422458389,-2.74538730785885,-2.53879782783835,-2.33063785771362,
-2.1281311134297,-1.93511727247279,-1.72575776875718,-1.56632604163087,
-1.44825228408644,-1.39475206718176,-1.33719420446666,-1.20561599047576,
-1.01392245585134,-0.806727006353915,-0.597091734148074,-0.398546929349368,
-0.209119107183818,0.),.UNSPECIFIED.);
#309=FACE_OUTER_BOUND('',#519,.T.);
#310=FACE_OUTER_BOUND('',#520,.T.);
#311=FACE_OUTER_BOUND('',#521,.T.);
#312=FACE_OUTER_BOUND('',#523,.T.);
#313=FACE_OUTER_BOUND('',#524,.T.);
#314=FACE_OUTER_BOUND('',#526,.T.);
#315=FACE_OUTER_BOUND('',#527,.T.);
#316=FACE_OUTER_BOUND('',#529,.T.);
#317=FACE_OUTER_BOUND('',#530,.T.);
#318=FACE_OUTER_BOUND('',#531,.T.);
#319=FACE_OUTER_BOUND('',#532,.T.);
#320=FACE_OUTER_BOUND('',#533,.T.);
#321=FACE_OUTER_BOUND('',#534,.T.);
#322=FACE_OUTER_BOUND('',#535,.T.);
#323=FACE_OUTER_BOUND('',#536,.T.);
#324=FACE_OUTER_BOUND('',#537,.T.);
#325=FACE_OUTER_BOUND('',#538,.T.);
#326=FACE_OUTER_BOUND('',#539,.T.);
#327=FACE_OUTER_BOUND('',#540,.T.);
#328=FACE_OUTER_BOUND('',#541,.T.);
#329=FACE_OUTER_BOUND('',#542,.T.);
#330=FACE_OUTER_BOUND('',#543,.T.);
#331=FACE_OUTER_BOUND('',#544,.T.);
#332=FACE_OUTER_BOUND('',#546,.T.);
#333=FACE_OUTER_BOUND('',#547,.T.);
#334=FACE_OUTER_BOUND('',#548,.T.);
#335=FACE_OUTER_BOUND('',#549,.T.);
#336=FACE_OUTER_BOUND('',#550,.T.);
#337=FACE_OUTER_BOUND('',#551,.T.);
#338=FACE_OUTER_BOUND('',#552,.T.);
#339=FACE_OUTER_BOUND('',#553,.T.);
#340=FACE_OUTER_BOUND('',#554,.T.);
#341=FACE_OUTER_BOUND('',#555,.T.);
#342=FACE_OUTER_BOUND('',#556,.T.);
#343=FACE_OUTER_BOUND('',#557,.T.);
#344=FACE_OUTER_BOUND('',#558,.T.);
#345=FACE_OUTER_BOUND('',#559,.T.);
#346=FACE_OUTER_BOUND('',#560,.T.);
#347=FACE_OUTER_BOUND('',#561,.T.);
#348=FACE_OUTER_BOUND('',#562,.T.);
#349=FACE_OUTER_BOUND('',#563,.T.);
#350=FACE_OUTER_BOUND('',#564,.T.);
#351=FACE_OUTER_BOUND('',#565,.T.);
#352=FACE_OUTER_BOUND('',#566,.T.);
#353=FACE_OUTER_BOUND('',#567,.T.);
#354=FACE_OUTER_BOUND('',#568,.T.);
#355=FACE_OUTER_BOUND('',#569,.T.);
#356=FACE_OUTER_BOUND('',#570,.T.);
#357=FACE_OUTER_BOUND('',#571,.T.);
#358=FACE_OUTER_BOUND('',#572,.T.);
#359=FACE_OUTER_BOUND('',#573,.T.);
#360=FACE_OUTER_BOUND('',#574,.T.);
#361=FACE_OUTER_BOUND('',#575,.T.);
#362=FACE_OUTER_BOUND('',#576,.T.);
#363=FACE_OUTER_BOUND('',#577,.T.);
#364=FACE_OUTER_BOUND('',#578,.T.);
#365=FACE_OUTER_BOUND('',#579,.T.);
#366=FACE_OUTER_BOUND('',#580,.T.);
#367=FACE_OUTER_BOUND('',#581,.T.);
#368=FACE_OUTER_BOUND('',#582,.T.);
#369=FACE_OUTER_BOUND('',#583,.T.);
#370=FACE_OUTER_BOUND('',#584,.T.);
#371=FACE_OUTER_BOUND('',#585,.T.);
#372=FACE_OUTER_BOUND('',#586,.T.);
#373=FACE_OUTER_BOUND('',#587,.T.);
#374=FACE_OUTER_BOUND('',#588,.T.);
#375=FACE_OUTER_BOUND('',#589,.T.);
#376=FACE_OUTER_BOUND('',#590,.T.);
#377=FACE_OUTER_BOUND('',#591,.T.);
#378=FACE_OUTER_BOUND('',#592,.T.);
#379=FACE_OUTER_BOUND('',#593,.T.);
#380=FACE_OUTER_BOUND('',#594,.T.);
#381=FACE_OUTER_BOUND('',#595,.T.);
#382=FACE_OUTER_BOUND('',#596,.T.);
#383=FACE_OUTER_BOUND('',#597,.T.);
#384=FACE_OUTER_BOUND('',#598,.T.);
#385=FACE_OUTER_BOUND('',#599,.T.);
#386=FACE_OUTER_BOUND('',#600,.T.);
#387=FACE_OUTER_BOUND('',#601,.T.);
#388=FACE_OUTER_BOUND('',#602,.T.);
#389=FACE_OUTER_BOUND('',#603,.T.);
#390=FACE_OUTER_BOUND('',#604,.T.);
#391=FACE_OUTER_BOUND('',#605,.T.);
#392=FACE_OUTER_BOUND('',#606,.T.);
#393=FACE_OUTER_BOUND('',#607,.T.);
#394=FACE_OUTER_BOUND('',#608,.T.);
#395=FACE_OUTER_BOUND('',#609,.T.);
#396=FACE_OUTER_BOUND('',#610,.T.);
#397=FACE_OUTER_BOUND('',#611,.T.);
#398=FACE_OUTER_BOUND('',#612,.T.);
#399=FACE_OUTER_BOUND('',#613,.T.);
#400=FACE_OUTER_BOUND('',#614,.T.);
#401=FACE_OUTER_BOUND('',#615,.T.);
#402=FACE_OUTER_BOUND('',#616,.T.);
#403=FACE_OUTER_BOUND('',#617,.T.);
#404=FACE_OUTER_BOUND('',#618,.T.);
#405=FACE_OUTER_BOUND('',#619,.T.);
#406=FACE_OUTER_BOUND('',#620,.T.);
#407=FACE_OUTER_BOUND('',#621,.T.);
#408=FACE_OUTER_BOUND('',#622,.T.);
#409=FACE_OUTER_BOUND('',#623,.T.);
#410=FACE_OUTER_BOUND('',#624,.T.);
#411=FACE_OUTER_BOUND('',#625,.T.);
#412=FACE_OUTER_BOUND('',#626,.T.);
#413=FACE_OUTER_BOUND('',#627,.T.);
#414=FACE_OUTER_BOUND('',#628,.T.);
#415=FACE_OUTER_BOUND('',#629,.T.);
#416=FACE_OUTER_BOUND('',#630,.T.);
#417=FACE_OUTER_BOUND('',#631,.T.);
#418=FACE_OUTER_BOUND('',#632,.T.);
#419=FACE_OUTER_BOUND('',#633,.T.);
#420=FACE_OUTER_BOUND('',#634,.T.);
#421=FACE_OUTER_BOUND('',#635,.T.);
#422=FACE_OUTER_BOUND('',#636,.T.);
#423=FACE_OUTER_BOUND('',#637,.T.);
#424=FACE_OUTER_BOUND('',#638,.T.);
#425=FACE_OUTER_BOUND('',#639,.T.);
#426=FACE_OUTER_BOUND('',#640,.T.);
#427=FACE_OUTER_BOUND('',#641,.T.);
#428=FACE_OUTER_BOUND('',#642,.T.);
#429=FACE_OUTER_BOUND('',#643,.T.);
#430=FACE_OUTER_BOUND('',#644,.T.);
#431=FACE_OUTER_BOUND('',#645,.T.);
#432=FACE_OUTER_BOUND('',#646,.T.);
#433=FACE_OUTER_BOUND('',#648,.T.);
#434=FACE_OUTER_BOUND('',#649,.T.);
#435=FACE_OUTER_BOUND('',#650,.T.);
#436=FACE_OUTER_BOUND('',#651,.T.);
#437=FACE_OUTER_BOUND('',#652,.T.);
#438=FACE_OUTER_BOUND('',#653,.T.);
#439=FACE_OUTER_BOUND('',#654,.T.);
#440=FACE_OUTER_BOUND('',#655,.T.);
#441=FACE_OUTER_BOUND('',#656,.T.);
#442=FACE_OUTER_BOUND('',#657,.T.);
#443=FACE_OUTER_BOUND('',#660,.T.);
#444=FACE_OUTER_BOUND('',#661,.T.);
#445=FACE_OUTER_BOUND('',#663,.T.);
#446=FACE_OUTER_BOUND('',#664,.T.);
#447=FACE_OUTER_BOUND('',#665,.T.);
#448=FACE_OUTER_BOUND('',#666,.T.);
#449=FACE_OUTER_BOUND('',#667,.T.);
#450=FACE_OUTER_BOUND('',#668,.T.);
#451=FACE_OUTER_BOUND('',#669,.T.);
#452=FACE_OUTER_BOUND('',#670,.T.);
#453=FACE_OUTER_BOUND('',#671,.T.);
#454=FACE_OUTER_BOUND('',#672,.T.);
#455=FACE_OUTER_BOUND('',#673,.T.);
#456=FACE_OUTER_BOUND('',#674,.T.);
#457=FACE_OUTER_BOUND('',#675,.T.);
#458=FACE_OUTER_BOUND('',#676,.T.);
#459=FACE_OUTER_BOUND('',#677,.T.);
#460=FACE_OUTER_BOUND('',#678,.T.);
#461=FACE_OUTER_BOUND('',#679,.T.);
#462=FACE_OUTER_BOUND('',#680,.T.);
#463=FACE_OUTER_BOUND('',#681,.T.);
#464=FACE_OUTER_BOUND('',#682,.T.);
#465=FACE_OUTER_BOUND('',#683,.T.);
#466=FACE_OUTER_BOUND('',#684,.T.);
#467=FACE_OUTER_BOUND('',#685,.T.);
#468=FACE_OUTER_BOUND('',#686,.T.);
#469=FACE_OUTER_BOUND('',#687,.T.);
#470=FACE_OUTER_BOUND('',#688,.T.);
#471=FACE_OUTER_BOUND('',#689,.T.);
#472=FACE_OUTER_BOUND('',#690,.T.);
#473=FACE_OUTER_BOUND('',#691,.T.);
#474=FACE_OUTER_BOUND('',#692,.T.);
#475=FACE_OUTER_BOUND('',#693,.T.);
#476=FACE_OUTER_BOUND('',#694,.T.);
#477=FACE_OUTER_BOUND('',#695,.T.);
#478=FACE_OUTER_BOUND('',#696,.T.);
#479=FACE_OUTER_BOUND('',#697,.T.);
#480=FACE_OUTER_BOUND('',#698,.T.);
#481=FACE_OUTER_BOUND('',#699,.T.);
#482=FACE_OUTER_BOUND('',#700,.T.);
#483=FACE_OUTER_BOUND('',#701,.T.);
#484=FACE_OUTER_BOUND('',#702,.T.);
#485=FACE_OUTER_BOUND('',#703,.T.);
#486=FACE_OUTER_BOUND('',#704,.T.);
#487=FACE_OUTER_BOUND('',#705,.T.);
#488=FACE_OUTER_BOUND('',#706,.T.);
#489=FACE_OUTER_BOUND('',#707,.T.);
#490=FACE_OUTER_BOUND('',#708,.T.);
#491=FACE_OUTER_BOUND('',#709,.T.);
#492=FACE_OUTER_BOUND('',#710,.T.);
#493=FACE_OUTER_BOUND('',#711,.T.);
#494=FACE_OUTER_BOUND('',#712,.T.);
#495=FACE_OUTER_BOUND('',#713,.T.);
#496=FACE_OUTER_BOUND('',#715,.T.);
#497=FACE_OUTER_BOUND('',#716,.T.);
#498=FACE_OUTER_BOUND('',#717,.T.);
#499=FACE_OUTER_BOUND('',#718,.T.);
#500=FACE_OUTER_BOUND('',#719,.T.);
#501=FACE_OUTER_BOUND('',#720,.T.);
#502=FACE_OUTER_BOUND('',#721,.T.);
#503=FACE_OUTER_BOUND('',#722,.T.);
#504=FACE_OUTER_BOUND('',#723,.T.);
#505=FACE_OUTER_BOUND('',#724,.T.);
#506=FACE_OUTER_BOUND('',#725,.T.);
#507=FACE_OUTER_BOUND('',#726,.T.);
#508=FACE_OUTER_BOUND('',#727,.T.);
#509=FACE_OUTER_BOUND('',#728,.T.);
#510=FACE_OUTER_BOUND('',#730,.T.);
#511=FACE_OUTER_BOUND('',#731,.T.);
#512=FACE_OUTER_BOUND('',#733,.T.);
#513=FACE_OUTER_BOUND('',#734,.T.);
#514=FACE_OUTER_BOUND('',#738,.T.);
#515=FACE_OUTER_BOUND('',#743,.T.);
#516=FACE_OUTER_BOUND('',#745,.T.);
#517=FACE_OUTER_BOUND('',#746,.T.);
#518=FACE_OUTER_BOUND('',#747,.T.);
#519=EDGE_LOOP('',(#2235,#2236,#2237,#2238));
#520=EDGE_LOOP('',(#2239,#2240,#2241,#2242));
#521=EDGE_LOOP('',(#2243,#2244,#2245,#2246,#2247));
#522=EDGE_LOOP('',(#2248));
#523=EDGE_LOOP('',(#2249,#2250,#2251,#2252));
#524=EDGE_LOOP('',(#2253,#2254,#2255,#2256,#2257));
#525=EDGE_LOOP('',(#2258));
#526=EDGE_LOOP('',(#2259,#2260,#2261,#2262));
#527=EDGE_LOOP('',(#2263));
#528=EDGE_LOOP('',(#2264));
#529=EDGE_LOOP('',(#2265,#2266,#2267,#2268));
#530=EDGE_LOOP('',(#2269,#2270,#2271,#2272,#2273,#2274));
#531=EDGE_LOOP('',(#2275,#2276,#2277));
#532=EDGE_LOOP('',(#2278,#2279,#2280));
#533=EDGE_LOOP('',(#2281,#2282,#2283));
#534=EDGE_LOOP('',(#2284,#2285,#2286));
#535=EDGE_LOOP('',(#2287,#2288,#2289));
#536=EDGE_LOOP('',(#2290,#2291,#2292));
#537=EDGE_LOOP('',(#2293,#2294,#2295));
#538=EDGE_LOOP('',(#2296,#2297,#2298));
#539=EDGE_LOOP('',(#2299,#2300,#2301,#2302));
#540=EDGE_LOOP('',(#2303,#2304,#2305,#2306));
#541=EDGE_LOOP('',(#2307,#2308,#2309,#2310));
#542=EDGE_LOOP('',(#2311,#2312,#2313));
#543=EDGE_LOOP('',(#2314,#2315,#2316));
#544=EDGE_LOOP('',(#2317,#2318,#2319));
#545=EDGE_LOOP('',(#2320,#2321,#2322));
#546=EDGE_LOOP('',(#2323,#2324,#2325,#2326));
#547=EDGE_LOOP('',(#2327,#2328,#2329,#2330));
#548=EDGE_LOOP('',(#2331,#2332,#2333,#2334));
#549=EDGE_LOOP('',(#2335,#2336,#2337));
#550=EDGE_LOOP('',(#2338,#2339,#2340));
#551=EDGE_LOOP('',(#2341,#2342,#2343));
#552=EDGE_LOOP('',(#2344,#2345,#2346));
#553=EDGE_LOOP('',(#2347,#2348,#2349));
#554=EDGE_LOOP('',(#2350,#2351,#2352));
#555=EDGE_LOOP('',(#2353,#2354,#2355,#2356,#2357,#2358));
#556=EDGE_LOOP('',(#2359,#2360,#2361,#2362,#2363,#2364));
#557=EDGE_LOOP('',(#2365,#2366,#2367));
#558=EDGE_LOOP('',(#2368,#2369,#2370));
#559=EDGE_LOOP('',(#2371,#2372,#2373,#2374,#2375));
#560=EDGE_LOOP('',(#2376,#2377,#2378));
#561=EDGE_LOOP('',(#2379,#2380,#2381,#2382,#2383));
#562=EDGE_LOOP('',(#2384,#2385,#2386));
#563=EDGE_LOOP('',(#2387,#2388,#2389,#2390,#2391,#2392));
#564=EDGE_LOOP('',(#2393,#2394,#2395,#2396,#2397,#2398,#2399,#2400,#2401,
#2402,#2403,#2404));
#565=EDGE_LOOP('',(#2405,#2406,#2407,#2408,#2409));
#566=EDGE_LOOP('',(#2410,#2411,#2412,#2413,#2414));
#567=EDGE_LOOP('',(#2415,#2416,#2417));
#568=EDGE_LOOP('',(#2418,#2419,#2420,#2421,#2422));
#569=EDGE_LOOP('',(#2423,#2424,#2425,#2426,#2427));
#570=EDGE_LOOP('',(#2428,#2429,#2430));
#571=EDGE_LOOP('',(#2431,#2432,#2433));
#572=EDGE_LOOP('',(#2434,#2435,#2436,#2437));
#573=EDGE_LOOP('',(#2438,#2439,#2440,#2441));
#574=EDGE_LOOP('',(#2442,#2443,#2444,#2445));
#575=EDGE_LOOP('',(#2446,#2447,#2448));
#576=EDGE_LOOP('',(#2449,#2450,#2451,#2452));
#577=EDGE_LOOP('',(#2453,#2454,#2455,#2456));
#578=EDGE_LOOP('',(#2457,#2458,#2459,#2460,#2461,#2462,#2463,#2464));
#579=EDGE_LOOP('',(#2465,#2466,#2467,#2468,#2469,#2470));
#580=EDGE_LOOP('',(#2471,#2472,#2473));
#581=EDGE_LOOP('',(#2474,#2475,#2476));
#582=EDGE_LOOP('',(#2477,#2478,#2479,#2480));
#583=EDGE_LOOP('',(#2481,#2482,#2483,#2484));
#584=EDGE_LOOP('',(#2485,#2486,#2487));
#585=EDGE_LOOP('',(#2488,#2489,#2490,#2491,#2492));
#586=EDGE_LOOP('',(#2493,#2494,#2495));
#587=EDGE_LOOP('',(#2496,#2497,#2498,#2499,#2500));
#588=EDGE_LOOP('',(#2501,#2502,#2503,#2504,#2505));
#589=EDGE_LOOP('',(#2506,#2507,#2508,#2509,#2510));
#590=EDGE_LOOP('',(#2511,#2512,#2513,#2514,#2515,#2516,#2517,#2518,#2519,
#2520,#2521,#2522));
#591=EDGE_LOOP('',(#2523,#2524,#2525,#2526,#2527,#2528));
#592=EDGE_LOOP('',(#2529,#2530,#2531,#2532,#2533));
#593=EDGE_LOOP('',(#2534,#2535,#2536));
#594=EDGE_LOOP('',(#2537,#2538,#2539,#2540,#2541));
#595=EDGE_LOOP('',(#2542,#2543,#2544));
#596=EDGE_LOOP('',(#2545,#2546,#2547));
#597=EDGE_LOOP('',(#2548,#2549,#2550));
#598=EDGE_LOOP('',(#2551,#2552,#2553,#2554,#2555,#2556));
#599=EDGE_LOOP('',(#2557,#2558,#2559,#2560,#2561,#2562));
#600=EDGE_LOOP('',(#2563,#2564,#2565));
#601=EDGE_LOOP('',(#2566,#2567,#2568));
#602=EDGE_LOOP('',(#2569,#2570,#2571,#2572));
#603=EDGE_LOOP('',(#2573,#2574,#2575,#2576));
#604=EDGE_LOOP('',(#2577,#2578,#2579,#2580));
#605=EDGE_LOOP('',(#2581,#2582,#2583,#2584));
#606=EDGE_LOOP('',(#2585,#2586,#2587,#2588));
#607=EDGE_LOOP('',(#2589,#2590,#2591,#2592,#2593,#2594,#2595,#2596));
#608=EDGE_LOOP('',(#2597,#2598,#2599,#2600,#2601,#2602,#2603,#2604));
#609=EDGE_LOOP('',(#2605,#2606,#2607,#2608));
#610=EDGE_LOOP('',(#2609,#2610,#2611,#2612));
#611=EDGE_LOOP('',(#2613,#2614,#2615,#2616));
#612=EDGE_LOOP('',(#2617,#2618,#2619,#2620));
#613=EDGE_LOOP('',(#2621,#2622,#2623,#2624));
#614=EDGE_LOOP('',(#2625,#2626,#2627,#2628,#2629,#2630));
#615=EDGE_LOOP('',(#2631,#2632,#2633));
#616=EDGE_LOOP('',(#2634,#2635,#2636,#2637,#2638,#2639,#2640,#2641));
#617=EDGE_LOOP('',(#2642,#2643,#2644));
#618=EDGE_LOOP('',(#2645,#2646,#2647,#2648));
#619=EDGE_LOOP('',(#2649,#2650,#2651,#2652));
#620=EDGE_LOOP('',(#2653,#2654,#2655));
#621=EDGE_LOOP('',(#2656,#2657,#2658,#2659,#2660));
#622=EDGE_LOOP('',(#2661,#2662,#2663,#2664));
#623=EDGE_LOOP('',(#2665,#2666,#2667,#2668));
#624=EDGE_LOOP('',(#2669,#2670,#2671,#2672,#2673,#2674,#2675,#2676));
#625=EDGE_LOOP('',(#2677,#2678,#2679,#2680));
#626=EDGE_LOOP('',(#2681,#2682,#2683,#2684,#2685,#2686));
#627=EDGE_LOOP('',(#2687,#2688,#2689));
#628=EDGE_LOOP('',(#2690,#2691,#2692,#2693,#2694));
#629=EDGE_LOOP('',(#2695,#2696,#2697));
#630=EDGE_LOOP('',(#2698,#2699,#2700));
#631=EDGE_LOOP('',(#2701,#2702,#2703));
#632=EDGE_LOOP('',(#2704,#2705,#2706));
#633=EDGE_LOOP('',(#2707,#2708,#2709,#2710));
#634=EDGE_LOOP('',(#2711,#2712,#2713,#2714));
#635=EDGE_LOOP('',(#2715,#2716,#2717,#2718));
#636=EDGE_LOOP('',(#2719,#2720,#2721,#2722));
#637=EDGE_LOOP('',(#2723,#2724,#2725,#2726));
#638=EDGE_LOOP('',(#2727,#2728,#2729,#2730,#2731,#2732,#2733,#2734));
#639=EDGE_LOOP('',(#2735,#2736,#2737,#2738,#2739,#2740,#2741,#2742));
#640=EDGE_LOOP('',(#2743,#2744,#2745,#2746));
#641=EDGE_LOOP('',(#2747,#2748,#2749,#2750));
#642=EDGE_LOOP('',(#2751,#2752,#2753,#2754));
#643=EDGE_LOOP('',(#2755,#2756,#2757,#2758));
#644=EDGE_LOOP('',(#2759,#2760,#2761,#2762));
#645=EDGE_LOOP('',(#2763,#2764,#2765,#2766));
#646=EDGE_LOOP('',(#2767,#2768,#2769));
#647=EDGE_LOOP('',(#2770,#2771,#2772));
#648=EDGE_LOOP('',(#2773,#2774,#2775));
#649=EDGE_LOOP('',(#2776,#2777,#2778));
#650=EDGE_LOOP('',(#2779,#2780,#2781,#2782));
#651=EDGE_LOOP('',(#2783,#2784,#2785,#2786));
#652=EDGE_LOOP('',(#2787,#2788,#2789,#2790));
#653=EDGE_LOOP('',(#2791,#2792,#2793,#2794,#2795,#2796,#2797,#2798,#2799));
#654=EDGE_LOOP('',(#2800,#2801,#2802,#2803,#2804,#2805));
#655=EDGE_LOOP('',(#2806,#2807,#2808,#2809,#2810,#2811));
#656=EDGE_LOOP('',(#2812,#2813,#2814,#2815,#2816,#2817));
#657=EDGE_LOOP('',(#2818,#2819,#2820,#2821,#2822,#2823,#2824,#2825,#2826));
#658=EDGE_LOOP('',(#2827,#2828));
#659=EDGE_LOOP('',(#2829,#2830));
#660=EDGE_LOOP('',(#2831,#2832,#2833,#2834,#2835));
#661=EDGE_LOOP('',(#2836,#2837,#2838,#2839,#2840,#2841,#2842,#2843));
#662=EDGE_LOOP('',(#2844));
#663=EDGE_LOOP('',(#2845,#2846,#2847,#2848,#2849));
#664=EDGE_LOOP('',(#2850,#2851,#2852,#2853,#2854,#2855,#2856,#2857,#2858,
#2859,#2860,#2861,#2862,#2863,#2864,#2865,#2866,#2867,#2868,#2869,#2870,
#2871));
#665=EDGE_LOOP('',(#2872,#2873,#2874,#2875,#2876,#2877,#2878,#2879,#2880,
#2881,#2882,#2883,#2884,#2885,#2886,#2887,#2888,#2889,#2890,#2891,#2892,
#2893));
#666=EDGE_LOOP('',(#2894,#2895,#2896,#2897));
#667=EDGE_LOOP('',(#2898,#2899,#2900,#2901));
#668=EDGE_LOOP('',(#2902,#2903,#2904,#2905));
#669=EDGE_LOOP('',(#2906,#2907,#2908,#2909));
#670=EDGE_LOOP('',(#2910,#2911,#2912,#2913));
#671=EDGE_LOOP('',(#2914,#2915,#2916,#2917));
#672=EDGE_LOOP('',(#2918,#2919,#2920,#2921));
#673=EDGE_LOOP('',(#2922,#2923,#2924,#2925));
#674=EDGE_LOOP('',(#2926,#2927,#2928,#2929));
#675=EDGE_LOOP('',(#2930,#2931,#2932,#2933));
#676=EDGE_LOOP('',(#2934,#2935,#2936,#2937));
#677=EDGE_LOOP('',(#2938,#2939,#2940,#2941));
#678=EDGE_LOOP('',(#2942,#2943,#2944,#2945));
#679=EDGE_LOOP('',(#2946,#2947,#2948,#2949));
#680=EDGE_LOOP('',(#2950,#2951,#2952,#2953));
#681=EDGE_LOOP('',(#2954,#2955,#2956,#2957));
#682=EDGE_LOOP('',(#2958,#2959,#2960,#2961));
#683=EDGE_LOOP('',(#2962,#2963,#2964,#2965));
#684=EDGE_LOOP('',(#2966,#2967,#2968,#2969));
#685=EDGE_LOOP('',(#2970,#2971,#2972,#2973));
#686=EDGE_LOOP('',(#2974,#2975,#2976,#2977));
#687=EDGE_LOOP('',(#2978,#2979,#2980,#2981));
#688=EDGE_LOOP('',(#2982,#2983,#2984,#2985));
#689=EDGE_LOOP('',(#2986,#2987,#2988,#2989));
#690=EDGE_LOOP('',(#2990,#2991,#2992,#2993));
#691=EDGE_LOOP('',(#2994,#2995,#2996,#2997));
#692=EDGE_LOOP('',(#2998,#2999,#3000,#3001));
#693=EDGE_LOOP('',(#3002,#3003,#3004,#3005));
#694=EDGE_LOOP('',(#3006,#3007,#3008,#3009));
#695=EDGE_LOOP('',(#3010,#3011,#3012,#3013));
#696=EDGE_LOOP('',(#3014,#3015,#3016,#3017));
#697=EDGE_LOOP('',(#3018,#3019,#3020,#3021));
#698=EDGE_LOOP('',(#3022,#3023,#3024,#3025));
#699=EDGE_LOOP('',(#3026,#3027,#3028,#3029));
#700=EDGE_LOOP('',(#3030,#3031,#3032,#3033));
#701=EDGE_LOOP('',(#3034,#3035,#3036,#3037));
#702=EDGE_LOOP('',(#3038,#3039,#3040,#3041));
#703=EDGE_LOOP('',(#3042,#3043,#3044,#3045));
#704=EDGE_LOOP('',(#3046,#3047,#3048,#3049,#3050));
#705=EDGE_LOOP('',(#3051,#3052,#3053,#3054,#3055,#3056,#3057));
#706=EDGE_LOOP('',(#3058,#3059,#3060,#3061,#3062,#3063,#3064,#3065,#3066,
#3067,#3068,#3069,#3070,#3071,#3072,#3073,#3074,#3075,#3076,#3077,#3078,
#3079));
#707=EDGE_LOOP('',(#3080,#3081,#3082,#3083,#3084,#3085,#3086));
#708=EDGE_LOOP('',(#3087,#3088,#3089,#3090,#3091));
#709=EDGE_LOOP('',(#3092,#3093,#3094,#3095,#3096,#3097,#3098,#3099,#3100,
#3101,#3102,#3103,#3104,#3105,#3106,#3107,#3108,#3109,#3110,#3111,#3112,
#3113));
#710=EDGE_LOOP('',(#3114,#3115,#3116,#3117,#3118,#3119,#3120,#3121,#3122));
#711=EDGE_LOOP('',(#3123,#3124,#3125,#3126));
#712=EDGE_LOOP('',(#3127,#3128,#3129,#3130));
#713=EDGE_LOOP('',(#3131,#3132,#3133,#3134,#3135,#3136));
#714=EDGE_LOOP('',(#3137));
#715=EDGE_LOOP('',(#3138,#3139));
#716=EDGE_LOOP('',(#3140,#3141,#3142,#3143));
#717=EDGE_LOOP('',(#3144,#3145,#3146,#3147));
#718=EDGE_LOOP('',(#3148,#3149,#3150,#3151));
#719=EDGE_LOOP('',(#3152,#3153,#3154,#3155));
#720=EDGE_LOOP('',(#3156,#3157,#3158,#3159));
#721=EDGE_LOOP('',(#3160,#3161,#3162,#3163,#3164));
#722=EDGE_LOOP('',(#3165,#3166,#3167,#3168,#3169));
#723=EDGE_LOOP('',(#3170,#3171,#3172,#3173));
#724=EDGE_LOOP('',(#3174,#3175,#3176,#3177));
#725=EDGE_LOOP('',(#3178,#3179,#3180));
#726=EDGE_LOOP('',(#3181,#3182,#3183,#3184,#3185));
#727=EDGE_LOOP('',(#3186,#3187,#3188,#3189,#3190));
#728=EDGE_LOOP('',(#3191));
#729=EDGE_LOOP('',(#3192));
#730=EDGE_LOOP('',(#3193,#3194,#3195,#3196));
#731=EDGE_LOOP('',(#3197));
#732=EDGE_LOOP('',(#3198));
#733=EDGE_LOOP('',(#3199,#3200,#3201,#3202));
#734=EDGE_LOOP('',(#3203,#3204,#3205));
#735=EDGE_LOOP('',(#3206));
#736=EDGE_LOOP('',(#3207));
#737=EDGE_LOOP('',(#3208));
#738=EDGE_LOOP('',(#3209,#3210,#3211,#3212,#3213,#3214,#3215,#3216,#3217,
#3218,#3219,#3220,#3221,#3222,#3223,#3224,#3225,#3226,#3227,#3228,#3229));
#739=EDGE_LOOP('',(#3230,#3231));
#740=EDGE_LOOP('',(#3232,#3233,#3234,#3235,#3236,#3237));
#741=EDGE_LOOP('',(#3238,#3239));
#742=EDGE_LOOP('',(#3240,#3241));
#743=EDGE_LOOP('',(#3242));
#744=EDGE_LOOP('',(#3243));
#745=EDGE_LOOP('',(#3244,#3245,#3246,#3247,#3248));
#746=EDGE_LOOP('',(#3249,#3250,#3251,#3252));
#747=EDGE_LOOP('',(#3253,#3254,#3255,#3256));
#748=LINE('',#4719,#1064);
#749=LINE('',#4721,#1065);
#750=LINE('',#4723,#1066);
#751=LINE('',#4724,#1067);
#752=LINE('',#4727,#1068);
#753=LINE('',#4735,#1069);
#754=LINE('',#4738,#1070);
#755=LINE('',#4764,#1071);
#756=LINE('',#4792,#1072);
#757=LINE('',#4797,#1073);
#758=LINE('',#5038,#1074);
#759=LINE('',#5051,#1075);
#760=LINE('',#5211,#1076);
#761=LINE('',#5224,#1077);
#762=LINE('',#5393,#1078);
#763=LINE('',#5395,#1079);
#764=LINE('',#5396,#1080);
#765=LINE('',#5404,#1081);
#766=LINE('',#5405,#1082);
#767=LINE('',#5417,#1083);
#768=LINE('',#5756,#1084);
#769=LINE('',#5758,#1085);
#770=LINE('',#5759,#1086);
#771=LINE('',#5761,#1087);
#772=LINE('',#5762,#1088);
#773=LINE('',#5764,#1089);
#774=LINE('',#5775,#1090);
#775=LINE('',#5784,#1091);
#776=LINE('',#5957,#1092);
#777=LINE('',#5958,#1093);
#778=LINE('',#5975,#1094);
#779=LINE('',#6171,#1095);
#780=LINE('',#6172,#1096);
#781=LINE('',#6174,#1097);
#782=LINE('',#6184,#1098);
#783=LINE('',#6186,#1099);
#784=LINE('',#6189,#1100);
#785=LINE('',#6199,#1101);
#786=LINE('',#6207,#1102);
#787=LINE('',#6219,#1103);
#788=LINE('',#6221,#1104);
#789=LINE('',#6223,#1105);
#790=LINE('',#6224,#1106);
#791=LINE('',#6231,#1107);
#792=LINE('',#6235,#1108);
#793=LINE('',#6566,#1109);
#794=LINE('',#6568,#1110);
#795=LINE('',#6570,#1111);
#796=LINE('',#6575,#1112);
#797=LINE('',#6577,#1113);
#798=LINE('',#6776,#1114);
#799=LINE('',#6777,#1115);
#800=LINE('',#6779,#1116);
#801=LINE('',#6789,#1117);
#802=LINE('',#6791,#1118);
#803=LINE('',#6792,#1119);
#804=LINE('',#6806,#1120);
#805=LINE('',#6807,#1121);
#806=LINE('',#6835,#1122);
#807=LINE('',#6837,#1123);
#808=LINE('',#6865,#1124);
#809=LINE('',#6866,#1125);
#810=LINE('',#6869,#1126);
#811=LINE('',#6870,#1127);
#812=LINE('',#7195,#1128);
#813=LINE('',#7206,#1129);
#814=LINE('',#7216,#1130);
#815=LINE('',#7217,#1131);
#816=LINE('',#7227,#1132);
#817=LINE('',#7235,#1133);
#818=LINE('',#7390,#1134);
#819=LINE('',#7552,#1135);
#820=LINE('',#7572,#1136);
#821=LINE('',#7574,#1137);
#822=LINE('',#7580,#1138);
#823=LINE('',#7581,#1139);
#824=LINE('',#7583,#1140);
#825=LINE('',#7584,#1141);
#826=LINE('',#7587,#1142);
#827=LINE('',#7607,#1143);
#828=LINE('',#7608,#1144);
#829=LINE('',#7625,#1145);
#830=LINE('',#7633,#1146);
#831=LINE('',#7635,#1147);
#832=LINE('',#7824,#1148);
#833=LINE('',#7829,#1149);
#834=LINE('',#7831,#1150);
#835=LINE('',#7833,#1151);
#836=LINE('',#7851,#1152);
#837=LINE('',#7852,#1153);
#838=LINE('',#7864,#1154);
#839=LINE('',#7865,#1155);
#840=LINE('',#8217,#1156);
#841=LINE('',#8218,#1157);
#842=LINE('',#8220,#1158);
#843=LINE('',#8222,#1159);
#844=LINE('',#8223,#1160);
#845=LINE('',#8225,#1161);
#846=LINE('',#8226,#1162);
#847=LINE('',#8228,#1163);
#848=LINE('',#8230,#1164);
#849=LINE('',#8240,#1165);
#850=LINE('',#8242,#1166);
#851=LINE('',#8243,#1167);
#852=LINE('',#8251,#1168);
#853=LINE('',#8252,#1169);
#854=LINE('',#8255,#1170);
#855=LINE('',#8257,#1171);
#856=LINE('',#8259,#1172);
#857=LINE('',#8260,#1173);
#858=LINE('',#8433,#1174);
#859=LINE('',#8451,#1175);
#860=LINE('',#8616,#1176);
#861=LINE('',#8627,#1177);
#862=LINE('',#8631,#1178);
#863=LINE('',#8638,#1179);
#864=LINE('',#8798,#1180);
#865=LINE('',#8965,#1181);
#866=LINE('',#8974,#1182);
#867=LINE('',#8979,#1183);
#868=LINE('',#8980,#1184);
#869=LINE('',#8982,#1185);
#870=LINE('',#8984,#1186);
#871=LINE('',#8995,#1187);
#872=LINE('',#9157,#1188);
#873=LINE('',#9162,#1189);
#874=LINE('',#9164,#1190);
#875=LINE('',#9166,#1191);
#876=LINE('',#9178,#1192);
#877=LINE('',#9179,#1193);
#878=LINE('',#9187,#1194);
#879=LINE('',#9188,#1195);
#880=LINE('',#9525,#1196);
#881=LINE('',#9527,#1197);
#882=LINE('',#9528,#1198);
#883=LINE('',#9529,#1199);
#884=LINE('',#9532,#1200);
#885=LINE('',#9534,#1201);
#886=LINE('',#9535,#1202);
#887=LINE('',#9537,#1203);
#888=LINE('',#9539,#1204);
#889=LINE('',#9549,#1205);
#890=LINE('',#9551,#1206);
#891=LINE('',#9552,#1207);
#892=LINE('',#9560,#1208);
#893=LINE('',#9561,#1209);
#894=LINE('',#9567,#1210);
#895=LINE('',#9571,#1211);
#896=LINE('',#9573,#1212);
#897=LINE('',#9574,#1213);
#898=LINE('',#9899,#1214);
#899=LINE('',#9900,#1215);
#900=LINE('',#9902,#1216);
#901=LINE('',#10158,#1217);
#902=LINE('',#10160,#1218);
#903=LINE('',#10162,#1219);
#904=LINE('',#10164,#1220);
#905=LINE('',#10165,#1221);
#906=LINE('',#10168,#1222);
#907=LINE('',#10170,#1223);
#908=LINE('',#10374,#1224);
#909=LINE('',#10377,#1225);
#910=LINE('',#10379,#1226);
#911=LINE('',#10381,#1227);
#912=LINE('',#10382,#1228);
#913=LINE('',#10402,#1229);
#914=LINE('',#10701,#1230);
#915=LINE('',#10704,#1231);
#916=LINE('',#10708,#1232);
#917=LINE('',#10710,#1233);
#918=LINE('',#10712,#1234);
#919=LINE('',#10714,#1235);
#920=LINE('',#10716,#1236);
#921=LINE('',#10718,#1237);
#922=LINE('',#10720,#1238);
#923=LINE('',#10722,#1239);
#924=LINE('',#10724,#1240);
#925=LINE('',#10726,#1241);
#926=LINE('',#10728,#1242);
#927=LINE('',#10730,#1243);
#928=LINE('',#10732,#1244);
#929=LINE('',#10734,#1245);
#930=LINE('',#10736,#1246);
#931=LINE('',#10738,#1247);
#932=LINE('',#10740,#1248);
#933=LINE('',#10742,#1249);
#934=LINE('',#10744,#1250);
#935=LINE('',#10746,#1251);
#936=LINE('',#10747,#1252);
#937=LINE('',#10750,#1253);
#938=LINE('',#10752,#1254);
#939=LINE('',#10754,#1255);
#940=LINE('',#10756,#1256);
#941=LINE('',#10758,#1257);
#942=LINE('',#10760,#1258);
#943=LINE('',#10762,#1259);
#944=LINE('',#10764,#1260);
#945=LINE('',#10766,#1261);
#946=LINE('',#10768,#1262);
#947=LINE('',#10770,#1263);
#948=LINE('',#10772,#1264);
#949=LINE('',#10774,#1265);
#950=LINE('',#10776,#1266);
#951=LINE('',#10778,#1267);
#952=LINE('',#10780,#1268);
#953=LINE('',#10782,#1269);
#954=LINE('',#10784,#1270);
#955=LINE('',#10786,#1271);
#956=LINE('',#10788,#1272);
#957=LINE('',#10789,#1273);
#958=LINE('',#10792,#1274);
#959=LINE('',#10794,#1275);
#960=LINE('',#10795,#1276);
#961=LINE('',#10798,#1277);
#962=LINE('',#10799,#1278);
#963=LINE('',#10802,#1279);
#964=LINE('',#10803,#1280);
#965=LINE('',#10805,#1281);
#966=LINE('',#10808,#1282);
#967=LINE('',#10810,#1283);
#968=LINE('',#10811,#1284);
#969=LINE('',#10814,#1285);
#970=LINE('',#10815,#1286);
#971=LINE('',#10818,#1287);
#972=LINE('',#10819,#1288);
#973=LINE('',#10821,#1289);
#974=LINE('',#10824,#1290);
#975=LINE('',#10826,#1291);
#976=LINE('',#10827,#1292);
#977=LINE('',#10830,#1293);
#978=LINE('',#10831,#1294);
#979=LINE('',#10834,#1295);
#980=LINE('',#10835,#1296);
#981=LINE('',#10837,#1297);
#982=LINE('',#10840,#1298);
#983=LINE('',#10842,#1299);
#984=LINE('',#10843,#1300);
#985=LINE('',#10846,#1301);
#986=LINE('',#10847,#1302);
#987=LINE('',#10850,#1303);
#988=LINE('',#10851,#1304);
#989=LINE('',#10854,#1305);
#990=LINE('',#10856,#1306);
#991=LINE('',#10857,#1307);
#992=LINE('',#10860,#1308);
#993=LINE('',#10861,#1309);
#994=LINE('',#10864,#1310);
#995=LINE('',#10865,#1311);
#996=LINE('',#10867,#1312);
#997=LINE('',#10870,#1313);
#998=LINE('',#10872,#1314);
#999=LINE('',#10873,#1315);
#1000=LINE('',#10876,#1316);
#1001=LINE('',#10877,#1317);
#1002=LINE('',#10880,#1318);
#1003=LINE('',#10881,#1319);
#1004=LINE('',#10883,#1320);
#1005=LINE('',#10886,#1321);
#1006=LINE('',#10888,#1322);
#1007=LINE('',#10889,#1323);
#1008=LINE('',#10892,#1324);
#1009=LINE('',#10893,#1325);
#1010=LINE('',#10896,#1326);
#1011=LINE('',#10897,#1327);
#1012=LINE('',#10899,#1328);
#1013=LINE('',#10902,#1329);
#1014=LINE('',#10904,#1330);
#1015=LINE('',#10905,#1331);
#1016=LINE('',#10908,#1332);
#1017=LINE('',#10909,#1333);
#1018=LINE('',#10912,#1334);
#1019=LINE('',#10913,#1335);
#1020=LINE('',#10915,#1336);
#1021=LINE('',#10918,#1337);
#1022=LINE('',#10920,#1338);
#1023=LINE('',#10921,#1339);
#1024=LINE('',#10924,#1340);
#1025=LINE('',#10925,#1341);
#1026=LINE('',#10928,#1342);
#1027=LINE('',#10929,#1343);
#1028=LINE('',#10931,#1344);
#1029=LINE('',#10934,#1345);
#1030=LINE('',#10936,#1346);
#1031=LINE('',#10937,#1347);
#1032=LINE('',#10940,#1348);
#1033=LINE('',#10941,#1349);
#1034=LINE('',#10944,#1350);
#1035=LINE('',#10945,#1351);
#1036=LINE('',#10952,#1352);
#1037=LINE('',#10955,#1353);
#1038=LINE('',#10957,#1354);
#1039=LINE('',#11008,#1355);
#1040=LINE('',#11015,#1356);
#1041=LINE('',#11021,#1357);
#1042=LINE('',#11123,#1358);
#1043=LINE('',#11125,#1359);
#1044=LINE('',#11131,#1360);
#1045=LINE('',#11140,#1361);
#1046=LINE('',#11142,#1362);
#1047=LINE('',#11143,#1363);
#1048=LINE('',#11146,#1364);
#1049=LINE('',#11148,#1365);
#1050=LINE('',#11149,#1366);
#1051=LINE('',#11150,#1367);
#1052=LINE('',#11286,#1368);
#1053=LINE('',#11293,#1369);
#1054=LINE('',#11305,#1370);
#1055=LINE('',#11307,#1371);
#1056=LINE('',#11532,#1372);
#1057=LINE('',#11586,#1373);
#1058=LINE('',#11641,#1374);
#1059=LINE('',#11648,#1375);
#1060=LINE('',#11668,#1376);
#1061=LINE('',#11925,#1377);
#1062=LINE('',#11926,#1378);
#1063=LINE('',#11989,#1379);
#1064=VECTOR('',#3936,10.);
#1065=VECTOR('',#3937,10.);
#1066=VECTOR('',#3938,10.);
#1067=VECTOR('',#3939,10.);
#1068=VECTOR('',#3942,10.);
#1069=VECTOR('',#3943,10.);
#1070=VECTOR('',#3946,10.);
#1071=VECTOR('',#3951,10.);
#1072=VECTOR('',#3960,3.25);
#1073=VECTOR('',#3967,5.25);
#1074=VECTOR('',#3974,10.);
#1075=VECTOR('',#3981,10.);
#1076=VECTOR('',#3986,10.);
#1077=VECTOR('',#3993,10.);
#1078=VECTOR('',#3996,10.);
#1079=VECTOR('',#3997,10.);
#1080=VECTOR('',#3998,10.);
#1081=VECTOR('',#4001,10.);
#1082=VECTOR('',#4002,10.);
#1083=VECTOR('',#4005,10.);
#1084=VECTOR('',#4008,10.);
#1085=VECTOR('',#4009,10.);
#1086=VECTOR('',#4010,10.);
#1087=VECTOR('',#4013,10.);
#1088=VECTOR('',#4014,10.);
#1089=VECTOR('',#4017,10.);
#1090=VECTOR('',#4024,10.);
#1091=VECTOR('',#4031,10.);
#1092=VECTOR('',#4034,10.);
#1093=VECTOR('',#4035,10.);
#1094=VECTOR('',#4038,10.);
#1095=VECTOR('',#4041,10.);
#1096=VECTOR('',#4042,10.);
#1097=VECTOR('',#4045,10.);
#1098=VECTOR('',#4050,10.);
#1099=VECTOR('',#4051,10.);
#1100=VECTOR('',#4054,10.);
#1101=VECTOR('',#4059,10.);
#1102=VECTOR('',#4064,10.);
#1103=VECTOR('',#4071,10.);
#1104=VECTOR('',#4072,10.);
#1105=VECTOR('',#4073,10.);
#1106=VECTOR('',#4074,10.);
#1107=VECTOR('',#4081,10.);
#1108=VECTOR('',#4086,10.);
#1109=VECTOR('',#4089,10.);
#1110=VECTOR('',#4092,10.);
#1111=VECTOR('',#4095,10.);
#1112=VECTOR('',#4100,10.);
#1113=VECTOR('',#4101,10.);
#1114=VECTOR('',#4104,10.);
#1115=VECTOR('',#4105,10.);
#1116=VECTOR('',#4108,10.);
#1117=VECTOR('',#4113,10.);
#1118=VECTOR('',#4114,10.);
#1119=VECTOR('',#4115,10.);
#1120=VECTOR('',#4118,10.);
#1121=VECTOR('',#4119,10.);
#1122=VECTOR('',#4122,10.);
#1123=VECTOR('',#4123,10.);
#1124=VECTOR('',#4124,10.);
#1125=VECTOR('',#4125,10.);
#1126=VECTOR('',#4128,10.);
#1127=VECTOR('',#4129,10.);
#1128=VECTOR('',#4132,10.);
#1129=VECTOR('',#4139,10.);
#1130=VECTOR('',#4144,10.);
#1131=VECTOR('',#4145,10.);
#1132=VECTOR('',#4150,10.);
#1133=VECTOR('',#4155,10.);
#1134=VECTOR('',#4156,10.);
#1135=VECTOR('',#4157,10.);
#1136=VECTOR('',#4164,10.);
#1137=VECTOR('',#4165,10.);
#1138=VECTOR('',#4172,10.);
#1139=VECTOR('',#4173,10.);
#1140=VECTOR('',#4176,10.);
#1141=VECTOR('',#4177,10.);
#1142=VECTOR('',#4182,10.);
#1143=VECTOR('',#4187,10.);
#1144=VECTOR('',#4188,10.);
#1145=VECTOR('',#4191,10.);
#1146=VECTOR('',#4194,10.);
#1147=VECTOR('',#4195,10.);
#1148=VECTOR('',#4198,10.);
#1149=VECTOR('',#4203,10.);
#1150=VECTOR('',#4204,10.);
#1151=VECTOR('',#4205,10.);
#1152=VECTOR('',#4208,10.);
#1153=VECTOR('',#4209,10.);
#1154=VECTOR('',#4212,10.);
#1155=VECTOR('',#4213,10.);
#1156=VECTOR('',#4216,10.);
#1157=VECTOR('',#4217,10.);
#1158=VECTOR('',#4218,10.);
#1159=VECTOR('',#4219,10.);
#1160=VECTOR('',#4220,10.);
#1161=VECTOR('',#4223,10.);
#1162=VECTOR('',#4224,10.);
#1163=VECTOR('',#4227,10.);
#1164=VECTOR('',#4230,10.);
#1165=VECTOR('',#4235,10.);
#1166=VECTOR('',#4236,10.);
#1167=VECTOR('',#4237,10.);
#1168=VECTOR('',#4240,10.);
#1169=VECTOR('',#4241,10.);
#1170=VECTOR('',#4244,10.);
#1171=VECTOR('',#4245,10.);
#1172=VECTOR('',#4246,10.);
#1173=VECTOR('',#4247,10.);
#1174=VECTOR('',#4250,10.);
#1175=VECTOR('',#4251,10.);
#1176=VECTOR('',#4254,10.);
#1177=VECTOR('',#4261,10.);
#1178=VECTOR('',#4264,10.);
#1179=VECTOR('',#4267,10.);
#1180=VECTOR('',#4268,10.);
#1181=VECTOR('',#4269,10.);
#1182=VECTOR('',#4274,10.);
#1183=VECTOR('',#4281,10.);
#1184=VECTOR('',#4282,10.);
#1185=VECTOR('',#4285,10.);
#1186=VECTOR('',#4288,10.);
#1187=VECTOR('',#4295,10.);
#1188=VECTOR('',#4300,10.);
#1189=VECTOR('',#4305,10.);
#1190=VECTOR('',#4306,10.);
#1191=VECTOR('',#4307,10.);
#1192=VECTOR('',#4310,10.);
#1193=VECTOR('',#4311,10.);
#1194=VECTOR('',#4314,10.);
#1195=VECTOR('',#4315,10.);
#1196=VECTOR('',#4318,10.);
#1197=VECTOR('',#4319,10.);
#1198=VECTOR('',#4320,10.);
#1199=VECTOR('',#4321,10.);
#1200=VECTOR('',#4324,10.);
#1201=VECTOR('',#4325,10.);
#1202=VECTOR('',#4326,10.);
#1203=VECTOR('',#4329,10.);
#1204=VECTOR('',#4332,10.);
#1205=VECTOR('',#4337,10.);
#1206=VECTOR('',#4338,10.);
#1207=VECTOR('',#4339,10.);
#1208=VECTOR('',#4342,10.);
#1209=VECTOR('',#4343,10.);
#1210=VECTOR('',#4346,10.);
#1211=VECTOR('',#4349,10.);
#1212=VECTOR('',#4350,10.);
#1213=VECTOR('',#4351,10.);
#1214=VECTOR('',#4354,10.);
#1215=VECTOR('',#4355,10.);
#1216=VECTOR('',#4358,10.);
#1217=VECTOR('',#4365,10.);
#1218=VECTOR('',#4366,10.);
#1219=VECTOR('',#4367,10.);
#1220=VECTOR('',#4368,10.);
#1221=VECTOR('',#4369,10.);
#1222=VECTOR('',#4372,10.);
#1223=VECTOR('',#4373,10.);
#1224=VECTOR('',#4374,10.);
#1225=VECTOR('',#4377,10.);
#1226=VECTOR('',#4378,10.);
#1227=VECTOR('',#4379,10.);
#1228=VECTOR('',#4380,10.);
#1229=VECTOR('',#4381,25.1);
#1230=VECTOR('',#4396,10.);
#1231=VECTOR('',#4399,2.25);
#1232=VECTOR('',#4404,10.);
#1233=VECTOR('',#4405,10.);
#1234=VECTOR('',#4406,10.);
#1235=VECTOR('',#4407,10.);
#1236=VECTOR('',#4408,10.);
#1237=VECTOR('',#4409,10.);
#1238=VECTOR('',#4410,10.);
#1239=VECTOR('',#4411,10.);
#1240=VECTOR('',#4412,10.);
#1241=VECTOR('',#4413,10.);
#1242=VECTOR('',#4414,10.);
#1243=VECTOR('',#4415,10.);
#1244=VECTOR('',#4416,10.);
#1245=VECTOR('',#4417,10.);
#1246=VECTOR('',#4418,10.);
#1247=VECTOR('',#4419,10.);
#1248=VECTOR('',#4420,10.);
#1249=VECTOR('',#4421,10.);
#1250=VECTOR('',#4422,10.);
#1251=VECTOR('',#4423,10.);
#1252=VECTOR('',#4424,10.);
#1253=VECTOR('',#4427,10.);
#1254=VECTOR('',#4428,10.);
#1255=VECTOR('',#4429,10.);
#1256=VECTOR('',#4430,10.);
#1257=VECTOR('',#4431,10.);
#1258=VECTOR('',#4432,10.);
#1259=VECTOR('',#4433,10.);
#1260=VECTOR('',#4434,10.);
#1261=VECTOR('',#4435,10.);
#1262=VECTOR('',#4436,10.);
#1263=VECTOR('',#4437,10.);
#1264=VECTOR('',#4438,10.);
#1265=VECTOR('',#4439,10.);
#1266=VECTOR('',#4440,10.);
#1267=VECTOR('',#4441,10.);
#1268=VECTOR('',#4442,10.);
#1269=VECTOR('',#4443,10.);
#1270=VECTOR('',#4444,10.);
#1271=VECTOR('',#4445,10.);
#1272=VECTOR('',#4446,10.);
#1273=VECTOR('',#4447,10.);
#1274=VECTOR('',#4450,10.);
#1275=VECTOR('',#4451,10.);
#1276=VECTOR('',#4452,10.);
#1277=VECTOR('',#4455,10.);
#1278=VECTOR('',#4456,10.);
#1279=VECTOR('',#4459,10.);
#1280=VECTOR('',#4460,10.);
#1281=VECTOR('',#4463,10.);
#1282=VECTOR('',#4466,10.);
#1283=VECTOR('',#4467,10.);
#1284=VECTOR('',#4468,10.);
#1285=VECTOR('',#4471,10.);
#1286=VECTOR('',#4472,10.);
#1287=VECTOR('',#4475,10.);
#1288=VECTOR('',#4476,10.);
#1289=VECTOR('',#4479,10.);
#1290=VECTOR('',#4482,10.);
#1291=VECTOR('',#4483,10.);
#1292=VECTOR('',#4484,10.);
#1293=VECTOR('',#4487,10.);
#1294=VECTOR('',#4488,10.);
#1295=VECTOR('',#4491,10.);
#1296=VECTOR('',#4492,10.);
#1297=VECTOR('',#4495,10.);
#1298=VECTOR('',#4498,10.);
#1299=VECTOR('',#4499,10.);
#1300=VECTOR('',#4500,10.);
#1301=VECTOR('',#4503,10.);
#1302=VECTOR('',#4504,10.);
#1303=VECTOR('',#4507,10.);
#1304=VECTOR('',#4508,10.);
#1305=VECTOR('',#4511,10.);
#1306=VECTOR('',#4512,10.);
#1307=VECTOR('',#4513,10.);
#1308=VECTOR('',#4516,10.);
#1309=VECTOR('',#4517,10.);
#1310=VECTOR('',#4520,10.);
#1311=VECTOR('',#4521,10.);
#1312=VECTOR('',#4524,10.);
#1313=VECTOR('',#4527,10.);
#1314=VECTOR('',#4528,10.);
#1315=VECTOR('',#4529,10.);
#1316=VECTOR('',#4532,10.);
#1317=VECTOR('',#4533,10.);
#1318=VECTOR('',#4536,10.);
#1319=VECTOR('',#4537,10.);
#1320=VECTOR('',#4540,10.);
#1321=VECTOR('',#4543,10.);
#1322=VECTOR('',#4544,10.);
#1323=VECTOR('',#4545,10.);
#1324=VECTOR('',#4548,10.);
#1325=VECTOR('',#4549,10.);
#1326=VECTOR('',#4552,10.);
#1327=VECTOR('',#4553,10.);
#1328=VECTOR('',#4556,10.);
#1329=VECTOR('',#4559,10.);
#1330=VECTOR('',#4560,10.);
#1331=VECTOR('',#4561,10.);
#1332=VECTOR('',#4564,10.);
#1333=VECTOR('',#4565,10.);
#1334=VECTOR('',#4568,10.);
#1335=VECTOR('',#4569,10.);
#1336=VECTOR('',#4572,10.);
#1337=VECTOR('',#4575,10.);
#1338=VECTOR('',#4576,10.);
#1339=VECTOR('',#4577,10.);
#1340=VECTOR('',#4580,10.);
#1341=VECTOR('',#4581,10.);
#1342=VECTOR('',#4584,10.);
#1343=VECTOR('',#4585,10.);
#1344=VECTOR('',#4588,10.);
#1345=VECTOR('',#4591,10.);
#1346=VECTOR('',#4592,10.);
#1347=VECTOR('',#4593,10.);
#1348=VECTOR('',#4596,10.);
#1349=VECTOR('',#4597,10.);
#1350=VECTOR('',#4600,10.);
#1351=VECTOR('',#4601,10.);
#1352=VECTOR('',#4604,10.);
#1353=VECTOR('',#4607,10.);
#1354=VECTOR('',#4608,10.);
#1355=VECTOR('',#4613,10.);
#1356=VECTOR('',#4616,10.);
#1357=VECTOR('',#4617,10.);
#1358=VECTOR('',#4626,10.);
#1359=VECTOR('',#4627,10.);
#1360=VECTOR('',#4628,10.);
#1361=VECTOR('',#4631,10.);
#1362=VECTOR('',#4632,10.);
#1363=VECTOR('',#4633,10.);
#1364=VECTOR('',#4636,10.);
#1365=VECTOR('',#4637,10.);
#1366=VECTOR('',#4638,10.);
#1367=VECTOR('',#4639,10.);
#1368=VECTOR('',#4648,10.);
#1369=VECTOR('',#4651,10.);
#1370=VECTOR('',#4658,3.24999999999999);
#1371=VECTOR('',#4661,3.24999999999999);
#1372=VECTOR('',#4670,5.5);
#1373=VECTOR('',#4675,5.5);
#1374=VECTOR('',#4682,3.25);
#1375=VECTOR('',#4691,3.25);
#1376=VECTOR('',#4696,10.);
#1377=VECTOR('',#4697,10.);
#1378=VECTOR('',#4698,10.);
#1379=VECTOR('',#4705,5.25);
#1380=VERTEX_POINT('',#4717);
#1381=VERTEX_POINT('',#4718);
#1382=VERTEX_POINT('',#4720);
#1383=VERTEX_POINT('',#4722);
#1384=VERTEX_POINT('',#4726);
#1385=VERTEX_POINT('',#4728);
#1386=VERTEX_POINT('',#4737);
#1387=VERTEX_POINT('',#4739);
#1388=VERTEX_POINT('',#4760);
#1389=VERTEX_POINT('',#4763);
#1390=VERTEX_POINT('',#4770);
#1391=VERTEX_POINT('',#4787);
#1392=VERTEX_POINT('',#4790);
#1393=VERTEX_POINT('',#4794);
#1394=VERTEX_POINT('',#5034);
#1395=VERTEX_POINT('',#5035);
#1396=VERTEX_POINT('',#5037);
#1397=VERTEX_POINT('',#5044);
#1398=VERTEX_POINT('',#5207);
#1399=VERTEX_POINT('',#5208);
#1400=VERTEX_POINT('',#5210);
#1401=VERTEX_POINT('',#5217);
#1402=VERTEX_POINT('',#5380);
#1403=VERTEX_POINT('',#5381);
#1404=VERTEX_POINT('',#5392);
#1405=VERTEX_POINT('',#5394);
#1406=VERTEX_POINT('',#5398);
#1407=VERTEX_POINT('',#5403);
#1408=VERTEX_POINT('',#5726);
#1409=VERTEX_POINT('',#5727);
#1410=VERTEX_POINT('',#5738);
#1411=VERTEX_POINT('',#5754);
#1412=VERTEX_POINT('',#5755);
#1413=VERTEX_POINT('',#5757);
#1414=VERTEX_POINT('',#5767);
#1415=VERTEX_POINT('',#5768);
#1416=VERTEX_POINT('',#5770);
#1417=VERTEX_POINT('',#5777);
#1418=VERTEX_POINT('',#5940);
#1419=VERTEX_POINT('',#5941);
#1420=VERTEX_POINT('',#5956);
#1421=VERTEX_POINT('',#5960);
#1422=VERTEX_POINT('',#6130);
#1423=VERTEX_POINT('',#6135);
#1424=VERTEX_POINT('',#6150);
#1425=VERTEX_POINT('',#6170);
#1426=VERTEX_POINT('',#6177);
#1427=VERTEX_POINT('',#6178);
#1428=VERTEX_POINT('',#6183);
#1429=VERTEX_POINT('',#6185);
#1430=VERTEX_POINT('',#6187);
#1431=VERTEX_POINT('',#6191);
#1432=VERTEX_POINT('',#6192);
#1433=VERTEX_POINT('',#6197);
#1434=VERTEX_POINT('',#6205);
#1435=VERTEX_POINT('',#6209);
#1436=VERTEX_POINT('',#6218);
#1437=VERTEX_POINT('',#6220);
#1438=VERTEX_POINT('',#6222);
#1439=VERTEX_POINT('',#6226);
#1440=VERTEX_POINT('',#6228);
#1441=VERTEX_POINT('',#6230);
#1442=VERTEX_POINT('',#6232);
#1443=VERTEX_POINT('',#6544);
#1444=VERTEX_POINT('',#6549);
#1445=VERTEX_POINT('',#6556);
#1446=VERTEX_POINT('',#6573);
#1447=VERTEX_POINT('',#6574);
#1448=VERTEX_POINT('',#6576);
#1449=VERTEX_POINT('',#6742);
#1450=VERTEX_POINT('',#6743);
#1451=VERTEX_POINT('',#6775);
#1452=VERTEX_POINT('',#6782);
#1453=VERTEX_POINT('',#6783);
#1454=VERTEX_POINT('',#6788);
#1455=VERTEX_POINT('',#6790);
#1456=VERTEX_POINT('',#6794);
#1457=VERTEX_POINT('',#6805);
#1458=VERTEX_POINT('',#6834);
#1459=VERTEX_POINT('',#6836);
#1460=VERTEX_POINT('',#6838);
#1461=VERTEX_POINT('',#6864);
#1462=VERTEX_POINT('',#6868);
#1463=VERTEX_POINT('',#7179);
#1464=VERTEX_POINT('',#7198);
#1465=VERTEX_POINT('',#7199);
#1466=VERTEX_POINT('',#7201);
#1467=VERTEX_POINT('',#7208);
#1468=VERTEX_POINT('',#7210);
#1469=VERTEX_POINT('',#7215);
#1470=VERTEX_POINT('',#7219);
#1471=VERTEX_POINT('',#7220);
#1472=VERTEX_POINT('',#7225);
#1473=VERTEX_POINT('',#7233);
#1474=VERTEX_POINT('',#7545);
#1475=VERTEX_POINT('',#7546);
#1476=VERTEX_POINT('',#7551);
#1477=VERTEX_POINT('',#7553);
#1478=VERTEX_POINT('',#7558);
#1479=VERTEX_POINT('',#7568);
#1480=VERTEX_POINT('',#7570);
#1481=VERTEX_POINT('',#7573);
#1482=VERTEX_POINT('',#7575);
#1483=VERTEX_POINT('',#7579);
#1484=VERTEX_POINT('',#7590);
#1485=VERTEX_POINT('',#7591);
#1486=VERTEX_POINT('',#7606);
#1487=VERTEX_POINT('',#7610);
#1488=VERTEX_POINT('',#7627);
#1489=VERTEX_POINT('',#7632);
#1490=VERTEX_POINT('',#7634);
#1491=VERTEX_POINT('',#7794);
#1492=VERTEX_POINT('',#7827);
#1493=VERTEX_POINT('',#7828);
#1494=VERTEX_POINT('',#7830);
#1495=VERTEX_POINT('',#7832);
#1496=VERTEX_POINT('',#7839);
#1497=VERTEX_POINT('',#7850);
#1498=VERTEX_POINT('',#7854);
#1499=VERTEX_POINT('',#7863);
#1500=VERTEX_POINT('',#8180);
#1501=VERTEX_POINT('',#8181);
#1502=VERTEX_POINT('',#8190);
#1503=VERTEX_POINT('',#8201);
#1504=VERTEX_POINT('',#8215);
#1505=VERTEX_POINT('',#8216);
#1506=VERTEX_POINT('',#8219);
#1507=VERTEX_POINT('',#8221);
#1508=VERTEX_POINT('',#8233);
#1509=VERTEX_POINT('',#8234);
#1510=VERTEX_POINT('',#8239);
#1511=VERTEX_POINT('',#8241);
#1512=VERTEX_POINT('',#8245);
#1513=VERTEX_POINT('',#8250);
#1514=VERTEX_POINT('',#8254);
#1515=VERTEX_POINT('',#8256);
#1516=VERTEX_POINT('',#8258);
#1517=VERTEX_POINT('',#8432);
#1518=VERTEX_POINT('',#8434);
#1519=VERTEX_POINT('',#8606);
#1520=VERTEX_POINT('',#8619);
#1521=VERTEX_POINT('',#8620);
#1522=VERTEX_POINT('',#8625);
#1523=VERTEX_POINT('',#8629);
#1524=VERTEX_POINT('',#8630);
#1525=VERTEX_POINT('',#8636);
#1526=VERTEX_POINT('',#8793);
#1527=VERTEX_POINT('',#8953);
#1528=VERTEX_POINT('',#8954);
#1529=VERTEX_POINT('',#8959);
#1530=VERTEX_POINT('',#8964);
#1531=VERTEX_POINT('',#8971);
#1532=VERTEX_POINT('',#8972);
#1533=VERTEX_POINT('',#8978);
#1534=VERTEX_POINT('',#8987);
#1535=VERTEX_POINT('',#8988);
#1536=VERTEX_POINT('',#8990);
#1537=VERTEX_POINT('',#8997);
#1538=VERTEX_POINT('',#9160);
#1539=VERTEX_POINT('',#9161);
#1540=VERTEX_POINT('',#9163);
#1541=VERTEX_POINT('',#9165);
#1542=VERTEX_POINT('',#9172);
#1543=VERTEX_POINT('',#9177);
#1544=VERTEX_POINT('',#9181);
#1545=VERTEX_POINT('',#9186);
#1546=VERTEX_POINT('',#9503);
#1547=VERTEX_POINT('',#9504);
#1548=VERTEX_POINT('',#9509);
#1549=VERTEX_POINT('',#9514);
#1550=VERTEX_POINT('',#9524);
#1551=VERTEX_POINT('',#9526);
#1552=VERTEX_POINT('',#9531);
#1553=VERTEX_POINT('',#9533);
#1554=VERTEX_POINT('',#9542);
#1555=VERTEX_POINT('',#9543);
#1556=VERTEX_POINT('',#9548);
#1557=VERTEX_POINT('',#9550);
#1558=VERTEX_POINT('',#9554);
#1559=VERTEX_POINT('',#9559);
#1560=VERTEX_POINT('',#9569);
#1561=VERTEX_POINT('',#9570);
#1562=VERTEX_POINT('',#9572);
#1563=VERTEX_POINT('',#9883);
#1564=VERTEX_POINT('',#9884);
#1565=VERTEX_POINT('',#9889);
#1566=VERTEX_POINT('',#10049);
#1567=VERTEX_POINT('',#10050);
#1568=VERTEX_POINT('',#10071);
#1569=VERTEX_POINT('',#10079);
#1570=VERTEX_POINT('',#10081);
#1571=VERTEX_POINT('',#10115);
#1572=VERTEX_POINT('',#10122);
#1573=VERTEX_POINT('',#10157);
#1574=VERTEX_POINT('',#10159);
#1575=VERTEX_POINT('',#10161);
#1576=VERTEX_POINT('',#10163);
#1577=VERTEX_POINT('',#10167);
#1578=VERTEX_POINT('',#10169);
#1579=VERTEX_POINT('',#10171);
#1580=VERTEX_POINT('',#10376);
#1581=VERTEX_POINT('',#10378);
#1582=VERTEX_POINT('',#10380);
#1583=VERTEX_POINT('',#10401);
#1584=VERTEX_POINT('',#10403);
#1585=VERTEX_POINT('',#10411);
#1586=VERTEX_POINT('',#10425);
#1587=VERTEX_POINT('',#10436);
#1588=VERTEX_POINT('',#10457);
#1589=VERTEX_POINT('',#10458);
#1590=VERTEX_POINT('',#10495);
#1591=VERTEX_POINT('',#10496);
#1592=VERTEX_POINT('',#10534);
#1593=VERTEX_POINT('',#10535);
#1594=VERTEX_POINT('',#10537);
#1595=VERTEX_POINT('',#10542);
#1596=VERTEX_POINT('',#10543);
#1597=VERTEX_POINT('',#10611);
#1598=VERTEX_POINT('',#10616);
#1599=VERTEX_POINT('',#10621);
#1600=VERTEX_POINT('',#10623);
#1601=VERTEX_POINT('',#10628);
#1602=VERTEX_POINT('',#10633);
#1603=VERTEX_POINT('',#10703);
#1604=VERTEX_POINT('',#10707);
#1605=VERTEX_POINT('',#10709);
#1606=VERTEX_POINT('',#10711);
#1607=VERTEX_POINT('',#10713);
#1608=VERTEX_POINT('',#10715);
#1609=VERTEX_POINT('',#10717);
#1610=VERTEX_POINT('',#10719);
#1611=VERTEX_POINT('',#10721);
#1612=VERTEX_POINT('',#10723);
#1613=VERTEX_POINT('',#10725);
#1614=VERTEX_POINT('',#10727);
#1615=VERTEX_POINT('',#10729);
#1616=VERTEX_POINT('',#10731);
#1617=VERTEX_POINT('',#10733);
#1618=VERTEX_POINT('',#10735);
#1619=VERTEX_POINT('',#10737);
#1620=VERTEX_POINT('',#10739);
#1621=VERTEX_POINT('',#10741);
#1622=VERTEX_POINT('',#10743);
#1623=VERTEX_POINT('',#10745);
#1624=VERTEX_POINT('',#10749);
#1625=VERTEX_POINT('',#10751);
#1626=VERTEX_POINT('',#10753);
#1627=VERTEX_POINT('',#10755);
#1628=VERTEX_POINT('',#10757);
#1629=VERTEX_POINT('',#10759);
#1630=VERTEX_POINT('',#10761);
#1631=VERTEX_POINT('',#10763);
#1632=VERTEX_POINT('',#10765);
#1633=VERTEX_POINT('',#10767);
#1634=VERTEX_POINT('',#10769);
#1635=VERTEX_POINT('',#10771);
#1636=VERTEX_POINT('',#10773);
#1637=VERTEX_POINT('',#10775);
#1638=VERTEX_POINT('',#10777);
#1639=VERTEX_POINT('',#10779);
#1640=VERTEX_POINT('',#10781);
#1641=VERTEX_POINT('',#10783);
#1642=VERTEX_POINT('',#10785);
#1643=VERTEX_POINT('',#10787);
#1644=VERTEX_POINT('',#10791);
#1645=VERTEX_POINT('',#10793);
#1646=VERTEX_POINT('',#10797);
#1647=VERTEX_POINT('',#10801);
#1648=VERTEX_POINT('',#10807);
#1649=VERTEX_POINT('',#10809);
#1650=VERTEX_POINT('',#10813);
#1651=VERTEX_POINT('',#10817);
#1652=VERTEX_POINT('',#10823);
#1653=VERTEX_POINT('',#10825);
#1654=VERTEX_POINT('',#10829);
#1655=VERTEX_POINT('',#10833);
#1656=VERTEX_POINT('',#10839);
#1657=VERTEX_POINT('',#10841);
#1658=VERTEX_POINT('',#10845);
#1659=VERTEX_POINT('',#10849);
#1660=VERTEX_POINT('',#10853);
#1661=VERTEX_POINT('',#10855);
#1662=VERTEX_POINT('',#10859);
#1663=VERTEX_POINT('',#10863);
#1664=VERTEX_POINT('',#10869);
#1665=VERTEX_POINT('',#10871);
#1666=VERTEX_POINT('',#10875);
#1667=VERTEX_POINT('',#10879);
#1668=VERTEX_POINT('',#10885);
#1669=VERTEX_POINT('',#10887);
#1670=VERTEX_POINT('',#10891);
#1671=VERTEX_POINT('',#10895);
#1672=VERTEX_POINT('',#10901);
#1673=VERTEX_POINT('',#10903);
#1674=VERTEX_POINT('',#10907);
#1675=VERTEX_POINT('',#10911);
#1676=VERTEX_POINT('',#10917);
#1677=VERTEX_POINT('',#10919);
#1678=VERTEX_POINT('',#10923);
#1679=VERTEX_POINT('',#10927);
#1680=VERTEX_POINT('',#10933);
#1681=VERTEX_POINT('',#10935);
#1682=VERTEX_POINT('',#10939);
#1683=VERTEX_POINT('',#10943);
#1684=VERTEX_POINT('',#10947);
#1685=VERTEX_POINT('',#10954);
#1686=VERTEX_POINT('',#10956);
#1687=VERTEX_POINT('',#11007);
#1688=VERTEX_POINT('',#11014);
#1689=VERTEX_POINT('',#11016);
#1690=VERTEX_POINT('',#11067);
#1691=VERTEX_POINT('',#11093);
#1692=VERTEX_POINT('',#11121);
#1693=VERTEX_POINT('',#11122);
#1694=VERTEX_POINT('',#11124);
#1695=VERTEX_POINT('',#11126);
#1696=VERTEX_POINT('',#11133);
#1697=VERTEX_POINT('',#11134);
#1698=VERTEX_POINT('',#11139);
#1699=VERTEX_POINT('',#11141);
#1700=VERTEX_POINT('',#11145);
#1701=VERTEX_POINT('',#11147);
#1702=VERTEX_POINT('',#11151);
#1703=VERTEX_POINT('',#11154);
#1704=VERTEX_POINT('',#11155);
#1705=VERTEX_POINT('',#11281);
#1706=VERTEX_POINT('',#11288);
#1707=VERTEX_POINT('',#11303);
#1708=VERTEX_POINT('',#11529);
#1709=VERTEX_POINT('',#11531);
#1710=VERTEX_POINT('',#11533);
#1711=VERTEX_POINT('',#11583);
#1712=VERTEX_POINT('',#11585);
#1713=VERTEX_POINT('',#11587);
#1714=VERTEX_POINT('',#11637);
#1715=VERTEX_POINT('',#11640);
#1716=VERTEX_POINT('',#11644);
#1717=VERTEX_POINT('',#11647);
#1718=VERTEX_POINT('',#11651);
#1719=VERTEX_POINT('',#11652);
#1720=VERTEX_POINT('',#11667);
#1721=VERTEX_POINT('',#11933);
#1722=VERTEX_POINT('',#11934);
#1723=VERTEX_POINT('',#11986);
#1724=EDGE_CURVE('',#1380,#1381,#748,.T.);
#1725=EDGE_CURVE('',#1382,#1380,#749,.T.);
#1726=EDGE_CURVE('',#1383,#1382,#750,.T.);
#1727=EDGE_CURVE('',#1381,#1383,#751,.T.);
#1728=EDGE_CURVE('',#1384,#1381,#752,.T.);
#1729=EDGE_CURVE('',#1385,#1384,#166,.T.);
#1730=EDGE_CURVE('',#1385,#1380,#753,.T.);
#1731=EDGE_CURVE('',#1386,#1383,#754,.T.);
#1732=EDGE_CURVE('',#1387,#1386,#167,.T.);
#1733=EDGE_CURVE('',#1384,#1387,#168,.T.);
#1734=EDGE_CURVE('',#1388,#1388,#135,.T.);
#1735=EDGE_CURVE('',#1389,#1382,#755,.T.);
#1736=EDGE_CURVE('',#1386,#1389,#169,.T.);
#1737=EDGE_CURVE('',#1390,#1385,#170,.T.);
#1738=EDGE_CURVE('',#1389,#1390,#171,.T.);
#1739=EDGE_CURVE('',#1391,#1391,#136,.T.);
#1740=EDGE_CURVE('',#1392,#1392,#77,.T.);
#1741=EDGE_CURVE('',#1392,#1391,#756,.T.);
#1742=EDGE_CURVE('',#1393,#1393,#78,.T.);
#1743=EDGE_CURVE('',#1393,#1388,#757,.T.);
#1744=EDGE_CURVE('',#1394,#1395,#137,.T.);
#1745=EDGE_CURVE('',#1395,#1396,#758,.T.);
#1746=EDGE_CURVE('',#1396,#1394,#172,.T.);
#1747=EDGE_CURVE('',#1395,#1397,#138,.T.);
#1748=EDGE_CURVE('',#1397,#1396,#173,.T.);
#1749=EDGE_CURVE('',#1394,#1397,#759,.T.);
#1750=EDGE_CURVE('',#1398,#1399,#139,.T.);
#1751=EDGE_CURVE('',#1400,#1399,#760,.T.);
#1752=EDGE_CURVE('',#1400,#1398,#174,.T.);
#1753=EDGE_CURVE('',#1399,#1401,#140,.T.);
#1754=EDGE_CURVE('',#1401,#1400,#175,.T.);
#1755=EDGE_CURVE('',#1398,#1401,#761,.T.);
#1756=EDGE_CURVE('',#1402,#1403,#176,.T.);
#1757=EDGE_CURVE('',#1403,#1404,#762,.T.);
#1758=EDGE_CURVE('',#1404,#1405,#763,.T.);
#1759=EDGE_CURVE('',#1402,#1405,#764,.T.);
#1760=EDGE_CURVE('',#1403,#1406,#177,.T.);
#1761=EDGE_CURVE('',#1407,#1406,#765,.T.);
#1762=EDGE_CURVE('',#1407,#1404,#766,.T.);
#1763=EDGE_CURVE('',#1406,#1402,#178,.T.);
#1764=EDGE_CURVE('',#1405,#1407,#767,.T.);
#1765=EDGE_CURVE('',#1408,#1409,#179,.T.);
#1766=EDGE_CURVE('',#1410,#1408,#180,.T.);
#1767=EDGE_CURVE('',#1409,#1410,#181,.T.);
#1768=EDGE_CURVE('',#1411,#1412,#768,.T.);
#1769=EDGE_CURVE('',#1412,#1413,#769,.T.);
#1770=EDGE_CURVE('',#1413,#1411,#770,.T.);
#1771=EDGE_CURVE('',#1409,#1411,#771,.T.);
#1772=EDGE_CURVE('',#1413,#1408,#772,.T.);
#1773=EDGE_CURVE('',#1410,#1412,#773,.T.);
#1774=EDGE_CURVE('',#1414,#1415,#141,.T.);
#1775=EDGE_CURVE('',#1415,#1416,#182,.T.);
#1776=EDGE_CURVE('',#1414,#1416,#774,.T.);
#1777=EDGE_CURVE('',#1417,#1414,#142,.T.);
#1778=EDGE_CURVE('',#1416,#1417,#183,.T.);
#1779=EDGE_CURVE('',#1415,#1417,#775,.T.);
#1780=EDGE_CURVE('',#1418,#1419,#184,.T.);
#1781=EDGE_CURVE('',#1420,#1419,#776,.T.);
#1782=EDGE_CURVE('',#1420,#1418,#777,.T.);
#1783=EDGE_CURVE('',#1421,#1418,#185,.T.);
#1784=EDGE_CURVE('',#1421,#1420,#778,.T.);
#1785=EDGE_CURVE('',#1422,#1421,#186,.T.);
#1786=EDGE_CURVE('',#1423,#1422,#187,.T.);
#1787=EDGE_CURVE('',#1424,#1423,#188,.T.);
#1788=EDGE_CURVE('',#1419,#1424,#189,.T.);
#1789=EDGE_CURVE('',#1425,#1424,#779,.T.);
#1790=EDGE_CURVE('',#1422,#1425,#780,.T.);
#1791=EDGE_CURVE('',#1423,#1425,#781,.T.);
#1792=EDGE_CURVE('',#1426,#1427,#190,.T.);
#1793=EDGE_CURVE('',#1427,#1428,#782,.T.);
#1794=EDGE_CURVE('',#1428,#1429,#783,.T.);
#1795=EDGE_CURVE('',#1429,#1430,#143,.T.);
#1796=EDGE_CURVE('',#1430,#1426,#784,.T.);
#1797=EDGE_CURVE('',#1431,#1432,#191,.T.);
#1798=EDGE_CURVE('',#1432,#1433,#144,.T.);
#1799=EDGE_CURVE('',#1431,#1433,#785,.T.);
#1800=EDGE_CURVE('',#1427,#1431,#192,.T.);
#1801=EDGE_CURVE('',#1433,#1434,#145,.T.);
#1802=EDGE_CURVE('',#1434,#1428,#786,.T.);
#1803=EDGE_CURVE('',#1435,#1430,#79,.T.);
#1804=EDGE_CURVE('',#1426,#1435,#193,.T.);
#1805=EDGE_CURVE('',#1434,#1436,#787,.T.);
#1806=EDGE_CURVE('',#1436,#1437,#788,.T.);
#1807=EDGE_CURVE('',#1437,#1438,#789,.T.);
#1808=EDGE_CURVE('',#1438,#1429,#790,.T.);
#1809=EDGE_CURVE('',#1439,#1438,#146,.T.);
#1810=EDGE_CURVE('',#1439,#1440,#80,.T.);
#1811=EDGE_CURVE('',#1440,#1441,#791,.T.);
#1812=EDGE_CURVE('',#1442,#1441,#147,.T.);
#1813=EDGE_CURVE('',#1436,#1442,#148,.T.);
#1814=EDGE_CURVE('',#1435,#1432,#792,.T.);
#1815=EDGE_CURVE('',#1441,#1443,#194,.T.);
#1816=EDGE_CURVE('',#1440,#1444,#195,.T.);
#1817=EDGE_CURVE('',#1445,#1444,#196,.T.);
#1818=EDGE_CURVE('',#1443,#1445,#197,.T.);
#1819=EDGE_CURVE('',#1444,#1439,#793,.T.);
#1820=EDGE_CURVE('',#1445,#1437,#794,.T.);
#1821=EDGE_CURVE('',#1442,#1443,#795,.T.);
#1822=EDGE_CURVE('',#1446,#1447,#796,.T.);
#1823=EDGE_CURVE('',#1448,#1447,#797,.T.);
#1824=EDGE_CURVE('',#1448,#1446,#198,.T.);
#1825=EDGE_CURVE('',#1449,#1450,#199,.T.);
#1826=EDGE_CURVE('',#1446,#1449,#200,.T.);
#1827=EDGE_CURVE('',#1450,#1448,#201,.T.);
#1828=EDGE_CURVE('',#1451,#1449,#798,.T.);
#1829=EDGE_CURVE('',#1447,#1451,#799,.T.);
#1830=EDGE_CURVE('',#1450,#1451,#800,.T.);
#1831=EDGE_CURVE('',#1452,#1453,#202,.T.);
#1832=EDGE_CURVE('',#1453,#1454,#801,.T.);
#1833=EDGE_CURVE('',#1454,#1455,#802,.T.);
#1834=EDGE_CURVE('',#1452,#1455,#803,.T.);
#1835=EDGE_CURVE('',#1456,#1452,#203,.T.);
#1836=EDGE_CURVE('',#1455,#1457,#804,.T.);
#1837=EDGE_CURVE('',#1457,#1456,#805,.T.);
#1838=EDGE_CURVE('',#1456,#1453,#204,.T.);
#1839=EDGE_CURVE('',#1458,#1457,#806,.T.);
#1840=EDGE_CURVE('',#1459,#1458,#807,.T.);
#1841=EDGE_CURVE('',#1460,#1459,#205,.T.);
#1842=EDGE_CURVE('',#1461,#1460,#808,.T.);
#1843=EDGE_CURVE('',#1454,#1461,#809,.T.);
#1844=EDGE_CURVE('',#1461,#1462,#810,.T.);
#1845=EDGE_CURVE('',#1462,#1458,#811,.T.);
#1846=EDGE_CURVE('',#1463,#1459,#206,.T.);
#1847=EDGE_CURVE('',#1460,#1463,#207,.T.);
#1848=EDGE_CURVE('',#1462,#1463,#812,.T.);
#1849=EDGE_CURVE('',#1464,#1465,#149,.T.);
#1850=EDGE_CURVE('',#1465,#1466,#208,.T.);
#1851=EDGE_CURVE('',#1466,#1464,#813,.T.);
#1852=EDGE_CURVE('',#1467,#1464,#150,.T.);
#1853=EDGE_CURVE('',#1466,#1468,#209,.T.);
#1854=EDGE_CURVE('',#1469,#1468,#814,.T.);
#1855=EDGE_CURVE('',#1467,#1469,#815,.T.);
#1856=EDGE_CURVE('',#1470,#1471,#210,.T.);
#1857=EDGE_CURVE('',#1471,#1472,#151,.T.);
#1858=EDGE_CURVE('',#1472,#1470,#816,.T.);
#1859=EDGE_CURVE('',#1468,#1470,#211,.T.);
#1860=EDGE_CURVE('',#1472,#1473,#152,.T.);
#1861=EDGE_CURVE('',#1469,#1473,#817,.T.);
#1862=EDGE_CURVE('',#1471,#1465,#818,.T.);
#1863=EDGE_CURVE('',#1474,#1475,#212,.T.);
#1864=EDGE_CURVE('',#1474,#1476,#819,.T.);
#1865=EDGE_CURVE('',#1477,#1476,#213,.T.);
#1866=EDGE_CURVE('',#1478,#1477,#214,.T.);
#1867=EDGE_CURVE('',#1475,#1478,#215,.T.);
#1868=EDGE_CURVE('',#1479,#1474,#153,.T.);
#1869=EDGE_CURVE('',#1480,#1479,#154,.T.);
#1870=EDGE_CURVE('',#1473,#1480,#820,.T.);
#1871=EDGE_CURVE('',#1481,#1467,#821,.T.);
#1872=EDGE_CURVE('',#1482,#1481,#155,.T.);
#1873=EDGE_CURVE('',#1476,#1482,#156,.T.);
#1874=EDGE_CURVE('',#1483,#1480,#822,.T.);
#1875=EDGE_CURVE('',#1481,#1483,#823,.T.);
#1876=EDGE_CURVE('',#1477,#1482,#824,.T.);
#1877=EDGE_CURVE('',#1478,#1483,#825,.T.);
#1878=EDGE_CURVE('',#1475,#1479,#826,.T.);
#1879=EDGE_CURVE('',#1484,#1485,#216,.T.);
#1880=EDGE_CURVE('',#1485,#1486,#827,.T.);
#1881=EDGE_CURVE('',#1484,#1486,#828,.T.);
#1882=EDGE_CURVE('',#1487,#1484,#217,.T.);
#1883=EDGE_CURVE('',#1486,#1487,#829,.T.);
#1884=EDGE_CURVE('',#1485,#1488,#218,.T.);
#1885=EDGE_CURVE('',#1488,#1489,#830,.T.);
#1886=EDGE_CURVE('',#1489,#1490,#831,.T.);
#1887=EDGE_CURVE('',#1490,#1487,#219,.T.);
#1888=EDGE_CURVE('',#1491,#1490,#220,.T.);
#1889=EDGE_CURVE('',#1488,#1491,#221,.T.);
#1890=EDGE_CURVE('',#1491,#1489,#832,.T.);
#1891=EDGE_CURVE('',#1492,#1493,#833,.T.);
#1892=EDGE_CURVE('',#1494,#1493,#834,.T.);
#1893=EDGE_CURVE('',#1495,#1494,#835,.T.);
#1894=EDGE_CURVE('',#1495,#1492,#222,.T.);
#1895=EDGE_CURVE('',#1496,#1495,#223,.T.);
#1896=EDGE_CURVE('',#1497,#1494,#836,.T.);
#1897=EDGE_CURVE('',#1496,#1497,#837,.T.);
#1898=EDGE_CURVE('',#1498,#1496,#224,.T.);
#1899=EDGE_CURVE('',#1499,#1497,#838,.T.);
#1900=EDGE_CURVE('',#1499,#1498,#839,.T.);
#1901=EDGE_CURVE('',#1492,#1498,#225,.T.);
#1902=EDGE_CURVE('',#1500,#1501,#226,.T.);
#1903=EDGE_CURVE('',#1502,#1500,#227,.T.);
#1904=EDGE_CURVE('',#1503,#1502,#228,.T.);
#1905=EDGE_CURVE('',#1501,#1503,#229,.T.);
#1906=EDGE_CURVE('',#1504,#1505,#840,.T.);
#1907=EDGE_CURVE('',#1504,#1499,#841,.T.);
#1908=EDGE_CURVE('',#1493,#1506,#842,.T.);
#1909=EDGE_CURVE('',#1507,#1506,#843,.T.);
#1910=EDGE_CURVE('',#1505,#1507,#844,.T.);
#1911=EDGE_CURVE('',#1501,#1504,#845,.T.);
#1912=EDGE_CURVE('',#1506,#1503,#846,.T.);
#1913=EDGE_CURVE('',#1507,#1502,#847,.T.);
#1914=EDGE_CURVE('',#1500,#1505,#848,.T.);
#1915=EDGE_CURVE('',#1508,#1509,#230,.T.);
#1916=EDGE_CURVE('',#1510,#1509,#849,.T.);
#1917=EDGE_CURVE('',#1510,#1511,#850,.T.);
#1918=EDGE_CURVE('',#1511,#1508,#851,.T.);
#1919=EDGE_CURVE('',#1509,#1512,#231,.T.);
#1920=EDGE_CURVE('',#1512,#1513,#852,.T.);
#1921=EDGE_CURVE('',#1513,#1510,#853,.T.);
#1922=EDGE_CURVE('',#1514,#1511,#854,.T.);
#1923=EDGE_CURVE('',#1513,#1515,#855,.T.);
#1924=EDGE_CURVE('',#1515,#1516,#856,.T.);
#1925=EDGE_CURVE('',#1516,#1514,#857,.T.);
#1926=EDGE_CURVE('',#1508,#1512,#232,.T.);
#1927=EDGE_CURVE('',#1517,#1514,#858,.T.);
#1928=EDGE_CURVE('',#1518,#1517,#233,.T.);
#1929=EDGE_CURVE('',#1515,#1518,#859,.T.);
#1930=EDGE_CURVE('',#1519,#1517,#234,.T.);
#1931=EDGE_CURVE('',#1518,#1519,#235,.T.);
#1932=EDGE_CURVE('',#1519,#1516,#860,.T.);
#1933=EDGE_CURVE('',#1520,#1521,#236,.T.);
#1934=EDGE_CURVE('',#1521,#1522,#157,.T.);
#1935=EDGE_CURVE('',#1520,#1522,#861,.T.);
#1936=EDGE_CURVE('',#1523,#1524,#862,.T.);
#1937=EDGE_CURVE('',#1524,#1520,#237,.T.);
#1938=EDGE_CURVE('',#1522,#1525,#158,.T.);
#1939=EDGE_CURVE('',#1523,#1525,#863,.T.);
#1940=EDGE_CURVE('',#1526,#1524,#238,.T.);
#1941=EDGE_CURVE('',#1521,#1526,#864,.T.);
#1942=EDGE_CURVE('',#1527,#1528,#239,.T.);
#1943=EDGE_CURVE('',#1529,#1527,#240,.T.);
#1944=EDGE_CURVE('',#1529,#1530,#865,.T.);
#1945=EDGE_CURVE('',#1528,#1530,#241,.T.);
#1946=EDGE_CURVE('',#1531,#1532,#159,.T.);
#1947=EDGE_CURVE('',#1525,#1531,#866,.T.);
#1948=EDGE_CURVE('',#1530,#1526,#81,.T.);
#1949=EDGE_CURVE('',#1532,#1529,#160,.T.);
#1950=EDGE_CURVE('',#1533,#1531,#867,.T.);
#1951=EDGE_CURVE('',#1533,#1523,#868,.T.);
#1952=EDGE_CURVE('',#1528,#1533,#869,.T.);
#1953=EDGE_CURVE('',#1527,#1532,#870,.T.);
#1954=EDGE_CURVE('',#1534,#1535,#161,.T.);
#1955=EDGE_CURVE('',#1535,#1536,#242,.T.);
#1956=EDGE_CURVE('',#1534,#1536,#871,.T.);
#1957=EDGE_CURVE('',#1537,#1534,#162,.T.);
#1958=EDGE_CURVE('',#1536,#1537,#243,.T.);
#1959=EDGE_CURVE('',#1535,#1537,#872,.T.);
#1960=EDGE_CURVE('',#1538,#1539,#873,.T.);
#1961=EDGE_CURVE('',#1540,#1539,#874,.T.);
#1962=EDGE_CURVE('',#1540,#1541,#875,.T.);
#1963=EDGE_CURVE('',#1541,#1538,#244,.T.);
#1964=EDGE_CURVE('',#1542,#1541,#245,.T.);
#1965=EDGE_CURVE('',#1543,#1540,#876,.T.);
#1966=EDGE_CURVE('',#1542,#1543,#877,.T.);
#1967=EDGE_CURVE('',#1544,#1542,#246,.T.);
#1968=EDGE_CURVE('',#1545,#1543,#878,.T.);
#1969=EDGE_CURVE('',#1545,#1544,#879,.T.);
#1970=EDGE_CURVE('',#1538,#1544,#247,.T.);
#1971=EDGE_CURVE('',#1546,#1547,#248,.T.);
#1972=EDGE_CURVE('',#1548,#1546,#249,.T.);
#1973=EDGE_CURVE('',#1549,#1548,#250,.T.);
#1974=EDGE_CURVE('',#1547,#1549,#251,.T.);
#1975=EDGE_CURVE('',#1547,#1550,#880,.T.);
#1976=EDGE_CURVE('',#1551,#1549,#881,.T.);
#1977=EDGE_CURVE('',#1539,#1551,#882,.T.);
#1978=EDGE_CURVE('',#1550,#1545,#883,.T.);
#1979=EDGE_CURVE('',#1552,#1551,#884,.T.);
#1980=EDGE_CURVE('',#1553,#1552,#885,.T.);
#1981=EDGE_CURVE('',#1550,#1553,#886,.T.);
#1982=EDGE_CURVE('',#1552,#1548,#887,.T.);
#1983=EDGE_CURVE('',#1546,#1553,#888,.T.);
#1984=EDGE_CURVE('',#1554,#1555,#252,.T.);
#1985=EDGE_CURVE('',#1556,#1555,#889,.T.);
#1986=EDGE_CURVE('',#1556,#1557,#890,.T.);
#1987=EDGE_CURVE('',#1554,#1557,#891,.T.);
#1988=EDGE_CURVE('',#1555,#1558,#253,.T.);
#1989=EDGE_CURVE('',#1559,#1558,#892,.T.);
#1990=EDGE_CURVE('',#1559,#1556,#893,.T.);
#1991=EDGE_CURVE('',#1558,#1554,#254,.T.);
#1992=EDGE_CURVE('',#1557,#1559,#894,.T.);
#1993=EDGE_CURVE('',#1560,#1561,#895,.T.);
#1994=EDGE_CURVE('',#1561,#1562,#896,.T.);
#1995=EDGE_CURVE('',#1562,#1560,#897,.T.);
#1996=EDGE_CURVE('',#1563,#1564,#255,.T.);
#1997=EDGE_CURVE('',#1565,#1563,#256,.T.);
#1998=EDGE_CURVE('',#1564,#1565,#257,.T.);
#1999=EDGE_CURVE('',#1564,#1562,#898,.T.);
#2000=EDGE_CURVE('',#1561,#1563,#899,.T.);
#2001=EDGE_CURVE('',#1565,#1560,#900,.T.);
#2002=EDGE_CURVE('',#1566,#1567,#258,.T.);
#2003=EDGE_CURVE('',#1567,#1568,#259,.T.);
#2004=EDGE_CURVE('',#1569,#1568,#82,.T.);
#2005=EDGE_CURVE('',#1569,#1570,#260,.T.);
#2006=EDGE_CURVE('',#1570,#1569,#261,.T.);
#2007=EDGE_CURVE('',#1568,#1571,#262,.T.);
#2008=EDGE_CURVE('',#1571,#1572,#263,.T.);
#2009=EDGE_CURVE('',#1572,#1566,#264,.T.);
#2010=EDGE_CURVE('',#1573,#1566,#901,.T.);
#2011=EDGE_CURVE('',#1574,#1573,#902,.F.);
#2012=EDGE_CURVE('',#1575,#1574,#903,.T.);
#2013=EDGE_CURVE('',#1576,#1575,#904,.F.);
#2014=EDGE_CURVE('',#1567,#1576,#905,.T.);
#2015=EDGE_CURVE('',#1572,#1577,#906,.T.);
#2016=EDGE_CURVE('',#1578,#1577,#907,.T.);
#2017=EDGE_CURVE('',#1578,#1579,#265,.T.);
#2018=EDGE_CURVE('',#1573,#1579,#908,.T.);
#2019=EDGE_CURVE('',#1580,#1571,#909,.T.);
#2020=EDGE_CURVE('',#1581,#1580,#910,.F.);
#2021=EDGE_CURVE('',#1582,#1581,#911,.T.);
#2022=EDGE_CURVE('',#1577,#1582,#912,.F.);
#2023=EDGE_CURVE('',#1570,#1583,#913,.T.);
#2024=EDGE_CURVE('',#1583,#1584,#266,.T.);
#2025=EDGE_CURVE('',#1584,#1585,#267,.T.);
#2026=EDGE_CURVE('',#1585,#1586,#268,.T.);
#2027=EDGE_CURVE('',#1586,#1587,#269,.T.);
#2028=EDGE_CURVE('',#1587,#1583,#270,.T.);
#2029=EDGE_CURVE('',#1588,#1589,#271,.T.);
#2030=EDGE_CURVE('',#1589,#1588,#272,.T.);
#2031=EDGE_CURVE('',#1590,#1591,#273,.T.);
#2032=EDGE_CURVE('',#1591,#1590,#274,.T.);
#2033=EDGE_CURVE('',#1592,#1593,#83,.T.);
#2034=EDGE_CURVE('',#1593,#1594,#84,.T.);
#2035=EDGE_CURVE('',#1594,#1594,#85,.T.);
#2036=EDGE_CURVE('',#1593,#1592,#86,.T.);
#2037=EDGE_CURVE('',#1595,#1596,#275,.T.);
#2038=EDGE_CURVE('',#1596,#1597,#276,.T.);
#2039=EDGE_CURVE('',#1597,#1598,#277,.T.);
#2040=EDGE_CURVE('',#1599,#1598,#87,.T.);
#2041=EDGE_CURVE('',#1599,#1600,#278,.T.);
#2042=EDGE_CURVE('',#1600,#1601,#279,.T.);
#2043=EDGE_CURVE('',#1601,#1602,#280,.T.);
#2044=EDGE_CURVE('',#1602,#1595,#914,.T.);
#2045=EDGE_CURVE('',#1592,#1603,#915,.T.);
#2046=EDGE_CURVE('',#1603,#1603,#163,.T.);
#2047=EDGE_CURVE('',#1574,#1604,#916,.T.);
#2048=EDGE_CURVE('',#1605,#1604,#917,.T.);
#2049=EDGE_CURVE('',#1606,#1605,#918,.T.);
#2050=EDGE_CURVE('',#1607,#1606,#919,.T.);
#2051=EDGE_CURVE('',#1608,#1607,#920,.T.);
#2052=EDGE_CURVE('',#1609,#1608,#921,.T.);
#2053=EDGE_CURVE('',#1610,#1609,#922,.T.);
#2054=EDGE_CURVE('',#1611,#1610,#923,.T.);
#2055=EDGE_CURVE('',#1612,#1611,#924,.T.);
#2056=EDGE_CURVE('',#1613,#1612,#925,.T.);
#2057=EDGE_CURVE('',#1614,#1613,#926,.T.);
#2058=EDGE_CURVE('',#1615,#1614,#927,.T.);
#2059=EDGE_CURVE('',#1616,#1615,#928,.T.);
#2060=EDGE_CURVE('',#1617,#1616,#929,.T.);
#2061=EDGE_CURVE('',#1618,#1617,#930,.T.);
#2062=EDGE_CURVE('',#1619,#1618,#931,.T.);
#2063=EDGE_CURVE('',#1620,#1619,#932,.T.);
#2064=EDGE_CURVE('',#1621,#1620,#933,.T.);
#2065=EDGE_CURVE('',#1622,#1621,#934,.T.);
#2066=EDGE_CURVE('',#1623,#1622,#935,.T.);
#2067=EDGE_CURVE('',#1575,#1623,#936,.T.);
#2068=EDGE_CURVE('',#1581,#1624,#937,.T.);
#2069=EDGE_CURVE('',#1625,#1624,#938,.T.);
#2070=EDGE_CURVE('',#1626,#1625,#939,.T.);
#2071=EDGE_CURVE('',#1627,#1626,#940,.T.);
#2072=EDGE_CURVE('',#1628,#1627,#941,.T.);
#2073=EDGE_CURVE('',#1629,#1628,#942,.T.);
#2074=EDGE_CURVE('',#1630,#1629,#943,.T.);
#2075=EDGE_CURVE('',#1631,#1630,#944,.T.);
#2076=EDGE_CURVE('',#1632,#1631,#945,.T.);
#2077=EDGE_CURVE('',#1633,#1632,#946,.T.);
#2078=EDGE_CURVE('',#1634,#1633,#947,.T.);
#2079=EDGE_CURVE('',#1635,#1634,#948,.T.);
#2080=EDGE_CURVE('',#1636,#1635,#949,.T.);
#2081=EDGE_CURVE('',#1637,#1636,#950,.T.);
#2082=EDGE_CURVE('',#1638,#1637,#951,.T.);
#2083=EDGE_CURVE('',#1639,#1638,#952,.T.);
#2084=EDGE_CURVE('',#1640,#1639,#953,.T.);
#2085=EDGE_CURVE('',#1641,#1640,#954,.T.);
#2086=EDGE_CURVE('',#1642,#1641,#955,.T.);
#2087=EDGE_CURVE('',#1643,#1642,#956,.T.);
#2088=EDGE_CURVE('',#1582,#1643,#957,.T.);
#2089=EDGE_CURVE('',#1634,#1644,#958,.T.);
#2090=EDGE_CURVE('',#1645,#1644,#959,.T.);
#2091=EDGE_CURVE('',#1635,#1645,#960,.T.);
#2092=EDGE_CURVE('',#1646,#1645,#961,.T.);
#2093=EDGE_CURVE('',#1636,#1646,#962,.T.);
#2094=EDGE_CURVE('',#1633,#1647,#963,.T.);
#2095=EDGE_CURVE('',#1644,#1647,#964,.T.);
#2096=EDGE_CURVE('',#1647,#1646,#965,.T.);
#2097=EDGE_CURVE('',#1638,#1648,#966,.T.);
#2098=EDGE_CURVE('',#1649,#1648,#967,.T.);
#2099=EDGE_CURVE('',#1639,#1649,#968,.T.);
#2100=EDGE_CURVE('',#1650,#1649,#969,.T.);
#2101=EDGE_CURVE('',#1640,#1650,#970,.T.);
#2102=EDGE_CURVE('',#1637,#1651,#971,.T.);
#2103=EDGE_CURVE('',#1648,#1651,#972,.T.);
#2104=EDGE_CURVE('',#1651,#1650,#973,.T.);
#2105=EDGE_CURVE('',#1630,#1652,#974,.T.);
#2106=EDGE_CURVE('',#1653,#1652,#975,.T.);
#2107=EDGE_CURVE('',#1631,#1653,#976,.T.);
#2108=EDGE_CURVE('',#1654,#1653,#977,.T.);
#2109=EDGE_CURVE('',#1632,#1654,#978,.T.);
#2110=EDGE_CURVE('',#1629,#1655,#979,.T.);
#2111=EDGE_CURVE('',#1652,#1655,#980,.T.);
#2112=EDGE_CURVE('',#1655,#1654,#981,.T.);
#2113=EDGE_CURVE('',#1642,#1656,#982,.T.);
#2114=EDGE_CURVE('',#1657,#1656,#983,.T.);
#2115=EDGE_CURVE('',#1643,#1657,#984,.T.);
#2116=EDGE_CURVE('',#1641,#1658,#985,.T.);
#2117=EDGE_CURVE('',#1656,#1658,#986,.T.);
#2118=EDGE_CURVE('',#1658,#1659,#987,.T.);
#2119=EDGE_CURVE('',#1659,#1657,#988,.T.);
#2120=EDGE_CURVE('',#1626,#1660,#989,.T.);
#2121=EDGE_CURVE('',#1661,#1660,#990,.T.);
#2122=EDGE_CURVE('',#1627,#1661,#991,.T.);
#2123=EDGE_CURVE('',#1662,#1661,#992,.T.);
#2124=EDGE_CURVE('',#1628,#1662,#993,.T.);
#2125=EDGE_CURVE('',#1625,#1663,#994,.T.);
#2126=EDGE_CURVE('',#1660,#1663,#995,.T.);
#2127=EDGE_CURVE('',#1663,#1662,#996,.T.);
#2128=EDGE_CURVE('',#1614,#1664,#997,.T.);
#2129=EDGE_CURVE('',#1665,#1664,#998,.T.);
#2130=EDGE_CURVE('',#1615,#1665,#999,.T.);
#2131=EDGE_CURVE('',#1666,#1665,#1000,.T.);
#2132=EDGE_CURVE('',#1616,#1666,#1001,.T.);
#2133=EDGE_CURVE('',#1613,#1667,#1002,.T.);
#2134=EDGE_CURVE('',#1664,#1667,#1003,.T.);
#2135=EDGE_CURVE('',#1667,#1666,#1004,.T.);
#2136=EDGE_CURVE('',#1610,#1668,#1005,.T.);
#2137=EDGE_CURVE('',#1669,#1668,#1006,.T.);
#2138=EDGE_CURVE('',#1611,#1669,#1007,.T.);
#2139=EDGE_CURVE('',#1670,#1669,#1008,.T.);
#2140=EDGE_CURVE('',#1612,#1670,#1009,.T.);
#2141=EDGE_CURVE('',#1609,#1671,#1010,.T.);
#2142=EDGE_CURVE('',#1668,#1671,#1011,.T.);
#2143=EDGE_CURVE('',#1671,#1670,#1012,.T.);
#2144=EDGE_CURVE('',#1618,#1672,#1013,.T.);
#2145=EDGE_CURVE('',#1673,#1672,#1014,.T.);
#2146=EDGE_CURVE('',#1619,#1673,#1015,.T.);
#2147=EDGE_CURVE('',#1674,#1673,#1016,.T.);
#2148=EDGE_CURVE('',#1620,#1674,#1017,.T.);
#2149=EDGE_CURVE('',#1617,#1675,#1018,.T.);
#2150=EDGE_CURVE('',#1672,#1675,#1019,.T.);
#2151=EDGE_CURVE('',#1675,#1674,#1020,.T.);
#2152=EDGE_CURVE('',#1606,#1676,#1021,.T.);
#2153=EDGE_CURVE('',#1677,#1676,#1022,.T.);
#2154=EDGE_CURVE('',#1607,#1677,#1023,.T.);
#2155=EDGE_CURVE('',#1678,#1677,#1024,.T.);
#2156=EDGE_CURVE('',#1608,#1678,#1025,.T.);
#2157=EDGE_CURVE('',#1605,#1679,#1026,.T.);
#2158=EDGE_CURVE('',#1676,#1679,#1027,.T.);
#2159=EDGE_CURVE('',#1679,#1678,#1028,.T.);
#2160=EDGE_CURVE('',#1622,#1680,#1029,.T.);
#2161=EDGE_CURVE('',#1681,#1680,#1030,.T.);
#2162=EDGE_CURVE('',#1623,#1681,#1031,.T.);
#2163=EDGE_CURVE('',#1621,#1682,#1032,.T.);
#2164=EDGE_CURVE('',#1680,#1682,#1033,.T.);
#2165=EDGE_CURVE('',#1682,#1683,#1034,.T.);
#2166=EDGE_CURVE('',#1683,#1681,#1035,.T.);
#2167=EDGE_CURVE('',#1579,#1684,#281,.T.);
#2168=EDGE_CURVE('',#1604,#1684,#1036,.T.);
#2169=EDGE_CURVE('',#1685,#1576,#1037,.T.);
#2170=EDGE_CURVE('',#1686,#1683,#1038,.T.);
#2171=EDGE_CURVE('',#1686,#1685,#282,.T.);
#2172=EDGE_CURVE('',#1684,#1686,#283,.T.);
#2173=EDGE_CURVE('',#1687,#1659,#1039,.T.);
#2174=EDGE_CURVE('',#1687,#1578,#284,.T.);
#2175=EDGE_CURVE('',#1580,#1688,#1040,.T.);
#2176=EDGE_CURVE('',#1688,#1689,#285,.T.);
#2177=EDGE_CURVE('',#1624,#1689,#1041,.T.);
#2178=EDGE_CURVE('',#1689,#1687,#286,.T.);
#2179=EDGE_CURVE('',#1685,#1690,#287,.T.);
#2180=EDGE_CURVE('',#1690,#1691,#88,.T.);
#2181=EDGE_CURVE('',#1691,#1688,#288,.T.);
#2182=EDGE_CURVE('',#1692,#1693,#1042,.T.);
#2183=EDGE_CURVE('',#1694,#1692,#1043,.T.);
#2184=EDGE_CURVE('',#1694,#1695,#289,.T.);
#2185=EDGE_CURVE('',#1695,#1693,#1044,.T.);
#2186=EDGE_CURVE('',#1696,#1697,#290,.T.);
#2187=EDGE_CURVE('',#1697,#1698,#1045,.T.);
#2188=EDGE_CURVE('',#1699,#1698,#1046,.T.);
#2189=EDGE_CURVE('',#1696,#1699,#1047,.T.);
#2190=EDGE_CURVE('',#1698,#1700,#1048,.T.);
#2191=EDGE_CURVE('',#1700,#1701,#1049,.T.);
#2192=EDGE_CURVE('',#1701,#1692,#1050,.T.);
#2193=EDGE_CURVE('',#1693,#1699,#1051,.T.);
#2194=EDGE_CURVE('',#1702,#1702,#89,.T.);
#2195=EDGE_CURVE('',#1703,#1704,#291,.T.);
#2196=EDGE_CURVE('',#1704,#1703,#292,.T.);
#2197=EDGE_CURVE('',#1587,#1704,#293,.T.);
#2198=EDGE_CURVE('',#1703,#1586,#294,.T.);
#2199=EDGE_CURVE('',#1695,#1696,#295,.T.);
#2200=EDGE_CURVE('',#1697,#1705,#296,.T.);
#2201=EDGE_CURVE('',#1705,#1700,#1052,.T.);
#2202=EDGE_CURVE('',#1706,#1694,#297,.T.);
#2203=EDGE_CURVE('',#1706,#1701,#1053,.T.);
#2204=EDGE_CURVE('',#1705,#1706,#298,.T.);
#2205=EDGE_CURVE('',#1707,#1707,#90,.T.);
#2206=EDGE_CURVE('',#1707,#1591,#1054,.T.);
#2207=EDGE_CURVE('',#1589,#1702,#1055,.T.);
#2208=EDGE_CURVE('',#1704,#1584,#91,.T.);
#2209=EDGE_CURVE('',#1585,#1703,#92,.T.);
#2210=EDGE_CURVE('',#1708,#1708,#93,.T.);
#2211=EDGE_CURVE('',#1708,#1709,#1056,.T.);
#2212=EDGE_CURVE('',#1709,#1710,#299,.T.);
#2213=EDGE_CURVE('',#1710,#1709,#300,.T.);
#2214=EDGE_CURVE('',#1711,#1711,#94,.T.);
#2215=EDGE_CURVE('',#1711,#1712,#1057,.T.);
#2216=EDGE_CURVE('',#1712,#1713,#301,.T.);
#2217=EDGE_CURVE('',#1713,#1712,#302,.T.);
#2218=EDGE_CURVE('',#1714,#1714,#95,.T.);
#2219=EDGE_CURVE('',#1714,#1715,#1058,.T.);
#2220=EDGE_CURVE('',#1715,#1715,#164,.T.);
#2221=EDGE_CURVE('',#1716,#1716,#96,.T.);
#2222=EDGE_CURVE('',#1716,#1717,#1059,.T.);
#2223=EDGE_CURVE('',#1717,#1717,#165,.T.);
#2224=EDGE_CURVE('',#1718,#1719,#303,.T.);
#2225=EDGE_CURVE('',#1719,#1720,#1060,.T.);
#2226=EDGE_CURVE('',#1720,#1718,#304,.T.);
#2227=EDGE_CURVE('',#1598,#1691,#305,.T.);
#2228=EDGE_CURVE('',#1719,#1595,#1061,.T.);
#2229=EDGE_CURVE('',#1720,#1602,#1062,.T.);
#2230=EDGE_CURVE('',#1690,#1599,#306,.T.);
#2231=EDGE_CURVE('',#1721,#1722,#307,.T.);
#2232=EDGE_CURVE('',#1722,#1721,#308,.T.);
#2233=EDGE_CURVE('',#1723,#1723,#97,.T.);
#2234=EDGE_CURVE('',#1722,#1723,#1063,.T.);
#2235=ORIENTED_EDGE('',*,*,#1724,.F.);
#2236=ORIENTED_EDGE('',*,*,#1725,.F.);
#2237=ORIENTED_EDGE('',*,*,#1726,.F.);
#2238=ORIENTED_EDGE('',*,*,#1727,.F.);
#2239=ORIENTED_EDGE('',*,*,#1724,.T.);
#2240=ORIENTED_EDGE('',*,*,#1728,.F.);
#2241=ORIENTED_EDGE('',*,*,#1729,.F.);
#2242=ORIENTED_EDGE('',*,*,#1730,.T.);
#2243=ORIENTED_EDGE('',*,*,#1727,.T.);
#2244=ORIENTED_EDGE('',*,*,#1731,.F.);
#2245=ORIENTED_EDGE('',*,*,#1732,.F.);
#2246=ORIENTED_EDGE('',*,*,#1733,.F.);
#2247=ORIENTED_EDGE('',*,*,#1728,.T.);
#2248=ORIENTED_EDGE('',*,*,#1734,.F.);
#2249=ORIENTED_EDGE('',*,*,#1726,.T.);
#2250=ORIENTED_EDGE('',*,*,#1735,.F.);
#2251=ORIENTED_EDGE('',*,*,#1736,.F.);
#2252=ORIENTED_EDGE('',*,*,#1731,.T.);
#2253=ORIENTED_EDGE('',*,*,#1725,.T.);
#2254=ORIENTED_EDGE('',*,*,#1730,.F.);
#2255=ORIENTED_EDGE('',*,*,#1737,.F.);
#2256=ORIENTED_EDGE('',*,*,#1738,.F.);
#2257=ORIENTED_EDGE('',*,*,#1735,.T.);
#2258=ORIENTED_EDGE('',*,*,#1739,.F.);
#2259=ORIENTED_EDGE('',*,*,#1740,.F.);
#2260=ORIENTED_EDGE('',*,*,#1741,.T.);
#2261=ORIENTED_EDGE('',*,*,#1739,.T.);
#2262=ORIENTED_EDGE('',*,*,#1741,.F.);
#2263=ORIENTED_EDGE('',*,*,#1742,.F.);
#2264=ORIENTED_EDGE('',*,*,#1740,.T.);
#2265=ORIENTED_EDGE('',*,*,#1742,.T.);
#2266=ORIENTED_EDGE('',*,*,#1743,.T.);
#2267=ORIENTED_EDGE('',*,*,#1734,.T.);
#2268=ORIENTED_EDGE('',*,*,#1743,.F.);
#2269=ORIENTED_EDGE('',*,*,#1732,.T.);
#2270=ORIENTED_EDGE('',*,*,#1736,.T.);
#2271=ORIENTED_EDGE('',*,*,#1738,.T.);
#2272=ORIENTED_EDGE('',*,*,#1737,.T.);
#2273=ORIENTED_EDGE('',*,*,#1729,.T.);
#2274=ORIENTED_EDGE('',*,*,#1733,.T.);
#2275=ORIENTED_EDGE('',*,*,#1744,.T.);
#2276=ORIENTED_EDGE('',*,*,#1745,.T.);
#2277=ORIENTED_EDGE('',*,*,#1746,.T.);
#2278=ORIENTED_EDGE('',*,*,#1747,.T.);
#2279=ORIENTED_EDGE('',*,*,#1748,.T.);
#2280=ORIENTED_EDGE('',*,*,#1745,.F.);
#2281=ORIENTED_EDGE('',*,*,#1744,.F.);
#2282=ORIENTED_EDGE('',*,*,#1749,.T.);
#2283=ORIENTED_EDGE('',*,*,#1747,.F.);
#2284=ORIENTED_EDGE('',*,*,#1746,.F.);
#2285=ORIENTED_EDGE('',*,*,#1748,.F.);
#2286=ORIENTED_EDGE('',*,*,#1749,.F.);
#2287=ORIENTED_EDGE('',*,*,#1750,.T.);
#2288=ORIENTED_EDGE('',*,*,#1751,.F.);
#2289=ORIENTED_EDGE('',*,*,#1752,.T.);
#2290=ORIENTED_EDGE('',*,*,#1753,.T.);
#2291=ORIENTED_EDGE('',*,*,#1754,.T.);
#2292=ORIENTED_EDGE('',*,*,#1751,.T.);
#2293=ORIENTED_EDGE('',*,*,#1750,.F.);
#2294=ORIENTED_EDGE('',*,*,#1755,.T.);
#2295=ORIENTED_EDGE('',*,*,#1753,.F.);
#2296=ORIENTED_EDGE('',*,*,#1752,.F.);
#2297=ORIENTED_EDGE('',*,*,#1754,.F.);
#2298=ORIENTED_EDGE('',*,*,#1755,.F.);
#2299=ORIENTED_EDGE('',*,*,#1756,.T.);
#2300=ORIENTED_EDGE('',*,*,#1757,.T.);
#2301=ORIENTED_EDGE('',*,*,#1758,.T.);
#2302=ORIENTED_EDGE('',*,*,#1759,.F.);
#2303=ORIENTED_EDGE('',*,*,#1760,.T.);
#2304=ORIENTED_EDGE('',*,*,#1761,.F.);
#2305=ORIENTED_EDGE('',*,*,#1762,.T.);
#2306=ORIENTED_EDGE('',*,*,#1757,.F.);
#2307=ORIENTED_EDGE('',*,*,#1763,.T.);
#2308=ORIENTED_EDGE('',*,*,#1759,.T.);
#2309=ORIENTED_EDGE('',*,*,#1764,.T.);
#2310=ORIENTED_EDGE('',*,*,#1761,.T.);
#2311=ORIENTED_EDGE('',*,*,#1763,.F.);
#2312=ORIENTED_EDGE('',*,*,#1760,.F.);
#2313=ORIENTED_EDGE('',*,*,#1756,.F.);
#2314=ORIENTED_EDGE('',*,*,#1765,.F.);
#2315=ORIENTED_EDGE('',*,*,#1766,.F.);
#2316=ORIENTED_EDGE('',*,*,#1767,.F.);
#2317=ORIENTED_EDGE('',*,*,#1762,.F.);
#2318=ORIENTED_EDGE('',*,*,#1764,.F.);
#2319=ORIENTED_EDGE('',*,*,#1758,.F.);
#2320=ORIENTED_EDGE('',*,*,#1768,.T.);
#2321=ORIENTED_EDGE('',*,*,#1769,.T.);
#2322=ORIENTED_EDGE('',*,*,#1770,.T.);
#2323=ORIENTED_EDGE('',*,*,#1765,.T.);
#2324=ORIENTED_EDGE('',*,*,#1771,.T.);
#2325=ORIENTED_EDGE('',*,*,#1770,.F.);
#2326=ORIENTED_EDGE('',*,*,#1772,.T.);
#2327=ORIENTED_EDGE('',*,*,#1766,.T.);
#2328=ORIENTED_EDGE('',*,*,#1772,.F.);
#2329=ORIENTED_EDGE('',*,*,#1769,.F.);
#2330=ORIENTED_EDGE('',*,*,#1773,.F.);
#2331=ORIENTED_EDGE('',*,*,#1767,.T.);
#2332=ORIENTED_EDGE('',*,*,#1773,.T.);
#2333=ORIENTED_EDGE('',*,*,#1768,.F.);
#2334=ORIENTED_EDGE('',*,*,#1771,.F.);
#2335=ORIENTED_EDGE('',*,*,#1774,.T.);
#2336=ORIENTED_EDGE('',*,*,#1775,.T.);
#2337=ORIENTED_EDGE('',*,*,#1776,.F.);
#2338=ORIENTED_EDGE('',*,*,#1777,.T.);
#2339=ORIENTED_EDGE('',*,*,#1776,.T.);
#2340=ORIENTED_EDGE('',*,*,#1778,.T.);
#2341=ORIENTED_EDGE('',*,*,#1774,.F.);
#2342=ORIENTED_EDGE('',*,*,#1777,.F.);
#2343=ORIENTED_EDGE('',*,*,#1779,.F.);
#2344=ORIENTED_EDGE('',*,*,#1775,.F.);
#2345=ORIENTED_EDGE('',*,*,#1779,.T.);
#2346=ORIENTED_EDGE('',*,*,#1778,.F.);
#2347=ORIENTED_EDGE('',*,*,#1780,.T.);
#2348=ORIENTED_EDGE('',*,*,#1781,.F.);
#2349=ORIENTED_EDGE('',*,*,#1782,.T.);
#2350=ORIENTED_EDGE('',*,*,#1783,.T.);
#2351=ORIENTED_EDGE('',*,*,#1782,.F.);
#2352=ORIENTED_EDGE('',*,*,#1784,.F.);
#2353=ORIENTED_EDGE('',*,*,#1785,.F.);
#2354=ORIENTED_EDGE('',*,*,#1786,.F.);
#2355=ORIENTED_EDGE('',*,*,#1787,.F.);
#2356=ORIENTED_EDGE('',*,*,#1788,.F.);
#2357=ORIENTED_EDGE('',*,*,#1780,.F.);
#2358=ORIENTED_EDGE('',*,*,#1783,.F.);
#2359=ORIENTED_EDGE('',*,*,#1785,.T.);
#2360=ORIENTED_EDGE('',*,*,#1784,.T.);
#2361=ORIENTED_EDGE('',*,*,#1781,.T.);
#2362=ORIENTED_EDGE('',*,*,#1788,.T.);
#2363=ORIENTED_EDGE('',*,*,#1789,.F.);
#2364=ORIENTED_EDGE('',*,*,#1790,.F.);
#2365=ORIENTED_EDGE('',*,*,#1787,.T.);
#2366=ORIENTED_EDGE('',*,*,#1791,.T.);
#2367=ORIENTED_EDGE('',*,*,#1789,.T.);
#2368=ORIENTED_EDGE('',*,*,#1786,.T.);
#2369=ORIENTED_EDGE('',*,*,#1790,.T.);
#2370=ORIENTED_EDGE('',*,*,#1791,.F.);
#2371=ORIENTED_EDGE('',*,*,#1792,.T.);
#2372=ORIENTED_EDGE('',*,*,#1793,.T.);
#2373=ORIENTED_EDGE('',*,*,#1794,.T.);
#2374=ORIENTED_EDGE('',*,*,#1795,.T.);
#2375=ORIENTED_EDGE('',*,*,#1796,.T.);
#2376=ORIENTED_EDGE('',*,*,#1797,.T.);
#2377=ORIENTED_EDGE('',*,*,#1798,.T.);
#2378=ORIENTED_EDGE('',*,*,#1799,.F.);
#2379=ORIENTED_EDGE('',*,*,#1800,.T.);
#2380=ORIENTED_EDGE('',*,*,#1799,.T.);
#2381=ORIENTED_EDGE('',*,*,#1801,.T.);
#2382=ORIENTED_EDGE('',*,*,#1802,.T.);
#2383=ORIENTED_EDGE('',*,*,#1793,.F.);
#2384=ORIENTED_EDGE('',*,*,#1796,.F.);
#2385=ORIENTED_EDGE('',*,*,#1803,.F.);
#2386=ORIENTED_EDGE('',*,*,#1804,.F.);
#2387=ORIENTED_EDGE('',*,*,#1794,.F.);
#2388=ORIENTED_EDGE('',*,*,#1802,.F.);
#2389=ORIENTED_EDGE('',*,*,#1805,.T.);
#2390=ORIENTED_EDGE('',*,*,#1806,.T.);
#2391=ORIENTED_EDGE('',*,*,#1807,.T.);
#2392=ORIENTED_EDGE('',*,*,#1808,.T.);
#2393=ORIENTED_EDGE('',*,*,#1795,.F.);
#2394=ORIENTED_EDGE('',*,*,#1808,.F.);
#2395=ORIENTED_EDGE('',*,*,#1809,.F.);
#2396=ORIENTED_EDGE('',*,*,#1810,.T.);
#2397=ORIENTED_EDGE('',*,*,#1811,.T.);
#2398=ORIENTED_EDGE('',*,*,#1812,.F.);
#2399=ORIENTED_EDGE('',*,*,#1813,.F.);
#2400=ORIENTED_EDGE('',*,*,#1805,.F.);
#2401=ORIENTED_EDGE('',*,*,#1801,.F.);
#2402=ORIENTED_EDGE('',*,*,#1798,.F.);
#2403=ORIENTED_EDGE('',*,*,#1814,.F.);
#2404=ORIENTED_EDGE('',*,*,#1803,.T.);
#2405=ORIENTED_EDGE('',*,*,#1792,.F.);
#2406=ORIENTED_EDGE('',*,*,#1804,.T.);
#2407=ORIENTED_EDGE('',*,*,#1814,.T.);
#2408=ORIENTED_EDGE('',*,*,#1797,.F.);
#2409=ORIENTED_EDGE('',*,*,#1800,.F.);
#2410=ORIENTED_EDGE('',*,*,#1815,.F.);
#2411=ORIENTED_EDGE('',*,*,#1811,.F.);
#2412=ORIENTED_EDGE('',*,*,#1816,.T.);
#2413=ORIENTED_EDGE('',*,*,#1817,.F.);
#2414=ORIENTED_EDGE('',*,*,#1818,.F.);
#2415=ORIENTED_EDGE('',*,*,#1819,.F.);
#2416=ORIENTED_EDGE('',*,*,#1816,.F.);
#2417=ORIENTED_EDGE('',*,*,#1810,.F.);
#2418=ORIENTED_EDGE('',*,*,#1817,.T.);
#2419=ORIENTED_EDGE('',*,*,#1819,.T.);
#2420=ORIENTED_EDGE('',*,*,#1809,.T.);
#2421=ORIENTED_EDGE('',*,*,#1807,.F.);
#2422=ORIENTED_EDGE('',*,*,#1820,.F.);
#2423=ORIENTED_EDGE('',*,*,#1813,.T.);
#2424=ORIENTED_EDGE('',*,*,#1821,.T.);
#2425=ORIENTED_EDGE('',*,*,#1818,.T.);
#2426=ORIENTED_EDGE('',*,*,#1820,.T.);
#2427=ORIENTED_EDGE('',*,*,#1806,.F.);
#2428=ORIENTED_EDGE('',*,*,#1812,.T.);
#2429=ORIENTED_EDGE('',*,*,#1815,.T.);
#2430=ORIENTED_EDGE('',*,*,#1821,.F.);
#2431=ORIENTED_EDGE('',*,*,#1822,.T.);
#2432=ORIENTED_EDGE('',*,*,#1823,.F.);
#2433=ORIENTED_EDGE('',*,*,#1824,.T.);
#2434=ORIENTED_EDGE('',*,*,#1825,.F.);
#2435=ORIENTED_EDGE('',*,*,#1826,.F.);
#2436=ORIENTED_EDGE('',*,*,#1824,.F.);
#2437=ORIENTED_EDGE('',*,*,#1827,.F.);
#2438=ORIENTED_EDGE('',*,*,#1828,.F.);
#2439=ORIENTED_EDGE('',*,*,#1829,.F.);
#2440=ORIENTED_EDGE('',*,*,#1822,.F.);
#2441=ORIENTED_EDGE('',*,*,#1826,.T.);
#2442=ORIENTED_EDGE('',*,*,#1829,.T.);
#2443=ORIENTED_EDGE('',*,*,#1830,.F.);
#2444=ORIENTED_EDGE('',*,*,#1827,.T.);
#2445=ORIENTED_EDGE('',*,*,#1823,.T.);
#2446=ORIENTED_EDGE('',*,*,#1828,.T.);
#2447=ORIENTED_EDGE('',*,*,#1825,.T.);
#2448=ORIENTED_EDGE('',*,*,#1830,.T.);
#2449=ORIENTED_EDGE('',*,*,#1831,.T.);
#2450=ORIENTED_EDGE('',*,*,#1832,.T.);
#2451=ORIENTED_EDGE('',*,*,#1833,.T.);
#2452=ORIENTED_EDGE('',*,*,#1834,.F.);
#2453=ORIENTED_EDGE('',*,*,#1835,.T.);
#2454=ORIENTED_EDGE('',*,*,#1834,.T.);
#2455=ORIENTED_EDGE('',*,*,#1836,.T.);
#2456=ORIENTED_EDGE('',*,*,#1837,.T.);
#2457=ORIENTED_EDGE('',*,*,#1832,.F.);
#2458=ORIENTED_EDGE('',*,*,#1838,.F.);
#2459=ORIENTED_EDGE('',*,*,#1837,.F.);
#2460=ORIENTED_EDGE('',*,*,#1839,.F.);
#2461=ORIENTED_EDGE('',*,*,#1840,.F.);
#2462=ORIENTED_EDGE('',*,*,#1841,.F.);
#2463=ORIENTED_EDGE('',*,*,#1842,.F.);
#2464=ORIENTED_EDGE('',*,*,#1843,.F.);
#2465=ORIENTED_EDGE('',*,*,#1833,.F.);
#2466=ORIENTED_EDGE('',*,*,#1843,.T.);
#2467=ORIENTED_EDGE('',*,*,#1844,.T.);
#2468=ORIENTED_EDGE('',*,*,#1845,.T.);
#2469=ORIENTED_EDGE('',*,*,#1839,.T.);
#2470=ORIENTED_EDGE('',*,*,#1836,.F.);
#2471=ORIENTED_EDGE('',*,*,#1831,.F.);
#2472=ORIENTED_EDGE('',*,*,#1835,.F.);
#2473=ORIENTED_EDGE('',*,*,#1838,.T.);
#2474=ORIENTED_EDGE('',*,*,#1846,.F.);
#2475=ORIENTED_EDGE('',*,*,#1847,.F.);
#2476=ORIENTED_EDGE('',*,*,#1841,.T.);
#2477=ORIENTED_EDGE('',*,*,#1847,.T.);
#2478=ORIENTED_EDGE('',*,*,#1848,.F.);
#2479=ORIENTED_EDGE('',*,*,#1844,.F.);
#2480=ORIENTED_EDGE('',*,*,#1842,.T.);
#2481=ORIENTED_EDGE('',*,*,#1840,.T.);
#2482=ORIENTED_EDGE('',*,*,#1845,.F.);
#2483=ORIENTED_EDGE('',*,*,#1848,.T.);
#2484=ORIENTED_EDGE('',*,*,#1846,.T.);
#2485=ORIENTED_EDGE('',*,*,#1849,.T.);
#2486=ORIENTED_EDGE('',*,*,#1850,.T.);
#2487=ORIENTED_EDGE('',*,*,#1851,.T.);
#2488=ORIENTED_EDGE('',*,*,#1852,.T.);
#2489=ORIENTED_EDGE('',*,*,#1851,.F.);
#2490=ORIENTED_EDGE('',*,*,#1853,.T.);
#2491=ORIENTED_EDGE('',*,*,#1854,.F.);
#2492=ORIENTED_EDGE('',*,*,#1855,.F.);
#2493=ORIENTED_EDGE('',*,*,#1856,.T.);
#2494=ORIENTED_EDGE('',*,*,#1857,.T.);
#2495=ORIENTED_EDGE('',*,*,#1858,.T.);
#2496=ORIENTED_EDGE('',*,*,#1859,.T.);
#2497=ORIENTED_EDGE('',*,*,#1858,.F.);
#2498=ORIENTED_EDGE('',*,*,#1860,.T.);
#2499=ORIENTED_EDGE('',*,*,#1861,.F.);
#2500=ORIENTED_EDGE('',*,*,#1854,.T.);
#2501=ORIENTED_EDGE('',*,*,#1850,.F.);
#2502=ORIENTED_EDGE('',*,*,#1862,.F.);
#2503=ORIENTED_EDGE('',*,*,#1856,.F.);
#2504=ORIENTED_EDGE('',*,*,#1859,.F.);
#2505=ORIENTED_EDGE('',*,*,#1853,.F.);
#2506=ORIENTED_EDGE('',*,*,#1863,.F.);
#2507=ORIENTED_EDGE('',*,*,#1864,.T.);
#2508=ORIENTED_EDGE('',*,*,#1865,.F.);
#2509=ORIENTED_EDGE('',*,*,#1866,.F.);
#2510=ORIENTED_EDGE('',*,*,#1867,.F.);
#2511=ORIENTED_EDGE('',*,*,#1868,.F.);
#2512=ORIENTED_EDGE('',*,*,#1869,.F.);
#2513=ORIENTED_EDGE('',*,*,#1870,.F.);
#2514=ORIENTED_EDGE('',*,*,#1860,.F.);
#2515=ORIENTED_EDGE('',*,*,#1857,.F.);
#2516=ORIENTED_EDGE('',*,*,#1862,.T.);
#2517=ORIENTED_EDGE('',*,*,#1849,.F.);
#2518=ORIENTED_EDGE('',*,*,#1852,.F.);
#2519=ORIENTED_EDGE('',*,*,#1871,.F.);
#2520=ORIENTED_EDGE('',*,*,#1872,.F.);
#2521=ORIENTED_EDGE('',*,*,#1873,.F.);
#2522=ORIENTED_EDGE('',*,*,#1864,.F.);
#2523=ORIENTED_EDGE('',*,*,#1874,.F.);
#2524=ORIENTED_EDGE('',*,*,#1875,.F.);
#2525=ORIENTED_EDGE('',*,*,#1871,.T.);
#2526=ORIENTED_EDGE('',*,*,#1855,.T.);
#2527=ORIENTED_EDGE('',*,*,#1861,.T.);
#2528=ORIENTED_EDGE('',*,*,#1870,.T.);
#2529=ORIENTED_EDGE('',*,*,#1866,.T.);
#2530=ORIENTED_EDGE('',*,*,#1876,.T.);
#2531=ORIENTED_EDGE('',*,*,#1872,.T.);
#2532=ORIENTED_EDGE('',*,*,#1875,.T.);
#2533=ORIENTED_EDGE('',*,*,#1877,.F.);
#2534=ORIENTED_EDGE('',*,*,#1865,.T.);
#2535=ORIENTED_EDGE('',*,*,#1873,.T.);
#2536=ORIENTED_EDGE('',*,*,#1876,.F.);
#2537=ORIENTED_EDGE('',*,*,#1867,.T.);
#2538=ORIENTED_EDGE('',*,*,#1877,.T.);
#2539=ORIENTED_EDGE('',*,*,#1874,.T.);
#2540=ORIENTED_EDGE('',*,*,#1869,.T.);
#2541=ORIENTED_EDGE('',*,*,#1878,.F.);
#2542=ORIENTED_EDGE('',*,*,#1863,.T.);
#2543=ORIENTED_EDGE('',*,*,#1878,.T.);
#2544=ORIENTED_EDGE('',*,*,#1868,.T.);
#2545=ORIENTED_EDGE('',*,*,#1879,.T.);
#2546=ORIENTED_EDGE('',*,*,#1880,.T.);
#2547=ORIENTED_EDGE('',*,*,#1881,.F.);
#2548=ORIENTED_EDGE('',*,*,#1882,.T.);
#2549=ORIENTED_EDGE('',*,*,#1881,.T.);
#2550=ORIENTED_EDGE('',*,*,#1883,.T.);
#2551=ORIENTED_EDGE('',*,*,#1884,.T.);
#2552=ORIENTED_EDGE('',*,*,#1885,.T.);
#2553=ORIENTED_EDGE('',*,*,#1886,.T.);
#2554=ORIENTED_EDGE('',*,*,#1887,.T.);
#2555=ORIENTED_EDGE('',*,*,#1883,.F.);
#2556=ORIENTED_EDGE('',*,*,#1880,.F.);
#2557=ORIENTED_EDGE('',*,*,#1884,.F.);
#2558=ORIENTED_EDGE('',*,*,#1879,.F.);
#2559=ORIENTED_EDGE('',*,*,#1882,.F.);
#2560=ORIENTED_EDGE('',*,*,#1887,.F.);
#2561=ORIENTED_EDGE('',*,*,#1888,.F.);
#2562=ORIENTED_EDGE('',*,*,#1889,.F.);
#2563=ORIENTED_EDGE('',*,*,#1889,.T.);
#2564=ORIENTED_EDGE('',*,*,#1890,.T.);
#2565=ORIENTED_EDGE('',*,*,#1885,.F.);
#2566=ORIENTED_EDGE('',*,*,#1888,.T.);
#2567=ORIENTED_EDGE('',*,*,#1886,.F.);
#2568=ORIENTED_EDGE('',*,*,#1890,.F.);
#2569=ORIENTED_EDGE('',*,*,#1891,.T.);
#2570=ORIENTED_EDGE('',*,*,#1892,.F.);
#2571=ORIENTED_EDGE('',*,*,#1893,.F.);
#2572=ORIENTED_EDGE('',*,*,#1894,.T.);
#2573=ORIENTED_EDGE('',*,*,#1895,.T.);
#2574=ORIENTED_EDGE('',*,*,#1893,.T.);
#2575=ORIENTED_EDGE('',*,*,#1896,.F.);
#2576=ORIENTED_EDGE('',*,*,#1897,.F.);
#2577=ORIENTED_EDGE('',*,*,#1898,.T.);
#2578=ORIENTED_EDGE('',*,*,#1897,.T.);
#2579=ORIENTED_EDGE('',*,*,#1899,.F.);
#2580=ORIENTED_EDGE('',*,*,#1900,.T.);
#2581=ORIENTED_EDGE('',*,*,#1894,.F.);
#2582=ORIENTED_EDGE('',*,*,#1895,.F.);
#2583=ORIENTED_EDGE('',*,*,#1898,.F.);
#2584=ORIENTED_EDGE('',*,*,#1901,.F.);
#2585=ORIENTED_EDGE('',*,*,#1902,.F.);
#2586=ORIENTED_EDGE('',*,*,#1903,.F.);
#2587=ORIENTED_EDGE('',*,*,#1904,.F.);
#2588=ORIENTED_EDGE('',*,*,#1905,.F.);
#2589=ORIENTED_EDGE('',*,*,#1906,.F.);
#2590=ORIENTED_EDGE('',*,*,#1907,.T.);
#2591=ORIENTED_EDGE('',*,*,#1899,.T.);
#2592=ORIENTED_EDGE('',*,*,#1896,.T.);
#2593=ORIENTED_EDGE('',*,*,#1892,.T.);
#2594=ORIENTED_EDGE('',*,*,#1908,.T.);
#2595=ORIENTED_EDGE('',*,*,#1909,.F.);
#2596=ORIENTED_EDGE('',*,*,#1910,.F.);
#2597=ORIENTED_EDGE('',*,*,#1911,.F.);
#2598=ORIENTED_EDGE('',*,*,#1905,.T.);
#2599=ORIENTED_EDGE('',*,*,#1912,.F.);
#2600=ORIENTED_EDGE('',*,*,#1908,.F.);
#2601=ORIENTED_EDGE('',*,*,#1891,.F.);
#2602=ORIENTED_EDGE('',*,*,#1901,.T.);
#2603=ORIENTED_EDGE('',*,*,#1900,.F.);
#2604=ORIENTED_EDGE('',*,*,#1907,.F.);
#2605=ORIENTED_EDGE('',*,*,#1904,.T.);
#2606=ORIENTED_EDGE('',*,*,#1913,.F.);
#2607=ORIENTED_EDGE('',*,*,#1909,.T.);
#2608=ORIENTED_EDGE('',*,*,#1912,.T.);
#2609=ORIENTED_EDGE('',*,*,#1903,.T.);
#2610=ORIENTED_EDGE('',*,*,#1914,.T.);
#2611=ORIENTED_EDGE('',*,*,#1910,.T.);
#2612=ORIENTED_EDGE('',*,*,#1913,.T.);
#2613=ORIENTED_EDGE('',*,*,#1902,.T.);
#2614=ORIENTED_EDGE('',*,*,#1911,.T.);
#2615=ORIENTED_EDGE('',*,*,#1906,.T.);
#2616=ORIENTED_EDGE('',*,*,#1914,.F.);
#2617=ORIENTED_EDGE('',*,*,#1915,.T.);
#2618=ORIENTED_EDGE('',*,*,#1916,.F.);
#2619=ORIENTED_EDGE('',*,*,#1917,.T.);
#2620=ORIENTED_EDGE('',*,*,#1918,.T.);
#2621=ORIENTED_EDGE('',*,*,#1919,.T.);
#2622=ORIENTED_EDGE('',*,*,#1920,.T.);
#2623=ORIENTED_EDGE('',*,*,#1921,.T.);
#2624=ORIENTED_EDGE('',*,*,#1916,.T.);
#2625=ORIENTED_EDGE('',*,*,#1922,.T.);
#2626=ORIENTED_EDGE('',*,*,#1917,.F.);
#2627=ORIENTED_EDGE('',*,*,#1921,.F.);
#2628=ORIENTED_EDGE('',*,*,#1923,.T.);
#2629=ORIENTED_EDGE('',*,*,#1924,.T.);
#2630=ORIENTED_EDGE('',*,*,#1925,.T.);
#2631=ORIENTED_EDGE('',*,*,#1915,.F.);
#2632=ORIENTED_EDGE('',*,*,#1926,.T.);
#2633=ORIENTED_EDGE('',*,*,#1919,.F.);
#2634=ORIENTED_EDGE('',*,*,#1918,.F.);
#2635=ORIENTED_EDGE('',*,*,#1922,.F.);
#2636=ORIENTED_EDGE('',*,*,#1927,.F.);
#2637=ORIENTED_EDGE('',*,*,#1928,.F.);
#2638=ORIENTED_EDGE('',*,*,#1929,.F.);
#2639=ORIENTED_EDGE('',*,*,#1923,.F.);
#2640=ORIENTED_EDGE('',*,*,#1920,.F.);
#2641=ORIENTED_EDGE('',*,*,#1926,.F.);
#2642=ORIENTED_EDGE('',*,*,#1930,.F.);
#2643=ORIENTED_EDGE('',*,*,#1931,.F.);
#2644=ORIENTED_EDGE('',*,*,#1928,.T.);
#2645=ORIENTED_EDGE('',*,*,#1929,.T.);
#2646=ORIENTED_EDGE('',*,*,#1931,.T.);
#2647=ORIENTED_EDGE('',*,*,#1932,.T.);
#2648=ORIENTED_EDGE('',*,*,#1924,.F.);
#2649=ORIENTED_EDGE('',*,*,#1927,.T.);
#2650=ORIENTED_EDGE('',*,*,#1925,.F.);
#2651=ORIENTED_EDGE('',*,*,#1932,.F.);
#2652=ORIENTED_EDGE('',*,*,#1930,.T.);
#2653=ORIENTED_EDGE('',*,*,#1933,.T.);
#2654=ORIENTED_EDGE('',*,*,#1934,.T.);
#2655=ORIENTED_EDGE('',*,*,#1935,.F.);
#2656=ORIENTED_EDGE('',*,*,#1936,.T.);
#2657=ORIENTED_EDGE('',*,*,#1937,.T.);
#2658=ORIENTED_EDGE('',*,*,#1935,.T.);
#2659=ORIENTED_EDGE('',*,*,#1938,.T.);
#2660=ORIENTED_EDGE('',*,*,#1939,.F.);
#2661=ORIENTED_EDGE('',*,*,#1937,.F.);
#2662=ORIENTED_EDGE('',*,*,#1940,.F.);
#2663=ORIENTED_EDGE('',*,*,#1941,.F.);
#2664=ORIENTED_EDGE('',*,*,#1933,.F.);
#2665=ORIENTED_EDGE('',*,*,#1942,.F.);
#2666=ORIENTED_EDGE('',*,*,#1943,.F.);
#2667=ORIENTED_EDGE('',*,*,#1944,.T.);
#2668=ORIENTED_EDGE('',*,*,#1945,.F.);
#2669=ORIENTED_EDGE('',*,*,#1946,.F.);
#2670=ORIENTED_EDGE('',*,*,#1947,.F.);
#2671=ORIENTED_EDGE('',*,*,#1938,.F.);
#2672=ORIENTED_EDGE('',*,*,#1934,.F.);
#2673=ORIENTED_EDGE('',*,*,#1941,.T.);
#2674=ORIENTED_EDGE('',*,*,#1948,.F.);
#2675=ORIENTED_EDGE('',*,*,#1944,.F.);
#2676=ORIENTED_EDGE('',*,*,#1949,.F.);
#2677=ORIENTED_EDGE('',*,*,#1950,.F.);
#2678=ORIENTED_EDGE('',*,*,#1951,.T.);
#2679=ORIENTED_EDGE('',*,*,#1939,.T.);
#2680=ORIENTED_EDGE('',*,*,#1947,.T.);
#2681=ORIENTED_EDGE('',*,*,#1952,.F.);
#2682=ORIENTED_EDGE('',*,*,#1945,.T.);
#2683=ORIENTED_EDGE('',*,*,#1948,.T.);
#2684=ORIENTED_EDGE('',*,*,#1940,.T.);
#2685=ORIENTED_EDGE('',*,*,#1936,.F.);
#2686=ORIENTED_EDGE('',*,*,#1951,.F.);
#2687=ORIENTED_EDGE('',*,*,#1949,.T.);
#2688=ORIENTED_EDGE('',*,*,#1943,.T.);
#2689=ORIENTED_EDGE('',*,*,#1953,.T.);
#2690=ORIENTED_EDGE('',*,*,#1952,.T.);
#2691=ORIENTED_EDGE('',*,*,#1950,.T.);
#2692=ORIENTED_EDGE('',*,*,#1946,.T.);
#2693=ORIENTED_EDGE('',*,*,#1953,.F.);
#2694=ORIENTED_EDGE('',*,*,#1942,.T.);
#2695=ORIENTED_EDGE('',*,*,#1954,.T.);
#2696=ORIENTED_EDGE('',*,*,#1955,.T.);
#2697=ORIENTED_EDGE('',*,*,#1956,.F.);
#2698=ORIENTED_EDGE('',*,*,#1957,.T.);
#2699=ORIENTED_EDGE('',*,*,#1956,.T.);
#2700=ORIENTED_EDGE('',*,*,#1958,.T.);
#2701=ORIENTED_EDGE('',*,*,#1955,.F.);
#2702=ORIENTED_EDGE('',*,*,#1959,.T.);
#2703=ORIENTED_EDGE('',*,*,#1958,.F.);
#2704=ORIENTED_EDGE('',*,*,#1954,.F.);
#2705=ORIENTED_EDGE('',*,*,#1957,.F.);
#2706=ORIENTED_EDGE('',*,*,#1959,.F.);
#2707=ORIENTED_EDGE('',*,*,#1960,.T.);
#2708=ORIENTED_EDGE('',*,*,#1961,.F.);
#2709=ORIENTED_EDGE('',*,*,#1962,.T.);
#2710=ORIENTED_EDGE('',*,*,#1963,.T.);
#2711=ORIENTED_EDGE('',*,*,#1964,.T.);
#2712=ORIENTED_EDGE('',*,*,#1962,.F.);
#2713=ORIENTED_EDGE('',*,*,#1965,.F.);
#2714=ORIENTED_EDGE('',*,*,#1966,.F.);
#2715=ORIENTED_EDGE('',*,*,#1967,.T.);
#2716=ORIENTED_EDGE('',*,*,#1966,.T.);
#2717=ORIENTED_EDGE('',*,*,#1968,.F.);
#2718=ORIENTED_EDGE('',*,*,#1969,.T.);
#2719=ORIENTED_EDGE('',*,*,#1963,.F.);
#2720=ORIENTED_EDGE('',*,*,#1964,.F.);
#2721=ORIENTED_EDGE('',*,*,#1967,.F.);
#2722=ORIENTED_EDGE('',*,*,#1970,.F.);
#2723=ORIENTED_EDGE('',*,*,#1971,.F.);
#2724=ORIENTED_EDGE('',*,*,#1972,.F.);
#2725=ORIENTED_EDGE('',*,*,#1973,.F.);
#2726=ORIENTED_EDGE('',*,*,#1974,.F.);
#2727=ORIENTED_EDGE('',*,*,#1975,.F.);
#2728=ORIENTED_EDGE('',*,*,#1974,.T.);
#2729=ORIENTED_EDGE('',*,*,#1976,.F.);
#2730=ORIENTED_EDGE('',*,*,#1977,.F.);
#2731=ORIENTED_EDGE('',*,*,#1960,.F.);
#2732=ORIENTED_EDGE('',*,*,#1970,.T.);
#2733=ORIENTED_EDGE('',*,*,#1969,.F.);
#2734=ORIENTED_EDGE('',*,*,#1978,.F.);
#2735=ORIENTED_EDGE('',*,*,#1968,.T.);
#2736=ORIENTED_EDGE('',*,*,#1965,.T.);
#2737=ORIENTED_EDGE('',*,*,#1961,.T.);
#2738=ORIENTED_EDGE('',*,*,#1977,.T.);
#2739=ORIENTED_EDGE('',*,*,#1979,.F.);
#2740=ORIENTED_EDGE('',*,*,#1980,.F.);
#2741=ORIENTED_EDGE('',*,*,#1981,.F.);
#2742=ORIENTED_EDGE('',*,*,#1978,.T.);
#2743=ORIENTED_EDGE('',*,*,#1973,.T.);
#2744=ORIENTED_EDGE('',*,*,#1982,.F.);
#2745=ORIENTED_EDGE('',*,*,#1979,.T.);
#2746=ORIENTED_EDGE('',*,*,#1976,.T.);
#2747=ORIENTED_EDGE('',*,*,#1972,.T.);
#2748=ORIENTED_EDGE('',*,*,#1983,.T.);
#2749=ORIENTED_EDGE('',*,*,#1980,.T.);
#2750=ORIENTED_EDGE('',*,*,#1982,.T.);
#2751=ORIENTED_EDGE('',*,*,#1975,.T.);
#2752=ORIENTED_EDGE('',*,*,#1981,.T.);
#2753=ORIENTED_EDGE('',*,*,#1983,.F.);
#2754=ORIENTED_EDGE('',*,*,#1971,.T.);
#2755=ORIENTED_EDGE('',*,*,#1984,.T.);
#2756=ORIENTED_EDGE('',*,*,#1985,.F.);
#2757=ORIENTED_EDGE('',*,*,#1986,.T.);
#2758=ORIENTED_EDGE('',*,*,#1987,.F.);
#2759=ORIENTED_EDGE('',*,*,#1988,.T.);
#2760=ORIENTED_EDGE('',*,*,#1989,.F.);
#2761=ORIENTED_EDGE('',*,*,#1990,.T.);
#2762=ORIENTED_EDGE('',*,*,#1985,.T.);
#2763=ORIENTED_EDGE('',*,*,#1991,.T.);
#2764=ORIENTED_EDGE('',*,*,#1987,.T.);
#2765=ORIENTED_EDGE('',*,*,#1992,.T.);
#2766=ORIENTED_EDGE('',*,*,#1989,.T.);
#2767=ORIENTED_EDGE('',*,*,#1993,.T.);
#2768=ORIENTED_EDGE('',*,*,#1994,.T.);
#2769=ORIENTED_EDGE('',*,*,#1995,.T.);
#2770=ORIENTED_EDGE('',*,*,#1986,.F.);
#2771=ORIENTED_EDGE('',*,*,#1990,.F.);
#2772=ORIENTED_EDGE('',*,*,#1992,.F.);
#2773=ORIENTED_EDGE('',*,*,#1991,.F.);
#2774=ORIENTED_EDGE('',*,*,#1988,.F.);
#2775=ORIENTED_EDGE('',*,*,#1984,.F.);
#2776=ORIENTED_EDGE('',*,*,#1996,.F.);
#2777=ORIENTED_EDGE('',*,*,#1997,.F.);
#2778=ORIENTED_EDGE('',*,*,#1998,.F.);
#2779=ORIENTED_EDGE('',*,*,#1996,.T.);
#2780=ORIENTED_EDGE('',*,*,#1999,.T.);
#2781=ORIENTED_EDGE('',*,*,#1994,.F.);
#2782=ORIENTED_EDGE('',*,*,#2000,.T.);
#2783=ORIENTED_EDGE('',*,*,#1997,.T.);
#2784=ORIENTED_EDGE('',*,*,#2000,.F.);
#2785=ORIENTED_EDGE('',*,*,#1993,.F.);
#2786=ORIENTED_EDGE('',*,*,#2001,.F.);
#2787=ORIENTED_EDGE('',*,*,#1998,.T.);
#2788=ORIENTED_EDGE('',*,*,#2001,.T.);
#2789=ORIENTED_EDGE('',*,*,#1995,.F.);
#2790=ORIENTED_EDGE('',*,*,#1999,.F.);
#2791=ORIENTED_EDGE('',*,*,#2002,.T.);
#2792=ORIENTED_EDGE('',*,*,#2003,.T.);
#2793=ORIENTED_EDGE('',*,*,#2004,.F.);
#2794=ORIENTED_EDGE('',*,*,#2005,.T.);
#2795=ORIENTED_EDGE('',*,*,#2006,.T.);
#2796=ORIENTED_EDGE('',*,*,#2004,.T.);
#2797=ORIENTED_EDGE('',*,*,#2007,.T.);
#2798=ORIENTED_EDGE('',*,*,#2008,.T.);
#2799=ORIENTED_EDGE('',*,*,#2009,.T.);
#2800=ORIENTED_EDGE('',*,*,#2002,.F.);
#2801=ORIENTED_EDGE('',*,*,#2010,.F.);
#2802=ORIENTED_EDGE('',*,*,#2011,.F.);
#2803=ORIENTED_EDGE('',*,*,#2012,.F.);
#2804=ORIENTED_EDGE('',*,*,#2013,.F.);
#2805=ORIENTED_EDGE('',*,*,#2014,.F.);
#2806=ORIENTED_EDGE('',*,*,#2009,.F.);
#2807=ORIENTED_EDGE('',*,*,#2015,.T.);
#2808=ORIENTED_EDGE('',*,*,#2016,.F.);
#2809=ORIENTED_EDGE('',*,*,#2017,.T.);
#2810=ORIENTED_EDGE('',*,*,#2018,.F.);
#2811=ORIENTED_EDGE('',*,*,#2010,.T.);
#2812=ORIENTED_EDGE('',*,*,#2008,.F.);
#2813=ORIENTED_EDGE('',*,*,#2019,.F.);
#2814=ORIENTED_EDGE('',*,*,#2020,.F.);
#2815=ORIENTED_EDGE('',*,*,#2021,.F.);
#2816=ORIENTED_EDGE('',*,*,#2022,.F.);
#2817=ORIENTED_EDGE('',*,*,#2015,.F.);
#2818=ORIENTED_EDGE('',*,*,#2005,.F.);
#2819=ORIENTED_EDGE('',*,*,#2006,.F.);
#2820=ORIENTED_EDGE('',*,*,#2023,.T.);
#2821=ORIENTED_EDGE('',*,*,#2024,.T.);
#2822=ORIENTED_EDGE('',*,*,#2025,.T.);
#2823=ORIENTED_EDGE('',*,*,#2026,.T.);
#2824=ORIENTED_EDGE('',*,*,#2027,.T.);
#2825=ORIENTED_EDGE('',*,*,#2028,.T.);
#2826=ORIENTED_EDGE('',*,*,#2023,.F.);
#2827=ORIENTED_EDGE('',*,*,#2029,.F.);
#2828=ORIENTED_EDGE('',*,*,#2030,.F.);
#2829=ORIENTED_EDGE('',*,*,#2031,.F.);
#2830=ORIENTED_EDGE('',*,*,#2032,.F.);
#2831=ORIENTED_EDGE('',*,*,#2033,.T.);
#2832=ORIENTED_EDGE('',*,*,#2034,.T.);
#2833=ORIENTED_EDGE('',*,*,#2035,.T.);
#2834=ORIENTED_EDGE('',*,*,#2034,.F.);
#2835=ORIENTED_EDGE('',*,*,#2036,.T.);
#2836=ORIENTED_EDGE('',*,*,#2037,.T.);
#2837=ORIENTED_EDGE('',*,*,#2038,.T.);
#2838=ORIENTED_EDGE('',*,*,#2039,.T.);
#2839=ORIENTED_EDGE('',*,*,#2040,.F.);
#2840=ORIENTED_EDGE('',*,*,#2041,.T.);
#2841=ORIENTED_EDGE('',*,*,#2042,.T.);
#2842=ORIENTED_EDGE('',*,*,#2043,.T.);
#2843=ORIENTED_EDGE('',*,*,#2044,.T.);
#2844=ORIENTED_EDGE('',*,*,#2035,.F.);
#2845=ORIENTED_EDGE('',*,*,#2033,.F.);
#2846=ORIENTED_EDGE('',*,*,#2045,.T.);
#2847=ORIENTED_EDGE('',*,*,#2046,.F.);
#2848=ORIENTED_EDGE('',*,*,#2045,.F.);
#2849=ORIENTED_EDGE('',*,*,#2036,.F.);
#2850=ORIENTED_EDGE('',*,*,#2012,.T.);
#2851=ORIENTED_EDGE('',*,*,#2047,.T.);
#2852=ORIENTED_EDGE('',*,*,#2048,.F.);
#2853=ORIENTED_EDGE('',*,*,#2049,.F.);
#2854=ORIENTED_EDGE('',*,*,#2050,.F.);
#2855=ORIENTED_EDGE('',*,*,#2051,.F.);
#2856=ORIENTED_EDGE('',*,*,#2052,.F.);
#2857=ORIENTED_EDGE('',*,*,#2053,.F.);
#2858=ORIENTED_EDGE('',*,*,#2054,.F.);
#2859=ORIENTED_EDGE('',*,*,#2055,.F.);
#2860=ORIENTED_EDGE('',*,*,#2056,.F.);
#2861=ORIENTED_EDGE('',*,*,#2057,.F.);
#2862=ORIENTED_EDGE('',*,*,#2058,.F.);
#2863=ORIENTED_EDGE('',*,*,#2059,.F.);
#2864=ORIENTED_EDGE('',*,*,#2060,.F.);
#2865=ORIENTED_EDGE('',*,*,#2061,.F.);
#2866=ORIENTED_EDGE('',*,*,#2062,.F.);
#2867=ORIENTED_EDGE('',*,*,#2063,.F.);
#2868=ORIENTED_EDGE('',*,*,#2064,.F.);
#2869=ORIENTED_EDGE('',*,*,#2065,.F.);
#2870=ORIENTED_EDGE('',*,*,#2066,.F.);
#2871=ORIENTED_EDGE('',*,*,#2067,.F.);
#2872=ORIENTED_EDGE('',*,*,#2021,.T.);
#2873=ORIENTED_EDGE('',*,*,#2068,.T.);
#2874=ORIENTED_EDGE('',*,*,#2069,.F.);
#2875=ORIENTED_EDGE('',*,*,#2070,.F.);
#2876=ORIENTED_EDGE('',*,*,#2071,.F.);
#2877=ORIENTED_EDGE('',*,*,#2072,.F.);
#2878=ORIENTED_EDGE('',*,*,#2073,.F.);
#2879=ORIENTED_EDGE('',*,*,#2074,.F.);
#2880=ORIENTED_EDGE('',*,*,#2075,.F.);
#2881=ORIENTED_EDGE('',*,*,#2076,.F.);
#2882=ORIENTED_EDGE('',*,*,#2077,.F.);
#2883=ORIENTED_EDGE('',*,*,#2078,.F.);
#2884=ORIENTED_EDGE('',*,*,#2079,.F.);
#2885=ORIENTED_EDGE('',*,*,#2080,.F.);
#2886=ORIENTED_EDGE('',*,*,#2081,.F.);
#2887=ORIENTED_EDGE('',*,*,#2082,.F.);
#2888=ORIENTED_EDGE('',*,*,#2083,.F.);
#2889=ORIENTED_EDGE('',*,*,#2084,.F.);
#2890=ORIENTED_EDGE('',*,*,#2085,.F.);
#2891=ORIENTED_EDGE('',*,*,#2086,.F.);
#2892=ORIENTED_EDGE('',*,*,#2087,.F.);
#2893=ORIENTED_EDGE('',*,*,#2088,.F.);
#2894=ORIENTED_EDGE('',*,*,#2079,.T.);
#2895=ORIENTED_EDGE('',*,*,#2089,.T.);
#2896=ORIENTED_EDGE('',*,*,#2090,.F.);
#2897=ORIENTED_EDGE('',*,*,#2091,.F.);
#2898=ORIENTED_EDGE('',*,*,#2080,.T.);
#2899=ORIENTED_EDGE('',*,*,#2091,.T.);
#2900=ORIENTED_EDGE('',*,*,#2092,.F.);
#2901=ORIENTED_EDGE('',*,*,#2093,.F.);
#2902=ORIENTED_EDGE('',*,*,#2078,.T.);
#2903=ORIENTED_EDGE('',*,*,#2094,.T.);
#2904=ORIENTED_EDGE('',*,*,#2095,.F.);
#2905=ORIENTED_EDGE('',*,*,#2089,.F.);
#2906=ORIENTED_EDGE('',*,*,#2095,.T.);
#2907=ORIENTED_EDGE('',*,*,#2096,.T.);
#2908=ORIENTED_EDGE('',*,*,#2092,.T.);
#2909=ORIENTED_EDGE('',*,*,#2090,.T.);
#2910=ORIENTED_EDGE('',*,*,#2083,.T.);
#2911=ORIENTED_EDGE('',*,*,#2097,.T.);
#2912=ORIENTED_EDGE('',*,*,#2098,.F.);
#2913=ORIENTED_EDGE('',*,*,#2099,.F.);
#2914=ORIENTED_EDGE('',*,*,#2084,.T.);
#2915=ORIENTED_EDGE('',*,*,#2099,.T.);
#2916=ORIENTED_EDGE('',*,*,#2100,.F.);
#2917=ORIENTED_EDGE('',*,*,#2101,.F.);
#2918=ORIENTED_EDGE('',*,*,#2082,.T.);
#2919=ORIENTED_EDGE('',*,*,#2102,.T.);
#2920=ORIENTED_EDGE('',*,*,#2103,.F.);
#2921=ORIENTED_EDGE('',*,*,#2097,.F.);
#2922=ORIENTED_EDGE('',*,*,#2103,.T.);
#2923=ORIENTED_EDGE('',*,*,#2104,.T.);
#2924=ORIENTED_EDGE('',*,*,#2100,.T.);
#2925=ORIENTED_EDGE('',*,*,#2098,.T.);
#2926=ORIENTED_EDGE('',*,*,#2075,.T.);
#2927=ORIENTED_EDGE('',*,*,#2105,.T.);
#2928=ORIENTED_EDGE('',*,*,#2106,.F.);
#2929=ORIENTED_EDGE('',*,*,#2107,.F.);
#2930=ORIENTED_EDGE('',*,*,#2076,.T.);
#2931=ORIENTED_EDGE('',*,*,#2107,.T.);
#2932=ORIENTED_EDGE('',*,*,#2108,.F.);
#2933=ORIENTED_EDGE('',*,*,#2109,.F.);
#2934=ORIENTED_EDGE('',*,*,#2074,.T.);
#2935=ORIENTED_EDGE('',*,*,#2110,.T.);
#2936=ORIENTED_EDGE('',*,*,#2111,.F.);
#2937=ORIENTED_EDGE('',*,*,#2105,.F.);
#2938=ORIENTED_EDGE('',*,*,#2111,.T.);
#2939=ORIENTED_EDGE('',*,*,#2112,.T.);
#2940=ORIENTED_EDGE('',*,*,#2108,.T.);
#2941=ORIENTED_EDGE('',*,*,#2106,.T.);
#2942=ORIENTED_EDGE('',*,*,#2087,.T.);
#2943=ORIENTED_EDGE('',*,*,#2113,.T.);
#2944=ORIENTED_EDGE('',*,*,#2114,.F.);
#2945=ORIENTED_EDGE('',*,*,#2115,.F.);
#2946=ORIENTED_EDGE('',*,*,#2086,.T.);
#2947=ORIENTED_EDGE('',*,*,#2116,.T.);
#2948=ORIENTED_EDGE('',*,*,#2117,.F.);
#2949=ORIENTED_EDGE('',*,*,#2113,.F.);
#2950=ORIENTED_EDGE('',*,*,#2117,.T.);
#2951=ORIENTED_EDGE('',*,*,#2118,.T.);
#2952=ORIENTED_EDGE('',*,*,#2119,.T.);
#2953=ORIENTED_EDGE('',*,*,#2114,.T.);
#2954=ORIENTED_EDGE('',*,*,#2071,.T.);
#2955=ORIENTED_EDGE('',*,*,#2120,.T.);
#2956=ORIENTED_EDGE('',*,*,#2121,.F.);
#2957=ORIENTED_EDGE('',*,*,#2122,.F.);
#2958=ORIENTED_EDGE('',*,*,#2072,.T.);
#2959=ORIENTED_EDGE('',*,*,#2122,.T.);
#2960=ORIENTED_EDGE('',*,*,#2123,.F.);
#2961=ORIENTED_EDGE('',*,*,#2124,.F.);
#2962=ORIENTED_EDGE('',*,*,#2070,.T.);
#2963=ORIENTED_EDGE('',*,*,#2125,.T.);
#2964=ORIENTED_EDGE('',*,*,#2126,.F.);
#2965=ORIENTED_EDGE('',*,*,#2120,.F.);
#2966=ORIENTED_EDGE('',*,*,#2126,.T.);
#2967=ORIENTED_EDGE('',*,*,#2127,.T.);
#2968=ORIENTED_EDGE('',*,*,#2123,.T.);
#2969=ORIENTED_EDGE('',*,*,#2121,.T.);
#2970=ORIENTED_EDGE('',*,*,#2058,.T.);
#2971=ORIENTED_EDGE('',*,*,#2128,.T.);
#2972=ORIENTED_EDGE('',*,*,#2129,.F.);
#2973=ORIENTED_EDGE('',*,*,#2130,.F.);
#2974=ORIENTED_EDGE('',*,*,#2059,.T.);
#2975=ORIENTED_EDGE('',*,*,#2130,.T.);
#2976=ORIENTED_EDGE('',*,*,#2131,.F.);
#2977=ORIENTED_EDGE('',*,*,#2132,.F.);
#2978=ORIENTED_EDGE('',*,*,#2057,.T.);
#2979=ORIENTED_EDGE('',*,*,#2133,.T.);
#2980=ORIENTED_EDGE('',*,*,#2134,.F.);
#2981=ORIENTED_EDGE('',*,*,#2128,.F.);
#2982=ORIENTED_EDGE('',*,*,#2134,.T.);
#2983=ORIENTED_EDGE('',*,*,#2135,.T.);
#2984=ORIENTED_EDGE('',*,*,#2131,.T.);
#2985=ORIENTED_EDGE('',*,*,#2129,.T.);
#2986=ORIENTED_EDGE('',*,*,#2054,.T.);
#2987=ORIENTED_EDGE('',*,*,#2136,.T.);
#2988=ORIENTED_EDGE('',*,*,#2137,.F.);
#2989=ORIENTED_EDGE('',*,*,#2138,.F.);
#2990=ORIENTED_EDGE('',*,*,#2055,.T.);
#2991=ORIENTED_EDGE('',*,*,#2138,.T.);
#2992=ORIENTED_EDGE('',*,*,#2139,.F.);
#2993=ORIENTED_EDGE('',*,*,#2140,.F.);
#2994=ORIENTED_EDGE('',*,*,#2053,.T.);
#2995=ORIENTED_EDGE('',*,*,#2141,.T.);
#2996=ORIENTED_EDGE('',*,*,#2142,.F.);
#2997=ORIENTED_EDGE('',*,*,#2136,.F.);
#2998=ORIENTED_EDGE('',*,*,#2142,.T.);
#2999=ORIENTED_EDGE('',*,*,#2143,.T.);
#3000=ORIENTED_EDGE('',*,*,#2139,.T.);
#3001=ORIENTED_EDGE('',*,*,#2137,.T.);
#3002=ORIENTED_EDGE('',*,*,#2062,.T.);
#3003=ORIENTED_EDGE('',*,*,#2144,.T.);
#3004=ORIENTED_EDGE('',*,*,#2145,.F.);
#3005=ORIENTED_EDGE('',*,*,#2146,.F.);
#3006=ORIENTED_EDGE('',*,*,#2063,.T.);
#3007=ORIENTED_EDGE('',*,*,#2146,.T.);
#3008=ORIENTED_EDGE('',*,*,#2147,.F.);
#3009=ORIENTED_EDGE('',*,*,#2148,.F.);
#3010=ORIENTED_EDGE('',*,*,#2061,.T.);
#3011=ORIENTED_EDGE('',*,*,#2149,.T.);
#3012=ORIENTED_EDGE('',*,*,#2150,.F.);
#3013=ORIENTED_EDGE('',*,*,#2144,.F.);
#3014=ORIENTED_EDGE('',*,*,#2150,.T.);
#3015=ORIENTED_EDGE('',*,*,#2151,.T.);
#3016=ORIENTED_EDGE('',*,*,#2147,.T.);
#3017=ORIENTED_EDGE('',*,*,#2145,.T.);
#3018=ORIENTED_EDGE('',*,*,#2050,.T.);
#3019=ORIENTED_EDGE('',*,*,#2152,.T.);
#3020=ORIENTED_EDGE('',*,*,#2153,.F.);
#3021=ORIENTED_EDGE('',*,*,#2154,.F.);
#3022=ORIENTED_EDGE('',*,*,#2051,.T.);
#3023=ORIENTED_EDGE('',*,*,#2154,.T.);
#3024=ORIENTED_EDGE('',*,*,#2155,.F.);
#3025=ORIENTED_EDGE('',*,*,#2156,.F.);
#3026=ORIENTED_EDGE('',*,*,#2049,.T.);
#3027=ORIENTED_EDGE('',*,*,#2157,.T.);
#3028=ORIENTED_EDGE('',*,*,#2158,.F.);
#3029=ORIENTED_EDGE('',*,*,#2152,.F.);
#3030=ORIENTED_EDGE('',*,*,#2158,.T.);
#3031=ORIENTED_EDGE('',*,*,#2159,.T.);
#3032=ORIENTED_EDGE('',*,*,#2155,.T.);
#3033=ORIENTED_EDGE('',*,*,#2153,.T.);
#3034=ORIENTED_EDGE('',*,*,#2066,.T.);
#3035=ORIENTED_EDGE('',*,*,#2160,.T.);
#3036=ORIENTED_EDGE('',*,*,#2161,.F.);
#3037=ORIENTED_EDGE('',*,*,#2162,.F.);
#3038=ORIENTED_EDGE('',*,*,#2065,.T.);
#3039=ORIENTED_EDGE('',*,*,#2163,.T.);
#3040=ORIENTED_EDGE('',*,*,#2164,.F.);
#3041=ORIENTED_EDGE('',*,*,#2160,.F.);
#3042=ORIENTED_EDGE('',*,*,#2164,.T.);
#3043=ORIENTED_EDGE('',*,*,#2165,.T.);
#3044=ORIENTED_EDGE('',*,*,#2166,.T.);
#3045=ORIENTED_EDGE('',*,*,#2161,.T.);
#3046=ORIENTED_EDGE('',*,*,#2018,.T.);
#3047=ORIENTED_EDGE('',*,*,#2167,.T.);
#3048=ORIENTED_EDGE('',*,*,#2168,.F.);
#3049=ORIENTED_EDGE('',*,*,#2047,.F.);
#3050=ORIENTED_EDGE('',*,*,#2011,.T.);
#3051=ORIENTED_EDGE('',*,*,#2169,.T.);
#3052=ORIENTED_EDGE('',*,*,#2013,.T.);
#3053=ORIENTED_EDGE('',*,*,#2067,.T.);
#3054=ORIENTED_EDGE('',*,*,#2162,.T.);
#3055=ORIENTED_EDGE('',*,*,#2166,.F.);
#3056=ORIENTED_EDGE('',*,*,#2170,.F.);
#3057=ORIENTED_EDGE('',*,*,#2171,.T.);
#3058=ORIENTED_EDGE('',*,*,#2170,.T.);
#3059=ORIENTED_EDGE('',*,*,#2165,.F.);
#3060=ORIENTED_EDGE('',*,*,#2163,.F.);
#3061=ORIENTED_EDGE('',*,*,#2064,.T.);
#3062=ORIENTED_EDGE('',*,*,#2148,.T.);
#3063=ORIENTED_EDGE('',*,*,#2151,.F.);
#3064=ORIENTED_EDGE('',*,*,#2149,.F.);
#3065=ORIENTED_EDGE('',*,*,#2060,.T.);
#3066=ORIENTED_EDGE('',*,*,#2132,.T.);
#3067=ORIENTED_EDGE('',*,*,#2135,.F.);
#3068=ORIENTED_EDGE('',*,*,#2133,.F.);
#3069=ORIENTED_EDGE('',*,*,#2056,.T.);
#3070=ORIENTED_EDGE('',*,*,#2140,.T.);
#3071=ORIENTED_EDGE('',*,*,#2143,.F.);
#3072=ORIENTED_EDGE('',*,*,#2141,.F.);
#3073=ORIENTED_EDGE('',*,*,#2052,.T.);
#3074=ORIENTED_EDGE('',*,*,#2156,.T.);
#3075=ORIENTED_EDGE('',*,*,#2159,.F.);
#3076=ORIENTED_EDGE('',*,*,#2157,.F.);
#3077=ORIENTED_EDGE('',*,*,#2048,.T.);
#3078=ORIENTED_EDGE('',*,*,#2168,.T.);
#3079=ORIENTED_EDGE('',*,*,#2172,.T.);
#3080=ORIENTED_EDGE('',*,*,#2016,.T.);
#3081=ORIENTED_EDGE('',*,*,#2022,.T.);
#3082=ORIENTED_EDGE('',*,*,#2088,.T.);
#3083=ORIENTED_EDGE('',*,*,#2115,.T.);
#3084=ORIENTED_EDGE('',*,*,#2119,.F.);
#3085=ORIENTED_EDGE('',*,*,#2173,.F.);
#3086=ORIENTED_EDGE('',*,*,#2174,.T.);
#3087=ORIENTED_EDGE('',*,*,#2175,.T.);
#3088=ORIENTED_EDGE('',*,*,#2176,.T.);
#3089=ORIENTED_EDGE('',*,*,#2177,.F.);
#3090=ORIENTED_EDGE('',*,*,#2068,.F.);
#3091=ORIENTED_EDGE('',*,*,#2020,.T.);
#3092=ORIENTED_EDGE('',*,*,#2173,.T.);
#3093=ORIENTED_EDGE('',*,*,#2118,.F.);
#3094=ORIENTED_EDGE('',*,*,#2116,.F.);
#3095=ORIENTED_EDGE('',*,*,#2085,.T.);
#3096=ORIENTED_EDGE('',*,*,#2101,.T.);
#3097=ORIENTED_EDGE('',*,*,#2104,.F.);
#3098=ORIENTED_EDGE('',*,*,#2102,.F.);
#3099=ORIENTED_EDGE('',*,*,#2081,.T.);
#3100=ORIENTED_EDGE('',*,*,#2093,.T.);
#3101=ORIENTED_EDGE('',*,*,#2096,.F.);
#3102=ORIENTED_EDGE('',*,*,#2094,.F.);
#3103=ORIENTED_EDGE('',*,*,#2077,.T.);
#3104=ORIENTED_EDGE('',*,*,#2109,.T.);
#3105=ORIENTED_EDGE('',*,*,#2112,.F.);
#3106=ORIENTED_EDGE('',*,*,#2110,.F.);
#3107=ORIENTED_EDGE('',*,*,#2073,.T.);
#3108=ORIENTED_EDGE('',*,*,#2124,.T.);
#3109=ORIENTED_EDGE('',*,*,#2127,.F.);
#3110=ORIENTED_EDGE('',*,*,#2125,.F.);
#3111=ORIENTED_EDGE('',*,*,#2069,.T.);
#3112=ORIENTED_EDGE('',*,*,#2177,.T.);
#3113=ORIENTED_EDGE('',*,*,#2178,.T.);
#3114=ORIENTED_EDGE('',*,*,#2003,.F.);
#3115=ORIENTED_EDGE('',*,*,#2014,.T.);
#3116=ORIENTED_EDGE('',*,*,#2169,.F.);
#3117=ORIENTED_EDGE('',*,*,#2179,.T.);
#3118=ORIENTED_EDGE('',*,*,#2180,.T.);
#3119=ORIENTED_EDGE('',*,*,#2181,.T.);
#3120=ORIENTED_EDGE('',*,*,#2175,.F.);
#3121=ORIENTED_EDGE('',*,*,#2019,.T.);
#3122=ORIENTED_EDGE('',*,*,#2007,.F.);
#3123=ORIENTED_EDGE('',*,*,#2182,.F.);
#3124=ORIENTED_EDGE('',*,*,#2183,.F.);
#3125=ORIENTED_EDGE('',*,*,#2184,.T.);
#3126=ORIENTED_EDGE('',*,*,#2185,.T.);
#3127=ORIENTED_EDGE('',*,*,#2186,.T.);
#3128=ORIENTED_EDGE('',*,*,#2187,.T.);
#3129=ORIENTED_EDGE('',*,*,#2188,.F.);
#3130=ORIENTED_EDGE('',*,*,#2189,.F.);
#3131=ORIENTED_EDGE('',*,*,#2188,.T.);
#3132=ORIENTED_EDGE('',*,*,#2190,.T.);
#3133=ORIENTED_EDGE('',*,*,#2191,.T.);
#3134=ORIENTED_EDGE('',*,*,#2192,.T.);
#3135=ORIENTED_EDGE('',*,*,#2182,.T.);
#3136=ORIENTED_EDGE('',*,*,#2193,.T.);
#3137=ORIENTED_EDGE('',*,*,#2194,.T.);
#3138=ORIENTED_EDGE('',*,*,#2195,.T.);
#3139=ORIENTED_EDGE('',*,*,#2196,.T.);
#3140=ORIENTED_EDGE('',*,*,#2196,.F.);
#3141=ORIENTED_EDGE('',*,*,#2197,.F.);
#3142=ORIENTED_EDGE('',*,*,#2027,.F.);
#3143=ORIENTED_EDGE('',*,*,#2198,.F.);
#3144=ORIENTED_EDGE('',*,*,#2193,.F.);
#3145=ORIENTED_EDGE('',*,*,#2185,.F.);
#3146=ORIENTED_EDGE('',*,*,#2199,.T.);
#3147=ORIENTED_EDGE('',*,*,#2189,.T.);
#3148=ORIENTED_EDGE('',*,*,#2200,.T.);
#3149=ORIENTED_EDGE('',*,*,#2201,.T.);
#3150=ORIENTED_EDGE('',*,*,#2190,.F.);
#3151=ORIENTED_EDGE('',*,*,#2187,.F.);
#3152=ORIENTED_EDGE('',*,*,#2202,.T.);
#3153=ORIENTED_EDGE('',*,*,#2183,.T.);
#3154=ORIENTED_EDGE('',*,*,#2192,.F.);
#3155=ORIENTED_EDGE('',*,*,#2203,.F.);
#3156=ORIENTED_EDGE('',*,*,#2204,.T.);
#3157=ORIENTED_EDGE('',*,*,#2203,.T.);
#3158=ORIENTED_EDGE('',*,*,#2191,.F.);
#3159=ORIENTED_EDGE('',*,*,#2201,.F.);
#3160=ORIENTED_EDGE('',*,*,#2205,.T.);
#3161=ORIENTED_EDGE('',*,*,#2206,.T.);
#3162=ORIENTED_EDGE('',*,*,#2032,.T.);
#3163=ORIENTED_EDGE('',*,*,#2031,.T.);
#3164=ORIENTED_EDGE('',*,*,#2206,.F.);
#3165=ORIENTED_EDGE('',*,*,#2029,.T.);
#3166=ORIENTED_EDGE('',*,*,#2207,.T.);
#3167=ORIENTED_EDGE('',*,*,#2194,.F.);
#3168=ORIENTED_EDGE('',*,*,#2207,.F.);
#3169=ORIENTED_EDGE('',*,*,#2030,.T.);
#3170=ORIENTED_EDGE('',*,*,#2025,.F.);
#3171=ORIENTED_EDGE('',*,*,#2208,.F.);
#3172=ORIENTED_EDGE('',*,*,#2195,.F.);
#3173=ORIENTED_EDGE('',*,*,#2209,.F.);
#3174=ORIENTED_EDGE('',*,*,#2208,.T.);
#3175=ORIENTED_EDGE('',*,*,#2024,.F.);
#3176=ORIENTED_EDGE('',*,*,#2028,.F.);
#3177=ORIENTED_EDGE('',*,*,#2197,.T.);
#3178=ORIENTED_EDGE('',*,*,#2198,.T.);
#3179=ORIENTED_EDGE('',*,*,#2026,.F.);
#3180=ORIENTED_EDGE('',*,*,#2209,.T.);
#3181=ORIENTED_EDGE('',*,*,#2210,.F.);
#3182=ORIENTED_EDGE('',*,*,#2211,.T.);
#3183=ORIENTED_EDGE('',*,*,#2212,.T.);
#3184=ORIENTED_EDGE('',*,*,#2213,.T.);
#3185=ORIENTED_EDGE('',*,*,#2211,.F.);
#3186=ORIENTED_EDGE('',*,*,#2214,.F.);
#3187=ORIENTED_EDGE('',*,*,#2215,.T.);
#3188=ORIENTED_EDGE('',*,*,#2216,.T.);
#3189=ORIENTED_EDGE('',*,*,#2217,.T.);
#3190=ORIENTED_EDGE('',*,*,#2215,.F.);
#3191=ORIENTED_EDGE('',*,*,#2210,.T.);
#3192=ORIENTED_EDGE('',*,*,#2218,.F.);
#3193=ORIENTED_EDGE('',*,*,#2218,.T.);
#3194=ORIENTED_EDGE('',*,*,#2219,.T.);
#3195=ORIENTED_EDGE('',*,*,#2220,.F.);
#3196=ORIENTED_EDGE('',*,*,#2219,.F.);
#3197=ORIENTED_EDGE('',*,*,#2214,.T.);
#3198=ORIENTED_EDGE('',*,*,#2221,.F.);
#3199=ORIENTED_EDGE('',*,*,#2221,.T.);
#3200=ORIENTED_EDGE('',*,*,#2222,.T.);
#3201=ORIENTED_EDGE('',*,*,#2223,.F.);
#3202=ORIENTED_EDGE('',*,*,#2222,.F.);
#3203=ORIENTED_EDGE('',*,*,#2224,.T.);
#3204=ORIENTED_EDGE('',*,*,#2225,.T.);
#3205=ORIENTED_EDGE('',*,*,#2226,.T.);
#3206=ORIENTED_EDGE('',*,*,#2223,.T.);
#3207=ORIENTED_EDGE('',*,*,#2220,.T.);
#3208=ORIENTED_EDGE('',*,*,#2046,.T.);
#3209=ORIENTED_EDGE('',*,*,#2171,.F.);
#3210=ORIENTED_EDGE('',*,*,#2172,.F.);
#3211=ORIENTED_EDGE('',*,*,#2167,.F.);
#3212=ORIENTED_EDGE('',*,*,#2017,.F.);
#3213=ORIENTED_EDGE('',*,*,#2174,.F.);
#3214=ORIENTED_EDGE('',*,*,#2178,.F.);
#3215=ORIENTED_EDGE('',*,*,#2176,.F.);
#3216=ORIENTED_EDGE('',*,*,#2181,.F.);
#3217=ORIENTED_EDGE('',*,*,#2227,.F.);
#3218=ORIENTED_EDGE('',*,*,#2039,.F.);
#3219=ORIENTED_EDGE('',*,*,#2038,.F.);
#3220=ORIENTED_EDGE('',*,*,#2037,.F.);
#3221=ORIENTED_EDGE('',*,*,#2228,.F.);
#3222=ORIENTED_EDGE('',*,*,#2224,.F.);
#3223=ORIENTED_EDGE('',*,*,#2226,.F.);
#3224=ORIENTED_EDGE('',*,*,#2229,.T.);
#3225=ORIENTED_EDGE('',*,*,#2043,.F.);
#3226=ORIENTED_EDGE('',*,*,#2042,.F.);
#3227=ORIENTED_EDGE('',*,*,#2041,.F.);
#3228=ORIENTED_EDGE('',*,*,#2230,.F.);
#3229=ORIENTED_EDGE('',*,*,#2179,.F.);
#3230=ORIENTED_EDGE('',*,*,#2217,.F.);
#3231=ORIENTED_EDGE('',*,*,#2216,.F.);
#3232=ORIENTED_EDGE('',*,*,#2186,.F.);
#3233=ORIENTED_EDGE('',*,*,#2199,.F.);
#3234=ORIENTED_EDGE('',*,*,#2184,.F.);
#3235=ORIENTED_EDGE('',*,*,#2202,.F.);
#3236=ORIENTED_EDGE('',*,*,#2204,.F.);
#3237=ORIENTED_EDGE('',*,*,#2200,.F.);
#3238=ORIENTED_EDGE('',*,*,#2213,.F.);
#3239=ORIENTED_EDGE('',*,*,#2212,.F.);
#3240=ORIENTED_EDGE('',*,*,#2231,.F.);
#3241=ORIENTED_EDGE('',*,*,#2232,.F.);
#3242=ORIENTED_EDGE('',*,*,#2233,.T.);
#3243=ORIENTED_EDGE('',*,*,#2205,.F.);
#3244=ORIENTED_EDGE('',*,*,#2231,.T.);
#3245=ORIENTED_EDGE('',*,*,#2234,.T.);
#3246=ORIENTED_EDGE('',*,*,#2233,.F.);
#3247=ORIENTED_EDGE('',*,*,#2234,.F.);
#3248=ORIENTED_EDGE('',*,*,#2232,.T.);
#3249=ORIENTED_EDGE('',*,*,#2227,.T.);
#3250=ORIENTED_EDGE('',*,*,#2180,.F.);
#3251=ORIENTED_EDGE('',*,*,#2230,.T.);
#3252=ORIENTED_EDGE('',*,*,#2040,.T.);
#3253=ORIENTED_EDGE('',*,*,#2228,.T.);
#3254=ORIENTED_EDGE('',*,*,#2044,.F.);
#3255=ORIENTED_EDGE('',*,*,#2229,.F.);
#3256=ORIENTED_EDGE('',*,*,#2225,.F.);
#3257=PLANE('',#3698);
#3258=PLANE('',#3699);
#3259=PLANE('',#3700);
#3260=PLANE('',#3702);
#3261=PLANE('',#3703);
#3262=PLANE('',#3707);
#3263=PLANE('',#3711);
#3264=PLANE('',#3713);
#3265=PLANE('',#3716);
#3266=PLANE('',#3718);
#3267=PLANE('',#3721);
#3268=PLANE('',#3722);
#3269=PLANE('',#3723);
#3270=PLANE('',#3724);
#3271=PLANE('',#3725);
#3272=PLANE('',#3726);
#3273=PLANE('',#3727);
#3274=PLANE('',#3728);
#3275=PLANE('',#3730);
#3276=PLANE('',#3733);
#3277=PLANE('',#3734);
#3278=PLANE('',#3735);
#3279=PLANE('',#3736);
#3280=PLANE('',#3737);
#3281=PLANE('',#3738);
#3282=PLANE('',#3740);
#3283=PLANE('',#3742);
#3284=PLANE('',#3744);
#3285=PLANE('',#3746);
#3286=PLANE('',#3752);
#3287=PLANE('',#3753);
#3288=PLANE('',#3754);
#3289=PLANE('',#3755);
#3290=PLANE('',#3756);
#3291=PLANE('',#3757);
#3292=PLANE('',#3758);
#3293=PLANE('',#3759);
#3294=PLANE('',#3760);
#3295=PLANE('',#3761);
#3296=PLANE('',#3762);
#3297=PLANE('',#3763);
#3298=PLANE('',#3764);
#3299=PLANE('',#3765);
#3300=PLANE('',#3766);
#3301=PLANE('',#3768);
#3302=PLANE('',#3770);
#3303=PLANE('',#3772);
#3304=PLANE('',#3779);
#3305=PLANE('',#3780);
#3306=PLANE('',#3781);
#3307=PLANE('',#3782);
#3308=PLANE('',#3783);
#3309=PLANE('',#3784);
#3310=PLANE('',#3785);
#3311=PLANE('',#3786);
#3312=PLANE('',#3787);
#3313=PLANE('',#3788);
#3314=PLANE('',#3789);
#3315=PLANE('',#3790);
#3316=PLANE('',#3791);
#3317=PLANE('',#3792);
#3318=PLANE('',#3793);
#3319=PLANE('',#3794);
#3320=PLANE('',#3795);
#3321=PLANE('',#3796);
#3322=PLANE('',#3797);
#3323=PLANE('',#3798);
#3324=PLANE('',#3799);
#3325=PLANE('',#3800);
#3326=PLANE('',#3801);
#3327=PLANE('',#3802);
#3328=PLANE('',#3803);
#3329=PLANE('',#3805);
#3330=PLANE('',#3811);
#3331=PLANE('',#3812);
#3332=PLANE('',#3813);
#3333=PLANE('',#3814);
#3334=PLANE('',#3815);
#3335=PLANE('',#3817);
#3336=PLANE('',#3820);
#3337=PLANE('',#3821);
#3338=PLANE('',#3822);
#3339=PLANE('',#3823);
#3340=PLANE('',#3824);
#3341=PLANE('',#3825);
#3342=PLANE('',#3826);
#3343=PLANE('',#3827);
#3344=PLANE('',#3828);
#3345=PLANE('',#3829);
#3346=PLANE('',#3830);
#3347=PLANE('',#3831);
#3348=PLANE('',#3832);
#3349=PLANE('',#3833);
#3350=PLANE('',#3834);
#3351=PLANE('',#3836);
#3352=PLANE('',#3837);
#3353=PLANE('',#3838);
#3354=PLANE('',#3844);
#3355=PLANE('',#3848);
#3356=PLANE('',#3849);
#3357=PLANE('',#3850);
#3358=PLANE('',#3851);
#3359=PLANE('',#3852);
#3360=PLANE('',#3853);
#3361=PLANE('',#3854);
#3362=PLANE('',#3855);
#3363=PLANE('',#3856);
#3364=PLANE('',#3857);
#3365=PLANE('',#3858);
#3366=PLANE('',#3859);
#3367=PLANE('',#3860);
#3368=PLANE('',#3861);
#3369=PLANE('',#3862);
#3370=PLANE('',#3863);
#3371=PLANE('',#3864);
#3372=PLANE('',#3865);
#3373=PLANE('',#3866);
#3374=PLANE('',#3867);
#3375=PLANE('',#3868);
#3376=PLANE('',#3869);
#3377=PLANE('',#3870);
#3378=PLANE('',#3871);
#3379=PLANE('',#3872);
#3380=PLANE('',#3873);
#3381=PLANE('',#3874);
#3382=PLANE('',#3875);
#3383=PLANE('',#3876);
#3384=PLANE('',#3877);
#3385=PLANE('',#3878);
#3386=PLANE('',#3879);
#3387=PLANE('',#3880);
#3388=PLANE('',#3881);
#3389=PLANE('',#3882);
#3390=PLANE('',#3883);
#3391=PLANE('',#3884);
#3392=PLANE('',#3885);
#3393=PLANE('',#3886);
#3394=PLANE('',#3887);
#3395=PLANE('',#3888);
#3396=PLANE('',#3889);
#3397=PLANE('',#3890);
#3398=PLANE('',#3891);
#3399=PLANE('',#3892);
#3400=PLANE('',#3893);
#3401=PLANE('',#3894);
#3402=PLANE('',#3896);
#3403=PLANE('',#3897);
#3404=PLANE('',#3898);
#3405=PLANE('',#3900);
#3406=PLANE('',#3901);
#3407=PLANE('',#3902);
#3408=PLANE('',#3903);
#3409=PLANE('',#3904);
#3410=PLANE('',#3914);
#3411=PLANE('',#3918);
#3412=PLANE('',#3922);
#3413=PLANE('',#3923);
#3414=PLANE('',#3927);
#3415=ADVANCED_FACE('',(#309),#3257,.F.);
#3416=ADVANCED_FACE('',(#310),#3258,.F.);
#3417=ADVANCED_FACE('',(#311,#116),#3259,.F.);
#3418=ADVANCED_FACE('',(#312),#3260,.F.);
#3419=ADVANCED_FACE('',(#313,#117),#3261,.F.);
#3420=ADVANCED_FACE('',(#314),#98,.F.);
#3421=ADVANCED_FACE('',(#315,#118),#3262,.T.);
#3422=ADVANCED_FACE('',(#316),#99,.F.);
#3423=ADVANCED_FACE('',(#317),#45,.T.);
#3424=ADVANCED_FACE('',(#318),#3263,.F.);
#3425=ADVANCED_FACE('',(#319),#3264,.F.);
#3426=ADVANCED_FACE('',(#320),#100,.T.);
#3427=ADVANCED_FACE('',(#321),#46,.T.);
#3428=ADVANCED_FACE('',(#322),#3265,.F.);
#3429=ADVANCED_FACE('',(#323),#3266,.F.);
#3430=ADVANCED_FACE('',(#324),#101,.T.);
#3431=ADVANCED_FACE('',(#325),#47,.T.);
#3432=ADVANCED_FACE('',(#326),#3267,.F.);
#3433=ADVANCED_FACE('',(#327),#3268,.F.);
#3434=ADVANCED_FACE('',(#328),#3269,.F.);
#3435=ADVANCED_FACE('',(#329),#48,.T.);
#3436=ADVANCED_FACE('',(#330),#49,.T.);
#3437=ADVANCED_FACE('',(#331,#119),#3270,.T.);
#3438=ADVANCED_FACE('',(#332),#3271,.F.);
#3439=ADVANCED_FACE('',(#333),#3272,.F.);
#3440=ADVANCED_FACE('',(#334),#3273,.F.);
#3441=ADVANCED_FACE('',(#335),#3274,.F.);
#3442=ADVANCED_FACE('',(#336),#3275,.F.);
#3443=ADVANCED_FACE('',(#337),#102,.T.);
#3444=ADVANCED_FACE('',(#338),#50,.T.);
#3445=ADVANCED_FACE('',(#339),#3276,.F.);
#3446=ADVANCED_FACE('',(#340),#3277,.F.);
#3447=ADVANCED_FACE('',(#341),#51,.T.);
#3448=ADVANCED_FACE('',(#342),#3278,.F.);
#3449=ADVANCED_FACE('',(#343),#3279,.F.);
#3450=ADVANCED_FACE('',(#344),#3280,.F.);
#3451=ADVANCED_FACE('',(#345),#3281,.F.);
#3452=ADVANCED_FACE('',(#346),#3282,.F.);
#3453=ADVANCED_FACE('',(#347),#3283,.F.);
#3454=ADVANCED_FACE('',(#348),#3284,.F.);
#3455=ADVANCED_FACE('',(#349),#3285,.T.);
#3456=ADVANCED_FACE('',(#350),#103,.T.);
#3457=ADVANCED_FACE('',(#351),#52,.T.);
#3458=ADVANCED_FACE('',(#352),#53,.T.);
#3459=ADVANCED_FACE('',(#353),#3286,.F.);
#3460=ADVANCED_FACE('',(#354),#3287,.F.);
#3461=ADVANCED_FACE('',(#355),#3288,.F.);
#3462=ADVANCED_FACE('',(#356),#3289,.F.);
#3463=ADVANCED_FACE('',(#357),#3290,.F.);
#3464=ADVANCED_FACE('',(#358),#54,.T.);
#3465=ADVANCED_FACE('',(#359),#3291,.T.);
#3466=ADVANCED_FACE('',(#360),#3292,.F.);
#3467=ADVANCED_FACE('',(#361),#3293,.F.);
#3468=ADVANCED_FACE('',(#362),#3294,.F.);
#3469=ADVANCED_FACE('',(#363),#3295,.F.);
#3470=ADVANCED_FACE('',(#364),#3296,.F.);
#3471=ADVANCED_FACE('',(#365),#3297,.T.);
#3472=ADVANCED_FACE('',(#366),#55,.T.);
#3473=ADVANCED_FACE('',(#367),#56,.T.);
#3474=ADVANCED_FACE('',(#368),#3298,.F.);
#3475=ADVANCED_FACE('',(#369),#3299,.F.);
#3476=ADVANCED_FACE('',(#370),#3300,.F.);
#3477=ADVANCED_FACE('',(#371),#3301,.F.);
#3478=ADVANCED_FACE('',(#372),#3302,.F.);
#3479=ADVANCED_FACE('',(#373),#3303,.F.);
#3480=ADVANCED_FACE('',(#374),#57,.T.);
#3481=ADVANCED_FACE('',(#375),#58,.T.);
#3482=ADVANCED_FACE('',(#376),#104,.T.);
#3483=ADVANCED_FACE('',(#377),#3304,.T.);
#3484=ADVANCED_FACE('',(#378),#3305,.F.);
#3485=ADVANCED_FACE('',(#379),#3306,.F.);
#3486=ADVANCED_FACE('',(#380),#3307,.F.);
#3487=ADVANCED_FACE('',(#381),#3308,.F.);
#3488=ADVANCED_FACE('',(#382),#3309,.F.);
#3489=ADVANCED_FACE('',(#383),#3310,.F.);
#3490=ADVANCED_FACE('',(#384),#3311,.F.);
#3491=ADVANCED_FACE('',(#385),#59,.T.);
#3492=ADVANCED_FACE('',(#386),#3312,.F.);
#3493=ADVANCED_FACE('',(#387),#3313,.F.);
#3494=ADVANCED_FACE('',(#388),#3314,.F.);
#3495=ADVANCED_FACE('',(#389),#3315,.F.);
#3496=ADVANCED_FACE('',(#390),#3316,.F.);
#3497=ADVANCED_FACE('',(#391),#60,.T.);
#3498=ADVANCED_FACE('',(#392),#61,.T.);
#3499=ADVANCED_FACE('',(#393),#3317,.T.);
#3500=ADVANCED_FACE('',(#394),#3318,.T.);
#3501=ADVANCED_FACE('',(#395),#3319,.F.);
#3502=ADVANCED_FACE('',(#396),#3320,.F.);
#3503=ADVANCED_FACE('',(#397),#3321,.F.);
#3504=ADVANCED_FACE('',(#398),#3322,.F.);
#3505=ADVANCED_FACE('',(#399),#3323,.F.);
#3506=ADVANCED_FACE('',(#400),#3324,.F.);
#3507=ADVANCED_FACE('',(#401),#62,.T.);
#3508=ADVANCED_FACE('',(#402),#3325,.F.);
#3509=ADVANCED_FACE('',(#403),#63,.T.);
#3510=ADVANCED_FACE('',(#404),#3326,.F.);
#3511=ADVANCED_FACE('',(#405),#3327,.F.);
#3512=ADVANCED_FACE('',(#406),#3328,.F.);
#3513=ADVANCED_FACE('',(#407),#3329,.F.);
#3514=ADVANCED_FACE('',(#408),#64,.T.);
#3515=ADVANCED_FACE('',(#409),#65,.T.);
#3516=ADVANCED_FACE('',(#410),#105,.T.);
#3517=ADVANCED_FACE('',(#411),#3330,.T.);
#3518=ADVANCED_FACE('',(#412),#3331,.T.);
#3519=ADVANCED_FACE('',(#413),#3332,.F.);
#3520=ADVANCED_FACE('',(#414),#3333,.F.);
#3521=ADVANCED_FACE('',(#415),#3334,.F.);
#3522=ADVANCED_FACE('',(#416),#3335,.F.);
#3523=ADVANCED_FACE('',(#417),#66,.T.);
#3524=ADVANCED_FACE('',(#418),#106,.T.);
#3525=ADVANCED_FACE('',(#419),#3336,.F.);
#3526=ADVANCED_FACE('',(#420),#3337,.F.);
#3527=ADVANCED_FACE('',(#421),#3338,.F.);
#3528=ADVANCED_FACE('',(#422),#67,.T.);
#3529=ADVANCED_FACE('',(#423),#68,.T.);
#3530=ADVANCED_FACE('',(#424),#3339,.T.);
#3531=ADVANCED_FACE('',(#425),#3340,.F.);
#3532=ADVANCED_FACE('',(#426),#3341,.F.);
#3533=ADVANCED_FACE('',(#427),#3342,.F.);
#3534=ADVANCED_FACE('',(#428),#3343,.F.);
#3535=ADVANCED_FACE('',(#429),#3344,.F.);
#3536=ADVANCED_FACE('',(#430),#3345,.F.);
#3537=ADVANCED_FACE('',(#431),#3346,.F.);
#3538=ADVANCED_FACE('',(#432,#120),#3347,.F.);
#3539=ADVANCED_FACE('',(#433),#69,.T.);
#3540=ADVANCED_FACE('',(#434),#70,.T.);
#3541=ADVANCED_FACE('',(#435),#3348,.F.);
#3542=ADVANCED_FACE('',(#436),#3349,.F.);
#3543=ADVANCED_FACE('',(#437),#3350,.F.);
#3544=ADVANCED_FACE('',(#438),#71,.F.);
#3545=ADVANCED_FACE('',(#439),#3351,.F.);
#3546=ADVANCED_FACE('',(#440),#3352,.T.);
#3547=ADVANCED_FACE('',(#441),#3353,.F.);
#3548=ADVANCED_FACE('',(#442,#121,#122),#20,.F.);
#3549=ADVANCED_FACE('',(#443),#19,.T.);
#3550=ADVANCED_FACE('',(#444,#123),#3354,.T.);
#3551=ADVANCED_FACE('',(#445),#107,.F.);
#3552=ADVANCED_FACE('',(#446),#3355,.T.);
#3553=ADVANCED_FACE('',(#447),#3356,.T.);
#3554=ADVANCED_FACE('',(#448),#3357,.T.);
#3555=ADVANCED_FACE('',(#449),#3358,.T.);
#3556=ADVANCED_FACE('',(#450),#3359,.T.);
#3557=ADVANCED_FACE('',(#451),#3360,.T.);
#3558=ADVANCED_FACE('',(#452),#3361,.T.);
#3559=ADVANCED_FACE('',(#453),#3362,.T.);
#3560=ADVANCED_FACE('',(#454),#3363,.T.);
#3561=ADVANCED_FACE('',(#455),#3364,.T.);
#3562=ADVANCED_FACE('',(#456),#3365,.T.);
#3563=ADVANCED_FACE('',(#457),#3366,.T.);
#3564=ADVANCED_FACE('',(#458),#3367,.T.);
#3565=ADVANCED_FACE('',(#459),#3368,.T.);
#3566=ADVANCED_FACE('',(#460),#3369,.T.);
#3567=ADVANCED_FACE('',(#461),#3370,.T.);
#3568=ADVANCED_FACE('',(#462),#3371,.T.);
#3569=ADVANCED_FACE('',(#463),#3372,.T.);
#3570=ADVANCED_FACE('',(#464),#3373,.T.);
#3571=ADVANCED_FACE('',(#465),#3374,.T.);
#3572=ADVANCED_FACE('',(#466),#3375,.T.);
#3573=ADVANCED_FACE('',(#467),#3376,.T.);
#3574=ADVANCED_FACE('',(#468),#3377,.T.);
#3575=ADVANCED_FACE('',(#469),#3378,.T.);
#3576=ADVANCED_FACE('',(#470),#3379,.T.);
#3577=ADVANCED_FACE('',(#471),#3380,.T.);
#3578=ADVANCED_FACE('',(#472),#3381,.T.);
#3579=ADVANCED_FACE('',(#473),#3382,.T.);
#3580=ADVANCED_FACE('',(#474),#3383,.T.);
#3581=ADVANCED_FACE('',(#475),#3384,.T.);
#3582=ADVANCED_FACE('',(#476),#3385,.T.);
#3583=ADVANCED_FACE('',(#477),#3386,.T.);
#3584=ADVANCED_FACE('',(#478),#3387,.T.);
#3585=ADVANCED_FACE('',(#479),#3388,.T.);
#3586=ADVANCED_FACE('',(#480),#3389,.T.);
#3587=ADVANCED_FACE('',(#481),#3390,.T.);
#3588=ADVANCED_FACE('',(#482),#3391,.T.);
#3589=ADVANCED_FACE('',(#483),#3392,.T.);
#3590=ADVANCED_FACE('',(#484),#3393,.T.);
#3591=ADVANCED_FACE('',(#485),#3394,.T.);
#3592=ADVANCED_FACE('',(#486),#3395,.T.);
#3593=ADVANCED_FACE('',(#487),#3396,.T.);
#3594=ADVANCED_FACE('',(#488),#3397,.F.);
#3595=ADVANCED_FACE('',(#489),#3398,.T.);
#3596=ADVANCED_FACE('',(#490),#3399,.T.);
#3597=ADVANCED_FACE('',(#491),#3400,.F.);
#3598=ADVANCED_FACE('',(#492),#3401,.T.);
#3599=ADVANCED_FACE('',(#493),#3402,.T.);
#3600=ADVANCED_FACE('',(#494),#3403,.T.);
#3601=ADVANCED_FACE('',(#495,#124),#3404,.T.);
#3602=ADVANCED_FACE('',(#496),#3405,.F.);
#3603=ADVANCED_FACE('',(#497),#72,.F.);
#3604=ADVANCED_FACE('',(#498),#3406,.T.);
#3605=ADVANCED_FACE('',(#499),#3407,.T.);
#3606=ADVANCED_FACE('',(#500),#3408,.T.);
#3607=ADVANCED_FACE('',(#501),#3409,.T.);
#3608=ADVANCED_FACE('',(#502),#108,.F.);
#3609=ADVANCED_FACE('',(#503),#109,.F.);
#3610=ADVANCED_FACE('',(#504),#73,.F.);
#3611=ADVANCED_FACE('',(#505),#74,.F.);
#3612=ADVANCED_FACE('',(#506),#75,.F.);
#3613=ADVANCED_FACE('',(#507),#110,.F.);
#3614=ADVANCED_FACE('',(#508),#111,.F.);
#3615=ADVANCED_FACE('',(#509,#125),#3410,.F.);
#3616=ADVANCED_FACE('',(#510),#112,.F.);
#3617=ADVANCED_FACE('',(#511,#126),#3411,.F.);
#3618=ADVANCED_FACE('',(#512),#113,.F.);
#3619=ADVANCED_FACE('',(#513,#127,#128,#129),#3412,.T.);
#3620=ADVANCED_FACE('',(#514,#130,#131,#132,#133),#76,.F.);
#3621=ADVANCED_FACE('',(#515,#134),#3413,.T.);
#3622=ADVANCED_FACE('',(#516),#114,.F.);
#3623=ADVANCED_FACE('',(#517),#115,.F.);
#3624=ADVANCED_FACE('',(#518),#3414,.F.);
#3625=CLOSED_SHELL('',(#3415,#3416,#3417,#3418,#3419,#3420,#3421,#3422,
#3423));
#3626=CLOSED_SHELL('',(#3424,#3425,#3426,#3427));
#3627=CLOSED_SHELL('',(#3428,#3429,#3430,#3431));
#3628=CLOSED_SHELL('',(#3432,#3433,#3434,#3435,#3436,#3437,#3438,#3439,
#3440));
#3629=CLOSED_SHELL('',(#3441,#3442,#3443,#3444));
#3630=CLOSED_SHELL('',(#3445,#3446,#3447,#3448,#3449,#3450));
#3631=CLOSED_SHELL('',(#3451,#3452,#3453,#3454,#3455,#3456,#3457,#3458,
#3459,#3460,#3461,#3462));
#3632=CLOSED_SHELL('',(#3463,#3464,#3465,#3466,#3467));
#3633=CLOSED_SHELL('',(#3468,#3469,#3470,#3471,#3472,#3473,#3474,#3475));
#3634=CLOSED_SHELL('',(#3476,#3477,#3478,#3479,#3480,#3481,#3482,#3483,
#3484,#3485,#3486,#3487));
#3635=CLOSED_SHELL('',(#3488,#3489,#3490,#3491,#3492,#3493));
#3636=CLOSED_SHELL('',(#3494,#3495,#3496,#3497,#3498,#3499,#3500,#3501,
#3502,#3503));
#3637=CLOSED_SHELL('',(#3504,#3505,#3506,#3507,#3508,#3509,#3510,#3511));
#3638=CLOSED_SHELL('',(#3512,#3513,#3514,#3515,#3516,#3517,#3518,#3519,
#3520));
#3639=CLOSED_SHELL('',(#3521,#3522,#3523,#3524));
#3640=CLOSED_SHELL('',(#3525,#3526,#3527,#3528,#3529,#3530,#3531,#3532,
#3533,#3534));
#3641=CLOSED_SHELL('',(#3535,#3536,#3537,#3538,#3539,#3540,#3541,#3542,
#3543));
#3642=CLOSED_SHELL('',(#3544,#3545,#3546,#3547,#3548,#3549,#3550,#3551,
#3552,#3553,#3554,#3555,#3556,#3557,#3558,#3559,#3560,#3561,#3562,#3563,
#3564,#3565,#3566,#3567,#3568,#3569,#3570,#3571,#3572,#3573,#3574,#3575,
#3576,#3577,#3578,#3579,#3580,#3581,#3582,#3583,#3584,#3585,#3586,#3587,
#3588,#3589,#3590,#3591,#3592,#3593,#3594,#3595,#3596,#3597,#3598,#3599,
#3600,#3601,#3602,#3603,#3604,#3605,#3606,#3607,#3608,#3609,#3610,#3611,
#3612,#3613,#3614,#3615,#3616,#3617,#3618,#3619,#3620,#3621,#3622,#3623,
#3624));
#3643=DERIVED_UNIT_ELEMENT(#3648,1.);
#3644=DERIVED_UNIT_ELEMENT(#12003,-3.);
#3645=DERIVED_UNIT_ELEMENT(#3648,1.);
#3646=DERIVED_UNIT_ELEMENT(#12003,-3.);
#3647=DIMENSIONAL_EXPONENTS(0.,1.,0.,0.,0.,0.,0.);
#3648=(
CONVERSION_BASED_UNIT('gram',#3650)
MASS_UNIT()
NAMED_UNIT(#3647)
);
#3649=(
MASS_UNIT()
NAMED_UNIT(*)
SI_UNIT(.KILO.,.GRAM.)
);
#3650=MASS_MEASURE_WITH_UNIT(MASS_MEASURE(0.001),#3649);
#3651=DERIVED_UNIT((#3643,#3644));
#3652=DERIVED_UNIT((#3645,#3646));
#3653=MEASURE_REPRESENTATION_ITEM('density measure',
POSITIVE_RATIO_MEASURE(1.),#3651);
#3654=MEASURE_REPRESENTATION_ITEM('density measure',
POSITIVE_RATIO_MEASURE(1.),#3652);
#3655=PROPERTY_DEFINITION_REPRESENTATION(#3665,#3659);
#3656=PROPERTY_DEFINITION_REPRESENTATION(#3666,#3660);
#3657=PROPERTY_DEFINITION_REPRESENTATION(#3667,#3661);
#3658=PROPERTY_DEFINITION_REPRESENTATION(#3668,#3662);
#3659=REPRESENTATION('material name',(#3663),#11999);
#3660=REPRESENTATION('density',(#3653),#11999);
#3661=REPRESENTATION('material name',(#3664),#12000);
#3662=REPRESENTATION('density',(#3654),#12000);
#3663=DESCRIPTIVE_REPRESENTATION_ITEM('Generic','Generic');
#3664=DESCRIPTIVE_REPRESENTATION_ITEM('Generic','Generic');
#3665=PROPERTY_DEFINITION('material property','material name',#12019);
#3666=PROPERTY_DEFINITION('material property','density of part',#12019);
#3667=PROPERTY_DEFINITION('material property','material name',#12020);
#3668=PROPERTY_DEFINITION('material property','density of part',#12020);
#3669=PRESENTATION_STYLE_ASSIGNMENT((#3670));
#3670=SURFACE_STYLE_USAGE(.BOTH.,#3673);
#3671=SURFACE_STYLE_RENDERING_WITH_PROPERTIES($,#3677,(#3672));
#3672=SURFACE_STYLE_TRANSPARENT(0.);
#3673=SURFACE_SIDE_STYLE('',(#3674,#3671));
#3674=SURFACE_STYLE_FILL_AREA(#3675);
#3675=FILL_AREA_STYLE('',(#3676));
#3676=FILL_AREA_STYLE_COLOUR('',#3677);
#3677=COLOUR_RGB('',0.749019607843137,0.749019607843137,0.749019607843137);
#3678=DATE_TIME_ROLE('creation_date');
#3679=DATE_TIME_ROLE('creation_date');
#3680=DATE_TIME_ROLE('creation_date');
#3681=APPLIED_DATE_AND_TIME_ASSIGNMENT(#3684,#3678,(#12018));
#3682=APPLIED_DATE_AND_TIME_ASSIGNMENT(#3685,#3679,(#12019));
#3683=APPLIED_DATE_AND_TIME_ASSIGNMENT(#3686,#3680,(#12020));
#3684=DATE_AND_TIME(#3687,#3690);
#3685=DATE_AND_TIME(#3688,#3691);
#3686=DATE_AND_TIME(#3689,#3692);
#3687=CALENDAR_DATE(2026,6,8);
#3688=CALENDAR_DATE(2026,9,6);
#3689=CALENDAR_DATE(2026,9,6);
#3690=LOCAL_TIME(0,0,0.,#3693);
#3691=LOCAL_TIME(0,0,0.,#3694);
#3692=LOCAL_TIME(0,0,0.,#3695);
#3693=COORDINATED_UNIVERSAL_TIME_OFFSET(0,0,.BEHIND.);
#3694=COORDINATED_UNIVERSAL_TIME_OFFSET(0,0,.BEHIND.);
#3695=COORDINATED_UNIVERSAL_TIME_OFFSET(0,0,.BEHIND.);
#3696=AXIS2_PLACEMENT_3D('',#4714,#3930,#3931);
#3697=AXIS2_PLACEMENT_3D('',#4715,#3932,#3933);
#3698=AXIS2_PLACEMENT_3D('',#4716,#3934,#3935);
#3699=AXIS2_PLACEMENT_3D('',#4725,#3940,#3941);
#3700=AXIS2_PLACEMENT_3D('',#4736,#3944,#3945);
#3701=AXIS2_PLACEMENT_3D('',#4761,#3947,#3948);
#3702=AXIS2_PLACEMENT_3D('',#4762,#3949,#3950);
#3703=AXIS2_PLACEMENT_3D('',#4769,#3952,#3953);
#3704=AXIS2_PLACEMENT_3D('',#4788,#3954,#3955);
#3705=AXIS2_PLACEMENT_3D('',#4789,#3956,#3957);
#3706=AXIS2_PLACEMENT_3D('',#4791,#3958,#3959);
#3707=AXIS2_PLACEMENT_3D('',#4793,#3961,#3962);
#3708=AXIS2_PLACEMENT_3D('',#4795,#3963,#3964);
#3709=AXIS2_PLACEMENT_3D('',#4796,#3965,#3966);
#3710=AXIS2_PLACEMENT_3D('',#5032,#3968,#3969);
#3711=AXIS2_PLACEMENT_3D('',#5033,#3970,#3971);
#3712=AXIS2_PLACEMENT_3D('',#5036,#3972,#3973);
#3713=AXIS2_PLACEMENT_3D('',#5043,#3975,#3976);
#3714=AXIS2_PLACEMENT_3D('',#5045,#3977,#3978);
#3715=AXIS2_PLACEMENT_3D('',#5050,#3979,#3980);
#3716=AXIS2_PLACEMENT_3D('',#5206,#3982,#3983);
#3717=AXIS2_PLACEMENT_3D('',#5209,#3984,#3985);
#3718=AXIS2_PLACEMENT_3D('',#5216,#3987,#3988);
#3719=AXIS2_PLACEMENT_3D('',#5218,#3989,#3990);
#3720=AXIS2_PLACEMENT_3D('',#5223,#3991,#3992);
#3721=AXIS2_PLACEMENT_3D('',#5379,#3994,#3995);
#3722=AXIS2_PLACEMENT_3D('',#5397,#3999,#4000);
#3723=AXIS2_PLACEMENT_3D('',#5406,#4003,#4004);
#3724=AXIS2_PLACEMENT_3D('',#5753,#4006,#4007);
#3725=AXIS2_PLACEMENT_3D('',#5760,#4011,#4012);
#3726=AXIS2_PLACEMENT_3D('',#5763,#4015,#4016);
#3727=AXIS2_PLACEMENT_3D('',#5765,#4018,#4019);
#3728=AXIS2_PLACEMENT_3D('',#5766,#4020,#4021);
#3729=AXIS2_PLACEMENT_3D('',#5769,#4022,#4023);
#3730=AXIS2_PLACEMENT_3D('',#5776,#4025,#4026);
#3731=AXIS2_PLACEMENT_3D('',#5778,#4027,#4028);
#3732=AXIS2_PLACEMENT_3D('',#5783,#4029,#4030);
#3733=AXIS2_PLACEMENT_3D('',#5939,#4032,#4033);
#3734=AXIS2_PLACEMENT_3D('',#5959,#4036,#4037);
#3735=AXIS2_PLACEMENT_3D('',#6169,#4039,#4040);
#3736=AXIS2_PLACEMENT_3D('',#6173,#4043,#4044);
#3737=AXIS2_PLACEMENT_3D('',#6175,#4046,#4047);
#3738=AXIS2_PLACEMENT_3D('',#6176,#4048,#4049);
#3739=AXIS2_PLACEMENT_3D('',#6188,#4052,#4053);
#3740=AXIS2_PLACEMENT_3D('',#6190,#4055,#4056);
#3741=AXIS2_PLACEMENT_3D('',#6198,#4057,#4058);
#3742=AXIS2_PLACEMENT_3D('',#6200,#4060,#4061);
#3743=AXIS2_PLACEMENT_3D('',#6206,#4062,#4063);
#3744=AXIS2_PLACEMENT_3D('',#6208,#4065,#4066);
#3745=AXIS2_PLACEMENT_3D('',#6210,#4067,#4068);
#3746=AXIS2_PLACEMENT_3D('',#6217,#4069,#4070);
#3747=AXIS2_PLACEMENT_3D('',#6225,#4075,#4076);
#3748=AXIS2_PLACEMENT_3D('',#6227,#4077,#4078);
#3749=AXIS2_PLACEMENT_3D('',#6229,#4079,#4080);
#3750=AXIS2_PLACEMENT_3D('',#6233,#4082,#4083);
#3751=AXIS2_PLACEMENT_3D('',#6234,#4084,#4085);
#3752=AXIS2_PLACEMENT_3D('',#6565,#4087,#4088);
#3753=AXIS2_PLACEMENT_3D('',#6567,#4090,#4091);
#3754=AXIS2_PLACEMENT_3D('',#6569,#4093,#4094);
#3755=AXIS2_PLACEMENT_3D('',#6571,#4096,#4097);
#3756=AXIS2_PLACEMENT_3D('',#6572,#4098,#4099);
#3757=AXIS2_PLACEMENT_3D('',#6774,#4102,#4103);
#3758=AXIS2_PLACEMENT_3D('',#6778,#4106,#4107);
#3759=AXIS2_PLACEMENT_3D('',#6780,#4109,#4110);
#3760=AXIS2_PLACEMENT_3D('',#6781,#4111,#4112);
#3761=AXIS2_PLACEMENT_3D('',#6793,#4116,#4117);
#3762=AXIS2_PLACEMENT_3D('',#6808,#4120,#4121);
#3763=AXIS2_PLACEMENT_3D('',#6867,#4126,#4127);
#3764=AXIS2_PLACEMENT_3D('',#7194,#4130,#4131);
#3765=AXIS2_PLACEMENT_3D('',#7196,#4133,#4134);
#3766=AXIS2_PLACEMENT_3D('',#7197,#4135,#4136);
#3767=AXIS2_PLACEMENT_3D('',#7200,#4137,#4138);
#3768=AXIS2_PLACEMENT_3D('',#7207,#4140,#4141);
#3769=AXIS2_PLACEMENT_3D('',#7209,#4142,#4143);
#3770=AXIS2_PLACEMENT_3D('',#7218,#4146,#4147);
#3771=AXIS2_PLACEMENT_3D('',#7226,#4148,#4149);
#3772=AXIS2_PLACEMENT_3D('',#7228,#4151,#4152);
#3773=AXIS2_PLACEMENT_3D('',#7234,#4153,#4154);
#3774=AXIS2_PLACEMENT_3D('',#7567,#4158,#4159);
#3775=AXIS2_PLACEMENT_3D('',#7569,#4160,#4161);
#3776=AXIS2_PLACEMENT_3D('',#7571,#4162,#4163);
#3777=AXIS2_PLACEMENT_3D('',#7576,#4166,#4167);
#3778=AXIS2_PLACEMENT_3D('',#7577,#4168,#4169);
#3779=AXIS2_PLACEMENT_3D('',#7578,#4170,#4171);
#3780=AXIS2_PLACEMENT_3D('',#7582,#4174,#4175);
#3781=AXIS2_PLACEMENT_3D('',#7585,#4178,#4179);
#3782=AXIS2_PLACEMENT_3D('',#7586,#4180,#4181);
#3783=AXIS2_PLACEMENT_3D('',#7588,#4183,#4184);
#3784=AXIS2_PLACEMENT_3D('',#7589,#4185,#4186);
#3785=AXIS2_PLACEMENT_3D('',#7609,#4189,#4190);
#3786=AXIS2_PLACEMENT_3D('',#7626,#4192,#4193);
#3787=AXIS2_PLACEMENT_3D('',#7823,#4196,#4197);
#3788=AXIS2_PLACEMENT_3D('',#7825,#4199,#4200);
#3789=AXIS2_PLACEMENT_3D('',#7826,#4201,#4202);
#3790=AXIS2_PLACEMENT_3D('',#7838,#4206,#4207);
#3791=AXIS2_PLACEMENT_3D('',#7853,#4210,#4211);
#3792=AXIS2_PLACEMENT_3D('',#8214,#4214,#4215);
#3793=AXIS2_PLACEMENT_3D('',#8224,#4221,#4222);
#3794=AXIS2_PLACEMENT_3D('',#8227,#4225,#4226);
#3795=AXIS2_PLACEMENT_3D('',#8229,#4228,#4229);
#3796=AXIS2_PLACEMENT_3D('',#8231,#4231,#4232);
#3797=AXIS2_PLACEMENT_3D('',#8232,#4233,#4234);
#3798=AXIS2_PLACEMENT_3D('',#8244,#4238,#4239);
#3799=AXIS2_PLACEMENT_3D('',#8253,#4242,#4243);
#3800=AXIS2_PLACEMENT_3D('',#8431,#4248,#4249);
#3801=AXIS2_PLACEMENT_3D('',#8615,#4252,#4253);
#3802=AXIS2_PLACEMENT_3D('',#8617,#4255,#4256);
#3803=AXIS2_PLACEMENT_3D('',#8618,#4257,#4258);
#3804=AXIS2_PLACEMENT_3D('',#8626,#4259,#4260);
#3805=AXIS2_PLACEMENT_3D('',#8628,#4262,#4263);
#3806=AXIS2_PLACEMENT_3D('',#8637,#4265,#4266);
#3807=AXIS2_PLACEMENT_3D('',#8970,#4270,#4271);
#3808=AXIS2_PLACEMENT_3D('',#8973,#4272,#4273);
#3809=AXIS2_PLACEMENT_3D('',#8975,#4275,#4276);
#3810=AXIS2_PLACEMENT_3D('',#8976,#4277,#4278);
#3811=AXIS2_PLACEMENT_3D('',#8977,#4279,#4280);
#3812=AXIS2_PLACEMENT_3D('',#8981,#4283,#4284);
#3813=AXIS2_PLACEMENT_3D('',#8983,#4286,#4287);
#3814=AXIS2_PLACEMENT_3D('',#8985,#4289,#4290);
#3815=AXIS2_PLACEMENT_3D('',#8986,#4291,#4292);
#3816=AXIS2_PLACEMENT_3D('',#8989,#4293,#4294);
#3817=AXIS2_PLACEMENT_3D('',#8996,#4296,#4297);
#3818=AXIS2_PLACEMENT_3D('',#8998,#4298,#4299);
#3819=AXIS2_PLACEMENT_3D('',#9158,#4301,#4302);
#3820=AXIS2_PLACEMENT_3D('',#9159,#4303,#4304);
#3821=AXIS2_PLACEMENT_3D('',#9171,#4308,#4309);
#3822=AXIS2_PLACEMENT_3D('',#9180,#4312,#4313);
#3823=AXIS2_PLACEMENT_3D('',#9523,#4316,#4317);
#3824=AXIS2_PLACEMENT_3D('',#9530,#4322,#4323);
#3825=AXIS2_PLACEMENT_3D('',#9536,#4327,#4328);
#3826=AXIS2_PLACEMENT_3D('',#9538,#4330,#4331);
#3827=AXIS2_PLACEMENT_3D('',#9540,#4333,#4334);
#3828=AXIS2_PLACEMENT_3D('',#9541,#4335,#4336);
#3829=AXIS2_PLACEMENT_3D('',#9553,#4340,#4341);
#3830=AXIS2_PLACEMENT_3D('',#9562,#4344,#4345);
#3831=AXIS2_PLACEMENT_3D('',#9568,#4347,#4348);
#3832=AXIS2_PLACEMENT_3D('',#9898,#4352,#4353);
#3833=AXIS2_PLACEMENT_3D('',#9901,#4356,#4357);
#3834=AXIS2_PLACEMENT_3D('',#9903,#4359,#4360);
#3835=AXIS2_PLACEMENT_3D('',#10080,#4361,#4362);
#3836=AXIS2_PLACEMENT_3D('',#10156,#4363,#4364);
#3837=AXIS2_PLACEMENT_3D('',#10166,#4370,#4371);
#3838=AXIS2_PLACEMENT_3D('',#10375,#4375,#4376);
#3839=AXIS2_PLACEMENT_3D('',#10533,#4382,#4383);
#3840=AXIS2_PLACEMENT_3D('',#10536,#4384,#4385);
#3841=AXIS2_PLACEMENT_3D('',#10538,#4386,#4387);
#3842=AXIS2_PLACEMENT_3D('',#10539,#4388,#4389);
#3843=AXIS2_PLACEMENT_3D('',#10540,#4390,#4391);
#3844=AXIS2_PLACEMENT_3D('',#10541,#4392,#4393);
#3845=AXIS2_PLACEMENT_3D('',#10622,#4394,#4395);
#3846=AXIS2_PLACEMENT_3D('',#10702,#4397,#4398);
#3847=AXIS2_PLACEMENT_3D('',#10705,#4400,#4401);
#3848=AXIS2_PLACEMENT_3D('',#10706,#4402,#4403);
#3849=AXIS2_PLACEMENT_3D('',#10748,#4425,#4426);
#3850=AXIS2_PLACEMENT_3D('',#10790,#4448,#4449);
#3851=AXIS2_PLACEMENT_3D('',#10796,#4453,#4454);
#3852=AXIS2_PLACEMENT_3D('',#10800,#4457,#4458);
#3853=AXIS2_PLACEMENT_3D('',#10804,#4461,#4462);
#3854=AXIS2_PLACEMENT_3D('',#10806,#4464,#4465);
#3855=AXIS2_PLACEMENT_3D('',#10812,#4469,#4470);
#3856=AXIS2_PLACEMENT_3D('',#10816,#4473,#4474);
#3857=AXIS2_PLACEMENT_3D('',#10820,#4477,#4478);
#3858=AXIS2_PLACEMENT_3D('',#10822,#4480,#4481);
#3859=AXIS2_PLACEMENT_3D('',#10828,#4485,#4486);
#3860=AXIS2_PLACEMENT_3D('',#10832,#4489,#4490);
#3861=AXIS2_PLACEMENT_3D('',#10836,#4493,#4494);
#3862=AXIS2_PLACEMENT_3D('',#10838,#4496,#4497);
#3863=AXIS2_PLACEMENT_3D('',#10844,#4501,#4502);
#3864=AXIS2_PLACEMENT_3D('',#10848,#4505,#4506);
#3865=AXIS2_PLACEMENT_3D('',#10852,#4509,#4510);
#3866=AXIS2_PLACEMENT_3D('',#10858,#4514,#4515);
#3867=AXIS2_PLACEMENT_3D('',#10862,#4518,#4519);
#3868=AXIS2_PLACEMENT_3D('',#10866,#4522,#4523);
#3869=AXIS2_PLACEMENT_3D('',#10868,#4525,#4526);
#3870=AXIS2_PLACEMENT_3D('',#10874,#4530,#4531);
#3871=AXIS2_PLACEMENT_3D('',#10878,#4534,#4535);
#3872=AXIS2_PLACEMENT_3D('',#10882,#4538,#4539);
#3873=AXIS2_PLACEMENT_3D('',#10884,#4541,#4542);
#3874=AXIS2_PLACEMENT_3D('',#10890,#4546,#4547);
#3875=AXIS2_PLACEMENT_3D('',#10894,#4550,#4551);
#3876=AXIS2_PLACEMENT_3D('',#10898,#4554,#4555);
#3877=AXIS2_PLACEMENT_3D('',#10900,#4557,#4558);
#3878=AXIS2_PLACEMENT_3D('',#10906,#4562,#4563);
#3879=AXIS2_PLACEMENT_3D('',#10910,#4566,#4567);
#3880=AXIS2_PLACEMENT_3D('',#10914,#4570,#4571);
#3881=AXIS2_PLACEMENT_3D('',#10916,#4573,#4574);
#3882=AXIS2_PLACEMENT_3D('',#10922,#4578,#4579);
#3883=AXIS2_PLACEMENT_3D('',#10926,#4582,#4583);
#3884=AXIS2_PLACEMENT_3D('',#10930,#4586,#4587);
#3885=AXIS2_PLACEMENT_3D('',#10932,#4589,#4590);
#3886=AXIS2_PLACEMENT_3D('',#10938,#4594,#4595);
#3887=AXIS2_PLACEMENT_3D('',#10942,#4598,#4599);
#3888=AXIS2_PLACEMENT_3D('',#10946,#4602,#4603);
#3889=AXIS2_PLACEMENT_3D('',#10953,#4605,#4606);
#3890=AXIS2_PLACEMENT_3D('',#10962,#4609,#4610);
#3891=AXIS2_PLACEMENT_3D('',#11006,#4611,#4612);
#3892=AXIS2_PLACEMENT_3D('',#11013,#4614,#4615);
#3893=AXIS2_PLACEMENT_3D('',#11022,#4618,#4619);
#3894=AXIS2_PLACEMENT_3D('',#11066,#4620,#4621);
#3895=AXIS2_PLACEMENT_3D('',#11094,#4622,#4623);
#3896=AXIS2_PLACEMENT_3D('',#11120,#4624,#4625);
#3897=AXIS2_PLACEMENT_3D('',#11132,#4629,#4630);
#3898=AXIS2_PLACEMENT_3D('',#11144,#4634,#4635);
#3899=AXIS2_PLACEMENT_3D('',#11152,#4640,#4641);
#3900=AXIS2_PLACEMENT_3D('',#11153,#4642,#4643);
#3901=AXIS2_PLACEMENT_3D('',#11272,#4644,#4645);
#3902=AXIS2_PLACEMENT_3D('',#11280,#4646,#4647);
#3903=AXIS2_PLACEMENT_3D('',#11287,#4649,#4650);
#3904=AXIS2_PLACEMENT_3D('',#11294,#4652,#4653);
#3905=AXIS2_PLACEMENT_3D('',#11302,#4654,#4655);
#3906=AXIS2_PLACEMENT_3D('',#11304,#4656,#4657);
#3907=AXIS2_PLACEMENT_3D('',#11306,#4659,#4660);
#3908=AXIS2_PLACEMENT_3D('',#11386,#4662,#4663);
#3909=AXIS2_PLACEMENT_3D('',#11387,#4664,#4665);
#3910=AXIS2_PLACEMENT_3D('',#11528,#4666,#4667);
#3911=AXIS2_PLACEMENT_3D('',#11530,#4668,#4669);
#3912=AXIS2_PLACEMENT_3D('',#11582,#4671,#4672);
#3913=AXIS2_PLACEMENT_3D('',#11584,#4673,#4674);
#3914=AXIS2_PLACEMENT_3D('',#11636,#4676,#4677);
#3915=AXIS2_PLACEMENT_3D('',#11638,#4678,#4679);
#3916=AXIS2_PLACEMENT_3D('',#11639,#4680,#4681);
#3917=AXIS2_PLACEMENT_3D('',#11642,#4683,#4684);
#3918=AXIS2_PLACEMENT_3D('',#11643,#4685,#4686);
#3919=AXIS2_PLACEMENT_3D('',#11645,#4687,#4688);
#3920=AXIS2_PLACEMENT_3D('',#11646,#4689,#4690);
#3921=AXIS2_PLACEMENT_3D('',#11649,#4692,#4693);
#3922=AXIS2_PLACEMENT_3D('',#11650,#4694,#4695);
#3923=AXIS2_PLACEMENT_3D('',#11985,#4699,#4700);
#3924=AXIS2_PLACEMENT_3D('',#11987,#4701,#4702);
#3925=AXIS2_PLACEMENT_3D('',#11988,#4703,#4704);
#3926=AXIS2_PLACEMENT_3D('',#11990,#4706,#4707);
#3927=AXIS2_PLACEMENT_3D('',#11991,#4708,#4709);
#3928=AXIS2_PLACEMENT_3D('',#11992,#4710,#4711);
#3929=AXIS2_PLACEMENT_3D('',#11993,#4712,#4713);
#3930=DIRECTION('axis',(0.,0.,1.));
#3931=DIRECTION('refdir',(1.,0.,0.));
#3932=DIRECTION('axis',(0.,0.,1.));
#3933=DIRECTION('refdir',(1.,0.,0.));
#3934=DIRECTION('center_axis',(1.,-2.69387524417184E-17,-1.2773780667832E-10));
#3935=DIRECTION('ref_axis',(-1.15696605265612E-10,-0.423844582468889,-0.905734933582543));
#3936=DIRECTION('',(-1.04735743261967E-10,0.57246717034283,-0.81992764246589));
#3937=DIRECTION('',(-1.15696605265612E-10,-0.423844582468889,-0.905734933582543));
#3938=DIRECTION('',(-1.09608620035818E-11,-0.996311752811994,-0.0858072911161582));
#3939=DIRECTION('',(1.15696605265561E-10,0.423844582469746,0.905734933582142));
#3940=DIRECTION('center_axis',(7.31257085450795E-11,0.819927642465891,0.57246717034283));
#3941=DIRECTION('ref_axis',(-1.04735769867476E-10,0.57246717034283,-0.81992764246589));
#3942=DIRECTION('',(-1.,0.,1.27737820321272E-10));
#3943=DIRECTION('',(-1.,0.,1.27737820321272E-10));
#3944=DIRECTION('center_axis',(5.4140983119665E-11,-0.905734933582142,0.423844582469746));
#3945=DIRECTION('ref_axis',(1.15696606202101E-10,0.423844582469746,0.905734933582142));
#3946=DIRECTION('',(-1.,0.,1.27737820321272E-10));
#3947=DIRECTION('center_axis',(-5.4140983119665E-11,0.905734933582142,-0.423844582469746));
#3948=DIRECTION('ref_axis',(-1.15696603412179E-10,-0.423844582469746,-0.905734933582142));
#3949=DIRECTION('center_axis',(-1.2726669166467E-10,0.0858072911161582,
-0.996311752811994));
#3950=DIRECTION('ref_axis',(-1.09608363346127E-11,-0.996311752811994,-0.0858072911161582));
#3951=DIRECTION('',(-1.,0.,1.27737820321272E-10));
#3952=DIRECTION('center_axis',(-5.41409831195555E-11,0.905734933582543,
-0.423844582468889));
#3953=DIRECTION('ref_axis',(-1.15696606202152E-10,-0.423844582468889,-0.905734933582543));
#3954=DIRECTION('center_axis',(5.41409831195555E-11,-0.905734933582543,
0.423844582468889));
#3955=DIRECTION('ref_axis',(1.15696606203885E-10,0.423844582468889,0.905734933582543));
#3956=DIRECTION('center_axis',(-6.3868910160636E-11,0.866025403784439,-0.5));
#3957=DIRECTION('ref_axis',(-1.,-3.91974312224693E-22,1.27737820320593E-10));
#3958=DIRECTION('center_axis',(6.38689101601834E-11,-0.866025403784439,
0.5));
#3959=DIRECTION('ref_axis',(-1.,6.46234853557053E-27,1.27737820320367E-10));
#3960=DIRECTION('',(6.3868910160636E-11,-0.866025403784439,0.5));
#3961=DIRECTION('center_axis',(-6.38689101601834E-11,0.866025403784439,
-0.5));
#3962=DIRECTION('ref_axis',(-3.23117426778526E-27,0.5,0.866025403784439));
#3963=DIRECTION('center_axis',(6.38689101601834E-11,-0.866025403784439,
0.5));
#3964=DIRECTION('ref_axis',(1.,-2.81748854781672E-17,-1.27737804053589E-10));
#3965=DIRECTION('center_axis',(-6.3868877626628E-11,0.866025403784439,-0.5));
#3966=DIRECTION('ref_axis',(1.,-2.81748854781672E-17,-1.27737804053589E-10));
#3967=DIRECTION('',(-6.3868877626628E-11,0.866025403784439,-0.5));
#3968=DIRECTION('axis',(0.,0.,1.));
#3969=DIRECTION('refdir',(1.,0.,0.));
#3970=DIRECTION('center_axis',(0.5,0.866025403784439,-6.38689246218953E-11));
#3971=DIRECTION('ref_axis',(1.2773784924379E-10,0.,1.));
#3972=DIRECTION('center_axis',(0.5,0.866025403784439,-6.38689246218953E-11));
#3973=DIRECTION('ref_axis',(-0.866025403784438,0.5,0.));
#3974=DIRECTION('',(1.2773784924379E-10,0.,1.));
#3975=DIRECTION('center_axis',(0.5,-0.866025403784439,-6.38689246218952E-11));
#3976=DIRECTION('ref_axis',(0.,7.37494816466063E-11,-1.));
#3977=DIRECTION('center_axis',(0.5,-0.866025403784439,-6.38689246218952E-11));
#3978=DIRECTION('ref_axis',(-0.866025403784439,-0.5,0.));
#3979=DIRECTION('center_axis',(0.,1.,0.));
#3980=DIRECTION('ref_axis',(-1.,0.,0.));
#3981=DIRECTION('',(0.,-1.,0.));
#3982=DIRECTION('center_axis',(0.5,0.866025403784439,-6.38689246218953E-11));
#3983=DIRECTION('ref_axis',(1.2773784924379E-10,0.,1.));
#3984=DIRECTION('center_axis',(0.5,0.866025403784439,-6.38689246218953E-11));
#3985=DIRECTION('ref_axis',(-0.866025403784438,0.5,0.));
#3986=DIRECTION('',(-1.2773784924379E-10,0.,-1.));
#3987=DIRECTION('center_axis',(0.5,-0.866025403784439,-6.38689246218952E-11));
#3988=DIRECTION('ref_axis',(0.,7.37494816466063E-11,-1.));
#3989=DIRECTION('center_axis',(0.5,-0.866025403784439,-6.38689246218952E-11));
#3990=DIRECTION('ref_axis',(-0.866025403784439,-0.5,0.));
#3991=DIRECTION('center_axis',(0.,1.,0.));
#3992=DIRECTION('ref_axis',(-1.,0.,0.));
#3993=DIRECTION('',(0.,-1.,0.));
#3994=DIRECTION('center_axis',(0.5,-0.866025403784439,-6.38687331358468E-11));
#3995=DIRECTION('ref_axis',(0.,7.37492605375631E-11,-1.));
#3996=DIRECTION('',(1.2773780036211E-10,1.92887192004941E-16,1.));
#3997=DIRECTION('',(0.866025403784439,0.5,-1.10624144391108E-10));
#3998=DIRECTION('',(1.27737466271694E-10,0.,1.));
#3999=DIRECTION('center_axis',(-1.,0.,1.2773780036211E-10));
#4000=DIRECTION('ref_axis',(-1.2773780036211E-10,0.,-1.));
#4001=DIRECTION('',(-1.2773780036211E-10,1.92887192004941E-16,-1.));
#4002=DIRECTION('',(9.43184007664813E-31,-1.,7.38375018977217E-21));
#4003=DIRECTION('center_axis',(0.5,0.866025403784439,-6.38687331358469E-11));
#4004=DIRECTION('ref_axis',(1.27737466271694E-10,0.,1.));
#4005=DIRECTION('',(-0.866025403784439,0.5,1.10624144383724E-10));
#4006=DIRECTION('center_axis',(-1.27737759081894E-10,-7.38375018977217E-21,
-1.));
#4007=DIRECTION('ref_axis',(1.,0.,-1.27737759081894E-10));
#4008=DIRECTION('',(0.,-1.,0.));
#4009=DIRECTION('',(0.866025403784439,0.5,-1.10624144391108E-10));
#4010=DIRECTION('',(-0.866025403784439,0.5,1.10624144391108E-10));
#4011=DIRECTION('center_axis',(0.5,0.866025403784439,-6.38689246218953E-11));
#4012=DIRECTION('ref_axis',(1.2773784924379E-10,0.,1.));
#4013=DIRECTION('',(-1.2773784924379E-10,0.,-1.));
#4014=DIRECTION('',(1.2773784924379E-10,0.,1.));
#4015=DIRECTION('center_axis',(0.5,-0.866025403784439,-6.38689246218952E-11));
#4016=DIRECTION('ref_axis',(0.,7.37494816466063E-11,-1.));
#4017=DIRECTION('',(-1.2773784924379E-10,0.,-1.));
#4018=DIRECTION('center_axis',(-1.,0.,1.2773784924379E-10));
#4019=DIRECTION('ref_axis',(-1.2773784924379E-10,0.,-1.));
#4020=DIRECTION('center_axis',(0.5,0.866025403784439,-6.38687331358469E-11));
#4021=DIRECTION('ref_axis',(0.,7.37492605375631E-11,1.));
#4022=DIRECTION('center_axis',(0.5,0.866025403784439,-6.38687331358469E-11));
#4023=DIRECTION('ref_axis',(-0.866025403784439,0.5,0.));
#4024=DIRECTION('',(-1.27737466271694E-10,0.,-1.));
#4025=DIRECTION('center_axis',(0.5,-0.866025403784439,-6.38687331358468E-11));
#4026=DIRECTION('ref_axis',(0.,7.37492605375631E-11,-1.));
#4027=DIRECTION('center_axis',(0.5,-0.866025403784439,-6.38687331358468E-11));
#4028=DIRECTION('ref_axis',(-0.866025403784439,-0.5,0.));
#4029=DIRECTION('center_axis',(0.,1.,0.));
#4030=DIRECTION('ref_axis',(-1.,0.,0.));
#4031=DIRECTION('',(0.,-1.,0.));
#4032=DIRECTION('center_axis',(-0.5,-0.866025403784439,6.38689246218953E-11));
#4033=DIRECTION('ref_axis',(-1.2773784924379E-10,0.,-1.));
#4034=DIRECTION('',(0.866025403784439,-0.5,-1.10624144391108E-10));
#4035=DIRECTION('',(1.2773784924379E-10,0.,1.));
#4036=DIRECTION('center_axis',(-0.5,0.866025403784439,6.38689246218952E-11));
#4037=DIRECTION('ref_axis',(0.,-7.37494816466062E-11,1.));
#4038=DIRECTION('',(-0.866025403784439,-0.5,1.10624144391108E-10));
#4039=DIRECTION('center_axis',(-1.27737759086612E-10,7.89537432333333E-22,
-1.));
#4040=DIRECTION('ref_axis',(1.,0.,-1.27737759086612E-10));
#4041=DIRECTION('',(0.866025403784439,-0.5,-1.10624144391108E-10));
#4042=DIRECTION('',(-0.866025403784439,-0.5,1.10624144391108E-10));
#4043=DIRECTION('center_axis',(-0.5,-0.866025403784438,6.38687331358469E-11));
#4044=DIRECTION('ref_axis',(-1.27737466271694E-10,0.,-1.));
#4045=DIRECTION('',(1.27737466271694E-10,0.,1.));
#4046=DIRECTION('center_axis',(-0.5,0.866025403784439,6.38687331358469E-11));
#4047=DIRECTION('ref_axis',(-1.27737466271694E-10,0.,-1.));
#4048=DIRECTION('center_axis',(0.5,0.866025403784439,-6.38687331358469E-11));
#4049=DIRECTION('ref_axis',(1.27737466271694E-10,0.,1.));
#4050=DIRECTION('',(1.27737466271694E-10,0.,1.));
#4051=DIRECTION('',(-0.866025403784439,0.5,1.10624144383724E-10));
#4052=DIRECTION('center_axis',(0.5,0.866025403784439,-6.38687331358469E-11));
#4053=DIRECTION('ref_axis',(-0.866025403784438,0.5,0.));
#4054=DIRECTION('',(-1.27737466271694E-10,0.,-1.));
#4055=DIRECTION('center_axis',(-0.5,-0.866025403784438,6.38687331358469E-11));
#4056=DIRECTION('ref_axis',(-1.27737466271694E-10,0.,-1.));
#4057=DIRECTION('center_axis',(-0.5,-0.866025403784438,6.38687331358469E-11));
#4058=DIRECTION('ref_axis',(-0.866025403784438,0.5,0.));
#4059=DIRECTION('',(1.27737466271694E-10,0.,1.));
#4060=DIRECTION('center_axis',(0.5,-0.866025403784438,-6.38687331358469E-11));
#4061=DIRECTION('ref_axis',(1.27737466271694E-10,0.,1.));
#4062=DIRECTION('center_axis',(0.5,-0.866025403784438,-6.38687331358469E-11));
#4063=DIRECTION('ref_axis',(-0.866025403784438,-0.5,0.));
#4064=DIRECTION('',(0.866025403784438,0.5,-1.10624144391108E-10));
#4065=DIRECTION('center_axis',(0.,1.,0.));
#4066=DIRECTION('ref_axis',(0.,0.,1.));
#4067=DIRECTION('center_axis',(0.,-1.,0.));
#4068=DIRECTION('ref_axis',(-1.,0.,0.));
#4069=DIRECTION('center_axis',(-1.27737759081894E-10,-7.38375018977217E-21,
-1.));
#4070=DIRECTION('ref_axis',(1.,0.,-1.27737759081894E-10));
#4071=DIRECTION('',(0.,1.,0.));
#4072=DIRECTION('',(0.866025403784439,0.5,-1.10624144391108E-10));
#4073=DIRECTION('',(-0.866025403784439,0.5,1.10624144391108E-10));
#4074=DIRECTION('',(0.,1.,0.));
#4075=DIRECTION('center_axis',(0.,1.,0.));
#4076=DIRECTION('ref_axis',(1.,0.,-9.89242729661611E-15));
#4077=DIRECTION('center_axis',(0.5,0.866025403784439,-6.38689246218953E-11));
#4078=DIRECTION('ref_axis',(-0.866025403784438,0.5,0.));
#4079=DIRECTION('center_axis',(0.,-1.,0.));
#4080=DIRECTION('ref_axis',(-1.,0.,0.));
#4081=DIRECTION('',(0.,-1.,0.));
#4082=DIRECTION('center_axis',(-0.5,-0.866025403784439,6.38689246218953E-11));
#4083=DIRECTION('ref_axis',(-0.866025403784438,0.5,0.));
#4084=DIRECTION('center_axis',(0.5,-0.866025403784439,-6.38689246218952E-11));
#4085=DIRECTION('ref_axis',(-0.866025403784439,-0.5,0.));
#4086=DIRECTION('',(0.,-1.,0.));
#4087=DIRECTION('center_axis',(0.,1.,0.));
#4088=DIRECTION('ref_axis',(0.,0.,1.));
#4089=DIRECTION('',(-1.2773784924379E-10,0.,-1.));
#4090=DIRECTION('center_axis',(0.5,0.866025403784439,-6.38689246218953E-11));
#4091=DIRECTION('ref_axis',(1.2773784924379E-10,0.,1.));
#4092=DIRECTION('',(-1.2773784924379E-10,0.,-1.));
#4093=DIRECTION('center_axis',(0.5,-0.866025403784439,-6.38689246218952E-11));
#4094=DIRECTION('ref_axis',(0.,7.37494816466063E-11,-1.));
#4095=DIRECTION('',(1.2773784924379E-10,0.,1.));
#4096=DIRECTION('center_axis',(-0.5,-0.866025403784439,6.38689246218953E-11));
#4097=DIRECTION('ref_axis',(-1.2773784924379E-10,0.,-1.));
#4098=DIRECTION('center_axis',(-0.5,0.866025403784439,6.38689246218953E-11));
#4099=DIRECTION('ref_axis',(-1.2773784924379E-10,0.,-1.));
#4100=DIRECTION('',(-1.2773784924379E-10,0.,-1.));
#4101=DIRECTION('',(-0.866025403784439,-0.5,1.10624144391108E-10));
#4102=DIRECTION('center_axis',(0.,1.,0.));
#4103=DIRECTION('ref_axis',(0.,0.,1.));
#4104=DIRECTION('',(-1.27737466271694E-10,0.,-1.));
#4105=DIRECTION('',(1.,0.,-1.27737759086612E-10));
#4106=DIRECTION('center_axis',(-1.27737759086612E-10,7.89537432333333E-22,
-1.));
#4107=DIRECTION('ref_axis',(1.,0.,-1.27737759086612E-10));
#4108=DIRECTION('',(-0.866025403784439,-0.5,1.10624144391108E-10));
#4109=DIRECTION('center_axis',(-0.5,0.866025403784439,6.38687331358469E-11));
#4110=DIRECTION('ref_axis',(-1.27737466271694E-10,0.,-1.));
#4111=DIRECTION('center_axis',(-1.,0.,1.2773780036211E-10));
#4112=DIRECTION('ref_axis',(-1.2773780036211E-10,0.,-1.));
#4113=DIRECTION('',(1.2773780036211E-10,0.,1.));
#4114=DIRECTION('',(9.43184007664813E-31,-1.,7.38375018977217E-21));
#4115=DIRECTION('',(1.2773780036211E-10,1.92887192004941E-16,1.));
#4116=DIRECTION('center_axis',(0.5,-0.866025403784438,-6.38687331358469E-11));
#4117=DIRECTION('ref_axis',(1.27737466271694E-10,0.,1.));
#4118=DIRECTION('',(0.866025403784438,0.5,-1.10624144391108E-10));
#4119=DIRECTION('',(-1.27737466271694E-10,0.,-1.));
#4120=DIRECTION('center_axis',(0.,1.,0.));
#4121=DIRECTION('ref_axis',(0.,0.,1.));
#4122=DIRECTION('',(1.,0.,-1.27737759081894E-10));
#4123=DIRECTION('',(-1.2773784924379E-10,0.,-1.));
#4124=DIRECTION('',(1.2773784924379E-10,0.,1.));
#4125=DIRECTION('',(1.,0.,-1.27737759081894E-10));
#4126=DIRECTION('center_axis',(-1.27737759081894E-10,-7.38375018977217E-21,
-1.));
#4127=DIRECTION('ref_axis',(1.,0.,-1.27737759081894E-10));
#4128=DIRECTION('',(0.,-1.,0.));
#4129=DIRECTION('',(0.866025403784439,0.5,-1.10624144391108E-10));
#4130=DIRECTION('center_axis',(-1.,0.,1.2773784924379E-10));
#4131=DIRECTION('ref_axis',(-1.2773784924379E-10,0.,-1.));
#4132=DIRECTION('',(1.2773784924379E-10,0.,1.));
#4133=DIRECTION('center_axis',(0.5,-0.866025403784439,-6.38689246218952E-11));
#4134=DIRECTION('ref_axis',(0.,7.37494816466063E-11,-1.));
#4135=DIRECTION('center_axis',(-0.5,-0.866025403784439,6.38689246218953E-11));
#4136=DIRECTION('ref_axis',(-1.2773784924379E-10,0.,-1.));
#4137=DIRECTION('center_axis',(-0.5,-0.866025403784439,6.38689246218953E-11));
#4138=DIRECTION('ref_axis',(-0.866025403784438,0.5,0.));
#4139=DIRECTION('',(-1.2773784924379E-10,0.,-1.));
#4140=DIRECTION('center_axis',(0.5,-0.866025403784439,-6.38689246218952E-11));
#4141=DIRECTION('ref_axis',(0.,7.37494816466063E-11,-1.));
#4142=DIRECTION('center_axis',(0.5,-0.866025403784439,-6.38689246218952E-11));
#4143=DIRECTION('ref_axis',(-0.866025403784439,-0.5,0.));
#4144=DIRECTION('',(1.2773784924379E-10,0.,1.));
#4145=DIRECTION('',(0.866025403784439,0.5,-1.10624144391108E-10));
#4146=DIRECTION('center_axis',(-0.5,0.866025403784439,6.38689246218953E-11));
#4147=DIRECTION('ref_axis',(-1.2773784924379E-10,0.,-1.));
#4148=DIRECTION('center_axis',(-0.5,0.866025403784439,6.38689246218953E-11));
#4149=DIRECTION('ref_axis',(-0.866025403784439,-0.5,0.));
#4150=DIRECTION('',(1.2773784924379E-10,0.,1.));
#4151=DIRECTION('center_axis',(0.5,0.866025403784439,-6.38689246218953E-11));
#4152=DIRECTION('ref_axis',(1.2773784924379E-10,0.,1.));
#4153=DIRECTION('center_axis',(0.5,0.866025403784439,-6.38689246218953E-11));
#4154=DIRECTION('ref_axis',(-0.866025403784438,0.5,0.));
#4155=DIRECTION('',(-0.866025403784439,0.5,1.10624144391108E-10));
#4156=DIRECTION('',(0.,-1.,0.));
#4157=DIRECTION('',(0.,-1.,0.));
#4158=DIRECTION('center_axis',(0.,1.,0.));
#4159=DIRECTION('ref_axis',(1.,0.,-9.89242729661611E-15));
#4160=DIRECTION('center_axis',(-0.5,0.866025403784439,6.38687331358469E-11));
#4161=DIRECTION('ref_axis',(-0.866025403784439,-0.5,0.));
#4162=DIRECTION('center_axis',(0.5,0.866025403784439,-6.38687331358469E-11));
#4163=DIRECTION('ref_axis',(-0.866025403784438,0.5,0.));
#4164=DIRECTION('',(0.,1.,0.));
#4165=DIRECTION('',(0.,1.,0.));
#4166=DIRECTION('center_axis',(0.5,-0.866025403784439,-6.38687331358468E-11));
#4167=DIRECTION('ref_axis',(-0.866025403784439,-0.5,0.));
#4168=DIRECTION('center_axis',(-0.5,-0.866025403784439,6.38687331358469E-11));
#4169=DIRECTION('ref_axis',(-0.866025403784438,0.5,0.));
#4170=DIRECTION('center_axis',(-1.27737759081894E-10,-7.38375018977217E-21,
-1.));
#4171=DIRECTION('ref_axis',(1.,0.,-1.27737759081894E-10));
#4172=DIRECTION('',(-0.866025403784439,0.5,1.10624144383724E-10));
#4173=DIRECTION('',(0.866025403784439,0.5,-1.10624144391108E-10));
#4174=DIRECTION('center_axis',(0.5,-0.866025403784439,-6.38687331358468E-11));
#4175=DIRECTION('ref_axis',(0.,7.37492605375631E-11,-1.));
#4176=DIRECTION('',(1.27737466271694E-10,0.,1.));
#4177=DIRECTION('',(1.27737466271694E-10,0.,1.));
#4178=DIRECTION('center_axis',(-0.5,-0.866025403784439,6.38687331358469E-11));
#4179=DIRECTION('ref_axis',(-1.27737466271694E-10,0.,-1.));
#4180=DIRECTION('center_axis',(0.5,0.866025403784439,-6.38687331358469E-11));
#4181=DIRECTION('ref_axis',(1.27737466271694E-10,0.,1.));
#4182=DIRECTION('',(1.27737466271694E-10,0.,1.));
#4183=DIRECTION('center_axis',(-0.5,0.866025403784439,6.38687331358469E-11));
#4184=DIRECTION('ref_axis',(-1.27737466271694E-10,0.,-1.));
#4185=DIRECTION('center_axis',(-0.5,0.866025403784439,6.38687331358469E-11));
#4186=DIRECTION('ref_axis',(-1.27737466271694E-10,0.,-1.));
#4187=DIRECTION('',(-0.866025403784439,-0.5,1.10624144391108E-10));
#4188=DIRECTION('',(1.27737466271694E-10,0.,1.));
#4189=DIRECTION('center_axis',(-0.5,-0.866025403784439,6.38687331358469E-11));
#4190=DIRECTION('ref_axis',(0.,-7.37492605375631E-11,-1.));
#4191=DIRECTION('',(0.866025403784439,-0.5,-1.10624144391108E-10));
#4192=DIRECTION('center_axis',(-1.27737759086612E-10,7.89537432333333E-22,
-1.));
#4193=DIRECTION('ref_axis',(1.,0.,-1.27737759086612E-10));
#4194=DIRECTION('',(-0.866025403784439,-0.5,1.10624144391108E-10));
#4195=DIRECTION('',(0.866025403784439,-0.5,-1.10624144391108E-10));
#4196=DIRECTION('center_axis',(-0.5,0.866025403784439,6.38689246218953E-11));
#4197=DIRECTION('ref_axis',(-1.2773784924379E-10,0.,-1.));
#4198=DIRECTION('',(-1.2773784924379E-10,0.,-1.));
#4199=DIRECTION('center_axis',(-0.5,-0.866025403784439,6.38689246218953E-11));
#4200=DIRECTION('ref_axis',(-1.2773784924379E-10,0.,-1.));
#4201=DIRECTION('center_axis',(-1.,0.,1.2773784924379E-10));
#4202=DIRECTION('ref_axis',(-1.2773784924379E-10,0.,-1.));
#4203=DIRECTION('',(-1.2773784924379E-10,0.,-1.));
#4204=DIRECTION('',(0.,-1.,0.));
#4205=DIRECTION('',(-1.2773784924379E-10,0.,-1.));
#4206=DIRECTION('center_axis',(0.5,0.866025403784439,-6.38689246218953E-11));
#4207=DIRECTION('ref_axis',(1.2773784924379E-10,0.,1.));
#4208=DIRECTION('',(-0.866025403784439,0.5,1.10624144391108E-10));
#4209=DIRECTION('',(-1.2773784924379E-10,0.,-1.));
#4210=DIRECTION('center_axis',(0.5,-0.866025403784439,-6.38689246218953E-11));
#4211=DIRECTION('ref_axis',(1.2773784924379E-10,0.,1.));
#4212=DIRECTION('',(0.866025403784439,0.5,-1.10624144391108E-10));
#4213=DIRECTION('',(1.2773784924379E-10,0.,1.));
#4214=DIRECTION('center_axis',(-1.27737759081894E-10,-7.38375018977217E-21,
-1.));
#4215=DIRECTION('ref_axis',(1.,0.,-1.27737759081894E-10));
#4216=DIRECTION('',(0.866025403784438,0.5,-1.10624144391108E-10));
#4217=DIRECTION('',(-1.,0.,1.27737759081894E-10));
#4218=DIRECTION('',(-1.,0.,1.27737759081894E-10));
#4219=DIRECTION('',(9.43184007664813E-31,-1.,7.38375018977217E-21));
#4220=DIRECTION('',(-0.866025403784439,0.5,1.10624144383724E-10));
#4221=DIRECTION('center_axis',(0.,1.,0.));
#4222=DIRECTION('ref_axis',(0.,0.,1.));
#4223=DIRECTION('',(1.27737466271694E-10,0.,1.));
#4224=DIRECTION('',(-1.2773780036211E-10,0.,-1.));
#4225=DIRECTION('center_axis',(-1.,0.,1.2773780036211E-10));
#4226=DIRECTION('ref_axis',(-1.2773780036211E-10,0.,-1.));
#4227=DIRECTION('',(-1.2773780036211E-10,1.92887192004941E-16,-1.));
#4228=DIRECTION('center_axis',(0.5,0.866025403784439,-6.38687331358469E-11));
#4229=DIRECTION('ref_axis',(1.27737466271694E-10,0.,1.));
#4230=DIRECTION('',(1.27737466271694E-10,0.,1.));
#4231=DIRECTION('center_axis',(0.5,-0.866025403784438,-6.38687331358469E-11));
#4232=DIRECTION('ref_axis',(1.27737466271694E-10,0.,1.));
#4233=DIRECTION('center_axis',(1.,0.,-1.2773780036211E-10));
#4234=DIRECTION('ref_axis',(1.2773780036211E-10,0.,1.));
#4235=DIRECTION('',(-1.2773780036211E-10,1.92887192004941E-16,-1.));
#4236=DIRECTION('',(0.,1.,0.));
#4237=DIRECTION('',(-1.2773780036211E-10,0.,-1.));
#4238=DIRECTION('center_axis',(-0.5,-0.866025403784439,6.38687331358469E-11));
#4239=DIRECTION('ref_axis',(0.,-7.37492605375631E-11,-1.));
#4240=DIRECTION('',(1.27737466271694E-10,0.,1.));
#4241=DIRECTION('',(0.866025403784439,-0.5,-1.10624144391108E-10));
#4242=DIRECTION('center_axis',(-1.27737759086612E-10,7.89537432333333E-22,
-1.));
#4243=DIRECTION('ref_axis',(1.,0.,-1.27737759086612E-10));
#4244=DIRECTION('',(-1.,0.,1.27737759086612E-10));
#4245=DIRECTION('',(-1.,0.,1.27737759086612E-10));
#4246=DIRECTION('',(0.866025403784439,-0.5,-1.10624144391108E-10));
#4247=DIRECTION('',(0.,1.,0.));
#4248=DIRECTION('center_axis',(0.,1.,0.));
#4249=DIRECTION('ref_axis',(0.,0.,1.));
#4250=DIRECTION('',(-1.2773784924379E-10,0.,-1.));
#4251=DIRECTION('',(1.2773784924379E-10,0.,1.));
#4252=DIRECTION('center_axis',(-0.5,-0.866025403784439,6.38689246218953E-11));
#4253=DIRECTION('ref_axis',(-1.2773784924379E-10,0.,-1.));
#4254=DIRECTION('',(-1.2773784924379E-10,0.,-1.));
#4255=DIRECTION('center_axis',(1.,0.,-1.2773784924379E-10));
#4256=DIRECTION('ref_axis',(1.2773784924379E-10,0.,1.));
#4257=DIRECTION('center_axis',(-0.5,0.866025403784439,6.38689246218952E-11));
#4258=DIRECTION('ref_axis',(0.,-7.37494816466062E-11,1.));
#4259=DIRECTION('center_axis',(-0.5,0.866025403784439,6.38689246218952E-11));
#4260=DIRECTION('ref_axis',(-0.866025403784439,-0.5,0.));
#4261=DIRECTION('',(-1.2773784924379E-10,0.,-1.));
#4262=DIRECTION('center_axis',(0.5,0.866025403784439,-6.38689246218953E-11));
#4263=DIRECTION('ref_axis',(1.2773784924379E-10,0.,1.));
#4264=DIRECTION('',(1.2773784924379E-10,0.,1.));
#4265=DIRECTION('center_axis',(0.5,0.866025403784439,-6.38689246218953E-11));
#4266=DIRECTION('ref_axis',(-0.866025403784438,0.5,0.));
#4267=DIRECTION('',(-0.866025403784439,0.5,1.10624144391108E-10));
#4268=DIRECTION('',(0.,-1.,0.));
#4269=DIRECTION('',(0.,-1.,0.));
#4270=DIRECTION('center_axis',(0.,1.,0.));
#4271=DIRECTION('ref_axis',(1.,0.,-9.89242729661611E-15));
#4272=DIRECTION('center_axis',(0.5,0.866025403784439,-6.38687331358469E-11));
#4273=DIRECTION('ref_axis',(-0.866025403784439,0.5,0.));
#4274=DIRECTION('',(0.,1.,0.));
#4275=DIRECTION('center_axis',(0.,-1.,0.));
#4276=DIRECTION('ref_axis',(-1.,0.,0.));
#4277=DIRECTION('center_axis',(-0.5,0.866025403784439,6.38687331358469E-11));
#4278=DIRECTION('ref_axis',(-0.866025403784438,-0.5,0.));
#4279=DIRECTION('center_axis',(-1.27737759081894E-10,-7.38375018977217E-21,
-1.));
#4280=DIRECTION('ref_axis',(1.,0.,-1.27737759081894E-10));
#4281=DIRECTION('',(-0.866025403784439,0.5,1.10624144383724E-10));
#4282=DIRECTION('',(-1.,0.,1.27737759081894E-10));
#4283=DIRECTION('center_axis',(0.,1.,0.));
#4284=DIRECTION('ref_axis',(0.,0.,1.));
#4285=DIRECTION('',(1.27737466271694E-10,0.,1.));
#4286=DIRECTION('center_axis',(-0.5,0.866025403784439,6.38687331358469E-11));
#4287=DIRECTION('ref_axis',(-1.27737466271694E-10,0.,-1.));
#4288=DIRECTION('',(1.27737466271694E-10,0.,1.));
#4289=DIRECTION('center_axis',(0.5,0.866025403784439,-6.38687331358469E-11));
#4290=DIRECTION('ref_axis',(0.,7.37492605375631E-11,1.));
#4291=DIRECTION('center_axis',(0.5,0.866025403784439,-6.38687331358469E-11));
#4292=DIRECTION('ref_axis',(1.27737466271694E-10,0.,1.));
#4293=DIRECTION('center_axis',(0.5,0.866025403784439,-6.38687331358469E-11));
#4294=DIRECTION('ref_axis',(-0.866025403784438,0.5,0.));
#4295=DIRECTION('',(-1.27737466271694E-10,0.,-1.));
#4296=DIRECTION('center_axis',(0.5,-0.866025403784438,-6.38687331358469E-11));
#4297=DIRECTION('ref_axis',(1.27737466271694E-10,0.,1.));
#4298=DIRECTION('center_axis',(0.5,-0.866025403784438,-6.38687331358469E-11));
#4299=DIRECTION('ref_axis',(-0.866025403784438,-0.5,0.));
#4300=DIRECTION('',(0.,-1.,0.));
#4301=DIRECTION('center_axis',(0.,1.,0.));
#4302=DIRECTION('ref_axis',(-1.,0.,0.));
#4303=DIRECTION('center_axis',(-0.5,-0.866025403784439,6.38689246218953E-11));
#4304=DIRECTION('ref_axis',(-1.2773784924379E-10,0.,-1.));
#4305=DIRECTION('',(-1.2773784924379E-10,0.,-1.));
#4306=DIRECTION('',(0.866025403784439,-0.5,-1.10624144391108E-10));
#4307=DIRECTION('',(1.2773784924379E-10,0.,1.));
#4308=DIRECTION('center_axis',(-0.5,0.866025403784439,6.38689246218952E-11));
#4309=DIRECTION('ref_axis',(0.,-7.37494816466062E-11,1.));
#4310=DIRECTION('',(-0.866025403784439,-0.5,1.10624144391108E-10));
#4311=DIRECTION('',(-1.2773784924379E-10,0.,-1.));
#4312=DIRECTION('center_axis',(1.,0.,-1.2773784924379E-10));
#4313=DIRECTION('ref_axis',(1.2773784924379E-10,0.,1.));
#4314=DIRECTION('',(0.,1.,0.));
#4315=DIRECTION('',(1.2773784924379E-10,0.,1.));
#4316=DIRECTION('center_axis',(0.,1.,0.));
#4317=DIRECTION('ref_axis',(0.,0.,1.));
#4318=DIRECTION('',(1.2773780036211E-10,0.,1.));
#4319=DIRECTION('',(-1.27737466271694E-10,0.,-1.));
#4320=DIRECTION('',(1.,0.,-1.27737759086612E-10));
#4321=DIRECTION('',(1.,0.,-1.27737759086612E-10));
#4322=DIRECTION('center_axis',(-1.27737759086612E-10,7.89537432333333E-22,
-1.));
#4323=DIRECTION('ref_axis',(1.,0.,-1.27737759086612E-10));
#4324=DIRECTION('',(0.866025403784439,-0.5,-1.10624144391108E-10));
#4325=DIRECTION('',(-0.866025403784439,-0.5,1.10624144391108E-10));
#4326=DIRECTION('',(0.,1.,0.));
#4327=DIRECTION('center_axis',(-0.5,-0.866025403784439,6.38687331358469E-11));
#4328=DIRECTION('ref_axis',(-1.27737466271694E-10,0.,-1.));
#4329=DIRECTION('',(-1.27737466271694E-10,0.,-1.));
#4330=DIRECTION('center_axis',(-0.5,0.866025403784439,6.38687331358469E-11));
#4331=DIRECTION('ref_axis',(-1.27737466271694E-10,0.,-1.));
#4332=DIRECTION('',(1.2773780036211E-10,1.92887192004941E-16,1.));
#4333=DIRECTION('center_axis',(1.,0.,-1.2773780036211E-10));
#4334=DIRECTION('ref_axis',(1.2773780036211E-10,0.,1.));
#4335=DIRECTION('center_axis',(1.,0.,-1.2773780036211E-10));
#4336=DIRECTION('ref_axis',(1.2773780036211E-10,0.,1.));
#4337=DIRECTION('',(-1.2773780036211E-10,1.92887192004941E-16,-1.));
#4338=DIRECTION('',(0.,1.,0.));
#4339=DIRECTION('',(1.2773780036211E-10,1.92887192004941E-16,1.));
#4340=DIRECTION('center_axis',(-0.5,-0.866025403784438,6.38687331358469E-11));
#4341=DIRECTION('ref_axis',(-1.27737466271694E-10,0.,-1.));
#4342=DIRECTION('',(-1.27737466271694E-10,0.,-1.));
#4343=DIRECTION('',(0.866025403784439,-0.5,-1.10624144391108E-10));
#4344=DIRECTION('center_axis',(-0.5,0.866025403784439,6.38687331358469E-11));
#4345=DIRECTION('ref_axis',(-1.27737466271694E-10,0.,-1.));
#4346=DIRECTION('',(-0.866025403784439,-0.5,1.10624144391108E-10));
#4347=DIRECTION('center_axis',(-1.27737759086612E-10,7.89537432333333E-22,
-1.));
#4348=DIRECTION('ref_axis',(1.,0.,-1.27737759086612E-10));
#4349=DIRECTION('',(0.,1.,0.));
#4350=DIRECTION('',(-0.866025403784439,-0.5,1.10624144391108E-10));
#4351=DIRECTION('',(0.866025403784439,-0.5,-1.10624144391108E-10));
#4352=DIRECTION('center_axis',(-0.5,0.866025403784439,6.38689246218953E-11));
#4353=DIRECTION('ref_axis',(-1.2773784924379E-10,0.,-1.));
#4354=DIRECTION('',(-1.2773784924379E-10,0.,-1.));
#4355=DIRECTION('',(1.2773784924379E-10,0.,1.));
#4356=DIRECTION('center_axis',(1.,0.,-1.2773784924379E-10));
#4357=DIRECTION('ref_axis',(1.2773784924379E-10,0.,1.));
#4358=DIRECTION('',(-1.2773784924379E-10,0.,-1.));
#4359=DIRECTION('center_axis',(-0.5,-0.866025403784439,6.38689246218953E-11));
#4360=DIRECTION('ref_axis',(-1.2773784924379E-10,0.,-1.));
#4361=DIRECTION('center_axis',(7.00619070640933E-5,6.93889388687688E-17,
-0.999999997545665));
#4362=DIRECTION('ref_axis',(0.999999997545665,0.,7.00619070640933E-5));
#4363=DIRECTION('center_axis',(4.95412495880714E-5,0.707106781186547,-0.707106779451071));
#4364=DIRECTION('ref_axis',(0.999999997545665,0.,7.00619070643611E-5));
#4365=DIRECTION('',(-0.999999997545665,0.,-7.00619070643611E-5));
#4366=DIRECTION('',(-4.95412495880714E-5,0.707106781186548,0.70710677945107));
#4367=DIRECTION('',(0.999999997545665,0.,7.00619070643611E-5));
#4368=DIRECTION('',(4.95412495880714E-5,-0.707106781186548,-0.70710677945107));
#4369=DIRECTION('',(-0.999999997545665,0.,-7.00619070643611E-5));
#4370=DIRECTION('center_axis',(0.,-1.,0.));
#4371=DIRECTION('ref_axis',(1.,0.,-1.27737759086156E-10));
#4372=DIRECTION('',(0.999999997545665,0.,7.00619070618841E-5));
#4373=DIRECTION('',(-7.00619070618684E-5,0.,0.999999997545665));
#4374=DIRECTION('',(-7.00619070643611E-5,0.,0.999999997545665));
#4375=DIRECTION('center_axis',(-4.95412495863198E-5,0.707106781186549,0.707106779451069));
#4376=DIRECTION('ref_axis',(-0.999999997545665,0.,-7.00619070618841E-5));
#4377=DIRECTION('',(0.999999997545665,0.,7.00619070618841E-5));
#4378=DIRECTION('',(4.95412495872928E-5,0.707106781186546,-0.707106779451072));
#4379=DIRECTION('',(-0.999999997545665,0.,-7.00619070618841E-5));
#4380=DIRECTION('',(-4.95412495863089E-5,-0.707106781186546,0.707106779451072));
#4381=DIRECTION('',(0.,1.,0.));
#4382=DIRECTION('center_axis',(-2.83634945610571E-26,-1.,-2.22044604925031E-16));
#4383=DIRECTION('ref_axis',(0.,0.,-1.));
#4384=DIRECTION('center_axis',(2.83634945610571E-26,1.,2.22044604925031E-16));
#4385=DIRECTION('ref_axis',(1.,0.,1.97372982155587E-16));
#4386=DIRECTION('center_axis',(-1.,2.83634945610571E-26,0.));
#4387=DIRECTION('ref_axis',(0.,0.,1.));
#4388=DIRECTION('center_axis',(-2.83634945610571E-26,-1.,-2.22044604925031E-16));
#4389=DIRECTION('ref_axis',(1.,-2.8363538386663E-26,1.97372982155587E-16));
#4390=DIRECTION('center_axis',(2.83634945610571E-26,1.,2.22044604925031E-16));
#4391=DIRECTION('ref_axis',(1.,0.,1.97372982155587E-16));
#4392=DIRECTION('center_axis',(-2.83634945610571E-26,-1.,-2.22044604925031E-16));
#4393=DIRECTION('ref_axis',(-1.27737820318496E-10,2.22044604925031E-16,
-1.));
#4394=DIRECTION('center_axis',(2.83634945610571E-26,1.,2.22044604925031E-16));
#4395=DIRECTION('ref_axis',(1.,-7.14036663539351E-34,-1.27737820320367E-10));
#4396=DIRECTION('',(-1.27737820318496E-10,2.22044604925031E-16,-1.));
#4397=DIRECTION('center_axis',(0.,-1.,0.));
#4398=DIRECTION('ref_axis',(1.,0.,0.));
#4399=DIRECTION('',(0.,1.,0.));
#4400=DIRECTION('center_axis',(-5.39843340351629E-11,-0.90630778703665,
-0.4226182617407));
#4401=DIRECTION('ref_axis',(0.,-0.4226182617407,0.90630778703665));
#4402=DIRECTION('center_axis',(-7.00619070643611E-5,0.,0.999999997545665));
#4403=DIRECTION('ref_axis',(0.999999997545665,0.,7.00619070643611E-5));
#4404=DIRECTION('',(0.,1.,0.));
#4405=DIRECTION('',(0.999999997545665,0.,7.00619070643611E-5));
#4406=DIRECTION('',(0.,1.,0.));
#4407=DIRECTION('',(0.999999997545665,0.,7.00619070643611E-5));
#4408=DIRECTION('',(0.,-1.,0.));
#4409=DIRECTION('',(0.999999997545665,0.,7.00619070643611E-5));
#4410=DIRECTION('',(0.,1.,0.));
#4411=DIRECTION('',(0.999999997545665,0.,7.00619070643611E-5));
#4412=DIRECTION('',(0.,-1.,0.));
#4413=DIRECTION('',(0.999999997545665,0.,7.00619070643611E-5));
#4414=DIRECTION('',(0.,1.,0.));
#4415=DIRECTION('',(0.999999997545665,0.,7.00619070643611E-5));
#4416=DIRECTION('',(0.,-1.,0.));
#4417=DIRECTION('',(0.999999997545665,0.,7.00619070643611E-5));
#4418=DIRECTION('',(0.,1.,0.));
#4419=DIRECTION('',(0.999999997545665,0.,7.00619070643611E-5));
#4420=DIRECTION('',(0.,-1.,0.));
#4421=DIRECTION('',(0.999999997545665,0.,7.00619070643611E-5));
#4422=DIRECTION('',(0.,1.,0.));
#4423=DIRECTION('',(0.999999997545665,0.,7.00619070643611E-5));
#4424=DIRECTION('',(0.,1.,0.));
#4425=DIRECTION('center_axis',(7.00619070618841E-5,0.,-0.999999997545665));
#4426=DIRECTION('ref_axis',(-0.999999997545665,0.,-7.00619070618841E-5));
#4427=DIRECTION('',(0.,1.,0.));
#4428=DIRECTION('',(-0.999999997545665,0.,-7.00619070618841E-5));
#4429=DIRECTION('',(0.,1.,0.));
#4430=DIRECTION('',(-0.999999997545665,0.,-7.00619070618841E-5));
#4431=DIRECTION('',(0.,-1.,0.));
#4432=DIRECTION('',(-0.999999997545665,0.,-7.00619070618841E-5));
#4433=DIRECTION('',(0.,1.,0.));
#4434=DIRECTION('',(-0.999999997545665,0.,-7.00619070618841E-5));
#4435=DIRECTION('',(0.,-1.,0.));
#4436=DIRECTION('',(-0.999999997545665,0.,-7.00619070618841E-5));
#4437=DIRECTION('',(0.,1.,0.));
#4438=DIRECTION('',(-0.999999997545665,0.,-7.00619070618841E-5));
#4439=DIRECTION('',(0.,-1.,0.));
#4440=DIRECTION('',(-0.999999997545665,0.,-7.00619070618841E-5));
#4441=DIRECTION('',(0.,1.,0.));
#4442=DIRECTION('',(-0.999999997545665,0.,-7.00619070618841E-5));
#4443=DIRECTION('',(0.,-1.,0.));
#4444=DIRECTION('',(-0.999999997545665,0.,-7.00619070618841E-5));
#4445=DIRECTION('',(0.,1.,0.));
#4446=DIRECTION('',(-0.999999997545665,0.,-7.00619070618841E-5));
#4447=DIRECTION('',(0.,1.,0.));
#4448=DIRECTION('center_axis',(0.,1.,0.));
#4449=DIRECTION('ref_axis',(-0.999999997545665,0.,-7.00619070618841E-5));
#4450=DIRECTION('',(-7.00619070599373E-5,0.,0.999999997545665));
#4451=DIRECTION('',(-0.999999997545665,0.,-7.00619070618841E-5));
#4452=DIRECTION('',(-7.00619070599373E-5,0.,0.999999997545665));
#4453=DIRECTION('center_axis',(-0.999999997545665,0.,-7.00619070599373E-5));
#4454=DIRECTION('ref_axis',(0.,-1.,0.));
#4455=DIRECTION('',(0.,-1.,0.));
#4456=DIRECTION('',(-7.00619070599373E-5,0.,0.999999997545665));
#4457=DIRECTION('center_axis',(0.999999997545665,0.,7.00619070599373E-5));
#4458=DIRECTION('ref_axis',(0.,1.,0.));
#4459=DIRECTION('',(-7.00619070599373E-5,0.,0.999999997545665));
#4460=DIRECTION('',(0.,1.,0.));
#4461=DIRECTION('center_axis',(7.00619070599373E-5,0.,-0.999999997545665));
#4462=DIRECTION('ref_axis',(0.999999997545665,0.,7.00619070599373E-5));
#4463=DIRECTION('',(0.999999997545665,0.,7.00619070618841E-5));
#4464=DIRECTION('center_axis',(0.,1.,0.));
#4465=DIRECTION('ref_axis',(-0.999999997545665,0.,-7.00619070618841E-5));
#4466=DIRECTION('',(-7.00619070599373E-5,0.,0.999999997545665));
#4467=DIRECTION('',(-0.999999997545665,0.,-7.00619070618841E-5));
#4468=DIRECTION('',(-7.00619070599373E-5,0.,0.999999997545665));
#4469=DIRECTION('center_axis',(-0.999999997545665,0.,-7.00619070599373E-5));
#4470=DIRECTION('ref_axis',(0.,-1.,0.));
#4471=DIRECTION('',(0.,-1.,0.));
#4472=DIRECTION('',(-7.00619070599373E-5,0.,0.999999997545665));
#4473=DIRECTION('center_axis',(0.999999997545665,0.,7.00619070599373E-5));
#4474=DIRECTION('ref_axis',(0.,1.,0.));
#4475=DIRECTION('',(-7.00619070599373E-5,0.,0.999999997545665));
#4476=DIRECTION('',(0.,1.,0.));
#4477=DIRECTION('center_axis',(7.00619070599373E-5,0.,-0.999999997545665));
#4478=DIRECTION('ref_axis',(0.999999997545665,0.,7.00619070599373E-5));
#4479=DIRECTION('',(0.999999997545665,0.,7.00619070618841E-5));
#4480=DIRECTION('center_axis',(0.,1.,0.));
#4481=DIRECTION('ref_axis',(-0.999999997545665,0.,-7.00619070618841E-5));
#4482=DIRECTION('',(-7.00619070599373E-5,0.,0.999999997545665));
#4483=DIRECTION('',(-0.999999997545665,0.,-7.00619070618841E-5));
#4484=DIRECTION('',(-7.00619070599373E-5,0.,0.999999997545665));
#4485=DIRECTION('center_axis',(-0.999999997545665,0.,-7.00619070599373E-5));
#4486=DIRECTION('ref_axis',(0.,-1.,0.));
#4487=DIRECTION('',(0.,-1.,0.));
#4488=DIRECTION('',(-7.00619070599373E-5,0.,0.999999997545665));
#4489=DIRECTION('center_axis',(0.999999997545665,0.,7.00619070599373E-5));
#4490=DIRECTION('ref_axis',(0.,1.,0.));
#4491=DIRECTION('',(-7.00619070599373E-5,0.,0.999999997545665));
#4492=DIRECTION('',(0.,1.,0.));
#4493=DIRECTION('center_axis',(7.00619070599373E-5,0.,-0.999999997545665));
#4494=DIRECTION('ref_axis',(0.999999997545665,0.,7.00619070599373E-5));
#4495=DIRECTION('',(0.999999997545665,0.,7.00619070618841E-5));
#4496=DIRECTION('center_axis',(0.,1.,0.));
#4497=DIRECTION('ref_axis',(-0.999999997545665,0.,-7.00619070618841E-5));
#4498=DIRECTION('',(-7.006190706349E-5,0.,0.999999997545665));
#4499=DIRECTION('',(-0.999999997545665,0.,-7.00619070618841E-5));
#4500=DIRECTION('',(-7.006190706349E-5,0.,0.999999997545665));
#4501=DIRECTION('center_axis',(0.999999997545665,0.,7.006190706349E-5));
#4502=DIRECTION('ref_axis',(0.,1.,0.));
#4503=DIRECTION('',(-7.006190706349E-5,0.,0.999999997545665));
#4504=DIRECTION('',(0.,1.,0.));
#4505=DIRECTION('center_axis',(7.006190706349E-5,0.,-0.999999997545665));
#4506=DIRECTION('ref_axis',(0.999999997545665,0.,7.006190706349E-5));
#4507=DIRECTION('',(0.999999997545665,0.,7.00619070618841E-5));
#4508=DIRECTION('',(0.,-1.,0.));
#4509=DIRECTION('center_axis',(0.,1.,0.));
#4510=DIRECTION('ref_axis',(-0.999999997545665,0.,-7.00619070618841E-5));
#4511=DIRECTION('',(-7.00619070599373E-5,0.,0.999999997545665));
#4512=DIRECTION('',(-0.999999997545665,0.,-7.00619070618841E-5));
#4513=DIRECTION('',(-7.00619070599373E-5,0.,0.999999997545665));
#4514=DIRECTION('center_axis',(-0.999999997545665,0.,-7.00619070599373E-5));
#4515=DIRECTION('ref_axis',(0.,-1.,0.));
#4516=DIRECTION('',(0.,-1.,0.));
#4517=DIRECTION('',(-7.00619070599373E-5,0.,0.999999997545665));
#4518=DIRECTION('center_axis',(0.999999997545665,0.,7.00619070599373E-5));
#4519=DIRECTION('ref_axis',(0.,1.,0.));
#4520=DIRECTION('',(-7.00619070599373E-5,0.,0.999999997545665));
#4521=DIRECTION('',(0.,1.,0.));
#4522=DIRECTION('center_axis',(7.00619070599373E-5,0.,-0.999999997545665));
#4523=DIRECTION('ref_axis',(0.999999997545665,0.,7.00619070599373E-5));
#4524=DIRECTION('',(0.999999997545665,0.,7.00619070618841E-5));
#4525=DIRECTION('center_axis',(0.,1.,0.));
#4526=DIRECTION('ref_axis',(0.999999997545665,0.,7.00619070643611E-5));
#4527=DIRECTION('',(7.00619070670427E-5,0.,-0.999999997545665));
#4528=DIRECTION('',(0.999999997545665,0.,7.00619070643611E-5));
#4529=DIRECTION('',(7.00619070670427E-5,0.,-0.999999997545665));
#4530=DIRECTION('center_axis',(0.999999997545665,0.,7.00619070670427E-5));
#4531=DIRECTION('ref_axis',(0.,-1.,0.));
#4532=DIRECTION('',(0.,-1.,0.));
#4533=DIRECTION('',(7.00619070670427E-5,0.,-0.999999997545665));
#4534=DIRECTION('center_axis',(-0.999999997545665,0.,-7.00619070670427E-5));
#4535=DIRECTION('ref_axis',(0.,1.,0.));
#4536=DIRECTION('',(7.00619070670427E-5,0.,-0.999999997545665));
#4537=DIRECTION('',(0.,1.,0.));
#4538=DIRECTION('center_axis',(-7.00619070670427E-5,0.,0.999999997545665));
#4539=DIRECTION('ref_axis',(-0.999999997545665,0.,-7.00619070670427E-5));
#4540=DIRECTION('',(-0.999999997545665,0.,-7.00619070643611E-5));
#4541=DIRECTION('center_axis',(0.,1.,0.));
#4542=DIRECTION('ref_axis',(0.999999997545665,0.,7.00619070643611E-5));
#4543=DIRECTION('',(7.00619070670427E-5,0.,-0.999999997545665));
#4544=DIRECTION('',(0.999999997545665,0.,7.00619070643611E-5));
#4545=DIRECTION('',(7.00619070670427E-5,0.,-0.999999997545665));
#4546=DIRECTION('center_axis',(0.999999997545665,0.,7.00619070670427E-5));
#4547=DIRECTION('ref_axis',(0.,-1.,0.));
#4548=DIRECTION('',(0.,-1.,0.));
#4549=DIRECTION('',(7.00619070670427E-5,0.,-0.999999997545665));
#4550=DIRECTION('center_axis',(-0.999999997545665,0.,-7.00619070670427E-5));
#4551=DIRECTION('ref_axis',(0.,1.,0.));
#4552=DIRECTION('',(7.00619070670427E-5,0.,-0.999999997545665));
#4553=DIRECTION('',(0.,1.,0.));
#4554=DIRECTION('center_axis',(-7.00619070670427E-5,0.,0.999999997545665));
#4555=DIRECTION('ref_axis',(-0.999999997545665,0.,-7.00619070670427E-5));
#4556=DIRECTION('',(-0.999999997545665,0.,-7.00619070643611E-5));
#4557=DIRECTION('center_axis',(0.,1.,0.));
#4558=DIRECTION('ref_axis',(0.999999997545665,0.,7.00619070643611E-5));
#4559=DIRECTION('',(7.00619070670427E-5,0.,-0.999999997545665));
#4560=DIRECTION('',(0.999999997545665,0.,7.00619070643611E-5));
#4561=DIRECTION('',(7.00619070670427E-5,0.,-0.999999997545665));
#4562=DIRECTION('center_axis',(0.999999997545665,0.,7.00619070670427E-5));
#4563=DIRECTION('ref_axis',(0.,-1.,0.));
#4564=DIRECTION('',(0.,-1.,0.));
#4565=DIRECTION('',(7.00619070670427E-5,0.,-0.999999997545665));
#4566=DIRECTION('center_axis',(-0.999999997545665,0.,-7.00619070670427E-5));
#4567=DIRECTION('ref_axis',(0.,1.,0.));
#4568=DIRECTION('',(7.00619070670427E-5,0.,-0.999999997545665));
#4569=DIRECTION('',(0.,1.,0.));
#4570=DIRECTION('center_axis',(-7.00619070670427E-5,0.,0.999999997545665));
#4571=DIRECTION('ref_axis',(-0.999999997545665,0.,-7.00619070670427E-5));
#4572=DIRECTION('',(-0.999999997545665,0.,-7.00619070643611E-5));
#4573=DIRECTION('center_axis',(0.,1.,0.));
#4574=DIRECTION('ref_axis',(0.999999997545665,0.,7.00619070643611E-5));
#4575=DIRECTION('',(7.006190706349E-5,0.,-0.999999997545665));
#4576=DIRECTION('',(0.999999997545665,0.,7.00619070643611E-5));
#4577=DIRECTION('',(7.006190706349E-5,0.,-0.999999997545665));
#4578=DIRECTION('center_axis',(0.999999997545665,0.,7.006190706349E-5));
#4579=DIRECTION('ref_axis',(0.,-1.,0.));
#4580=DIRECTION('',(0.,-1.,0.));
#4581=DIRECTION('',(7.006190706349E-5,0.,-0.999999997545665));
#4582=DIRECTION('center_axis',(-0.999999997545665,0.,-7.006190706349E-5));
#4583=DIRECTION('ref_axis',(0.,1.,0.));
#4584=DIRECTION('',(7.006190706349E-5,0.,-0.999999997545665));
#4585=DIRECTION('',(0.,1.,0.));
#4586=DIRECTION('center_axis',(-7.006190706349E-5,0.,0.999999997545665));
#4587=DIRECTION('ref_axis',(-0.999999997545665,0.,-7.006190706349E-5));
#4588=DIRECTION('',(-0.999999997545665,0.,-7.00619070643611E-5));
#4589=DIRECTION('center_axis',(0.,1.,0.));
#4590=DIRECTION('ref_axis',(0.999999997545665,0.,7.00619070643611E-5));
#4591=DIRECTION('',(7.00619070670427E-5,0.,-0.999999997545665));
#4592=DIRECTION('',(0.999999997545665,0.,7.00619070643611E-5));
#4593=DIRECTION('',(7.00619070670427E-5,0.,-0.999999997545665));
#4594=DIRECTION('center_axis',(-0.999999997545665,0.,-7.00619070670427E-5));
#4595=DIRECTION('ref_axis',(0.,1.,0.));
#4596=DIRECTION('',(7.00619070670427E-5,0.,-0.999999997545665));
#4597=DIRECTION('',(0.,1.,0.));
#4598=DIRECTION('center_axis',(-7.00619070670427E-5,0.,0.999999997545665));
#4599=DIRECTION('ref_axis',(-0.999999997545665,0.,-7.00619070670427E-5));
#4600=DIRECTION('',(-0.999999997545665,0.,-7.00619070643611E-5));
#4601=DIRECTION('',(0.,-1.,0.));
#4602=DIRECTION('center_axis',(-0.999999997545665,0.,-7.00619070643611E-5));
#4603=DIRECTION('ref_axis',(-7.00619070643611E-5,0.,0.999999997545665));
#4604=DIRECTION('',(-7.00619070643611E-5,0.,0.999999997545665));
#4605=DIRECTION('center_axis',(0.999999997545665,0.,7.00619070643611E-5));
#4606=DIRECTION('ref_axis',(7.00619070643611E-5,0.,-0.999999997545665));
#4607=DIRECTION('',(7.00619070643611E-5,0.,-0.999999997545665));
#4608=DIRECTION('',(7.00619070670427E-5,0.,-0.999999997545665));
#4609=DIRECTION('center_axis',(0.,1.,0.));
#4610=DIRECTION('ref_axis',(0.,0.,1.));
#4611=DIRECTION('center_axis',(-0.999999997545665,0.,-7.00619070618684E-5));
#4612=DIRECTION('ref_axis',(-7.00619070618684E-5,0.,0.999999997545665));
#4613=DIRECTION('',(-7.006190706349E-5,0.,0.999999997545665));
#4614=DIRECTION('center_axis',(0.999999997545665,0.,7.00619070632598E-5));
#4615=DIRECTION('ref_axis',(7.00619070632598E-5,0.,-0.999999997545665));
#4616=DIRECTION('',(7.00619070632598E-5,0.,-0.999999997545665));
#4617=DIRECTION('',(7.00619070632598E-5,0.,-0.999999997545665));
#4618=DIRECTION('center_axis',(0.,1.,0.));
#4619=DIRECTION('ref_axis',(0.,0.,1.));
#4620=DIRECTION('center_axis',(0.,-1.,0.));
#4621=DIRECTION('ref_axis',(1.,0.,-1.27737759086156E-10));
#4622=DIRECTION('center_axis',(0.,1.,0.));
#4623=DIRECTION('ref_axis',(1.,2.83634788964257E-26,-1.27737820320367E-10));
#4624=DIRECTION('center_axis',(0.866025403784457,0.499999999999968,-1.10624197422276E-10));
#4625=DIRECTION('ref_axis',(0.499999999999968,-0.866025403784457,-6.38688795430741E-11));
#4626=DIRECTION('',(0.499999999999968,-0.866025403784457,-6.38688795430741E-11));
#4627=DIRECTION('',(-1.27737820321272E-10,0.,-1.));
#4628=DIRECTION('',(-1.27737820321272E-10,0.,-1.));
#4629=DIRECTION('center_axis',(-0.866025403784433,0.50000000000001,1.10624197422273E-10));
#4630=DIRECTION('ref_axis',(0.50000000000001,0.866025403784433,-6.38688795430795E-11));
#4631=DIRECTION('',(-1.27737820321272E-10,0.,-1.));
#4632=DIRECTION('',(0.50000000000001,0.866025403784433,-6.38688795430795E-11));
#4633=DIRECTION('',(-1.27737820321272E-10,0.,-1.));
#4634=DIRECTION('center_axis',(1.27737820321272E-10,0.,1.));
#4635=DIRECTION('ref_axis',(-1.,0.,1.27737820321272E-10));
#4636=DIRECTION('',(-0.499999999999876,0.86602540378451,6.38688795430625E-11));
#4637=DIRECTION('',(-1.,0.,1.27737759086156E-10));
#4638=DIRECTION('',(-0.500000000000024,-0.866025403784425,6.38688795430813E-11));
#4639=DIRECTION('',(1.,-3.65568205673173E-14,-1.27737759086156E-10));
#4640=DIRECTION('center_axis',(-1.27737820321272E-10,0.,-1.));
#4641=DIRECTION('ref_axis',(0.,-1.,0.));
#4642=DIRECTION('center_axis',(0.,1.,0.));
#4643=DIRECTION('ref_axis',(0.,0.,1.));
#4644=DIRECTION('center_axis',(3.65568205673173E-14,1.,-4.66968857714497E-24));
#4645=DIRECTION('ref_axis',(1.,-3.65568205673173E-14,-1.27737759086156E-10));
#4646=DIRECTION('center_axis',(-0.86602540378451,-0.499999999999876,1.10624197422283E-10));
#4647=DIRECTION('ref_axis',(-0.499999999999876,0.86602540378451,6.38688795430625E-11));
#4648=DIRECTION('',(-1.27737820321272E-10,0.,-1.));
#4649=DIRECTION('center_axis',(0.866025403784425,-0.500000000000024,-1.10624197422272E-10));
#4650=DIRECTION('ref_axis',(-0.500000000000024,-0.866025403784425,6.38688795430813E-11));
#4651=DIRECTION('',(-1.27737820321272E-10,0.,-1.));
#4652=DIRECTION('center_axis',(0.,-1.,0.));
#4653=DIRECTION('ref_axis',(-1.,0.,1.27737759086156E-10));
#4654=DIRECTION('center_axis',(-1.27737820321272E-10,0.,-1.));
#4655=DIRECTION('ref_axis',(0.,-1.,0.));
#4656=DIRECTION('center_axis',(-1.27737759086156E-10,0.,-1.));
#4657=DIRECTION('ref_axis',(0.,-1.,0.));
#4658=DIRECTION('',(1.27737820321272E-10,0.,1.));
#4659=DIRECTION('center_axis',(-1.27737820321272E-10,0.,-1.));
#4660=DIRECTION('ref_axis',(0.,-1.,0.));
#4661=DIRECTION('',(1.27737820321272E-10,0.,1.));
#4662=DIRECTION('center_axis',(-0.845614620608663,0.,-0.533793886638717));
#4663=DIRECTION('ref_axis',(0.,1.,0.));
#4664=DIRECTION('center_axis',(0.845689409542147,0.,-0.533675390652647));
#4665=DIRECTION('ref_axis',(-0.533675390652647,0.,-0.845689409542147));
#4666=DIRECTION('center_axis',(6.3868877626628E-11,0.866025403784439,0.5));
#4667=DIRECTION('ref_axis',(1.,2.81748854931882E-17,-1.27737804053589E-10));
#4668=DIRECTION('center_axis',(-6.38689101601834E-11,-0.866025403784439,
-0.5));
#4669=DIRECTION('ref_axis',(1.,2.81748854931882E-17,-1.27737804053589E-10));
#4670=DIRECTION('',(-6.3868877626628E-11,-0.866025403784439,-0.5));
#4671=DIRECTION('center_axis',(6.38689426946441E-11,0.866025403784439,0.5));
#4672=DIRECTION('ref_axis',(1.,-2.81756694183306E-17,-1.27737836587597E-10));
#4673=DIRECTION('center_axis',(-6.38689101601834E-11,-0.866025403784439,
-0.5));
#4674=DIRECTION('ref_axis',(1.,-2.81756694183306E-17,-1.27737836587597E-10));
#4675=DIRECTION('',(-6.38689426946441E-11,-0.866025403784439,-0.5));
#4676=DIRECTION('center_axis',(6.38689101601834E-11,0.866025403784439,0.5));
#4677=DIRECTION('ref_axis',(-3.23117426778526E-27,-0.5,0.866025403784439));
#4678=DIRECTION('center_axis',(-6.38689101601834E-11,-0.866025403784439,
-0.5));
#4679=DIRECTION('ref_axis',(-1.,-6.46234853557053E-27,1.27737820320367E-10));
#4680=DIRECTION('center_axis',(6.3868910160636E-11,0.866025403784439,0.5));
#4681=DIRECTION('ref_axis',(-1.,3.91974312224693E-22,1.27737820320593E-10));
#4682=DIRECTION('',(6.3868910160636E-11,0.866025403784439,0.5));
#4683=DIRECTION('center_axis',(-5.39843340351629E-11,-0.90630778703665,
-0.4226182617407));
#4684=DIRECTION('ref_axis',(1.15769781255476E-10,-0.4226182617407,0.90630778703665));
#4685=DIRECTION('center_axis',(6.38689101601834E-11,0.866025403784439,0.5));
#4686=DIRECTION('ref_axis',(0.,-0.5,0.866025403784439));
#4687=DIRECTION('center_axis',(-6.38689101601834E-11,-0.866025403784439,
-0.5));
#4688=DIRECTION('ref_axis',(-1.,0.,1.27737820320367E-10));
#4689=DIRECTION('center_axis',(6.3868910160636E-11,0.866025403784439,0.5));
#4690=DIRECTION('ref_axis',(-1.,3.91974312224693E-22,1.27737820320593E-10));
#4691=DIRECTION('',(6.3868910160636E-11,0.866025403784439,0.5));
#4692=DIRECTION('center_axis',(-5.39843340351629E-11,-0.90630778703665,
-0.4226182617407));
#4693=DIRECTION('ref_axis',(1.15769781255476E-10,-0.4226182617407,0.90630778703665));
#4694=DIRECTION('center_axis',(5.39843340351629E-11,0.90630778703665,0.4226182617407));
#4695=DIRECTION('ref_axis',(-1.15769781253742E-10,0.4226182617407,-0.90630778703665));
#4696=DIRECTION('',(1.15769781253742E-10,-0.4226182617407,0.90630778703665));
#4697=DIRECTION('',(0.,-1.,0.));
#4698=DIRECTION('',(0.,-1.,0.));
#4699=DIRECTION('center_axis',(-1.27737759086156E-10,0.,-1.));
#4700=DIRECTION('ref_axis',(1.,0.,-1.27737759086156E-10));
#4701=DIRECTION('center_axis',(-1.27737759086156E-10,0.,-1.));
#4702=DIRECTION('ref_axis',(0.,-1.,0.));
#4703=DIRECTION('center_axis',(-1.27736974437063E-10,0.,-1.));
#4704=DIRECTION('ref_axis',(0.,-1.,0.));
#4705=DIRECTION('',(1.27736974437063E-10,0.,1.));
#4706=DIRECTION('center_axis',(0.,1.,2.22044487883777E-16));
#4707=DIRECTION('ref_axis',(1.,2.83634788964257E-26,-1.27737820320367E-10));
#4708=DIRECTION('center_axis',(1.,0.,-1.27737820318496E-10));
#4709=DIRECTION('ref_axis',(1.27737820318496E-10,0.,1.));
#4710=DIRECTION('',(-4.57620518550095E-11,-0.766913768813334,0.641750162605767));
#4711=DIRECTION('',(1.,-9.79638914042242E-11,-4.57620535539548E-11));
#4712=DIRECTION('',(-1.93870456067116E-26,-1.66533453693773E-16,1.));
#4713=DIRECTION('',(1.,6.46234853557053E-27,1.93870456067116E-26));
#4714=CARTESIAN_POINT('',(0.,0.,0.));
#4715=CARTESIAN_POINT('',(0.,0.,0.));
#4716=CARTESIAN_POINT('Origin',(-113.999999998318,13.8287370721058,13.1699287482115));
#4717=CARTESIAN_POINT('',(-114.000000000752,4.90961393753245,-5.88979675978248));
#4718=CARTESIAN_POINT('',(-114.000000001652,9.82964645649123,-12.9366124954508));
#4719=CARTESIAN_POINT('',(-114.000000000201,1.89795270958363,-1.57628426777493));
#4720=CARTESIAN_POINT('',(-113.999999999248,10.4219517354677,5.8897967889067));
#4721=CARTESIAN_POINT('',(-113.999999998783,12.1253444037867,9.52986276855909));
#4722=CARTESIAN_POINT('',(-113.999999999153,18.984689437843,6.62726206993473));
#4723=CARTESIAN_POINT('',(-113.999999999179,16.7053635586482,6.43095526264008));
#4724=CARTESIAN_POINT('',(-114.000000000187,15.1998843196365,-1.46067948728646));
#4725=CARTESIAN_POINT('Origin',(4.95359692413821E-9,4.90961393753246,-5.88979677434459));
#4726=CARTESIAN_POINT('',(-21.9615938928832,9.82964645649123,-12.9366125072076));
#4727=CARTESIAN_POINT('',(4.05345204187786E-9,9.82964645649123,-12.9366125100129));
#4728=CARTESIAN_POINT('',(-3.51010543739383,4.90961393753246,-5.88979677389622));
#4729=CARTESIAN_POINT('Ctrl Pts',(-3.51010543739382,4.90961393753245,-5.88979677389621));
#4730=CARTESIAN_POINT('Ctrl Pts',(-5.98021220202811,6.26196592886469,-7.82673016903296));
#4731=CARTESIAN_POINT('Ctrl Pts',(-9.31227272491564,7.26090534590869,-9.25748128172));
#4732=CARTESIAN_POINT('Ctrl Pts',(-15.1755010806763,8.71499490042917,-11.340130351761));
#4733=CARTESIAN_POINT('Ctrl Pts',(-18.5921052086704,9.3353592456587,-12.2286596878523));
#4734=CARTESIAN_POINT('Ctrl Pts',(-21.9615938928832,9.82964645649122,-12.9366125072076));
#4735=CARTESIAN_POINT('',(4.95359692413821E-9,4.90961393753246,-5.88979677434459));
#4736=CARTESIAN_POINT('Origin',(4.05345204187786E-9,9.82964645649122,-12.9366125100129));
#4737=CARTESIAN_POINT('',(-4.52519827704765,18.984689437843,6.62726205595066));
#4738=CARTESIAN_POINT('',(6.55249873584468E-9,18.984689437843,6.62726205537262));
#4739=CARTESIAN_POINT('',(5.70594672612219E-9,15.8834188398707,-7.02315983147628E-10));
#4740=CARTESIAN_POINT('Ctrl Pts',(5.70594672691283E-9,15.8834188398707,
-7.02312218797685E-10));
#4741=CARTESIAN_POINT('Ctrl Pts',(5.76666426373291E-9,16.1054406405468,
0.474449618819444));
#4742=CARTESIAN_POINT('Ctrl Pts',(-0.0605539319123204,16.3756172018388,
1.05180358281828));
#4743=CARTESIAN_POINT('Ctrl Pts',(-0.56418586423497,17.1116337710261,2.62463462987552));
#4744=CARTESIAN_POINT('Ctrl Pts',(-1.08818977647613,17.5063402340114,3.46810284128998));
#4745=CARTESIAN_POINT('Ctrl Pts',(-2.52358122236945,18.285878513406,5.13393763308025));
#4746=CARTESIAN_POINT('Ctrl Pts',(-3.49719584357599,18.6596884657475,5.9327510344449));
#4747=CARTESIAN_POINT('Ctrl Pts',(-4.52519827704766,18.984689437843,6.62726205595066));
#4748=CARTESIAN_POINT('Ctrl Pts',(-21.9615938928832,9.82964645649123,-12.9366125072076));
#4749=CARTESIAN_POINT('Ctrl Pts',(-17.6563227804943,10.252944573656,-12.0320453435352));
#4750=CARTESIAN_POINT('Ctrl Pts',(-12.081606131948,10.9326474769634,-10.5795538191794));
#4751=CARTESIAN_POINT('Ctrl Pts',(-5.90299754503291,12.349818425192,-7.55112951597285));
#4752=CARTESIAN_POINT('Ctrl Pts',(-4.20017391788319,12.8240887199624,-6.53763732659981));
#4753=CARTESIAN_POINT('Ctrl Pts',(-2.04456543958029,13.7180287019206,-4.62733174866676));
#4754=CARTESIAN_POINT('Ctrl Pts',(-1.33509272081084,14.0897374438598,-3.83300853072075));
#4755=CARTESIAN_POINT('Ctrl Pts',(-0.415804748210415,14.8372280824671,-2.23565796434692));
#4756=CARTESIAN_POINT('Ctrl Pts',(-0.143589360036889,15.1888882385581,-1.4841775838565));
#4757=CARTESIAN_POINT('Ctrl Pts',(-0.0187491797243209,15.6522700828242,
-0.493953475087281));
#4758=CARTESIAN_POINT('Ctrl Pts',(5.67232035955996E-9,15.7604596867564,
-0.262757636367655));
#4759=CARTESIAN_POINT('Ctrl Pts',(5.70594669278314E-9,15.8834188398707,
-7.02314699452256E-10));
#4760=CARTESIAN_POINT('',(-35.0013266622539,13.6963230349652,-4.67371568241745));
#4761=CARTESIAN_POINT('Origin',(-29.7513266622539,13.6963230349652,-4.67371568308807));
#4762=CARTESIAN_POINT('Origin',(6.55249873584468E-9,18.984689437843,6.62726205537262));
#4763=CARTESIAN_POINT('',(-3.51010543858661,10.4219517354677,5.88979677479296));
#4764=CARTESIAN_POINT('',(6.45829652828559E-9,10.4219517354677,5.88979677434459));
#4765=CARTESIAN_POINT('Ctrl Pts',(-4.52519827704766,18.984689437843,6.62726205595066));
#4766=CARTESIAN_POINT('Ctrl Pts',(-4.16181387416595,16.1341794219029,6.38176217713));
#4767=CARTESIAN_POINT('Ctrl Pts',(-3.82384810433018,13.2785083266006,6.13581798138174));
#4768=CARTESIAN_POINT('Ctrl Pts',(-3.51010543858662,10.4219517354677,5.88979677479296));
#4769=CARTESIAN_POINT('Origin',(6.45829652828559E-9,10.4219517354677,5.88979677434459));
#4770=CARTESIAN_POINT('',(5.70594672612219E-9,7.6657828361714,-7.02317093370652E-10));
#4771=CARTESIAN_POINT('Ctrl Pts',(5.70594659628915E-9,7.6657828361714,-7.02315740286341E-10));
#4772=CARTESIAN_POINT('Ctrl Pts',(5.6591805439577E-9,7.49477644049692,-0.365432220046037));
#4773=CARTESIAN_POINT('Ctrl Pts',(-0.0364033880092605,7.32378704936228,
-0.730828101529426));
#4774=CARTESIAN_POINT('Ctrl Pts',(-0.288693146748399,6.74009356532614,-1.97815224072893));
#4775=CARTESIAN_POINT('Ctrl Pts',(-0.680370592244385,6.35571454320372,-2.79955122167493));
#4776=CARTESIAN_POINT('Ctrl Pts',(-1.83267359341251,5.59418592223147,-4.42690026281962));
#4777=CARTESIAN_POINT('Ctrl Pts',(-2.63727098601586,5.22989876058728,-5.2053639301401));
#4778=CARTESIAN_POINT('Ctrl Pts',(-3.51010543739382,4.90961393753246,-5.88979677389621));
#4779=CARTESIAN_POINT('Ctrl Pts',(-3.51010543858662,10.4219517354677,5.88979677479297));
#4780=CARTESIAN_POINT('Ctrl Pts',(-2.61308508809415,10.0927919461968,5.18639856645613));
#4781=CARTESIAN_POINT('Ctrl Pts',(-1.78766014598473,9.71698074365592,4.38330859268535));
#4782=CARTESIAN_POINT('Ctrl Pts',(-0.688540295878957,8.97343381102561,2.79438553089214));
#4783=CARTESIAN_POINT('Ctrl Pts',(-0.331698607176062,8.62641270102624,2.05281856255783));
#4784=CARTESIAN_POINT('Ctrl Pts',(-0.0484168729269512,8.06007249323813,
0.842577517329718));
#4785=CARTESIAN_POINT('Ctrl Pts',(5.75985792980551E-9,7.86291636578549,
0.421264613114043));
#4786=CARTESIAN_POINT('Ctrl Pts',(5.70594672691283E-9,7.6657828361714,-7.02312218797685E-10));
#4787=CARTESIAN_POINT('',(-26.5013266617768,7.22663414272348,-0.938439059994306));
#4788=CARTESIAN_POINT('Origin',(-29.7513266617768,7.22663414272348,-0.938439059579158));
#4789=CARTESIAN_POINT('Origin',(-29.7513266608586,-5.22306195566896,6.24939633415675));
#4790=CARTESIAN_POINT('',(-26.501326662136,12.0974461200198,-3.7506036662584));
#4791=CARTESIAN_POINT('Origin',(-29.751326662136,12.0974461200198,-3.75060366584325));
#4792=CARTESIAN_POINT('',(-26.5013266608586,-5.22306195566896,6.2493963337416));
#4793=CARTESIAN_POINT('Origin',(-29.751326662136,12.0974461200198,-3.75060366584325));
#4794=CARTESIAN_POINT('',(-35.001326662136,12.0974461200198,-3.75060366517262));
#4795=CARTESIAN_POINT('Origin',(-29.751326662136,12.0974461200198,-3.75060366584325));
#4796=CARTESIAN_POINT('Origin',(-29.7513266608586,-5.22306195566896,6.24939633415675));
#4797=CARTESIAN_POINT('',(-35.0013266608586,-5.22306195566896,6.24939633482737));
#4798=CARTESIAN_POINT('Ctrl Pts',(-204.525031294038,0.,2.00000000007953));
#4799=CARTESIAN_POINT('Ctrl Pts',(-204.525031294038,453.491,2.00000000007953));
#4800=CARTESIAN_POINT('Ctrl Pts',(-204.113999746501,0.,2.06989816836585));
#4801=CARTESIAN_POINT('Ctrl Pts',(-204.113999746501,453.491,2.06989816836585));
#4802=CARTESIAN_POINT('Ctrl Pts',(-203.125561548954,0.,2.23747381881825));
#4803=CARTESIAN_POINT('Ctrl Pts',(-203.125561548954,453.491,2.23747381881825));
#4804=CARTESIAN_POINT('Ctrl Pts',(-201.491000729931,0.,2.51254030883364));
#4805=CARTESIAN_POINT('Ctrl Pts',(-201.491000729931,453.491,2.51254030883364));
#4806=CARTESIAN_POINT('Ctrl Pts',(-199.118547361238,0.,2.90704490322465));
#4807=CARTESIAN_POINT('Ctrl Pts',(-199.118547361238,453.491,2.90704490322465));
#4808=CARTESIAN_POINT('Ctrl Pts',(-196.393610433233,0.,3.35351010937274));
#4809=CARTESIAN_POINT('Ctrl Pts',(-196.393610433233,453.491,3.35351010937274));
#4810=CARTESIAN_POINT('Ctrl Pts',(-193.459904030726,0.,3.82690775499489));
#4811=CARTESIAN_POINT('Ctrl Pts',(-193.459904030726,453.491,3.82690775499489));
#4812=CARTESIAN_POINT('Ctrl Pts',(-190.324230294411,0.,4.32451885701716));
#4813=CARTESIAN_POINT('Ctrl Pts',(-190.324230294411,453.491,4.32451885701716));
#4814=CARTESIAN_POINT('Ctrl Pts',(-186.993932207618,0.,4.84389165939789));
#4815=CARTESIAN_POINT('Ctrl Pts',(-186.993932207618,453.491,4.84389165939789));
#4816=CARTESIAN_POINT('Ctrl Pts',(-183.476787916127,0.,5.38225977329451));
#4817=CARTESIAN_POINT('Ctrl Pts',(-183.476787916127,453.491,5.38225977329451));
#4818=CARTESIAN_POINT('Ctrl Pts',(-179.781005678233,0.,5.93700029958514));
#4819=CARTESIAN_POINT('Ctrl Pts',(-179.781005678233,453.491,5.93700029958514));
#4820=CARTESIAN_POINT('Ctrl Pts',(-175.915242477809,0.,6.50535740272464));
#4821=CARTESIAN_POINT('Ctrl Pts',(-175.915242477809,453.491,6.50535740272464));
#4822=CARTESIAN_POINT('Ctrl Pts',(-171.888535639771,0.,7.08473769700798));
#4823=CARTESIAN_POINT('Ctrl Pts',(-171.888535639771,453.491,7.08473769700798));
#4824=CARTESIAN_POINT('Ctrl Pts',(-167.710236450948,0.,7.67213073728374));
#4825=CARTESIAN_POINT('Ctrl Pts',(-167.710236450948,453.491,7.67213073728374));
#4826=CARTESIAN_POINT('Ctrl Pts',(-163.390187291856,0.,8.26496150270238));
#4827=CARTESIAN_POINT('Ctrl Pts',(-163.390187291856,453.491,8.26496150270238));
#4828=CARTESIAN_POINT('Ctrl Pts',(-158.938382364567,0.,8.86032995191706));
#4829=CARTESIAN_POINT('Ctrl Pts',(-158.938382364567,453.491,8.86032995191706));
#4830=CARTESIAN_POINT('Ctrl Pts',(-154.36532232343,0.,9.45528484127329));
#4831=CARTESIAN_POINT('Ctrl Pts',(-154.36532232343,453.491,9.45528484127329));
#4832=CARTESIAN_POINT('Ctrl Pts',(-149.681604234116,0.,10.0469812283821));
#4833=CARTESIAN_POINT('Ctrl Pts',(-149.681604234116,453.491,10.0469812283821));
#4834=CARTESIAN_POINT('Ctrl Pts',(-144.898237980228,0.,10.6322903814693));
#4835=CARTESIAN_POINT('Ctrl Pts',(-144.898237980228,453.491,10.6322903814693));
#4836=CARTESIAN_POINT('Ctrl Pts',(-140.026323391296,0.,11.2082928277056));
#4837=CARTESIAN_POINT('Ctrl Pts',(-140.026323391296,453.491,11.2082928277056));
#4838=CARTESIAN_POINT('Ctrl Pts',(-135.077308932784,0.,11.7717120075108));
#4839=CARTESIAN_POINT('Ctrl Pts',(-135.077308932784,453.491,11.7717120075108));
#4840=CARTESIAN_POINT('Ctrl Pts',(-130.062687350677,0.,12.3193341107916));
#4841=CARTESIAN_POINT('Ctrl Pts',(-130.062687350677,453.491,12.3193341107916));
#4842=CARTESIAN_POINT('Ctrl Pts',(-124.994248393012,0.,12.8478325590572));
#4843=CARTESIAN_POINT('Ctrl Pts',(-124.994248393012,453.491,12.8478325590572));
#4844=CARTESIAN_POINT('Ctrl Pts',(-119.883704023688,0.,13.3537554565308));
#4845=CARTESIAN_POINT('Ctrl Pts',(-119.883704023688,453.491,13.3537554565308));
#4846=CARTESIAN_POINT('Ctrl Pts',(-114.743119609321,0.,13.8337324013452));
#4847=CARTESIAN_POINT('Ctrl Pts',(-114.743119609321,453.491,13.8337324013452));
#4848=CARTESIAN_POINT('Ctrl Pts',(-109.584417973091,0.,14.2841467446038));
#4849=CARTESIAN_POINT('Ctrl Pts',(-109.584417973091,453.491,14.2841467446038));
#4850=CARTESIAN_POINT('Ctrl Pts',(-104.419641421182,0.,14.701485756397));
#4851=CARTESIAN_POINT('Ctrl Pts',(-104.419641421182,453.491,14.701485756397));
#4852=CARTESIAN_POINT('Ctrl Pts',(-99.2608849272179,0.,15.0821888184443));
#4853=CARTESIAN_POINT('Ctrl Pts',(-99.2608849272179,453.491,15.0821888184443));
#4854=CARTESIAN_POINT('Ctrl Pts',(-94.120167023033,0.,15.422726801363));
#4855=CARTESIAN_POINT('Ctrl Pts',(-94.120167023033,453.491,15.422726801363));
#4856=CARTESIAN_POINT('Ctrl Pts',(-89.0094738455476,0.,15.7196756796233));
#4857=CARTESIAN_POINT('Ctrl Pts',(-89.0094738455476,453.491,15.7196756796233));
#4858=CARTESIAN_POINT('Ctrl Pts',(-83.9407494294729,0.,15.9696686490073));
#4859=CARTESIAN_POINT('Ctrl Pts',(-83.9407494294729,453.491,15.9696686490073));
#4860=CARTESIAN_POINT('Ctrl Pts',(-78.9258189997834,0.,16.1694780129549));
#4861=CARTESIAN_POINT('Ctrl Pts',(-78.9258189997834,453.491,16.1694780129549));
#4862=CARTESIAN_POINT('Ctrl Pts',(-73.976385578165,0.,16.3162194267394));
#4863=CARTESIAN_POINT('Ctrl Pts',(-73.976385578165,453.491,16.3162194267394));
#4864=CARTESIAN_POINT('Ctrl Pts',(-69.1040155647001,0.,16.4070850678676));
#4865=CARTESIAN_POINT('Ctrl Pts',(-69.1040155647001,453.491,16.4070850678676));
#4866=CARTESIAN_POINT('Ctrl Pts',(-64.3200373696643,0.,16.439637523502));
#4867=CARTESIAN_POINT('Ctrl Pts',(-64.3200373696643,453.491,16.439637523502));
#4868=CARTESIAN_POINT('Ctrl Pts',(-59.6356517956358,0.,16.4117571571964));
#4869=CARTESIAN_POINT('Ctrl Pts',(-59.6356517956358,453.491,16.4117571571964));
#4870=CARTESIAN_POINT('Ctrl Pts',(-55.0617814851945,0.,16.3217809108042));
#4871=CARTESIAN_POINT('Ctrl Pts',(-55.0617814851945,453.491,16.3217809108042));
#4872=CARTESIAN_POINT('Ctrl Pts',(-50.6090938657654,0.,16.1682817145854));
#4873=CARTESIAN_POINT('Ctrl Pts',(-50.6090938657654,453.491,16.1682817145854));
#4874=CARTESIAN_POINT('Ctrl Pts',(-46.2879574551168,0.,15.950433515892));
#4875=CARTESIAN_POINT('Ctrl Pts',(-46.2879574551168,453.491,15.950433515892));
#4876=CARTESIAN_POINT('Ctrl Pts',(-42.1084675565932,0.,15.6678416194043));
#4877=CARTESIAN_POINT('Ctrl Pts',(-42.1084675565932,453.491,15.6678416194043));
#4878=CARTESIAN_POINT('Ctrl Pts',(-38.0803732358136,0.,15.3204147495286));
#4879=CARTESIAN_POINT('Ctrl Pts',(-38.0803732358136,453.491,15.3204147495286));
#4880=CARTESIAN_POINT('Ctrl Pts',(-34.2130334811059,0.,14.9087621432198));
#4881=CARTESIAN_POINT('Ctrl Pts',(-34.2130334811059,453.491,14.9087621432198));
#4882=CARTESIAN_POINT('Ctrl Pts',(-30.515428005363,0.,14.4338416999995));
#4883=CARTESIAN_POINT('Ctrl Pts',(-30.515428005363,453.491,14.4338416999995));
#4884=CARTESIAN_POINT('Ctrl Pts',(-26.9961797371065,0.,13.8969393472614));
#4885=CARTESIAN_POINT('Ctrl Pts',(-26.9961797371065,453.491,13.8969393472614));
#4886=CARTESIAN_POINT('Ctrl Pts',(-23.6633993341892,0.,13.3000401248651));
#4887=CARTESIAN_POINT('Ctrl Pts',(-23.6633993341892,453.491,13.3000401248651));
#4888=CARTESIAN_POINT('Ctrl Pts',(-20.5248175107589,0.,12.6450631610692));
#4889=CARTESIAN_POINT('Ctrl Pts',(-20.5248175107589,453.491,12.6450631610692));
#4890=CARTESIAN_POINT('Ctrl Pts',(-17.5875575856147,0.,11.9347829655985));
#4891=CARTESIAN_POINT('Ctrl Pts',(-17.5875575856147,453.491,11.9347829655985));
#4892=CARTESIAN_POINT('Ctrl Pts',(-14.858380905244,0.,11.1716594937249));
#4893=CARTESIAN_POINT('Ctrl Pts',(-14.858380905244,453.491,11.1716594937249));
#4894=CARTESIAN_POINT('Ctrl Pts',(-12.3433068607818,0.,10.3588582129168));
#4895=CARTESIAN_POINT('Ctrl Pts',(-12.3433068607818,453.491,10.3588582129168));
#4896=CARTESIAN_POINT('Ctrl Pts',(-10.0478954308349,0.,9.49914722249101));
#4897=CARTESIAN_POINT('Ctrl Pts',(-10.0478954308349,453.491,9.49914722249101));
#4898=CARTESIAN_POINT('Ctrl Pts',(-7.97700939421836,0.,8.59564803128232));
#4899=CARTESIAN_POINT('Ctrl Pts',(-7.97700939421836,453.491,8.59564803128232));
#4900=CARTESIAN_POINT('Ctrl Pts',(-6.134774269022,0.,7.65103679240927));
#4901=CARTESIAN_POINT('Ctrl Pts',(-6.134774269022,453.491,7.65103679240927));
#4902=CARTESIAN_POINT('Ctrl Pts',(-4.5246861998042,0.,6.66763627277172));
#4903=CARTESIAN_POINT('Ctrl Pts',(-4.5246861998042,453.491,6.66763627277172));
#4904=CARTESIAN_POINT('Ctrl Pts',(-3.14962087501255,0.,5.64705078219967));
#4905=CARTESIAN_POINT('Ctrl Pts',(-3.14962087501255,453.491,5.64705078219967));
#4906=CARTESIAN_POINT('Ctrl Pts',(-2.01230178976348,0.,4.58958659312588));
#4907=CARTESIAN_POINT('Ctrl Pts',(-2.01230178976348,453.491,4.58958659312588));
#4908=CARTESIAN_POINT('Ctrl Pts',(-1.11632331150354,0.,3.49497185465549));
#4909=CARTESIAN_POINT('Ctrl Pts',(-1.11632331150354,453.491,3.49497185465549));
#4910=CARTESIAN_POINT('Ctrl Pts',(-0.467960954959944,0.,2.36175827103294));
#4911=CARTESIAN_POINT('Ctrl Pts',(-0.467960954959944,453.491,2.36175827103294));
#4912=CARTESIAN_POINT('Ctrl Pts',(-0.0757705272716197,0.,1.19578858602313));
#4913=CARTESIAN_POINT('Ctrl Pts',(-0.0757705272716197,453.491,1.19578858602313));
#4914=CARTESIAN_POINT('Ctrl Pts',(0.0534339786604656,0.,3.16944645207811E-11));
#4915=CARTESIAN_POINT('Ctrl Pts',(0.0534339786604656,453.491,3.16944645207811E-11));
#4916=CARTESIAN_POINT('Ctrl Pts',(-0.0757705272695864,0.,-1.19578858608951));
#4917=CARTESIAN_POINT('Ctrl Pts',(-0.0757705272695864,453.491,-1.19578858608951));
#4918=CARTESIAN_POINT('Ctrl Pts',(-0.467960954957522,0.,-2.36175827105246));
#4919=CARTESIAN_POINT('Ctrl Pts',(-0.467960954957522,453.491,-2.36175827105246));
#4920=CARTESIAN_POINT('Ctrl Pts',(-1.11632331150161,0.,-3.4949718546974));
#4921=CARTESIAN_POINT('Ctrl Pts',(-1.11632331150161,453.491,-3.4949718546974));
#4922=CARTESIAN_POINT('Ctrl Pts',(-2.01230178976369,0.,-4.58958659316172));
#4923=CARTESIAN_POINT('Ctrl Pts',(-2.01230178976369,453.491,-4.58958659316172));
#4924=CARTESIAN_POINT('Ctrl Pts',(-3.14962087501224,0.,-5.64705078223899));
#4925=CARTESIAN_POINT('Ctrl Pts',(-3.14962087501224,453.491,-5.64705078223899));
#4926=CARTESIAN_POINT('Ctrl Pts',(-4.52468619980433,0.,-6.66763627280956));
#4927=CARTESIAN_POINT('Ctrl Pts',(-4.52468619980433,453.491,-6.66763627280956));
#4928=CARTESIAN_POINT('Ctrl Pts',(-6.13477426902176,0.,-7.65103679244774));
#4929=CARTESIAN_POINT('Ctrl Pts',(-6.13477426902176,453.491,-7.65103679244774));
#4930=CARTESIAN_POINT('Ctrl Pts',(-7.97700939421829,0.,-8.59564803132051));
#4931=CARTESIAN_POINT('Ctrl Pts',(-7.97700939421829,453.491,-8.59564803132051));
#4932=CARTESIAN_POINT('Ctrl Pts',(-10.0478954308349,0.,-9.49914722252931));
#4933=CARTESIAN_POINT('Ctrl Pts',(-10.0478954308349,453.491,-9.49914722252931));
#4934=CARTESIAN_POINT('Ctrl Pts',(-12.3433068607819,0.,-10.3588582129551));
#4935=CARTESIAN_POINT('Ctrl Pts',(-12.3433068607819,453.491,-10.3588582129551));
#4936=CARTESIAN_POINT('Ctrl Pts',(-14.8583809052441,0.,-11.1716594937632));
#4937=CARTESIAN_POINT('Ctrl Pts',(-14.8583809052441,453.491,-11.1716594937632));
#4938=CARTESIAN_POINT('Ctrl Pts',(-17.5875575856145,0.,-11.9347829656367));
#4939=CARTESIAN_POINT('Ctrl Pts',(-17.5875575856145,453.491,-11.9347829656367));
#4940=CARTESIAN_POINT('Ctrl Pts',(-20.5248175107589,0.,-12.6450631611075));
#4941=CARTESIAN_POINT('Ctrl Pts',(-20.5248175107589,453.491,-12.6450631611075));
#4942=CARTESIAN_POINT('Ctrl Pts',(-23.6633993341894,0.,-13.3000401249034));
#4943=CARTESIAN_POINT('Ctrl Pts',(-23.6633993341894,453.491,-13.3000401249034));
#4944=CARTESIAN_POINT('Ctrl Pts',(-26.9961797371064,0.,-13.8969393472997));
#4945=CARTESIAN_POINT('Ctrl Pts',(-26.9961797371064,453.491,-13.8969393472997));
#4946=CARTESIAN_POINT('Ctrl Pts',(-30.515428005363,0.,-14.4338417000375));
#4947=CARTESIAN_POINT('Ctrl Pts',(-30.515428005363,453.491,-14.4338417000375));
#4948=CARTESIAN_POINT('Ctrl Pts',(-34.2130334811062,0.,-14.9087621432589));
#4949=CARTESIAN_POINT('Ctrl Pts',(-34.2130334811062,453.491,-14.9087621432589));
#4950=CARTESIAN_POINT('Ctrl Pts',(-38.0803732358127,0.,-15.3204147495645));
#4951=CARTESIAN_POINT('Ctrl Pts',(-38.0803732358127,453.491,-15.3204147495645));
#4952=CARTESIAN_POINT('Ctrl Pts',(-42.1084675565952,0.,-15.6678416194496));
#4953=CARTESIAN_POINT('Ctrl Pts',(-42.1084675565952,453.491,-15.6678416194496));
#4954=CARTESIAN_POINT('Ctrl Pts',(-46.2879574551136,0.,-15.9504335159093));
#4955=CARTESIAN_POINT('Ctrl Pts',(-46.2879574551136,453.491,-15.9504335159093));
#4956=CARTESIAN_POINT('Ctrl Pts',(-50.6090938657789,0.,-16.168281714683));
#4957=CARTESIAN_POINT('Ctrl Pts',(-50.6090938657789,453.491,-16.168281714683));
#4958=CARTESIAN_POINT('Ctrl Pts',(-55.0617814851749,0.,-16.3217809108705));
#4959=CARTESIAN_POINT('Ctrl Pts',(-55.0617814851749,453.491,-16.3217809108705));
#4960=CARTESIAN_POINT('Ctrl Pts',(-59.6356517956816,0.,-16.411757157276));
#4961=CARTESIAN_POINT('Ctrl Pts',(-59.6356517956816,453.491,-16.411757157276));
#4962=CARTESIAN_POINT('Ctrl Pts',(-64.320037369675,0.,-16.4396375235697));
#4963=CARTESIAN_POINT('Ctrl Pts',(-64.320037369675,453.491,-16.4396375235697));
#4964=CARTESIAN_POINT('Ctrl Pts',(-69.1040155646968,0.,-16.4070850679644));
#4965=CARTESIAN_POINT('Ctrl Pts',(-69.1040155646968,453.491,-16.4070850679644));
#4966=CARTESIAN_POINT('Ctrl Pts',(-73.9763855781708,0.,-16.3162194267553));
#4967=CARTESIAN_POINT('Ctrl Pts',(-73.9763855781708,453.491,-16.3162194267553));
#4968=CARTESIAN_POINT('Ctrl Pts',(-78.9258189997821,0.,-16.1694780130016));
#4969=CARTESIAN_POINT('Ctrl Pts',(-78.9258189997821,453.491,-16.1694780130016));
#4970=CARTESIAN_POINT('Ctrl Pts',(-83.9407494294739,0.,-15.9696686490428));
#4971=CARTESIAN_POINT('Ctrl Pts',(-83.9407494294739,453.491,-15.9696686490428));
#4972=CARTESIAN_POINT('Ctrl Pts',(-89.0094738455472,0.,-15.7196756796628));
#4973=CARTESIAN_POINT('Ctrl Pts',(-89.0094738455472,453.491,-15.7196756796628));
#4974=CARTESIAN_POINT('Ctrl Pts',(-94.1201670230332,0.,-15.4227268014011));
#4975=CARTESIAN_POINT('Ctrl Pts',(-94.1201670230332,453.491,-15.4227268014011));
#4976=CARTESIAN_POINT('Ctrl Pts',(-99.2608849272178,0.,-15.0821888184829));
#4977=CARTESIAN_POINT('Ctrl Pts',(-99.2608849272178,453.491,-15.0821888184829));
#4978=CARTESIAN_POINT('Ctrl Pts',(-104.419641421182,0.,-14.7014857564354));
#4979=CARTESIAN_POINT('Ctrl Pts',(-104.419641421182,453.491,-14.7014857564354));
#4980=CARTESIAN_POINT('Ctrl Pts',(-109.584417973091,0.,-14.2841467446421));
#4981=CARTESIAN_POINT('Ctrl Pts',(-109.584417973091,453.491,-14.2841467446421));
#4982=CARTESIAN_POINT('Ctrl Pts',(-114.743119609321,0.,-13.8337324013836));
#4983=CARTESIAN_POINT('Ctrl Pts',(-114.743119609321,453.491,-13.8337324013836));
#4984=CARTESIAN_POINT('Ctrl Pts',(-119.883704023688,0.,-13.3537554565692));
#4985=CARTESIAN_POINT('Ctrl Pts',(-119.883704023688,453.491,-13.3537554565692));
#4986=CARTESIAN_POINT('Ctrl Pts',(-124.994248393012,0.,-12.8478325590956));
#4987=CARTESIAN_POINT('Ctrl Pts',(-124.994248393012,453.491,-12.8478325590956));
#4988=CARTESIAN_POINT('Ctrl Pts',(-130.062687350677,0.,-12.31933411083));
#4989=CARTESIAN_POINT('Ctrl Pts',(-130.062687350677,453.491,-12.31933411083));
#4990=CARTESIAN_POINT('Ctrl Pts',(-135.077308932784,0.,-11.7717120075492));
#4991=CARTESIAN_POINT('Ctrl Pts',(-135.077308932784,453.491,-11.7717120075492));
#4992=CARTESIAN_POINT('Ctrl Pts',(-140.026323391296,0.,-11.2082928277439));
#4993=CARTESIAN_POINT('Ctrl Pts',(-140.026323391296,453.491,-11.2082928277439));
#4994=CARTESIAN_POINT('Ctrl Pts',(-144.898237980228,0.,-10.6322903815076));
#4995=CARTESIAN_POINT('Ctrl Pts',(-144.898237980228,453.491,-10.6322903815076));
#4996=CARTESIAN_POINT('Ctrl Pts',(-149.681604234116,0.,-10.0469812284204));
#4997=CARTESIAN_POINT('Ctrl Pts',(-149.681604234116,453.491,-10.0469812284204));
#4998=CARTESIAN_POINT('Ctrl Pts',(-154.365322323429,0.,-9.45528484131164));
#4999=CARTESIAN_POINT('Ctrl Pts',(-154.365322323429,453.491,-9.45528484131164));
#5000=CARTESIAN_POINT('Ctrl Pts',(-158.938382364567,0.,-8.86032995195539));
#5001=CARTESIAN_POINT('Ctrl Pts',(-158.938382364567,453.491,-8.86032995195539));
#5002=CARTESIAN_POINT('Ctrl Pts',(-163.390187291855,0.,-8.26496150274076));
#5003=CARTESIAN_POINT('Ctrl Pts',(-163.390187291855,453.491,-8.26496150274076));
#5004=CARTESIAN_POINT('Ctrl Pts',(-167.710236450948,0.,-7.67213073732207));
#5005=CARTESIAN_POINT('Ctrl Pts',(-167.710236450948,453.491,-7.67213073732207));
#5006=CARTESIAN_POINT('Ctrl Pts',(-171.888535639771,0.,-7.08473769704633));
#5007=CARTESIAN_POINT('Ctrl Pts',(-171.888535639771,453.491,-7.08473769704633));
#5008=CARTESIAN_POINT('Ctrl Pts',(-175.915242477809,0.,-6.50535740276302));
#5009=CARTESIAN_POINT('Ctrl Pts',(-175.915242477809,453.491,-6.50535740276302));
#5010=CARTESIAN_POINT('Ctrl Pts',(-179.781005678232,0.,-5.93700029962351));
#5011=CARTESIAN_POINT('Ctrl Pts',(-179.781005678232,453.491,-5.93700029962351));
#5012=CARTESIAN_POINT('Ctrl Pts',(-183.476787916129,0.,-5.38225977333297));
#5013=CARTESIAN_POINT('Ctrl Pts',(-183.476787916129,453.491,-5.38225977333297));
#5014=CARTESIAN_POINT('Ctrl Pts',(-186.993932207611,0.,-4.84389165943614));
#5015=CARTESIAN_POINT('Ctrl Pts',(-186.993932207611,453.491,-4.84389165943614));
#5016=CARTESIAN_POINT('Ctrl Pts',(-190.324230294425,0.,-4.32451885705595));
#5017=CARTESIAN_POINT('Ctrl Pts',(-190.324230294425,453.491,-4.32451885705595));
#5018=CARTESIAN_POINT('Ctrl Pts',(-193.459904030687,0.,-3.82690775503258));
#5019=CARTESIAN_POINT('Ctrl Pts',(-193.459904030687,453.491,-3.82690775503258));
#5020=CARTESIAN_POINT('Ctrl Pts',(-196.393610433289,0.,-3.35351010941843));
#5021=CARTESIAN_POINT('Ctrl Pts',(-196.393610433289,453.491,-3.35351010941843));
#5022=CARTESIAN_POINT('Ctrl Pts',(-199.118547360943,0.,-2.90704490327248));
#5023=CARTESIAN_POINT('Ctrl Pts',(-199.118547360943,453.491,-2.90704490327248));
#5024=CARTESIAN_POINT('Ctrl Pts',(-201.491000730625,0.,-2.51254030883848));
#5025=CARTESIAN_POINT('Ctrl Pts',(-201.491000730625,453.491,-2.51254030883848));
#5026=CARTESIAN_POINT('Ctrl Pts',(-203.125561548808,0.,-2.23747381878747));
#5027=CARTESIAN_POINT('Ctrl Pts',(-203.125561548808,453.491,-2.23747381878747));
#5028=CARTESIAN_POINT('Ctrl Pts',(-204.113999746653,0.,-2.06989816828476));
#5029=CARTESIAN_POINT('Ctrl Pts',(-204.113999746653,453.491,-2.06989816828476));
#5030=CARTESIAN_POINT('Ctrl Pts',(-204.525031294541,0.,-1.99999999995038));
#5031=CARTESIAN_POINT('Ctrl Pts',(-204.525031294541,453.491,-1.99999999995038));
#5032=CARTESIAN_POINT('',(0.,0.,0.));
#5033=CARTESIAN_POINT('Origin',(-3.66048772498946,-259.929092258229,-2.56579844549606E-8));
#5034=CARTESIAN_POINT('',(-120.329149390936,-192.570409038503,12.1865566684771));
#5035=CARTESIAN_POINT('',(-115.893887744955,-195.131108544187,6.07974383215919));
#5036=CARTESIAN_POINT('Origin',(-130.686749441912,-186.590445861812,4.19109191795997E-14));
#5037=CARTESIAN_POINT('',(-115.893887744119,-195.131108544187,12.6209888888757));
#5038=CARTESIAN_POINT('',(-115.893887745731,-195.131108544187,-1.13215363566542E-8));
#5039=CARTESIAN_POINT('Ctrl Pts',(-115.893887744118,-195.131108544187,12.6209888888758));
#5040=CARTESIAN_POINT('Ctrl Pts',(-117.372229749238,-194.277587137122,12.479976437295));
#5041=CARTESIAN_POINT('Ctrl Pts',(-118.85128432084,-193.423654834537,12.3350335623518));
#5042=CARTESIAN_POINT('Ctrl Pts',(-120.329149390931,-192.570409038505,12.1865566684833));
#5043=CARTESIAN_POINT('Origin',(-115.324046700707,-194.802110663447,-1.13943316598175E-8));
#5044=CARTESIAN_POINT('',(-120.329149390936,-197.691808049871,12.1865566684771));
#5045=CARTESIAN_POINT('Origin',(-130.686749441912,-203.671771226562,4.19109191795997E-14));
#5046=CARTESIAN_POINT('Ctrl Pts',(-120.329149390931,-197.691808049868,12.1865566684833));
#5047=CARTESIAN_POINT('Ctrl Pts',(-118.85128432084,-196.838562253836,12.3350335623518));
#5048=CARTESIAN_POINT('Ctrl Pts',(-117.372229749239,-195.984629951251,12.4799764372949));
#5049=CARTESIAN_POINT('Ctrl Pts',(-115.893887744119,-195.131108544187,12.6209888888757));
#5050=CARTESIAN_POINT('Origin',(-130.686749441912,-66.741,4.19109191795997E-14));
#5051=CARTESIAN_POINT('',(-120.329149390936,-66.741,12.1865566684771));
#5052=CARTESIAN_POINT('Ctrl Pts',(-120.329149390931,-66.741,12.1865566684833));
#5053=CARTESIAN_POINT('Ctrl Pts',(-120.329149390931,-209.741,12.1865566684833));
#5054=CARTESIAN_POINT('Ctrl Pts',(-119.989671296327,-66.741,12.2206630656391));
#5055=CARTESIAN_POINT('Ctrl Pts',(-119.989671296327,-209.741,12.2206630656391));
#5056=CARTESIAN_POINT('Ctrl Pts',(-118.446509214199,-66.741,12.3749215462612));
#5057=CARTESIAN_POINT('Ctrl Pts',(-118.446509214199,-209.741,12.3749215462612));
#5058=CARTESIAN_POINT('Ctrl Pts',(-115.69262356605,-66.741,12.6438443115248));
#5059=CARTESIAN_POINT('Ctrl Pts',(-115.69262356605,-209.741,12.6438443115248));
#5060=CARTESIAN_POINT('Ctrl Pts',(-111.719926929456,-66.741,13.0147754432036));
#5061=CARTESIAN_POINT('Ctrl Pts',(-111.719926929456,-209.741,13.0147754432036));
#5062=CARTESIAN_POINT('Ctrl Pts',(-106.866620430091,-66.741,13.4385252573424));
#5063=CARTESIAN_POINT('Ctrl Pts',(-106.866620430091,-209.741,13.4385252573424));
#5064=CARTESIAN_POINT('Ctrl Pts',(-102.007598650055,-66.741,13.8311577996323));
#5065=CARTESIAN_POINT('Ctrl Pts',(-102.007598650055,-209.741,13.8311577996323));
#5066=CARTESIAN_POINT('Ctrl Pts',(-97.1542405405345,-66.741,14.1893232404221));
#5067=CARTESIAN_POINT('Ctrl Pts',(-97.1542405405345,-209.741,14.1893232404221));
#5068=CARTESIAN_POINT('Ctrl Pts',(-92.3178531362766,-66.741,14.509701374708));
#5069=CARTESIAN_POINT('Ctrl Pts',(-92.3178531362766,-209.741,14.509701374708));
#5070=CARTESIAN_POINT('Ctrl Pts',(-87.5097129949004,-66.741,14.7890708794963));
#5071=CARTESIAN_POINT('Ctrl Pts',(-87.5097129949004,-209.741,14.7890708794963));
#5072=CARTESIAN_POINT('Ctrl Pts',(-82.7410570642514,-66.741,15.0242642647628));
#5073=CARTESIAN_POINT('Ctrl Pts',(-82.7410570642514,-209.741,15.0242642647628));
#5074=CARTESIAN_POINT('Ctrl Pts',(-78.0230105160191,-66.741,15.2122449152599));
#5075=CARTESIAN_POINT('Ctrl Pts',(-78.0230105160191,-209.741,15.2122449152599));
#5076=CARTESIAN_POINT('Ctrl Pts',(-73.366583552918,-66.741,15.3502992349318));
#5077=CARTESIAN_POINT('Ctrl Pts',(-73.366583552918,-209.741,15.3502992349318));
#5078=CARTESIAN_POINT('Ctrl Pts',(-68.7826578443967,-66.741,15.4357856364724));
#5079=CARTESIAN_POINT('Ctrl Pts',(-68.7826578443967,-209.741,15.4357856364724));
#5080=CARTESIAN_POINT('Ctrl Pts',(-64.2818911583195,-66.741,15.4664109789263));
#5081=CARTESIAN_POINT('Ctrl Pts',(-64.2818911583195,-209.741,15.4664109789263));
#5082=CARTESIAN_POINT('Ctrl Pts',(-59.8748212107308,-66.741,15.4401811086771));
#5083=CARTESIAN_POINT('Ctrl Pts',(-59.8748212107308,-209.741,15.4401811086771));
#5084=CARTESIAN_POINT('Ctrl Pts',(-55.5717240219785,-66.741,15.3555314955831));
#5085=CARTESIAN_POINT('Ctrl Pts',(-55.5717240219785,-209.741,15.3555314955831));
#5086=CARTESIAN_POINT('Ctrl Pts',(-51.3826355101091,-66.741,15.2111194301604));
#5087=CARTESIAN_POINT('Ctrl Pts',(-51.3826355101091,-209.741,15.2111194301604));
#5088=CARTESIAN_POINT('Ctrl Pts',(-47.3173103747153,-66.741,15.0061678541715));
#5089=CARTESIAN_POINT('Ctrl Pts',(-47.3173103747153,-209.741,15.0061678541715));
#5090=CARTESIAN_POINT('Ctrl Pts',(-43.3852462782757,-66.741,14.7403053947343));
#5091=CARTESIAN_POINT('Ctrl Pts',(-43.3852462782757,-209.741,14.7403053947343));
#5092=CARTESIAN_POINT('Ctrl Pts',(-39.595615141253,-66.741,14.4134461966524));
#5093=CARTESIAN_POINT('Ctrl Pts',(-39.595615141253,-209.741,14.4134461966524));
#5094=CARTESIAN_POINT('Ctrl Pts',(-35.957221900035,-66.741,14.0261634242659));
#5095=CARTESIAN_POINT('Ctrl Pts',(-35.957221900035,-209.741,14.0261634242659));
#5096=CARTESIAN_POINT('Ctrl Pts',(-32.4785146684526,-66.741,13.5793582714083));
#5097=CARTESIAN_POINT('Ctrl Pts',(-32.4785146684526,-209.741,13.5793582714083));
#5098=CARTESIAN_POINT('Ctrl Pts',(-29.1676058976776,-66.741,13.0742405379132));
#5099=CARTESIAN_POINT('Ctrl Pts',(-29.1676058976776,-209.741,13.0742405379132));
#5100=CARTESIAN_POINT('Ctrl Pts',(-26.0321260946135,-66.741,12.5126777494896));
#5101=CARTESIAN_POINT('Ctrl Pts',(-26.0321260946135,-209.741,12.5126777494896));
#5102=CARTESIAN_POINT('Ctrl Pts',(-23.079348315128,-66.741,11.8964754219637));
#5103=CARTESIAN_POINT('Ctrl Pts',(-23.079348315128,-209.741,11.8964754219637));
#5104=CARTESIAN_POINT('Ctrl Pts',(-20.3159741775578,-66.741,11.2282438140226));
#5105=CARTESIAN_POINT('Ctrl Pts',(-20.3159741775578,-209.741,11.2282438140226));
#5106=CARTESIAN_POINT('Ctrl Pts',(-17.7483647566593,-66.741,10.5102972517248));
#5107=CARTESIAN_POINT('Ctrl Pts',(-17.7483647566593,-209.741,10.5102972517248));
#5108=CARTESIAN_POINT('Ctrl Pts',(-15.3821830956332,-66.741,9.74561380672708));
#5109=CARTESIAN_POINT('Ctrl Pts',(-15.3821830956332,-209.741,9.74561380672708));
#5110=CARTESIAN_POINT('Ctrl Pts',(-13.2226600223335,-66.741,8.93679770693902));
#5111=CARTESIAN_POINT('Ctrl Pts',(-13.2226600223335,-209.741,8.93679770693902));
#5112=CARTESIAN_POINT('Ctrl Pts',(-11.2743704390967,-66.741,8.0867856678485));
#5113=CARTESIAN_POINT('Ctrl Pts',(-11.2743704390967,-209.741,8.0867856678485));
#5114=CARTESIAN_POINT('Ctrl Pts',(-9.54119563328408,-66.741,7.19809541431781));
#5115=CARTESIAN_POINT('Ctrl Pts',(-9.54119563328408,-209.741,7.19809541431781));
#5116=CARTESIAN_POINT('Ctrl Pts',(-8.0264247778305,-66.741,6.27291220544089));
#5117=CARTESIAN_POINT('Ctrl Pts',(-8.0264247778305,-209.741,6.27291220544089));
#5118=CARTESIAN_POINT('Ctrl Pts',(-6.73276332010922,-66.741,5.31274537591564));
#5119=CARTESIAN_POINT('Ctrl Pts',(-6.73276332010922,-209.741,5.31274537591564));
#5120=CARTESIAN_POINT('Ctrl Pts',(-5.66277352507489,-66.741,4.31788306682411));
#5121=CARTESIAN_POINT('Ctrl Pts',(-5.66277352507489,-209.741,4.31788306682411));
#5122=CARTESIAN_POINT('Ctrl Pts',(-4.81983697186665,-66.741,3.28806952090833));
#5123=CARTESIAN_POINT('Ctrl Pts',(-4.81983697186665,-209.741,3.28806952090833));
#5124=CARTESIAN_POINT('Ctrl Pts',(-4.20985766894965,-66.741,2.22194218141347));
#5125=CARTESIAN_POINT('Ctrl Pts',(-4.20985766894965,-209.741,2.22194218141347));
#5126=CARTESIAN_POINT('Ctrl Pts',(-3.84088490933865,-66.741,1.12499790198429));
#5127=CARTESIAN_POINT('Ctrl Pts',(-3.84088490933865,-209.741,1.12499790198429));
#5128=CARTESIAN_POINT('Ctrl Pts',(-3.71932932355691,-66.741,9.03524777420113E-15));
#5129=CARTESIAN_POINT('Ctrl Pts',(-3.71932932355691,-209.741,9.03524777420113E-15));
#5130=CARTESIAN_POINT('Ctrl Pts',(-3.84088490933867,-66.741,-1.1249979019843));
#5131=CARTESIAN_POINT('Ctrl Pts',(-3.84088490933867,-209.741,-1.1249979019843));
#5132=CARTESIAN_POINT('Ctrl Pts',(-4.2098576689496,-66.741,-2.22194218141346));
#5133=CARTESIAN_POINT('Ctrl Pts',(-4.2098576689496,-209.741,-2.22194218141346));
#5134=CARTESIAN_POINT('Ctrl Pts',(-4.81983697186664,-66.741,-3.28806952090832));
#5135=CARTESIAN_POINT('Ctrl Pts',(-4.81983697186664,-209.741,-3.28806952090832));
#5136=CARTESIAN_POINT('Ctrl Pts',(-5.66277352507481,-66.741,-4.3178830668241));
#5137=CARTESIAN_POINT('Ctrl Pts',(-5.66277352507481,-209.741,-4.3178830668241));
#5138=CARTESIAN_POINT('Ctrl Pts',(-6.73276332010932,-66.741,-5.31274537591565));
#5139=CARTESIAN_POINT('Ctrl Pts',(-6.73276332010932,-209.741,-5.31274537591565));
#5140=CARTESIAN_POINT('Ctrl Pts',(-8.02642477783035,-66.741,-6.2729122054409));
#5141=CARTESIAN_POINT('Ctrl Pts',(-8.02642477783035,-209.741,-6.2729122054409));
#5142=CARTESIAN_POINT('Ctrl Pts',(-9.54119563328407,-66.741,-7.19809541431784));
#5143=CARTESIAN_POINT('Ctrl Pts',(-9.54119563328407,-209.741,-7.19809541431784));
#5144=CARTESIAN_POINT('Ctrl Pts',(-11.2743704390964,-66.741,-8.0867856678485));
#5145=CARTESIAN_POINT('Ctrl Pts',(-11.2743704390964,-209.741,-8.0867856678485));
#5146=CARTESIAN_POINT('Ctrl Pts',(-13.222660022334,-66.741,-8.93679770693902));
#5147=CARTESIAN_POINT('Ctrl Pts',(-13.222660022334,-209.741,-8.93679770693902));
#5148=CARTESIAN_POINT('Ctrl Pts',(-15.3821830956327,-66.741,-9.74561380672707));
#5149=CARTESIAN_POINT('Ctrl Pts',(-15.3821830956327,-209.741,-9.74561380672707));
#5150=CARTESIAN_POINT('Ctrl Pts',(-17.7483647566594,-66.741,-10.5102972517248));
#5151=CARTESIAN_POINT('Ctrl Pts',(-17.7483647566594,-209.741,-10.5102972517248));
#5152=CARTESIAN_POINT('Ctrl Pts',(-20.3159741775577,-66.741,-11.2282438140226));
#5153=CARTESIAN_POINT('Ctrl Pts',(-20.3159741775577,-209.741,-11.2282438140226));
#5154=CARTESIAN_POINT('Ctrl Pts',(-23.0793483151282,-66.741,-11.8964754219637));
#5155=CARTESIAN_POINT('Ctrl Pts',(-23.0793483151282,-209.741,-11.8964754219637));
#5156=CARTESIAN_POINT('Ctrl Pts',(-26.0321260946135,-66.741,-12.5126777494896));
#5157=CARTESIAN_POINT('Ctrl Pts',(-26.0321260946135,-209.741,-12.5126777494896));
#5158=CARTESIAN_POINT('Ctrl Pts',(-29.1676058976776,-66.741,-13.0742405379132));
#5159=CARTESIAN_POINT('Ctrl Pts',(-29.1676058976776,-209.741,-13.0742405379132));
#5160=CARTESIAN_POINT('Ctrl Pts',(-32.4785146684527,-66.741,-13.5793582714083));
#5161=CARTESIAN_POINT('Ctrl Pts',(-32.4785146684527,-209.741,-13.5793582714083));
#5162=CARTESIAN_POINT('Ctrl Pts',(-35.9572219000349,-66.741,-14.0261634242659));
#5163=CARTESIAN_POINT('Ctrl Pts',(-35.9572219000349,-209.741,-14.0261634242659));
#5164=CARTESIAN_POINT('Ctrl Pts',(-39.5956151412533,-66.741,-14.4134461966523));
#5165=CARTESIAN_POINT('Ctrl Pts',(-39.5956151412533,-209.741,-14.4134461966523));
#5166=CARTESIAN_POINT('Ctrl Pts',(-43.3852462782754,-66.741,-14.7403053947343));
#5167=CARTESIAN_POINT('Ctrl Pts',(-43.3852462782754,-209.741,-14.7403053947343));
#5168=CARTESIAN_POINT('Ctrl Pts',(-47.3173103747153,-66.741,-15.0061678541715));
#5169=CARTESIAN_POINT('Ctrl Pts',(-47.3173103747153,-209.741,-15.0061678541715));
#5170=CARTESIAN_POINT('Ctrl Pts',(-51.3826355101091,-66.741,-15.2111194301605));
#5171=CARTESIAN_POINT('Ctrl Pts',(-51.3826355101091,-209.741,-15.2111194301605));
#5172=CARTESIAN_POINT('Ctrl Pts',(-55.5717240219786,-66.741,-15.3555314955831));
#5173=CARTESIAN_POINT('Ctrl Pts',(-55.5717240219786,-209.741,-15.3555314955831));
#5174=CARTESIAN_POINT('Ctrl Pts',(-59.8748212107309,-66.741,-15.4401811086771));
#5175=CARTESIAN_POINT('Ctrl Pts',(-59.8748212107309,-209.741,-15.4401811086771));
#5176=CARTESIAN_POINT('Ctrl Pts',(-64.2818911583194,-66.741,-15.4664109789264));
#5177=CARTESIAN_POINT('Ctrl Pts',(-64.2818911583194,-209.741,-15.4664109789264));
#5178=CARTESIAN_POINT('Ctrl Pts',(-68.7826578443968,-66.741,-15.4357856364722));
#5179=CARTESIAN_POINT('Ctrl Pts',(-68.7826578443968,-209.741,-15.4357856364722));
#5180=CARTESIAN_POINT('Ctrl Pts',(-73.366583552918,-66.741,-15.3502992349322));
#5181=CARTESIAN_POINT('Ctrl Pts',(-73.366583552918,-209.741,-15.3502992349322));
#5182=CARTESIAN_POINT('Ctrl Pts',(-78.0230105160191,-66.741,-15.2122449152598));
#5183=CARTESIAN_POINT('Ctrl Pts',(-78.0230105160191,-209.741,-15.2122449152598));
#5184=CARTESIAN_POINT('Ctrl Pts',(-82.7410570642512,-66.741,-15.0242642647628));
#5185=CARTESIAN_POINT('Ctrl Pts',(-82.7410570642512,-209.741,-15.0242642647628));
#5186=CARTESIAN_POINT('Ctrl Pts',(-87.5097129949004,-66.741,-14.7890708794964));
#5187=CARTESIAN_POINT('Ctrl Pts',(-87.5097129949004,-209.741,-14.7890708794964));
#5188=CARTESIAN_POINT('Ctrl Pts',(-92.3178531362769,-66.741,-14.509701374708));
#5189=CARTESIAN_POINT('Ctrl Pts',(-92.3178531362769,-209.741,-14.509701374708));
#5190=CARTESIAN_POINT('Ctrl Pts',(-97.1542405405341,-66.741,-14.1893232404222));
#5191=CARTESIAN_POINT('Ctrl Pts',(-97.1542405405341,-209.741,-14.1893232404222));
#5192=CARTESIAN_POINT('Ctrl Pts',(-102.007598650056,-66.741,-13.8311577996323));
#5193=CARTESIAN_POINT('Ctrl Pts',(-102.007598650056,-209.741,-13.8311577996323));
#5194=CARTESIAN_POINT('Ctrl Pts',(-106.866620430091,-66.741,-13.4385252573426));
#5195=CARTESIAN_POINT('Ctrl Pts',(-106.866620430091,-209.741,-13.4385252573426));
#5196=CARTESIAN_POINT('Ctrl Pts',(-111.719926929456,-66.741,-13.0147754432037));
#5197=CARTESIAN_POINT('Ctrl Pts',(-111.719926929456,-209.741,-13.0147754432037));
#5198=CARTESIAN_POINT('Ctrl Pts',(-115.692623566051,-66.741,-12.6438443115244));
#5199=CARTESIAN_POINT('Ctrl Pts',(-115.692623566051,-209.741,-12.6438443115244));
#5200=CARTESIAN_POINT('Ctrl Pts',(-118.4465092142,-66.741,-12.3749215462614));
#5201=CARTESIAN_POINT('Ctrl Pts',(-118.4465092142,-209.741,-12.3749215462614));
#5202=CARTESIAN_POINT('Ctrl Pts',(-119.989671296329,-66.741,-12.2206630656391));
#5203=CARTESIAN_POINT('Ctrl Pts',(-119.989671296329,-209.741,-12.2206630656391));
#5204=CARTESIAN_POINT('Ctrl Pts',(-120.329149390934,-66.741,-12.1865566684832));
#5205=CARTESIAN_POINT('Ctrl Pts',(-120.329149390934,-209.741,-12.1865566684832));
#5206=CARTESIAN_POINT('Origin',(-3.66048772498946,-195.679092258229,-2.56579844549606E-8));
#5207=CARTESIAN_POINT('',(-120.329149390936,-128.320409038503,12.1865566684771));
#5208=CARTESIAN_POINT('',(-115.893887744955,-130.881108544187,6.07974383215945));
#5209=CARTESIAN_POINT('Origin',(-130.686749441912,-122.340445861812,4.19109191795997E-14));
#5210=CARTESIAN_POINT('',(-115.893887744119,-130.881108544187,12.6209888888757));
#5211=CARTESIAN_POINT('',(-115.893887745731,-130.881108544187,-1.13215363566541E-8));
#5212=CARTESIAN_POINT('Ctrl Pts',(-115.893887744119,-130.881108544187,12.6209888888757));
#5213=CARTESIAN_POINT('Ctrl Pts',(-117.372229749241,-130.027587137121,12.4799764372947));
#5214=CARTESIAN_POINT('Ctrl Pts',(-118.851284320845,-129.173654834535,12.3350335623513));
#5215=CARTESIAN_POINT('Ctrl Pts',(-120.329149390931,-128.320409038505,12.1865566684833));
#5216=CARTESIAN_POINT('Origin',(-115.324046700707,-130.552110663447,-1.13943316598175E-8));
#5217=CARTESIAN_POINT('',(-120.329149390936,-133.441808049871,12.1865566684771));
#5218=CARTESIAN_POINT('Origin',(-130.686749441912,-139.421771226562,4.19109191795997E-14));
#5219=CARTESIAN_POINT('Ctrl Pts',(-120.329149390931,-133.441808049868,12.1865566684833));
#5220=CARTESIAN_POINT('Ctrl Pts',(-118.851284320839,-132.588562253835,12.3350335623518));
#5221=CARTESIAN_POINT('Ctrl Pts',(-117.372229749239,-131.734629951251,12.4799764372949));
#5222=CARTESIAN_POINT('Ctrl Pts',(-115.893887744119,-130.881108544187,12.6209888888757));
#5223=CARTESIAN_POINT('Origin',(-130.686749441912,-66.741,4.19109191795997E-14));
#5224=CARTESIAN_POINT('',(-120.329149390936,-66.741,12.1865566684771));
#5225=CARTESIAN_POINT('Ctrl Pts',(-120.329149390931,-66.741,12.1865566684833));
#5226=CARTESIAN_POINT('Ctrl Pts',(-120.329149390931,-209.741,12.1865566684833));
#5227=CARTESIAN_POINT('Ctrl Pts',(-119.989671296327,-66.741,12.2206630656391));
#5228=CARTESIAN_POINT('Ctrl Pts',(-119.989671296327,-209.741,12.2206630656391));
#5229=CARTESIAN_POINT('Ctrl Pts',(-118.446509214199,-66.741,12.3749215462612));
#5230=CARTESIAN_POINT('Ctrl Pts',(-118.446509214199,-209.741,12.3749215462612));
#5231=CARTESIAN_POINT('Ctrl Pts',(-115.69262356605,-66.741,12.6438443115248));
#5232=CARTESIAN_POINT('Ctrl Pts',(-115.69262356605,-209.741,12.6438443115248));
#5233=CARTESIAN_POINT('Ctrl Pts',(-111.719926929456,-66.741,13.0147754432036));
#5234=CARTESIAN_POINT('Ctrl Pts',(-111.719926929456,-209.741,13.0147754432036));
#5235=CARTESIAN_POINT('Ctrl Pts',(-106.866620430091,-66.741,13.4385252573424));
#5236=CARTESIAN_POINT('Ctrl Pts',(-106.866620430091,-209.741,13.4385252573424));
#5237=CARTESIAN_POINT('Ctrl Pts',(-102.007598650055,-66.741,13.8311577996323));
#5238=CARTESIAN_POINT('Ctrl Pts',(-102.007598650055,-209.741,13.8311577996323));
#5239=CARTESIAN_POINT('Ctrl Pts',(-97.1542405405345,-66.741,14.1893232404221));
#5240=CARTESIAN_POINT('Ctrl Pts',(-97.1542405405345,-209.741,14.1893232404221));
#5241=CARTESIAN_POINT('Ctrl Pts',(-92.3178531362766,-66.741,14.509701374708));
#5242=CARTESIAN_POINT('Ctrl Pts',(-92.3178531362766,-209.741,14.509701374708));
#5243=CARTESIAN_POINT('Ctrl Pts',(-87.5097129949004,-66.741,14.7890708794963));
#5244=CARTESIAN_POINT('Ctrl Pts',(-87.5097129949004,-209.741,14.7890708794963));
#5245=CARTESIAN_POINT('Ctrl Pts',(-82.7410570642514,-66.741,15.0242642647628));
#5246=CARTESIAN_POINT('Ctrl Pts',(-82.7410570642514,-209.741,15.0242642647628));
#5247=CARTESIAN_POINT('Ctrl Pts',(-78.0230105160191,-66.741,15.2122449152599));
#5248=CARTESIAN_POINT('Ctrl Pts',(-78.0230105160191,-209.741,15.2122449152599));
#5249=CARTESIAN_POINT('Ctrl Pts',(-73.366583552918,-66.741,15.3502992349318));
#5250=CARTESIAN_POINT('Ctrl Pts',(-73.366583552918,-209.741,15.3502992349318));
#5251=CARTESIAN_POINT('Ctrl Pts',(-68.7826578443967,-66.741,15.4357856364724));
#5252=CARTESIAN_POINT('Ctrl Pts',(-68.7826578443967,-209.741,15.4357856364724));
#5253=CARTESIAN_POINT('Ctrl Pts',(-64.2818911583195,-66.741,15.4664109789263));
#5254=CARTESIAN_POINT('Ctrl Pts',(-64.2818911583195,-209.741,15.4664109789263));
#5255=CARTESIAN_POINT('Ctrl Pts',(-59.8748212107308,-66.741,15.4401811086771));
#5256=CARTESIAN_POINT('Ctrl Pts',(-59.8748212107308,-209.741,15.4401811086771));
#5257=CARTESIAN_POINT('Ctrl Pts',(-55.5717240219785,-66.741,15.3555314955831));
#5258=CARTESIAN_POINT('Ctrl Pts',(-55.5717240219785,-209.741,15.3555314955831));
#5259=CARTESIAN_POINT('Ctrl Pts',(-51.3826355101091,-66.741,15.2111194301604));
#5260=CARTESIAN_POINT('Ctrl Pts',(-51.3826355101091,-209.741,15.2111194301604));
#5261=CARTESIAN_POINT('Ctrl Pts',(-47.3173103747153,-66.741,15.0061678541715));
#5262=CARTESIAN_POINT('Ctrl Pts',(-47.3173103747153,-209.741,15.0061678541715));
#5263=CARTESIAN_POINT('Ctrl Pts',(-43.3852462782757,-66.741,14.7403053947343));
#5264=CARTESIAN_POINT('Ctrl Pts',(-43.3852462782757,-209.741,14.7403053947343));
#5265=CARTESIAN_POINT('Ctrl Pts',(-39.595615141253,-66.741,14.4134461966524));
#5266=CARTESIAN_POINT('Ctrl Pts',(-39.595615141253,-209.741,14.4134461966524));
#5267=CARTESIAN_POINT('Ctrl Pts',(-35.957221900035,-66.741,14.0261634242659));
#5268=CARTESIAN_POINT('Ctrl Pts',(-35.957221900035,-209.741,14.0261634242659));
#5269=CARTESIAN_POINT('Ctrl Pts',(-32.4785146684526,-66.741,13.5793582714083));
#5270=CARTESIAN_POINT('Ctrl Pts',(-32.4785146684526,-209.741,13.5793582714083));
#5271=CARTESIAN_POINT('Ctrl Pts',(-29.1676058976776,-66.741,13.0742405379132));
#5272=CARTESIAN_POINT('Ctrl Pts',(-29.1676058976776,-209.741,13.0742405379132));
#5273=CARTESIAN_POINT('Ctrl Pts',(-26.0321260946135,-66.741,12.5126777494896));
#5274=CARTESIAN_POINT('Ctrl Pts',(-26.0321260946135,-209.741,12.5126777494896));
#5275=CARTESIAN_POINT('Ctrl Pts',(-23.079348315128,-66.741,11.8964754219637));
#5276=CARTESIAN_POINT('Ctrl Pts',(-23.079348315128,-209.741,11.8964754219637));
#5277=CARTESIAN_POINT('Ctrl Pts',(-20.3159741775578,-66.741,11.2282438140226));
#5278=CARTESIAN_POINT('Ctrl Pts',(-20.3159741775578,-209.741,11.2282438140226));
#5279=CARTESIAN_POINT('Ctrl Pts',(-17.7483647566593,-66.741,10.5102972517248));
#5280=CARTESIAN_POINT('Ctrl Pts',(-17.7483647566593,-209.741,10.5102972517248));
#5281=CARTESIAN_POINT('Ctrl Pts',(-15.3821830956332,-66.741,9.74561380672708));
#5282=CARTESIAN_POINT('Ctrl Pts',(-15.3821830956332,-209.741,9.74561380672708));
#5283=CARTESIAN_POINT('Ctrl Pts',(-13.2226600223335,-66.741,8.93679770693902));
#5284=CARTESIAN_POINT('Ctrl Pts',(-13.2226600223335,-209.741,8.93679770693902));
#5285=CARTESIAN_POINT('Ctrl Pts',(-11.2743704390967,-66.741,8.0867856678485));
#5286=CARTESIAN_POINT('Ctrl Pts',(-11.2743704390967,-209.741,8.0867856678485));
#5287=CARTESIAN_POINT('Ctrl Pts',(-9.54119563328408,-66.741,7.19809541431781));
#5288=CARTESIAN_POINT('Ctrl Pts',(-9.54119563328408,-209.741,7.19809541431781));
#5289=CARTESIAN_POINT('Ctrl Pts',(-8.0264247778305,-66.741,6.27291220544089));
#5290=CARTESIAN_POINT('Ctrl Pts',(-8.0264247778305,-209.741,6.27291220544089));
#5291=CARTESIAN_POINT('Ctrl Pts',(-6.73276332010922,-66.741,5.31274537591564));
#5292=CARTESIAN_POINT('Ctrl Pts',(-6.73276332010922,-209.741,5.31274537591564));
#5293=CARTESIAN_POINT('Ctrl Pts',(-5.66277352507489,-66.741,4.31788306682411));
#5294=CARTESIAN_POINT('Ctrl Pts',(-5.66277352507489,-209.741,4.31788306682411));
#5295=CARTESIAN_POINT('Ctrl Pts',(-4.81983697186665,-66.741,3.28806952090833));
#5296=CARTESIAN_POINT('Ctrl Pts',(-4.81983697186665,-209.741,3.28806952090833));
#5297=CARTESIAN_POINT('Ctrl Pts',(-4.20985766894965,-66.741,2.22194218141347));
#5298=CARTESIAN_POINT('Ctrl Pts',(-4.20985766894965,-209.741,2.22194218141347));
#5299=CARTESIAN_POINT('Ctrl Pts',(-3.84088490933865,-66.741,1.12499790198429));
#5300=CARTESIAN_POINT('Ctrl Pts',(-3.84088490933865,-209.741,1.12499790198429));
#5301=CARTESIAN_POINT('Ctrl Pts',(-3.71932932355691,-66.741,9.03524777420113E-15));
#5302=CARTESIAN_POINT('Ctrl Pts',(-3.71932932355691,-209.741,9.03524777420113E-15));
#5303=CARTESIAN_POINT('Ctrl Pts',(-3.84088490933867,-66.741,-1.1249979019843));
#5304=CARTESIAN_POINT('Ctrl Pts',(-3.84088490933867,-209.741,-1.1249979019843));
#5305=CARTESIAN_POINT('Ctrl Pts',(-4.2098576689496,-66.741,-2.22194218141346));
#5306=CARTESIAN_POINT('Ctrl Pts',(-4.2098576689496,-209.741,-2.22194218141346));
#5307=CARTESIAN_POINT('Ctrl Pts',(-4.81983697186664,-66.741,-3.28806952090832));
#5308=CARTESIAN_POINT('Ctrl Pts',(-4.81983697186664,-209.741,-3.28806952090832));
#5309=CARTESIAN_POINT('Ctrl Pts',(-5.66277352507481,-66.741,-4.3178830668241));
#5310=CARTESIAN_POINT('Ctrl Pts',(-5.66277352507481,-209.741,-4.3178830668241));
#5311=CARTESIAN_POINT('Ctrl Pts',(-6.73276332010932,-66.741,-5.31274537591565));
#5312=CARTESIAN_POINT('Ctrl Pts',(-6.73276332010932,-209.741,-5.31274537591565));
#5313=CARTESIAN_POINT('Ctrl Pts',(-8.02642477783035,-66.741,-6.2729122054409));
#5314=CARTESIAN_POINT('Ctrl Pts',(-8.02642477783035,-209.741,-6.2729122054409));
#5315=CARTESIAN_POINT('Ctrl Pts',(-9.54119563328407,-66.741,-7.19809541431784));
#5316=CARTESIAN_POINT('Ctrl Pts',(-9.54119563328407,-209.741,-7.19809541431784));
#5317=CARTESIAN_POINT('Ctrl Pts',(-11.2743704390964,-66.741,-8.0867856678485));
#5318=CARTESIAN_POINT('Ctrl Pts',(-11.2743704390964,-209.741,-8.0867856678485));
#5319=CARTESIAN_POINT('Ctrl Pts',(-13.222660022334,-66.741,-8.93679770693902));
#5320=CARTESIAN_POINT('Ctrl Pts',(-13.222660022334,-209.741,-8.93679770693902));
#5321=CARTESIAN_POINT('Ctrl Pts',(-15.3821830956327,-66.741,-9.74561380672707));
#5322=CARTESIAN_POINT('Ctrl Pts',(-15.3821830956327,-209.741,-9.74561380672707));
#5323=CARTESIAN_POINT('Ctrl Pts',(-17.7483647566594,-66.741,-10.5102972517248));
#5324=CARTESIAN_POINT('Ctrl Pts',(-17.7483647566594,-209.741,-10.5102972517248));
#5325=CARTESIAN_POINT('Ctrl Pts',(-20.3159741775577,-66.741,-11.2282438140226));
#5326=CARTESIAN_POINT('Ctrl Pts',(-20.3159741775577,-209.741,-11.2282438140226));
#5327=CARTESIAN_POINT('Ctrl Pts',(-23.0793483151282,-66.741,-11.8964754219637));
#5328=CARTESIAN_POINT('Ctrl Pts',(-23.0793483151282,-209.741,-11.8964754219637));
#5329=CARTESIAN_POINT('Ctrl Pts',(-26.0321260946135,-66.741,-12.5126777494896));
#5330=CARTESIAN_POINT('Ctrl Pts',(-26.0321260946135,-209.741,-12.5126777494896));
#5331=CARTESIAN_POINT('Ctrl Pts',(-29.1676058976776,-66.741,-13.0742405379132));
#5332=CARTESIAN_POINT('Ctrl Pts',(-29.1676058976776,-209.741,-13.0742405379132));
#5333=CARTESIAN_POINT('Ctrl Pts',(-32.4785146684527,-66.741,-13.5793582714083));
#5334=CARTESIAN_POINT('Ctrl Pts',(-32.4785146684527,-209.741,-13.5793582714083));
#5335=CARTESIAN_POINT('Ctrl Pts',(-35.9572219000349,-66.741,-14.0261634242659));
#5336=CARTESIAN_POINT('Ctrl Pts',(-35.9572219000349,-209.741,-14.0261634242659));
#5337=CARTESIAN_POINT('Ctrl Pts',(-39.5956151412533,-66.741,-14.4134461966523));
#5338=CARTESIAN_POINT('Ctrl Pts',(-39.5956151412533,-209.741,-14.4134461966523));
#5339=CARTESIAN_POINT('Ctrl Pts',(-43.3852462782754,-66.741,-14.7403053947343));
#5340=CARTESIAN_POINT('Ctrl Pts',(-43.3852462782754,-209.741,-14.7403053947343));
#5341=CARTESIAN_POINT('Ctrl Pts',(-47.3173103747153,-66.741,-15.0061678541715));
#5342=CARTESIAN_POINT('Ctrl Pts',(-47.3173103747153,-209.741,-15.0061678541715));
#5343=CARTESIAN_POINT('Ctrl Pts',(-51.3826355101091,-66.741,-15.2111194301605));
#5344=CARTESIAN_POINT('Ctrl Pts',(-51.3826355101091,-209.741,-15.2111194301605));
#5345=CARTESIAN_POINT('Ctrl Pts',(-55.5717240219786,-66.741,-15.3555314955831));
#5346=CARTESIAN_POINT('Ctrl Pts',(-55.5717240219786,-209.741,-15.3555314955831));
#5347=CARTESIAN_POINT('Ctrl Pts',(-59.8748212107309,-66.741,-15.4401811086771));
#5348=CARTESIAN_POINT('Ctrl Pts',(-59.8748212107309,-209.741,-15.4401811086771));
#5349=CARTESIAN_POINT('Ctrl Pts',(-64.2818911583194,-66.741,-15.4664109789264));
#5350=CARTESIAN_POINT('Ctrl Pts',(-64.2818911583194,-209.741,-15.4664109789264));
#5351=CARTESIAN_POINT('Ctrl Pts',(-68.7826578443968,-66.741,-15.4357856364722));
#5352=CARTESIAN_POINT('Ctrl Pts',(-68.7826578443968,-209.741,-15.4357856364722));
#5353=CARTESIAN_POINT('Ctrl Pts',(-73.366583552918,-66.741,-15.3502992349322));
#5354=CARTESIAN_POINT('Ctrl Pts',(-73.366583552918,-209.741,-15.3502992349322));
#5355=CARTESIAN_POINT('Ctrl Pts',(-78.0230105160191,-66.741,-15.2122449152598));
#5356=CARTESIAN_POINT('Ctrl Pts',(-78.0230105160191,-209.741,-15.2122449152598));
#5357=CARTESIAN_POINT('Ctrl Pts',(-82.7410570642512,-66.741,-15.0242642647628));
#5358=CARTESIAN_POINT('Ctrl Pts',(-82.7410570642512,-209.741,-15.0242642647628));
#5359=CARTESIAN_POINT('Ctrl Pts',(-87.5097129949004,-66.741,-14.7890708794964));
#5360=CARTESIAN_POINT('Ctrl Pts',(-87.5097129949004,-209.741,-14.7890708794964));
#5361=CARTESIAN_POINT('Ctrl Pts',(-92.3178531362769,-66.741,-14.509701374708));
#5362=CARTESIAN_POINT('Ctrl Pts',(-92.3178531362769,-209.741,-14.509701374708));
#5363=CARTESIAN_POINT('Ctrl Pts',(-97.1542405405341,-66.741,-14.1893232404222));
#5364=CARTESIAN_POINT('Ctrl Pts',(-97.1542405405341,-209.741,-14.1893232404222));
#5365=CARTESIAN_POINT('Ctrl Pts',(-102.007598650056,-66.741,-13.8311577996323));
#5366=CARTESIAN_POINT('Ctrl Pts',(-102.007598650056,-209.741,-13.8311577996323));
#5367=CARTESIAN_POINT('Ctrl Pts',(-106.866620430091,-66.741,-13.4385252573426));
#5368=CARTESIAN_POINT('Ctrl Pts',(-106.866620430091,-209.741,-13.4385252573426));
#5369=CARTESIAN_POINT('Ctrl Pts',(-111.719926929456,-66.741,-13.0147754432037));
#5370=CARTESIAN_POINT('Ctrl Pts',(-111.719926929456,-209.741,-13.0147754432037));
#5371=CARTESIAN_POINT('Ctrl Pts',(-115.692623566051,-66.741,-12.6438443115244));
#5372=CARTESIAN_POINT('Ctrl Pts',(-115.692623566051,-209.741,-12.6438443115244));
#5373=CARTESIAN_POINT('Ctrl Pts',(-118.4465092142,-66.741,-12.3749215462614));
#5374=CARTESIAN_POINT('Ctrl Pts',(-118.4465092142,-209.741,-12.3749215462614));
#5375=CARTESIAN_POINT('Ctrl Pts',(-119.989671296329,-66.741,-12.2206630656391));
#5376=CARTESIAN_POINT('Ctrl Pts',(-119.989671296329,-209.741,-12.2206630656391));
#5377=CARTESIAN_POINT('Ctrl Pts',(-120.329149390934,-66.741,-12.1865566684832));
#5378=CARTESIAN_POINT('Ctrl Pts',(-120.329149390934,-209.741,-12.1865566684832));
#5379=CARTESIAN_POINT('Origin',(-4.02544878037478,-130.561742684349,-2.56113651475919E-8));
#5380=CARTESIAN_POINT('',(-4.59294826927797,-130.889388666822,-2.85287747450279));
#5381=CARTESIAN_POINT('',(-58.5544193940771,-162.044058545667,-15.4080329047317));
#5382=CARTESIAN_POINT('Ctrl Pts',(-4.59294826927797,-130.889388666822,-2.85287747450279));
#5383=CARTESIAN_POINT('Ctrl Pts',(-4.86043485523871,-131.043822119198,-3.30298873627676));
#5384=CARTESIAN_POINT('Ctrl Pts',(-5.17620253285365,-131.226130672639,-3.71799369827475));
#5385=CARTESIAN_POINT('Ctrl Pts',(-6.10325889690775,-131.761366913902,-4.75848495641238));
#5386=CARTESIAN_POINT('Ctrl Pts',(-6.78856242548049,-132.157027090758,-5.34386168784098));
#5387=CARTESIAN_POINT('Ctrl Pts',(-8.97749310690906,-133.4208068088,-6.94724993528006));
#5388=CARTESIAN_POINT('Ctrl Pts',(-10.7368745832643,-134.436586177715,-7.84844880180143));
#5389=CARTESIAN_POINT('Ctrl Pts',(-19.6651955192803,-139.591354673251,-11.7029899977811));
#5390=CARTESIAN_POINT('Ctrl Pts',(-33.5527625606209,-147.609345242716,-14.9820892898208));
#5391=CARTESIAN_POINT('Ctrl Pts',(-58.5544193940771,-162.044058545667,-15.4080329047317));
#5392=CARTESIAN_POINT('',(-58.5544193921089,-162.044058545667,-1.86459566363741E-8));
#5393=CARTESIAN_POINT('',(-58.5544193921089,-162.044058545667,-1.86459618731319E-8));
#5394=CARTESIAN_POINT('',(-4.59294826891355,-130.889388666822,-2.55388740346434E-8));
#5395=CARTESIAN_POINT('',(-53.2540909105201,-158.983912470028,-1.93230087190369E-8));
#5396=CARTESIAN_POINT('',(-4.59294826891355,-130.889388666822,-2.55388579611639E-8));
#5397=CARTESIAN_POINT('Origin',(-58.5544193921089,-259.493693384192,-1.86459566363741E-8));
#5398=CARTESIAN_POINT('',(-58.5544193940771,-99.7347187879769,-15.4080329047317));
#5399=CARTESIAN_POINT('Ctrl Pts',(-58.5544193940771,-162.044058545667,-15.4080329047317));
#5400=CARTESIAN_POINT('Ctrl Pts',(-58.5544193940771,-141.274278626437,-15.4080329047317));
#5401=CARTESIAN_POINT('Ctrl Pts',(-58.5544193940771,-120.504498707207,-15.4080329047317));
#5402=CARTESIAN_POINT('Ctrl Pts',(-58.5544193940771,-99.7347187879769,-15.4080329047317));
#5403=CARTESIAN_POINT('',(-58.5544193921089,-99.7347187879769,-1.86459566363741E-8));
#5404=CARTESIAN_POINT('',(-58.5544193921089,-99.7347187879769,-1.86459455324755E-8));
#5405=CARTESIAN_POINT('',(-58.554419392109,-223.659678861908,-1.86459566359233E-8));
#5406=CARTESIAN_POINT('Origin',(-114.946551585259,-67.1767060860847,-1.14425520399308E-8));
#5407=CARTESIAN_POINT('Ctrl Pts',(-58.5544193940771,-99.7347187879769,-15.4080329047317));
#5408=CARTESIAN_POINT('Ctrl Pts',(-37.4056502133238,-111.944966367488,-15.0477294554134));
#5409=CARTESIAN_POINT('Ctrl Pts',(-23.2888406483293,-120.095310169756,-12.6093939790399));
#5410=CARTESIAN_POINT('Ctrl Pts',(-12.407630910485,-126.377579540717,-8.64239008162319));
#5411=CARTESIAN_POINT('Ctrl Pts',(-9.85690996509559,-127.850238965082,-7.51620908018733));
#5412=CARTESIAN_POINT('Ctrl Pts',(-6.88038248441769,-129.568737907148,-5.43663796928555));
#5413=CARTESIAN_POINT('Ctrl Pts',(-5.96107760775424,-130.099498824854,-4.66609185004492));
#5414=CARTESIAN_POINT('Ctrl Pts',(-5.00162977108093,-130.653436291543,-3.48064738945314));
#5415=CARTESIAN_POINT('Ctrl Pts',(-4.78496833730451,-130.778525828881,-3.17599795845123));
#5416=CARTESIAN_POINT('Ctrl Pts',(-4.59294826927797,-130.889388666822,-2.85287747450279));
#5417=CARTESIAN_POINT('',(-84.0605117482021,-85.0087695002111,-1.53878655564439E-8));
#5418=CARTESIAN_POINT('Ctrl Pts',(-120.329149390931,-66.741,12.1865566684833));
#5419=CARTESIAN_POINT('Ctrl Pts',(-120.329149390931,-209.741,12.1865566684833));
#5420=CARTESIAN_POINT('Ctrl Pts',(-119.989671296327,-66.741,12.2206630656391));
#5421=CARTESIAN_POINT('Ctrl Pts',(-119.989671296327,-209.741,12.2206630656391));
#5422=CARTESIAN_POINT('Ctrl Pts',(-118.446509214199,-66.741,12.3749215462612));
#5423=CARTESIAN_POINT('Ctrl Pts',(-118.446509214199,-209.741,12.3749215462612));
#5424=CARTESIAN_POINT('Ctrl Pts',(-115.69262356605,-66.741,12.6438443115248));
#5425=CARTESIAN_POINT('Ctrl Pts',(-115.69262356605,-209.741,12.6438443115248));
#5426=CARTESIAN_POINT('Ctrl Pts',(-111.719926929456,-66.741,13.0147754432036));
#5427=CARTESIAN_POINT('Ctrl Pts',(-111.719926929456,-209.741,13.0147754432036));
#5428=CARTESIAN_POINT('Ctrl Pts',(-106.866620430091,-66.741,13.4385252573424));
#5429=CARTESIAN_POINT('Ctrl Pts',(-106.866620430091,-209.741,13.4385252573424));
#5430=CARTESIAN_POINT('Ctrl Pts',(-102.007598650055,-66.741,13.8311577996323));
#5431=CARTESIAN_POINT('Ctrl Pts',(-102.007598650055,-209.741,13.8311577996323));
#5432=CARTESIAN_POINT('Ctrl Pts',(-97.1542405405345,-66.741,14.1893232404221));
#5433=CARTESIAN_POINT('Ctrl Pts',(-97.1542405405345,-209.741,14.1893232404221));
#5434=CARTESIAN_POINT('Ctrl Pts',(-92.3178531362766,-66.741,14.509701374708));
#5435=CARTESIAN_POINT('Ctrl Pts',(-92.3178531362766,-209.741,14.509701374708));
#5436=CARTESIAN_POINT('Ctrl Pts',(-87.5097129949004,-66.741,14.7890708794963));
#5437=CARTESIAN_POINT('Ctrl Pts',(-87.5097129949004,-209.741,14.7890708794963));
#5438=CARTESIAN_POINT('Ctrl Pts',(-82.7410570642514,-66.741,15.0242642647628));
#5439=CARTESIAN_POINT('Ctrl Pts',(-82.7410570642514,-209.741,15.0242642647628));
#5440=CARTESIAN_POINT('Ctrl Pts',(-78.0230105160191,-66.741,15.2122449152599));
#5441=CARTESIAN_POINT('Ctrl Pts',(-78.0230105160191,-209.741,15.2122449152599));
#5442=CARTESIAN_POINT('Ctrl Pts',(-73.366583552918,-66.741,15.3502992349318));
#5443=CARTESIAN_POINT('Ctrl Pts',(-73.366583552918,-209.741,15.3502992349318));
#5444=CARTESIAN_POINT('Ctrl Pts',(-68.7826578443967,-66.741,15.4357856364724));
#5445=CARTESIAN_POINT('Ctrl Pts',(-68.7826578443967,-209.741,15.4357856364724));
#5446=CARTESIAN_POINT('Ctrl Pts',(-64.2818911583195,-66.741,15.4664109789263));
#5447=CARTESIAN_POINT('Ctrl Pts',(-64.2818911583195,-209.741,15.4664109789263));
#5448=CARTESIAN_POINT('Ctrl Pts',(-59.8748212107308,-66.741,15.4401811086771));
#5449=CARTESIAN_POINT('Ctrl Pts',(-59.8748212107308,-209.741,15.4401811086771));
#5450=CARTESIAN_POINT('Ctrl Pts',(-55.5717240219785,-66.741,15.3555314955831));
#5451=CARTESIAN_POINT('Ctrl Pts',(-55.5717240219785,-209.741,15.3555314955831));
#5452=CARTESIAN_POINT('Ctrl Pts',(-51.3826355101091,-66.741,15.2111194301604));
#5453=CARTESIAN_POINT('Ctrl Pts',(-51.3826355101091,-209.741,15.2111194301604));
#5454=CARTESIAN_POINT('Ctrl Pts',(-47.3173103747153,-66.741,15.0061678541715));
#5455=CARTESIAN_POINT('Ctrl Pts',(-47.3173103747153,-209.741,15.0061678541715));
#5456=CARTESIAN_POINT('Ctrl Pts',(-43.3852462782757,-66.741,14.7403053947343));
#5457=CARTESIAN_POINT('Ctrl Pts',(-43.3852462782757,-209.741,14.7403053947343));
#5458=CARTESIAN_POINT('Ctrl Pts',(-39.595615141253,-66.741,14.4134461966524));
#5459=CARTESIAN_POINT('Ctrl Pts',(-39.595615141253,-209.741,14.4134461966524));
#5460=CARTESIAN_POINT('Ctrl Pts',(-35.957221900035,-66.741,14.0261634242659));
#5461=CARTESIAN_POINT('Ctrl Pts',(-35.957221900035,-209.741,14.0261634242659));
#5462=CARTESIAN_POINT('Ctrl Pts',(-32.4785146684526,-66.741,13.5793582714083));
#5463=CARTESIAN_POINT('Ctrl Pts',(-32.4785146684526,-209.741,13.5793582714083));
#5464=CARTESIAN_POINT('Ctrl Pts',(-29.1676058976776,-66.741,13.0742405379132));
#5465=CARTESIAN_POINT('Ctrl Pts',(-29.1676058976776,-209.741,13.0742405379132));
#5466=CARTESIAN_POINT('Ctrl Pts',(-26.0321260946135,-66.741,12.5126777494896));
#5467=CARTESIAN_POINT('Ctrl Pts',(-26.0321260946135,-209.741,12.5126777494896));
#5468=CARTESIAN_POINT('Ctrl Pts',(-23.079348315128,-66.741,11.8964754219637));
#5469=CARTESIAN_POINT('Ctrl Pts',(-23.079348315128,-209.741,11.8964754219637));
#5470=CARTESIAN_POINT('Ctrl Pts',(-20.3159741775578,-66.741,11.2282438140226));
#5471=CARTESIAN_POINT('Ctrl Pts',(-20.3159741775578,-209.741,11.2282438140226));
#5472=CARTESIAN_POINT('Ctrl Pts',(-17.7483647566593,-66.741,10.5102972517248));
#5473=CARTESIAN_POINT('Ctrl Pts',(-17.7483647566593,-209.741,10.5102972517248));
#5474=CARTESIAN_POINT('Ctrl Pts',(-15.3821830956332,-66.741,9.74561380672708));
#5475=CARTESIAN_POINT('Ctrl Pts',(-15.3821830956332,-209.741,9.74561380672708));
#5476=CARTESIAN_POINT('Ctrl Pts',(-13.2226600223335,-66.741,8.93679770693902));
#5477=CARTESIAN_POINT('Ctrl Pts',(-13.2226600223335,-209.741,8.93679770693902));
#5478=CARTESIAN_POINT('Ctrl Pts',(-11.2743704390967,-66.741,8.0867856678485));
#5479=CARTESIAN_POINT('Ctrl Pts',(-11.2743704390967,-209.741,8.0867856678485));
#5480=CARTESIAN_POINT('Ctrl Pts',(-9.54119563328408,-66.741,7.19809541431781));
#5481=CARTESIAN_POINT('Ctrl Pts',(-9.54119563328408,-209.741,7.19809541431781));
#5482=CARTESIAN_POINT('Ctrl Pts',(-8.0264247778305,-66.741,6.27291220544089));
#5483=CARTESIAN_POINT('Ctrl Pts',(-8.0264247778305,-209.741,6.27291220544089));
#5484=CARTESIAN_POINT('Ctrl Pts',(-6.73276332010922,-66.741,5.31274537591564));
#5485=CARTESIAN_POINT('Ctrl Pts',(-6.73276332010922,-209.741,5.31274537591564));
#5486=CARTESIAN_POINT('Ctrl Pts',(-5.66277352507489,-66.741,4.31788306682411));
#5487=CARTESIAN_POINT('Ctrl Pts',(-5.66277352507489,-209.741,4.31788306682411));
#5488=CARTESIAN_POINT('Ctrl Pts',(-4.81983697186665,-66.741,3.28806952090833));
#5489=CARTESIAN_POINT('Ctrl Pts',(-4.81983697186665,-209.741,3.28806952090833));
#5490=CARTESIAN_POINT('Ctrl Pts',(-4.20985766894965,-66.741,2.22194218141347));
#5491=CARTESIAN_POINT('Ctrl Pts',(-4.20985766894965,-209.741,2.22194218141347));
#5492=CARTESIAN_POINT('Ctrl Pts',(-3.84088490933865,-66.741,1.12499790198429));
#5493=CARTESIAN_POINT('Ctrl Pts',(-3.84088490933865,-209.741,1.12499790198429));
#5494=CARTESIAN_POINT('Ctrl Pts',(-3.71932932355691,-66.741,9.03524777420113E-15));
#5495=CARTESIAN_POINT('Ctrl Pts',(-3.71932932355691,-209.741,9.03524777420113E-15));
#5496=CARTESIAN_POINT('Ctrl Pts',(-3.84088490933867,-66.741,-1.1249979019843));
#5497=CARTESIAN_POINT('Ctrl Pts',(-3.84088490933867,-209.741,-1.1249979019843));
#5498=CARTESIAN_POINT('Ctrl Pts',(-4.2098576689496,-66.741,-2.22194218141346));
#5499=CARTESIAN_POINT('Ctrl Pts',(-4.2098576689496,-209.741,-2.22194218141346));
#5500=CARTESIAN_POINT('Ctrl Pts',(-4.81983697186664,-66.741,-3.28806952090832));
#5501=CARTESIAN_POINT('Ctrl Pts',(-4.81983697186664,-209.741,-3.28806952090832));
#5502=CARTESIAN_POINT('Ctrl Pts',(-5.66277352507481,-66.741,-4.3178830668241));
#5503=CARTESIAN_POINT('Ctrl Pts',(-5.66277352507481,-209.741,-4.3178830668241));
#5504=CARTESIAN_POINT('Ctrl Pts',(-6.73276332010932,-66.741,-5.31274537591565));
#5505=CARTESIAN_POINT('Ctrl Pts',(-6.73276332010932,-209.741,-5.31274537591565));
#5506=CARTESIAN_POINT('Ctrl Pts',(-8.02642477783035,-66.741,-6.2729122054409));
#5507=CARTESIAN_POINT('Ctrl Pts',(-8.02642477783035,-209.741,-6.2729122054409));
#5508=CARTESIAN_POINT('Ctrl Pts',(-9.54119563328407,-66.741,-7.19809541431784));
#5509=CARTESIAN_POINT('Ctrl Pts',(-9.54119563328407,-209.741,-7.19809541431784));
#5510=CARTESIAN_POINT('Ctrl Pts',(-11.2743704390964,-66.741,-8.0867856678485));
#5511=CARTESIAN_POINT('Ctrl Pts',(-11.2743704390964,-209.741,-8.0867856678485));
#5512=CARTESIAN_POINT('Ctrl Pts',(-13.222660022334,-66.741,-8.93679770693902));
#5513=CARTESIAN_POINT('Ctrl Pts',(-13.222660022334,-209.741,-8.93679770693902));
#5514=CARTESIAN_POINT('Ctrl Pts',(-15.3821830956327,-66.741,-9.74561380672707));
#5515=CARTESIAN_POINT('Ctrl Pts',(-15.3821830956327,-209.741,-9.74561380672707));
#5516=CARTESIAN_POINT('Ctrl Pts',(-17.7483647566594,-66.741,-10.5102972517248));
#5517=CARTESIAN_POINT('Ctrl Pts',(-17.7483647566594,-209.741,-10.5102972517248));
#5518=CARTESIAN_POINT('Ctrl Pts',(-20.3159741775577,-66.741,-11.2282438140226));
#5519=CARTESIAN_POINT('Ctrl Pts',(-20.3159741775577,-209.741,-11.2282438140226));
#5520=CARTESIAN_POINT('Ctrl Pts',(-23.0793483151282,-66.741,-11.8964754219637));
#5521=CARTESIAN_POINT('Ctrl Pts',(-23.0793483151282,-209.741,-11.8964754219637));
#5522=CARTESIAN_POINT('Ctrl Pts',(-26.0321260946135,-66.741,-12.5126777494896));
#5523=CARTESIAN_POINT('Ctrl Pts',(-26.0321260946135,-209.741,-12.5126777494896));
#5524=CARTESIAN_POINT('Ctrl Pts',(-29.1676058976776,-66.741,-13.0742405379132));
#5525=CARTESIAN_POINT('Ctrl Pts',(-29.1676058976776,-209.741,-13.0742405379132));
#5526=CARTESIAN_POINT('Ctrl Pts',(-32.4785146684527,-66.741,-13.5793582714083));
#5527=CARTESIAN_POINT('Ctrl Pts',(-32.4785146684527,-209.741,-13.5793582714083));
#5528=CARTESIAN_POINT('Ctrl Pts',(-35.9572219000349,-66.741,-14.0261634242659));
#5529=CARTESIAN_POINT('Ctrl Pts',(-35.9572219000349,-209.741,-14.0261634242659));
#5530=CARTESIAN_POINT('Ctrl Pts',(-39.5956151412533,-66.741,-14.4134461966523));
#5531=CARTESIAN_POINT('Ctrl Pts',(-39.5956151412533,-209.741,-14.4134461966523));
#5532=CARTESIAN_POINT('Ctrl Pts',(-43.3852462782754,-66.741,-14.7403053947343));
#5533=CARTESIAN_POINT('Ctrl Pts',(-43.3852462782754,-209.741,-14.7403053947343));
#5534=CARTESIAN_POINT('Ctrl Pts',(-47.3173103747153,-66.741,-15.0061678541715));
#5535=CARTESIAN_POINT('Ctrl Pts',(-47.3173103747153,-209.741,-15.0061678541715));
#5536=CARTESIAN_POINT('Ctrl Pts',(-51.3826355101091,-66.741,-15.2111194301605));
#5537=CARTESIAN_POINT('Ctrl Pts',(-51.3826355101091,-209.741,-15.2111194301605));
#5538=CARTESIAN_POINT('Ctrl Pts',(-55.5717240219786,-66.741,-15.3555314955831));
#5539=CARTESIAN_POINT('Ctrl Pts',(-55.5717240219786,-209.741,-15.3555314955831));
#5540=CARTESIAN_POINT('Ctrl Pts',(-59.8748212107309,-66.741,-15.4401811086771));
#5541=CARTESIAN_POINT('Ctrl Pts',(-59.8748212107309,-209.741,-15.4401811086771));
#5542=CARTESIAN_POINT('Ctrl Pts',(-64.2818911583194,-66.741,-15.4664109789264));
#5543=CARTESIAN_POINT('Ctrl Pts',(-64.2818911583194,-209.741,-15.4664109789264));
#5544=CARTESIAN_POINT('Ctrl Pts',(-68.7826578443968,-66.741,-15.4357856364722));
#5545=CARTESIAN_POINT('Ctrl Pts',(-68.7826578443968,-209.741,-15.4357856364722));
#5546=CARTESIAN_POINT('Ctrl Pts',(-73.366583552918,-66.741,-15.3502992349322));
#5547=CARTESIAN_POINT('Ctrl Pts',(-73.366583552918,-209.741,-15.3502992349322));
#5548=CARTESIAN_POINT('Ctrl Pts',(-78.0230105160191,-66.741,-15.2122449152598));
#5549=CARTESIAN_POINT('Ctrl Pts',(-78.0230105160191,-209.741,-15.2122449152598));
#5550=CARTESIAN_POINT('Ctrl Pts',(-82.7410570642512,-66.741,-15.0242642647628));
#5551=CARTESIAN_POINT('Ctrl Pts',(-82.7410570642512,-209.741,-15.0242642647628));
#5552=CARTESIAN_POINT('Ctrl Pts',(-87.5097129949004,-66.741,-14.7890708794964));
#5553=CARTESIAN_POINT('Ctrl Pts',(-87.5097129949004,-209.741,-14.7890708794964));
#5554=CARTESIAN_POINT('Ctrl Pts',(-92.3178531362769,-66.741,-14.509701374708));
#5555=CARTESIAN_POINT('Ctrl Pts',(-92.3178531362769,-209.741,-14.509701374708));
#5556=CARTESIAN_POINT('Ctrl Pts',(-97.1542405405341,-66.741,-14.1893232404222));
#5557=CARTESIAN_POINT('Ctrl Pts',(-97.1542405405341,-209.741,-14.1893232404222));
#5558=CARTESIAN_POINT('Ctrl Pts',(-102.007598650056,-66.741,-13.8311577996323));
#5559=CARTESIAN_POINT('Ctrl Pts',(-102.007598650056,-209.741,-13.8311577996323));
#5560=CARTESIAN_POINT('Ctrl Pts',(-106.866620430091,-66.741,-13.4385252573426));
#5561=CARTESIAN_POINT('Ctrl Pts',(-106.866620430091,-209.741,-13.4385252573426));
#5562=CARTESIAN_POINT('Ctrl Pts',(-111.719926929456,-66.741,-13.0147754432037));
#5563=CARTESIAN_POINT('Ctrl Pts',(-111.719926929456,-209.741,-13.0147754432037));
#5564=CARTESIAN_POINT('Ctrl Pts',(-115.692623566051,-66.741,-12.6438443115244));
#5565=CARTESIAN_POINT('Ctrl Pts',(-115.692623566051,-209.741,-12.6438443115244));
#5566=CARTESIAN_POINT('Ctrl Pts',(-118.4465092142,-66.741,-12.3749215462614));
#5567=CARTESIAN_POINT('Ctrl Pts',(-118.4465092142,-209.741,-12.3749215462614));
#5568=CARTESIAN_POINT('Ctrl Pts',(-119.989671296329,-66.741,-12.2206630656391));
#5569=CARTESIAN_POINT('Ctrl Pts',(-119.989671296329,-209.741,-12.2206630656391));
#5570=CARTESIAN_POINT('Ctrl Pts',(-120.329149390934,-66.741,-12.1865566684832));
#5571=CARTESIAN_POINT('Ctrl Pts',(-120.329149390934,-209.741,-12.1865566684832));
#5572=CARTESIAN_POINT('Ctrl Pts',(-120.329149390931,-66.741,12.1865566684833));
#5573=CARTESIAN_POINT('Ctrl Pts',(-120.329149390931,-209.741,12.1865566684833));
#5574=CARTESIAN_POINT('Ctrl Pts',(-119.989671296327,-66.741,12.2206630656391));
#5575=CARTESIAN_POINT('Ctrl Pts',(-119.989671296327,-209.741,12.2206630656391));
#5576=CARTESIAN_POINT('Ctrl Pts',(-118.446509214199,-66.741,12.3749215462612));
#5577=CARTESIAN_POINT('Ctrl Pts',(-118.446509214199,-209.741,12.3749215462612));
#5578=CARTESIAN_POINT('Ctrl Pts',(-115.69262356605,-66.741,12.6438443115248));
#5579=CARTESIAN_POINT('Ctrl Pts',(-115.69262356605,-209.741,12.6438443115248));
#5580=CARTESIAN_POINT('Ctrl Pts',(-111.719926929456,-66.741,13.0147754432036));
#5581=CARTESIAN_POINT('Ctrl Pts',(-111.719926929456,-209.741,13.0147754432036));
#5582=CARTESIAN_POINT('Ctrl Pts',(-106.866620430091,-66.741,13.4385252573424));
#5583=CARTESIAN_POINT('Ctrl Pts',(-106.866620430091,-209.741,13.4385252573424));
#5584=CARTESIAN_POINT('Ctrl Pts',(-102.007598650055,-66.741,13.8311577996323));
#5585=CARTESIAN_POINT('Ctrl Pts',(-102.007598650055,-209.741,13.8311577996323));
#5586=CARTESIAN_POINT('Ctrl Pts',(-97.1542405405345,-66.741,14.1893232404221));
#5587=CARTESIAN_POINT('Ctrl Pts',(-97.1542405405345,-209.741,14.1893232404221));
#5588=CARTESIAN_POINT('Ctrl Pts',(-92.3178531362766,-66.741,14.509701374708));
#5589=CARTESIAN_POINT('Ctrl Pts',(-92.3178531362766,-209.741,14.509701374708));
#5590=CARTESIAN_POINT('Ctrl Pts',(-87.5097129949004,-66.741,14.7890708794963));
#5591=CARTESIAN_POINT('Ctrl Pts',(-87.5097129949004,-209.741,14.7890708794963));
#5592=CARTESIAN_POINT('Ctrl Pts',(-82.7410570642514,-66.741,15.0242642647628));
#5593=CARTESIAN_POINT('Ctrl Pts',(-82.7410570642514,-209.741,15.0242642647628));
#5594=CARTESIAN_POINT('Ctrl Pts',(-78.0230105160191,-66.741,15.2122449152599));
#5595=CARTESIAN_POINT('Ctrl Pts',(-78.0230105160191,-209.741,15.2122449152599));
#5596=CARTESIAN_POINT('Ctrl Pts',(-73.366583552918,-66.741,15.3502992349318));
#5597=CARTESIAN_POINT('Ctrl Pts',(-73.366583552918,-209.741,15.3502992349318));
#5598=CARTESIAN_POINT('Ctrl Pts',(-68.7826578443967,-66.741,15.4357856364724));
#5599=CARTESIAN_POINT('Ctrl Pts',(-68.7826578443967,-209.741,15.4357856364724));
#5600=CARTESIAN_POINT('Ctrl Pts',(-64.2818911583195,-66.741,15.4664109789263));
#5601=CARTESIAN_POINT('Ctrl Pts',(-64.2818911583195,-209.741,15.4664109789263));
#5602=CARTESIAN_POINT('Ctrl Pts',(-59.8748212107308,-66.741,15.4401811086771));
#5603=CARTESIAN_POINT('Ctrl Pts',(-59.8748212107308,-209.741,15.4401811086771));
#5604=CARTESIAN_POINT('Ctrl Pts',(-55.5717240219785,-66.741,15.3555314955831));
#5605=CARTESIAN_POINT('Ctrl Pts',(-55.5717240219785,-209.741,15.3555314955831));
#5606=CARTESIAN_POINT('Ctrl Pts',(-51.3826355101091,-66.741,15.2111194301604));
#5607=CARTESIAN_POINT('Ctrl Pts',(-51.3826355101091,-209.741,15.2111194301604));
#5608=CARTESIAN_POINT('Ctrl Pts',(-47.3173103747153,-66.741,15.0061678541715));
#5609=CARTESIAN_POINT('Ctrl Pts',(-47.3173103747153,-209.741,15.0061678541715));
#5610=CARTESIAN_POINT('Ctrl Pts',(-43.3852462782757,-66.741,14.7403053947343));
#5611=CARTESIAN_POINT('Ctrl Pts',(-43.3852462782757,-209.741,14.7403053947343));
#5612=CARTESIAN_POINT('Ctrl Pts',(-39.595615141253,-66.741,14.4134461966524));
#5613=CARTESIAN_POINT('Ctrl Pts',(-39.595615141253,-209.741,14.4134461966524));
#5614=CARTESIAN_POINT('Ctrl Pts',(-35.957221900035,-66.741,14.0261634242659));
#5615=CARTESIAN_POINT('Ctrl Pts',(-35.957221900035,-209.741,14.0261634242659));
#5616=CARTESIAN_POINT('Ctrl Pts',(-32.4785146684526,-66.741,13.5793582714083));
#5617=CARTESIAN_POINT('Ctrl Pts',(-32.4785146684526,-209.741,13.5793582714083));
#5618=CARTESIAN_POINT('Ctrl Pts',(-29.1676058976776,-66.741,13.0742405379132));
#5619=CARTESIAN_POINT('Ctrl Pts',(-29.1676058976776,-209.741,13.0742405379132));
#5620=CARTESIAN_POINT('Ctrl Pts',(-26.0321260946135,-66.741,12.5126777494896));
#5621=CARTESIAN_POINT('Ctrl Pts',(-26.0321260946135,-209.741,12.5126777494896));
#5622=CARTESIAN_POINT('Ctrl Pts',(-23.079348315128,-66.741,11.8964754219637));
#5623=CARTESIAN_POINT('Ctrl Pts',(-23.079348315128,-209.741,11.8964754219637));
#5624=CARTESIAN_POINT('Ctrl Pts',(-20.3159741775578,-66.741,11.2282438140226));
#5625=CARTESIAN_POINT('Ctrl Pts',(-20.3159741775578,-209.741,11.2282438140226));
#5626=CARTESIAN_POINT('Ctrl Pts',(-17.7483647566593,-66.741,10.5102972517248));
#5627=CARTESIAN_POINT('Ctrl Pts',(-17.7483647566593,-209.741,10.5102972517248));
#5628=CARTESIAN_POINT('Ctrl Pts',(-15.3821830956332,-66.741,9.74561380672708));
#5629=CARTESIAN_POINT('Ctrl Pts',(-15.3821830956332,-209.741,9.74561380672708));
#5630=CARTESIAN_POINT('Ctrl Pts',(-13.2226600223335,-66.741,8.93679770693902));
#5631=CARTESIAN_POINT('Ctrl Pts',(-13.2226600223335,-209.741,8.93679770693902));
#5632=CARTESIAN_POINT('Ctrl Pts',(-11.2743704390967,-66.741,8.0867856678485));
#5633=CARTESIAN_POINT('Ctrl Pts',(-11.2743704390967,-209.741,8.0867856678485));
#5634=CARTESIAN_POINT('Ctrl Pts',(-9.54119563328408,-66.741,7.19809541431781));
#5635=CARTESIAN_POINT('Ctrl Pts',(-9.54119563328408,-209.741,7.19809541431781));
#5636=CARTESIAN_POINT('Ctrl Pts',(-8.0264247778305,-66.741,6.27291220544089));
#5637=CARTESIAN_POINT('Ctrl Pts',(-8.0264247778305,-209.741,6.27291220544089));
#5638=CARTESIAN_POINT('Ctrl Pts',(-6.73276332010922,-66.741,5.31274537591564));
#5639=CARTESIAN_POINT('Ctrl Pts',(-6.73276332010922,-209.741,5.31274537591564));
#5640=CARTESIAN_POINT('Ctrl Pts',(-5.66277352507489,-66.741,4.31788306682411));
#5641=CARTESIAN_POINT('Ctrl Pts',(-5.66277352507489,-209.741,4.31788306682411));
#5642=CARTESIAN_POINT('Ctrl Pts',(-4.81983697186665,-66.741,3.28806952090833));
#5643=CARTESIAN_POINT('Ctrl Pts',(-4.81983697186665,-209.741,3.28806952090833));
#5644=CARTESIAN_POINT('Ctrl Pts',(-4.20985766894965,-66.741,2.22194218141347));
#5645=CARTESIAN_POINT('Ctrl Pts',(-4.20985766894965,-209.741,2.22194218141347));
#5646=CARTESIAN_POINT('Ctrl Pts',(-3.84088490933865,-66.741,1.12499790198429));
#5647=CARTESIAN_POINT('Ctrl Pts',(-3.84088490933865,-209.741,1.12499790198429));
#5648=CARTESIAN_POINT('Ctrl Pts',(-3.71932932355691,-66.741,9.03524777420113E-15));
#5649=CARTESIAN_POINT('Ctrl Pts',(-3.71932932355691,-209.741,9.03524777420113E-15));
#5650=CARTESIAN_POINT('Ctrl Pts',(-3.84088490933867,-66.741,-1.1249979019843));
#5651=CARTESIAN_POINT('Ctrl Pts',(-3.84088490933867,-209.741,-1.1249979019843));
#5652=CARTESIAN_POINT('Ctrl Pts',(-4.2098576689496,-66.741,-2.22194218141346));
#5653=CARTESIAN_POINT('Ctrl Pts',(-4.2098576689496,-209.741,-2.22194218141346));
#5654=CARTESIAN_POINT('Ctrl Pts',(-4.81983697186664,-66.741,-3.28806952090832));
#5655=CARTESIAN_POINT('Ctrl Pts',(-4.81983697186664,-209.741,-3.28806952090832));
#5656=CARTESIAN_POINT('Ctrl Pts',(-5.66277352507481,-66.741,-4.3178830668241));
#5657=CARTESIAN_POINT('Ctrl Pts',(-5.66277352507481,-209.741,-4.3178830668241));
#5658=CARTESIAN_POINT('Ctrl Pts',(-6.73276332010932,-66.741,-5.31274537591565));
#5659=CARTESIAN_POINT('Ctrl Pts',(-6.73276332010932,-209.741,-5.31274537591565));
#5660=CARTESIAN_POINT('Ctrl Pts',(-8.02642477783035,-66.741,-6.2729122054409));
#5661=CARTESIAN_POINT('Ctrl Pts',(-8.02642477783035,-209.741,-6.2729122054409));
#5662=CARTESIAN_POINT('Ctrl Pts',(-9.54119563328407,-66.741,-7.19809541431784));
#5663=CARTESIAN_POINT('Ctrl Pts',(-9.54119563328407,-209.741,-7.19809541431784));
#5664=CARTESIAN_POINT('Ctrl Pts',(-11.2743704390964,-66.741,-8.0867856678485));
#5665=CARTESIAN_POINT('Ctrl Pts',(-11.2743704390964,-209.741,-8.0867856678485));
#5666=CARTESIAN_POINT('Ctrl Pts',(-13.222660022334,-66.741,-8.93679770693902));
#5667=CARTESIAN_POINT('Ctrl Pts',(-13.222660022334,-209.741,-8.93679770693902));
#5668=CARTESIAN_POINT('Ctrl Pts',(-15.3821830956327,-66.741,-9.74561380672707));
#5669=CARTESIAN_POINT('Ctrl Pts',(-15.3821830956327,-209.741,-9.74561380672707));
#5670=CARTESIAN_POINT('Ctrl Pts',(-17.7483647566594,-66.741,-10.5102972517248));
#5671=CARTESIAN_POINT('Ctrl Pts',(-17.7483647566594,-209.741,-10.5102972517248));
#5672=CARTESIAN_POINT('Ctrl Pts',(-20.3159741775577,-66.741,-11.2282438140226));
#5673=CARTESIAN_POINT('Ctrl Pts',(-20.3159741775577,-209.741,-11.2282438140226));
#5674=CARTESIAN_POINT('Ctrl Pts',(-23.0793483151282,-66.741,-11.8964754219637));
#5675=CARTESIAN_POINT('Ctrl Pts',(-23.0793483151282,-209.741,-11.8964754219637));
#5676=CARTESIAN_POINT('Ctrl Pts',(-26.0321260946135,-66.741,-12.5126777494896));
#5677=CARTESIAN_POINT('Ctrl Pts',(-26.0321260946135,-209.741,-12.5126777494896));
#5678=CARTESIAN_POINT('Ctrl Pts',(-29.1676058976776,-66.741,-13.0742405379132));
#5679=CARTESIAN_POINT('Ctrl Pts',(-29.1676058976776,-209.741,-13.0742405379132));
#5680=CARTESIAN_POINT('Ctrl Pts',(-32.4785146684527,-66.741,-13.5793582714083));
#5681=CARTESIAN_POINT('Ctrl Pts',(-32.4785146684527,-209.741,-13.5793582714083));
#5682=CARTESIAN_POINT('Ctrl Pts',(-35.9572219000349,-66.741,-14.0261634242659));
#5683=CARTESIAN_POINT('Ctrl Pts',(-35.9572219000349,-209.741,-14.0261634242659));
#5684=CARTESIAN_POINT('Ctrl Pts',(-39.5956151412533,-66.741,-14.4134461966523));
#5685=CARTESIAN_POINT('Ctrl Pts',(-39.5956151412533,-209.741,-14.4134461966523));
#5686=CARTESIAN_POINT('Ctrl Pts',(-43.3852462782754,-66.741,-14.7403053947343));
#5687=CARTESIAN_POINT('Ctrl Pts',(-43.3852462782754,-209.741,-14.7403053947343));
#5688=CARTESIAN_POINT('Ctrl Pts',(-47.3173103747153,-66.741,-15.0061678541715));
#5689=CARTESIAN_POINT('Ctrl Pts',(-47.3173103747153,-209.741,-15.0061678541715));
#5690=CARTESIAN_POINT('Ctrl Pts',(-51.3826355101091,-66.741,-15.2111194301605));
#5691=CARTESIAN_POINT('Ctrl Pts',(-51.3826355101091,-209.741,-15.2111194301605));
#5692=CARTESIAN_POINT('Ctrl Pts',(-55.5717240219786,-66.741,-15.3555314955831));
#5693=CARTESIAN_POINT('Ctrl Pts',(-55.5717240219786,-209.741,-15.3555314955831));
#5694=CARTESIAN_POINT('Ctrl Pts',(-59.8748212107309,-66.741,-15.4401811086771));
#5695=CARTESIAN_POINT('Ctrl Pts',(-59.8748212107309,-209.741,-15.4401811086771));
#5696=CARTESIAN_POINT('Ctrl Pts',(-64.2818911583194,-66.741,-15.4664109789264));
#5697=CARTESIAN_POINT('Ctrl Pts',(-64.2818911583194,-209.741,-15.4664109789264));
#5698=CARTESIAN_POINT('Ctrl Pts',(-68.7826578443968,-66.741,-15.4357856364722));
#5699=CARTESIAN_POINT('Ctrl Pts',(-68.7826578443968,-209.741,-15.4357856364722));
#5700=CARTESIAN_POINT('Ctrl Pts',(-73.366583552918,-66.741,-15.3502992349322));
#5701=CARTESIAN_POINT('Ctrl Pts',(-73.366583552918,-209.741,-15.3502992349322));
#5702=CARTESIAN_POINT('Ctrl Pts',(-78.0230105160191,-66.741,-15.2122449152598));
#5703=CARTESIAN_POINT('Ctrl Pts',(-78.0230105160191,-209.741,-15.2122449152598));
#5704=CARTESIAN_POINT('Ctrl Pts',(-82.7410570642512,-66.741,-15.0242642647628));
#5705=CARTESIAN_POINT('Ctrl Pts',(-82.7410570642512,-209.741,-15.0242642647628));
#5706=CARTESIAN_POINT('Ctrl Pts',(-87.5097129949004,-66.741,-14.7890708794964));
#5707=CARTESIAN_POINT('Ctrl Pts',(-87.5097129949004,-209.741,-14.7890708794964));
#5708=CARTESIAN_POINT('Ctrl Pts',(-92.3178531362769,-66.741,-14.509701374708));
#5709=CARTESIAN_POINT('Ctrl Pts',(-92.3178531362769,-209.741,-14.509701374708));
#5710=CARTESIAN_POINT('Ctrl Pts',(-97.1542405405341,-66.741,-14.1893232404222));
#5711=CARTESIAN_POINT('Ctrl Pts',(-97.1542405405341,-209.741,-14.1893232404222));
#5712=CARTESIAN_POINT('Ctrl Pts',(-102.007598650056,-66.741,-13.8311577996323));
#5713=CARTESIAN_POINT('Ctrl Pts',(-102.007598650056,-209.741,-13.8311577996323));
#5714=CARTESIAN_POINT('Ctrl Pts',(-106.866620430091,-66.741,-13.4385252573426));
#5715=CARTESIAN_POINT('Ctrl Pts',(-106.866620430091,-209.741,-13.4385252573426));
#5716=CARTESIAN_POINT('Ctrl Pts',(-111.719926929456,-66.741,-13.0147754432037));
#5717=CARTESIAN_POINT('Ctrl Pts',(-111.719926929456,-209.741,-13.0147754432037));
#5718=CARTESIAN_POINT('Ctrl Pts',(-115.692623566051,-66.741,-12.6438443115244));
#5719=CARTESIAN_POINT('Ctrl Pts',(-115.692623566051,-209.741,-12.6438443115244));
#5720=CARTESIAN_POINT('Ctrl Pts',(-118.4465092142,-66.741,-12.3749215462614));
#5721=CARTESIAN_POINT('Ctrl Pts',(-118.4465092142,-209.741,-12.3749215462614));
#5722=CARTESIAN_POINT('Ctrl Pts',(-119.989671296329,-66.741,-12.2206630656391));
#5723=CARTESIAN_POINT('Ctrl Pts',(-119.989671296329,-209.741,-12.2206630656391));
#5724=CARTESIAN_POINT('Ctrl Pts',(-120.329149390934,-66.741,-12.1865566684832));
#5725=CARTESIAN_POINT('Ctrl Pts',(-120.329149390934,-209.741,-12.1865566684832));
#5726=CARTESIAN_POINT('',(-4.60962335906291,-130.881108544187,2.88078823872284));
#5727=CARTESIAN_POINT('',(-58.5526199161715,-99.7371049601211,15.4080022424611));
#5728=CARTESIAN_POINT('Ctrl Pts',(-4.60962335906291,-130.881108544187,2.88078823872284));
#5729=CARTESIAN_POINT('Ctrl Pts',(-4.73764853207745,-130.807193176068,3.09394314425226));
#5730=CARTESIAN_POINT('Ctrl Pts',(-4.87625000796016,-130.727171576703,3.29885181752112));
#5731=CARTESIAN_POINT('Ctrl Pts',(-5.36855120177774,-130.442941349881,3.96060217729606));
#5732=CARTESIAN_POINT('Ctrl Pts',(-5.76353732463322,-130.214896005432,4.38728308101964));
#5733=CARTESIAN_POINT('Ctrl Pts',(-7.76417755928305,-129.059825827267,6.26610092166503));
#5734=CARTESIAN_POINT('Ctrl Pts',(-9.89797401406616,-127.827877869615,7.4392460013971));
#5735=CARTESIAN_POINT('Ctrl Pts',(-19.0669890865504,-122.534144549006,11.5940702708667));
#5736=CARTESIAN_POINT('Ctrl Pts',(-33.1515025036466,-114.402446935992,14.9751047461915));
#5737=CARTESIAN_POINT('Ctrl Pts',(-58.5526199161715,-99.7371049601211,15.4080022424611));
#5738=CARTESIAN_POINT('',(-58.5526199161715,-162.025112128252,15.4080022424611));
#5739=CARTESIAN_POINT('Ctrl Pts',(-58.5526199161714,-162.025112128252,15.4080022424611));
#5740=CARTESIAN_POINT('Ctrl Pts',(-32.5554170145388,-147.015620034785,14.9649459838187));
#5741=CARTESIAN_POINT('Ctrl Pts',(-20.0469583295532,-139.7938580456,11.4316264134642));
#5742=CARTESIAN_POINT('Ctrl Pts',(-12.3965065003527,-135.376867622383,8.63655834401394));
#5743=CARTESIAN_POINT('Ctrl Pts',(-9.87395391596638,-133.92047120866,7.52135759230734));
#5744=CARTESIAN_POINT('Ctrl Pts',(-6.9122208935989,-132.210513850777,5.46181675852237));
#5745=CARTESIAN_POINT('Ctrl Pts',(-5.99246925014288,-131.679494991783,4.69539250522927));
#5746=CARTESIAN_POINT('Ctrl Pts',(-5.02581401386315,-131.121396330816,3.51334294181486));
#5747=CARTESIAN_POINT('Ctrl Pts',(-4.80525177554547,-130.994054663128,3.20649884431971));
#5748=CARTESIAN_POINT('Ctrl Pts',(-4.60962335906291,-130.881108544187,2.88078823872284));
#5749=CARTESIAN_POINT('Ctrl Pts',(-58.5526199161715,-99.7371049601211,15.4080022424611));
#5750=CARTESIAN_POINT('Ctrl Pts',(-58.5526199161715,-120.499774016165,15.4080022424611));
#5751=CARTESIAN_POINT('Ctrl Pts',(-58.5526199161715,-141.262443072208,15.4080022424611));
#5752=CARTESIAN_POINT('Ctrl Pts',(-58.5526199161715,-162.025112128252,15.4080022424611));
#5753=CARTESIAN_POINT('Origin',(-102.240487211569,-187.825664339624,-1.30655962298304E-8));
#5754=CARTESIAN_POINT('',(-58.5526199181396,-99.7371049601211,-1.86461864971465E-8));
#5755=CARTESIAN_POINT('',(-58.5526199181396,-162.025112128252,-1.86461864971465E-8));
#5756=CARTESIAN_POINT('',(-58.5526199181396,118.193725824867,-1.86461864971465E-8));
#5757=CARTESIAN_POINT('',(-4.60962335943091,-130.881108544187,-2.55367439959482E-8));
#5758=CARTESIAN_POINT('',(-306.828329596556,-305.367159944331,1.30679962926996E-8));
#5759=CARTESIAN_POINT('',(102.347355173418,-192.632748891836,-3.91991887523604E-8));
#5760=CARTESIAN_POINT('Origin',(-3.66048772498946,-131.429092258229,-2.56579844549606E-8));
#5761=CARTESIAN_POINT('',(-58.5526199181396,-99.7371049601211,-1.86461840226741E-8));
#5762=CARTESIAN_POINT('',(-4.60962335943089,-130.881108544187,-2.55367489440375E-8));
#5763=CARTESIAN_POINT('Origin',(-115.324046700707,-194.802110663447,-1.13943316598175E-8));
#5764=CARTESIAN_POINT('',(-58.5526199181396,-162.025112128252,-1.86461890563352E-8));
#5765=CARTESIAN_POINT('Origin',(-58.5526199181396,-163.121079556337,-1.86461864971465E-8));
#5766=CARTESIAN_POINT('Origin',(-114.946551585259,-195.676706086085,-1.14425520399308E-8));
#5767=CARTESIAN_POINT('',(-115.877212655985,-195.139388666822,-6.03901171022797));
#5768=CARTESIAN_POINT('',(-120.329149390936,-192.569061794937,-12.1865566684773));
#5769=CARTESIAN_POINT('Origin',(-130.686749441912,-186.589098616448,4.19109191795997E-14));
#5770=CARTESIAN_POINT('',(-115.877212656826,-195.139388666822,-12.622579287244));
#5771=CARTESIAN_POINT('Ctrl Pts',(-120.329149390934,-192.569061794938,-12.1865566684832));
#5772=CARTESIAN_POINT('Ctrl Pts',(-118.845732420065,-193.4255129824,-12.3355913460083));
#5773=CARTESIAN_POINT('Ctrl Pts',(-117.361111082855,-194.2826592558,-12.4810659962647));
#5774=CARTESIAN_POINT('Ctrl Pts',(-115.877212656826,-195.139388666822,-12.622579287244));
#5775=CARTESIAN_POINT('',(-115.877212655214,-195.139388666822,-1.13236879925486E-8));
#5776=CARTESIAN_POINT('Origin',(-4.02544878037478,-130.561742684349,-2.56113651475919E-8));
#5777=CARTESIAN_POINT('',(-120.329149390936,-197.709715538707,-12.1865566684773));
#5778=CARTESIAN_POINT('Origin',(-130.686749441912,-203.689678717196,4.19109191795997E-14));
#5779=CARTESIAN_POINT('Ctrl Pts',(-115.877212656825,-195.139388666822,-12.6225792872441));
#5780=CARTESIAN_POINT('Ctrl Pts',(-117.361111082855,-195.996118077845,-12.4810659962646));
#5781=CARTESIAN_POINT('Ctrl Pts',(-118.845732420067,-196.853264351245,-12.3355913460081));
#5782=CARTESIAN_POINT('Ctrl Pts',(-120.329149390934,-197.709715538706,-12.1865566684832));
#5783=CARTESIAN_POINT('Origin',(-130.686749441912,-66.741,4.19109191795997E-14));
#5784=CARTESIAN_POINT('',(-120.329149390936,-66.741,-12.1865566684773));
#5785=CARTESIAN_POINT('Ctrl Pts',(-120.329149390931,-66.741,12.1865566684833));
#5786=CARTESIAN_POINT('Ctrl Pts',(-120.329149390931,-209.741,12.1865566684833));
#5787=CARTESIAN_POINT('Ctrl Pts',(-119.989671296327,-66.741,12.2206630656391));
#5788=CARTESIAN_POINT('Ctrl Pts',(-119.989671296327,-209.741,12.2206630656391));
#5789=CARTESIAN_POINT('Ctrl Pts',(-118.446509214199,-66.741,12.3749215462612));
#5790=CARTESIAN_POINT('Ctrl Pts',(-118.446509214199,-209.741,12.3749215462612));
#5791=CARTESIAN_POINT('Ctrl Pts',(-115.69262356605,-66.741,12.6438443115248));
#5792=CARTESIAN_POINT('Ctrl Pts',(-115.69262356605,-209.741,12.6438443115248));
#5793=CARTESIAN_POINT('Ctrl Pts',(-111.719926929456,-66.741,13.0147754432036));
#5794=CARTESIAN_POINT('Ctrl Pts',(-111.719926929456,-209.741,13.0147754432036));
#5795=CARTESIAN_POINT('Ctrl Pts',(-106.866620430091,-66.741,13.4385252573424));
#5796=CARTESIAN_POINT('Ctrl Pts',(-106.866620430091,-209.741,13.4385252573424));
#5797=CARTESIAN_POINT('Ctrl Pts',(-102.007598650055,-66.741,13.8311577996323));
#5798=CARTESIAN_POINT('Ctrl Pts',(-102.007598650055,-209.741,13.8311577996323));
#5799=CARTESIAN_POINT('Ctrl Pts',(-97.1542405405345,-66.741,14.1893232404221));
#5800=CARTESIAN_POINT('Ctrl Pts',(-97.1542405405345,-209.741,14.1893232404221));
#5801=CARTESIAN_POINT('Ctrl Pts',(-92.3178531362766,-66.741,14.509701374708));
#5802=CARTESIAN_POINT('Ctrl Pts',(-92.3178531362766,-209.741,14.509701374708));
#5803=CARTESIAN_POINT('Ctrl Pts',(-87.5097129949004,-66.741,14.7890708794963));
#5804=CARTESIAN_POINT('Ctrl Pts',(-87.5097129949004,-209.741,14.7890708794963));
#5805=CARTESIAN_POINT('Ctrl Pts',(-82.7410570642514,-66.741,15.0242642647628));
#5806=CARTESIAN_POINT('Ctrl Pts',(-82.7410570642514,-209.741,15.0242642647628));
#5807=CARTESIAN_POINT('Ctrl Pts',(-78.0230105160191,-66.741,15.2122449152599));
#5808=CARTESIAN_POINT('Ctrl Pts',(-78.0230105160191,-209.741,15.2122449152599));
#5809=CARTESIAN_POINT('Ctrl Pts',(-73.366583552918,-66.741,15.3502992349318));
#5810=CARTESIAN_POINT('Ctrl Pts',(-73.366583552918,-209.741,15.3502992349318));
#5811=CARTESIAN_POINT('Ctrl Pts',(-68.7826578443967,-66.741,15.4357856364724));
#5812=CARTESIAN_POINT('Ctrl Pts',(-68.7826578443967,-209.741,15.4357856364724));
#5813=CARTESIAN_POINT('Ctrl Pts',(-64.2818911583195,-66.741,15.4664109789263));
#5814=CARTESIAN_POINT('Ctrl Pts',(-64.2818911583195,-209.741,15.4664109789263));
#5815=CARTESIAN_POINT('Ctrl Pts',(-59.8748212107308,-66.741,15.4401811086771));
#5816=CARTESIAN_POINT('Ctrl Pts',(-59.8748212107308,-209.741,15.4401811086771));
#5817=CARTESIAN_POINT('Ctrl Pts',(-55.5717240219785,-66.741,15.3555314955831));
#5818=CARTESIAN_POINT('Ctrl Pts',(-55.5717240219785,-209.741,15.3555314955831));
#5819=CARTESIAN_POINT('Ctrl Pts',(-51.3826355101091,-66.741,15.2111194301604));
#5820=CARTESIAN_POINT('Ctrl Pts',(-51.3826355101091,-209.741,15.2111194301604));
#5821=CARTESIAN_POINT('Ctrl Pts',(-47.3173103747153,-66.741,15.0061678541715));
#5822=CARTESIAN_POINT('Ctrl Pts',(-47.3173103747153,-209.741,15.0061678541715));
#5823=CARTESIAN_POINT('Ctrl Pts',(-43.3852462782757,-66.741,14.7403053947343));
#5824=CARTESIAN_POINT('Ctrl Pts',(-43.3852462782757,-209.741,14.7403053947343));
#5825=CARTESIAN_POINT('Ctrl Pts',(-39.595615141253,-66.741,14.4134461966524));
#5826=CARTESIAN_POINT('Ctrl Pts',(-39.595615141253,-209.741,14.4134461966524));
#5827=CARTESIAN_POINT('Ctrl Pts',(-35.957221900035,-66.741,14.0261634242659));
#5828=CARTESIAN_POINT('Ctrl Pts',(-35.957221900035,-209.741,14.0261634242659));
#5829=CARTESIAN_POINT('Ctrl Pts',(-32.4785146684526,-66.741,13.5793582714083));
#5830=CARTESIAN_POINT('Ctrl Pts',(-32.4785146684526,-209.741,13.5793582714083));
#5831=CARTESIAN_POINT('Ctrl Pts',(-29.1676058976776,-66.741,13.0742405379132));
#5832=CARTESIAN_POINT('Ctrl Pts',(-29.1676058976776,-209.741,13.0742405379132));
#5833=CARTESIAN_POINT('Ctrl Pts',(-26.0321260946135,-66.741,12.5126777494896));
#5834=CARTESIAN_POINT('Ctrl Pts',(-26.0321260946135,-209.741,12.5126777494896));
#5835=CARTESIAN_POINT('Ctrl Pts',(-23.079348315128,-66.741,11.8964754219637));
#5836=CARTESIAN_POINT('Ctrl Pts',(-23.079348315128,-209.741,11.8964754219637));
#5837=CARTESIAN_POINT('Ctrl Pts',(-20.3159741775578,-66.741,11.2282438140226));
#5838=CARTESIAN_POINT('Ctrl Pts',(-20.3159741775578,-209.741,11.2282438140226));
#5839=CARTESIAN_POINT('Ctrl Pts',(-17.7483647566593,-66.741,10.5102972517248));
#5840=CARTESIAN_POINT('Ctrl Pts',(-17.7483647566593,-209.741,10.5102972517248));
#5841=CARTESIAN_POINT('Ctrl Pts',(-15.3821830956332,-66.741,9.74561380672708));
#5842=CARTESIAN_POINT('Ctrl Pts',(-15.3821830956332,-209.741,9.74561380672708));
#5843=CARTESIAN_POINT('Ctrl Pts',(-13.2226600223335,-66.741,8.93679770693902));
#5844=CARTESIAN_POINT('Ctrl Pts',(-13.2226600223335,-209.741,8.93679770693902));
#5845=CARTESIAN_POINT('Ctrl Pts',(-11.2743704390967,-66.741,8.0867856678485));
#5846=CARTESIAN_POINT('Ctrl Pts',(-11.2743704390967,-209.741,8.0867856678485));
#5847=CARTESIAN_POINT('Ctrl Pts',(-9.54119563328408,-66.741,7.19809541431781));
#5848=CARTESIAN_POINT('Ctrl Pts',(-9.54119563328408,-209.741,7.19809541431781));
#5849=CARTESIAN_POINT('Ctrl Pts',(-8.0264247778305,-66.741,6.27291220544089));
#5850=CARTESIAN_POINT('Ctrl Pts',(-8.0264247778305,-209.741,6.27291220544089));
#5851=CARTESIAN_POINT('Ctrl Pts',(-6.73276332010922,-66.741,5.31274537591564));
#5852=CARTESIAN_POINT('Ctrl Pts',(-6.73276332010922,-209.741,5.31274537591564));
#5853=CARTESIAN_POINT('Ctrl Pts',(-5.66277352507489,-66.741,4.31788306682411));
#5854=CARTESIAN_POINT('Ctrl Pts',(-5.66277352507489,-209.741,4.31788306682411));
#5855=CARTESIAN_POINT('Ctrl Pts',(-4.81983697186665,-66.741,3.28806952090833));
#5856=CARTESIAN_POINT('Ctrl Pts',(-4.81983697186665,-209.741,3.28806952090833));
#5857=CARTESIAN_POINT('Ctrl Pts',(-4.20985766894965,-66.741,2.22194218141347));
#5858=CARTESIAN_POINT('Ctrl Pts',(-4.20985766894965,-209.741,2.22194218141347));
#5859=CARTESIAN_POINT('Ctrl Pts',(-3.84088490933865,-66.741,1.12499790198429));
#5860=CARTESIAN_POINT('Ctrl Pts',(-3.84088490933865,-209.741,1.12499790198429));
#5861=CARTESIAN_POINT('Ctrl Pts',(-3.71932932355691,-66.741,9.03524777420113E-15));
#5862=CARTESIAN_POINT('Ctrl Pts',(-3.71932932355691,-209.741,9.03524777420113E-15));
#5863=CARTESIAN_POINT('Ctrl Pts',(-3.84088490933867,-66.741,-1.1249979019843));
#5864=CARTESIAN_POINT('Ctrl Pts',(-3.84088490933867,-209.741,-1.1249979019843));
#5865=CARTESIAN_POINT('Ctrl Pts',(-4.2098576689496,-66.741,-2.22194218141346));
#5866=CARTESIAN_POINT('Ctrl Pts',(-4.2098576689496,-209.741,-2.22194218141346));
#5867=CARTESIAN_POINT('Ctrl Pts',(-4.81983697186664,-66.741,-3.28806952090832));
#5868=CARTESIAN_POINT('Ctrl Pts',(-4.81983697186664,-209.741,-3.28806952090832));
#5869=CARTESIAN_POINT('Ctrl Pts',(-5.66277352507481,-66.741,-4.3178830668241));
#5870=CARTESIAN_POINT('Ctrl Pts',(-5.66277352507481,-209.741,-4.3178830668241));
#5871=CARTESIAN_POINT('Ctrl Pts',(-6.73276332010932,-66.741,-5.31274537591565));
#5872=CARTESIAN_POINT('Ctrl Pts',(-6.73276332010932,-209.741,-5.31274537591565));
#5873=CARTESIAN_POINT('Ctrl Pts',(-8.02642477783035,-66.741,-6.2729122054409));
#5874=CARTESIAN_POINT('Ctrl Pts',(-8.02642477783035,-209.741,-6.2729122054409));
#5875=CARTESIAN_POINT('Ctrl Pts',(-9.54119563328407,-66.741,-7.19809541431784));
#5876=CARTESIAN_POINT('Ctrl Pts',(-9.54119563328407,-209.741,-7.19809541431784));
#5877=CARTESIAN_POINT('Ctrl Pts',(-11.2743704390964,-66.741,-8.0867856678485));
#5878=CARTESIAN_POINT('Ctrl Pts',(-11.2743704390964,-209.741,-8.0867856678485));
#5879=CARTESIAN_POINT('Ctrl Pts',(-13.222660022334,-66.741,-8.93679770693902));
#5880=CARTESIAN_POINT('Ctrl Pts',(-13.222660022334,-209.741,-8.93679770693902));
#5881=CARTESIAN_POINT('Ctrl Pts',(-15.3821830956327,-66.741,-9.74561380672707));
#5882=CARTESIAN_POINT('Ctrl Pts',(-15.3821830956327,-209.741,-9.74561380672707));
#5883=CARTESIAN_POINT('Ctrl Pts',(-17.7483647566594,-66.741,-10.5102972517248));
#5884=CARTESIAN_POINT('Ctrl Pts',(-17.7483647566594,-209.741,-10.5102972517248));
#5885=CARTESIAN_POINT('Ctrl Pts',(-20.3159741775577,-66.741,-11.2282438140226));
#5886=CARTESIAN_POINT('Ctrl Pts',(-20.3159741775577,-209.741,-11.2282438140226));
#5887=CARTESIAN_POINT('Ctrl Pts',(-23.0793483151282,-66.741,-11.8964754219637));
#5888=CARTESIAN_POINT('Ctrl Pts',(-23.0793483151282,-209.741,-11.8964754219637));
#5889=CARTESIAN_POINT('Ctrl Pts',(-26.0321260946135,-66.741,-12.5126777494896));
#5890=CARTESIAN_POINT('Ctrl Pts',(-26.0321260946135,-209.741,-12.5126777494896));
#5891=CARTESIAN_POINT('Ctrl Pts',(-29.1676058976776,-66.741,-13.0742405379132));
#5892=CARTESIAN_POINT('Ctrl Pts',(-29.1676058976776,-209.741,-13.0742405379132));
#5893=CARTESIAN_POINT('Ctrl Pts',(-32.4785146684527,-66.741,-13.5793582714083));
#5894=CARTESIAN_POINT('Ctrl Pts',(-32.4785146684527,-209.741,-13.5793582714083));
#5895=CARTESIAN_POINT('Ctrl Pts',(-35.9572219000349,-66.741,-14.0261634242659));
#5896=CARTESIAN_POINT('Ctrl Pts',(-35.9572219000349,-209.741,-14.0261634242659));
#5897=CARTESIAN_POINT('Ctrl Pts',(-39.5956151412533,-66.741,-14.4134461966523));
#5898=CARTESIAN_POINT('Ctrl Pts',(-39.5956151412533,-209.741,-14.4134461966523));
#5899=CARTESIAN_POINT('Ctrl Pts',(-43.3852462782754,-66.741,-14.7403053947343));
#5900=CARTESIAN_POINT('Ctrl Pts',(-43.3852462782754,-209.741,-14.7403053947343));
#5901=CARTESIAN_POINT('Ctrl Pts',(-47.3173103747153,-66.741,-15.0061678541715));
#5902=CARTESIAN_POINT('Ctrl Pts',(-47.3173103747153,-209.741,-15.0061678541715));
#5903=CARTESIAN_POINT('Ctrl Pts',(-51.3826355101091,-66.741,-15.2111194301605));
#5904=CARTESIAN_POINT('Ctrl Pts',(-51.3826355101091,-209.741,-15.2111194301605));
#5905=CARTESIAN_POINT('Ctrl Pts',(-55.5717240219786,-66.741,-15.3555314955831));
#5906=CARTESIAN_POINT('Ctrl Pts',(-55.5717240219786,-209.741,-15.3555314955831));
#5907=CARTESIAN_POINT('Ctrl Pts',(-59.8748212107309,-66.741,-15.4401811086771));
#5908=CARTESIAN_POINT('Ctrl Pts',(-59.8748212107309,-209.741,-15.4401811086771));
#5909=CARTESIAN_POINT('Ctrl Pts',(-64.2818911583194,-66.741,-15.4664109789264));
#5910=CARTESIAN_POINT('Ctrl Pts',(-64.2818911583194,-209.741,-15.4664109789264));
#5911=CARTESIAN_POINT('Ctrl Pts',(-68.7826578443968,-66.741,-15.4357856364722));
#5912=CARTESIAN_POINT('Ctrl Pts',(-68.7826578443968,-209.741,-15.4357856364722));
#5913=CARTESIAN_POINT('Ctrl Pts',(-73.366583552918,-66.741,-15.3502992349322));
#5914=CARTESIAN_POINT('Ctrl Pts',(-73.366583552918,-209.741,-15.3502992349322));
#5915=CARTESIAN_POINT('Ctrl Pts',(-78.0230105160191,-66.741,-15.2122449152598));
#5916=CARTESIAN_POINT('Ctrl Pts',(-78.0230105160191,-209.741,-15.2122449152598));
#5917=CARTESIAN_POINT('Ctrl Pts',(-82.7410570642512,-66.741,-15.0242642647628));
#5918=CARTESIAN_POINT('Ctrl Pts',(-82.7410570642512,-209.741,-15.0242642647628));
#5919=CARTESIAN_POINT('Ctrl Pts',(-87.5097129949004,-66.741,-14.7890708794964));
#5920=CARTESIAN_POINT('Ctrl Pts',(-87.5097129949004,-209.741,-14.7890708794964));
#5921=CARTESIAN_POINT('Ctrl Pts',(-92.3178531362769,-66.741,-14.509701374708));
#5922=CARTESIAN_POINT('Ctrl Pts',(-92.3178531362769,-209.741,-14.509701374708));
#5923=CARTESIAN_POINT('Ctrl Pts',(-97.1542405405341,-66.741,-14.1893232404222));
#5924=CARTESIAN_POINT('Ctrl Pts',(-97.1542405405341,-209.741,-14.1893232404222));
#5925=CARTESIAN_POINT('Ctrl Pts',(-102.007598650056,-66.741,-13.8311577996323));
#5926=CARTESIAN_POINT('Ctrl Pts',(-102.007598650056,-209.741,-13.8311577996323));
#5927=CARTESIAN_POINT('Ctrl Pts',(-106.866620430091,-66.741,-13.4385252573426));
#5928=CARTESIAN_POINT('Ctrl Pts',(-106.866620430091,-209.741,-13.4385252573426));
#5929=CARTESIAN_POINT('Ctrl Pts',(-111.719926929456,-66.741,-13.0147754432037));
#5930=CARTESIAN_POINT('Ctrl Pts',(-111.719926929456,-209.741,-13.0147754432037));
#5931=CARTESIAN_POINT('Ctrl Pts',(-115.692623566051,-66.741,-12.6438443115244));
#5932=CARTESIAN_POINT('Ctrl Pts',(-115.692623566051,-209.741,-12.6438443115244));
#5933=CARTESIAN_POINT('Ctrl Pts',(-118.4465092142,-66.741,-12.3749215462614));
#5934=CARTESIAN_POINT('Ctrl Pts',(-118.4465092142,-209.741,-12.3749215462614));
#5935=CARTESIAN_POINT('Ctrl Pts',(-119.989671296329,-66.741,-12.2206630656391));
#5936=CARTESIAN_POINT('Ctrl Pts',(-119.989671296329,-209.741,-12.2206630656391));
#5937=CARTESIAN_POINT('Ctrl Pts',(-120.329149390934,-66.741,-12.1865566684832));
#5938=CARTESIAN_POINT('Ctrl Pts',(-120.329149390934,-209.741,-12.1865566684832));
#5939=CARTESIAN_POINT('Origin',(-114.44475211129,-130.563066854444,-1.15066507802463E-8));
#5940=CARTESIAN_POINT('',(-58.2517555506137,-163.006108544187,15.4027274619417));
#5941=CARTESIAN_POINT('',(-3.7696,-194.4613957185,-2.56440466974619E-8));
#5942=CARTESIAN_POINT('Ctrl Pts',(-58.2517555506137,-163.006108544187,15.4027274619417));
#5943=CARTESIAN_POINT('Ctrl Pts',(-49.675442323933,-167.957645294277,15.2481577890795));
#5944=CARTESIAN_POINT('Ctrl Pts',(-35.2206645781568,-176.303115116922,14.6395601590018));
#5945=CARTESIAN_POINT('Ctrl Pts',(-19.5674324922123,-185.340512875692,11.0778997343294));
#5946=CARTESIAN_POINT('Ctrl Pts',(-14.6049687989251,-188.205592624952,9.76103328182058));
#5947=CARTESIAN_POINT('Ctrl Pts',(-9.08882796231312,-191.390338022065,6.96082012154369));
#5948=CARTESIAN_POINT('Ctrl Pts',(-7.55969906778276,-192.273181001016,6.03377362431077));
#5949=CARTESIAN_POINT('Ctrl Pts',(-5.69359451349541,-193.350576967895,4.3386119313943));
#5950=CARTESIAN_POINT('Ctrl Pts',(-5.09174002067007,-193.698057821208,3.67303523493234));
#5951=CARTESIAN_POINT('Ctrl Pts',(-4.31897783295307,-194.144212278399,2.40355894266056));
#5952=CARTESIAN_POINT('Ctrl Pts',(-4.06862508269873,-194.288753506374,1.84429700029075));
#5953=CARTESIAN_POINT('Ctrl Pts',(-3.80598450812316,-194.440389112884,0.775159372886022));
#5954=CARTESIAN_POINT('Ctrl Pts',(-3.76959999823451,-194.461395719493,0.356064292862187));
#5955=CARTESIAN_POINT('Ctrl Pts',(-3.76960000000004,-194.4613957185,-2.56440573030009E-8));
#5956=CARTESIAN_POINT('',(-58.2517555525812,-163.006108544187,-1.86846182369918E-8));
#5957=CARTESIAN_POINT('',(-306.828329596556,-19.4903566056628,1.30679962926996E-8));
#5958=CARTESIAN_POINT('',(-58.2517555525812,-163.006108544187,-1.86846183037546E-8));
#5959=CARTESIAN_POINT('Origin',(-3.53978231440689,-131.418136067231,-2.5673403093618E-8));
#5960=CARTESIAN_POINT('',(-3.76960000000004,-131.550821369873,-2.56440466974619E-8));
#5961=CARTESIAN_POINT('Ctrl Pts',(-3.76960000000004,-131.550821369873,-2.56440573030009E-8));
#5962=CARTESIAN_POINT('Ctrl Pts',(-3.76959999919097,-131.550821369418,0.163169310140184));
#5963=CARTESIAN_POINT('Ctrl Pts',(-3.77732192916899,-131.555279627781,0.326343711978306));
#5964=CARTESIAN_POINT('Ctrl Pts',(-3.82404365473423,-131.58225442865,0.818391768661387));
#5965=CARTESIAN_POINT('Ctrl Pts',(-3.88642009281444,-131.61826748199,1.14016661837321));
#5966=CARTESIAN_POINT('Ctrl Pts',(-4.20314818905451,-131.801130533695,2.23181818313498));
#5967=CARTESIAN_POINT('Ctrl Pts',(-4.59508297709063,-132.027414189124,2.93093319720897));
#5968=CARTESIAN_POINT('Ctrl Pts',(-5.91921923689162,-132.791904615293,4.68113728230681));
#5969=CARTESIAN_POINT('Ctrl Pts',(-7.09387015041319,-133.470089636488,5.62330717440422));
#5970=CARTESIAN_POINT('Ctrl Pts',(-11.3092180547449,-135.903821883986,8.39459827501258));
#5971=CARTESIAN_POINT('Ctrl Pts',(-15.3394457885445,-138.230674951093,9.78593169592805));
#5972=CARTESIAN_POINT('Ctrl Pts',(-31.5404566798667,-147.584332950691,14.5222489089523));
#5973=CARTESIAN_POINT('Ctrl Pts',(-49.2637765824241,-157.81689646742,15.2407383960009));
#5974=CARTESIAN_POINT('Ctrl Pts',(-58.2517555506137,-163.006108544187,15.4027274619417));
#5975=CARTESIAN_POINT('',(102.347355173418,-70.2841687349166,-3.91991887523604E-8));
#5976=CARTESIAN_POINT('Ctrl Pts',(-120.329149390931,-66.741,12.1865566684833));
#5977=CARTESIAN_POINT('Ctrl Pts',(-120.329149390931,-209.741,12.1865566684833));
#5978=CARTESIAN_POINT('Ctrl Pts',(-119.989671296327,-66.741,12.2206630656391));
#5979=CARTESIAN_POINT('Ctrl Pts',(-119.989671296327,-209.741,12.2206630656391));
#5980=CARTESIAN_POINT('Ctrl Pts',(-118.446509214199,-66.741,12.3749215462612));
#5981=CARTESIAN_POINT('Ctrl Pts',(-118.446509214199,-209.741,12.3749215462612));
#5982=CARTESIAN_POINT('Ctrl Pts',(-115.69262356605,-66.741,12.6438443115248));
#5983=CARTESIAN_POINT('Ctrl Pts',(-115.69262356605,-209.741,12.6438443115248));
#5984=CARTESIAN_POINT('Ctrl Pts',(-111.719926929456,-66.741,13.0147754432036));
#5985=CARTESIAN_POINT('Ctrl Pts',(-111.719926929456,-209.741,13.0147754432036));
#5986=CARTESIAN_POINT('Ctrl Pts',(-106.866620430091,-66.741,13.4385252573424));
#5987=CARTESIAN_POINT('Ctrl Pts',(-106.866620430091,-209.741,13.4385252573424));
#5988=CARTESIAN_POINT('Ctrl Pts',(-102.007598650055,-66.741,13.8311577996323));
#5989=CARTESIAN_POINT('Ctrl Pts',(-102.007598650055,-209.741,13.8311577996323));
#5990=CARTESIAN_POINT('Ctrl Pts',(-97.1542405405345,-66.741,14.1893232404221));
#5991=CARTESIAN_POINT('Ctrl Pts',(-97.1542405405345,-209.741,14.1893232404221));
#5992=CARTESIAN_POINT('Ctrl Pts',(-92.3178531362766,-66.741,14.509701374708));
#5993=CARTESIAN_POINT('Ctrl Pts',(-92.3178531362766,-209.741,14.509701374708));
#5994=CARTESIAN_POINT('Ctrl Pts',(-87.5097129949004,-66.741,14.7890708794963));
#5995=CARTESIAN_POINT('Ctrl Pts',(-87.5097129949004,-209.741,14.7890708794963));
#5996=CARTESIAN_POINT('Ctrl Pts',(-82.7410570642514,-66.741,15.0242642647628));
#5997=CARTESIAN_POINT('Ctrl Pts',(-82.7410570642514,-209.741,15.0242642647628));
#5998=CARTESIAN_POINT('Ctrl Pts',(-78.0230105160191,-66.741,15.2122449152599));
#5999=CARTESIAN_POINT('Ctrl Pts',(-78.0230105160191,-209.741,15.2122449152599));
#6000=CARTESIAN_POINT('Ctrl Pts',(-73.366583552918,-66.741,15.3502992349318));
#6001=CARTESIAN_POINT('Ctrl Pts',(-73.366583552918,-209.741,15.3502992349318));
#6002=CARTESIAN_POINT('Ctrl Pts',(-68.7826578443967,-66.741,15.4357856364724));
#6003=CARTESIAN_POINT('Ctrl Pts',(-68.7826578443967,-209.741,15.4357856364724));
#6004=CARTESIAN_POINT('Ctrl Pts',(-64.2818911583195,-66.741,15.4664109789263));
#6005=CARTESIAN_POINT('Ctrl Pts',(-64.2818911583195,-209.741,15.4664109789263));
#6006=CARTESIAN_POINT('Ctrl Pts',(-59.8748212107308,-66.741,15.4401811086771));
#6007=CARTESIAN_POINT('Ctrl Pts',(-59.8748212107308,-209.741,15.4401811086771));
#6008=CARTESIAN_POINT('Ctrl Pts',(-55.5717240219785,-66.741,15.3555314955831));
#6009=CARTESIAN_POINT('Ctrl Pts',(-55.5717240219785,-209.741,15.3555314955831));
#6010=CARTESIAN_POINT('Ctrl Pts',(-51.3826355101091,-66.741,15.2111194301604));
#6011=CARTESIAN_POINT('Ctrl Pts',(-51.3826355101091,-209.741,15.2111194301604));
#6012=CARTESIAN_POINT('Ctrl Pts',(-47.3173103747153,-66.741,15.0061678541715));
#6013=CARTESIAN_POINT('Ctrl Pts',(-47.3173103747153,-209.741,15.0061678541715));
#6014=CARTESIAN_POINT('Ctrl Pts',(-43.3852462782757,-66.741,14.7403053947343));
#6015=CARTESIAN_POINT('Ctrl Pts',(-43.3852462782757,-209.741,14.7403053947343));
#6016=CARTESIAN_POINT('Ctrl Pts',(-39.595615141253,-66.741,14.4134461966524));
#6017=CARTESIAN_POINT('Ctrl Pts',(-39.595615141253,-209.741,14.4134461966524));
#6018=CARTESIAN_POINT('Ctrl Pts',(-35.957221900035,-66.741,14.0261634242659));
#6019=CARTESIAN_POINT('Ctrl Pts',(-35.957221900035,-209.741,14.0261634242659));
#6020=CARTESIAN_POINT('Ctrl Pts',(-32.4785146684526,-66.741,13.5793582714083));
#6021=CARTESIAN_POINT('Ctrl Pts',(-32.4785146684526,-209.741,13.5793582714083));
#6022=CARTESIAN_POINT('Ctrl Pts',(-29.1676058976776,-66.741,13.0742405379132));
#6023=CARTESIAN_POINT('Ctrl Pts',(-29.1676058976776,-209.741,13.0742405379132));
#6024=CARTESIAN_POINT('Ctrl Pts',(-26.0321260946135,-66.741,12.5126777494896));
#6025=CARTESIAN_POINT('Ctrl Pts',(-26.0321260946135,-209.741,12.5126777494896));
#6026=CARTESIAN_POINT('Ctrl Pts',(-23.079348315128,-66.741,11.8964754219637));
#6027=CARTESIAN_POINT('Ctrl Pts',(-23.079348315128,-209.741,11.8964754219637));
#6028=CARTESIAN_POINT('Ctrl Pts',(-20.3159741775578,-66.741,11.2282438140226));
#6029=CARTESIAN_POINT('Ctrl Pts',(-20.3159741775578,-209.741,11.2282438140226));
#6030=CARTESIAN_POINT('Ctrl Pts',(-17.7483647566593,-66.741,10.5102972517248));
#6031=CARTESIAN_POINT('Ctrl Pts',(-17.7483647566593,-209.741,10.5102972517248));
#6032=CARTESIAN_POINT('Ctrl Pts',(-15.3821830956332,-66.741,9.74561380672708));
#6033=CARTESIAN_POINT('Ctrl Pts',(-15.3821830956332,-209.741,9.74561380672708));
#6034=CARTESIAN_POINT('Ctrl Pts',(-13.2226600223335,-66.741,8.93679770693902));
#6035=CARTESIAN_POINT('Ctrl Pts',(-13.2226600223335,-209.741,8.93679770693902));
#6036=CARTESIAN_POINT('Ctrl Pts',(-11.2743704390967,-66.741,8.0867856678485));
#6037=CARTESIAN_POINT('Ctrl Pts',(-11.2743704390967,-209.741,8.0867856678485));
#6038=CARTESIAN_POINT('Ctrl Pts',(-9.54119563328408,-66.741,7.19809541431781));
#6039=CARTESIAN_POINT('Ctrl Pts',(-9.54119563328408,-209.741,7.19809541431781));
#6040=CARTESIAN_POINT('Ctrl Pts',(-8.0264247778305,-66.741,6.27291220544089));
#6041=CARTESIAN_POINT('Ctrl Pts',(-8.0264247778305,-209.741,6.27291220544089));
#6042=CARTESIAN_POINT('Ctrl Pts',(-6.73276332010922,-66.741,5.31274537591564));
#6043=CARTESIAN_POINT('Ctrl Pts',(-6.73276332010922,-209.741,5.31274537591564));
#6044=CARTESIAN_POINT('Ctrl Pts',(-5.66277352507489,-66.741,4.31788306682411));
#6045=CARTESIAN_POINT('Ctrl Pts',(-5.66277352507489,-209.741,4.31788306682411));
#6046=CARTESIAN_POINT('Ctrl Pts',(-4.81983697186665,-66.741,3.28806952090833));
#6047=CARTESIAN_POINT('Ctrl Pts',(-4.81983697186665,-209.741,3.28806952090833));
#6048=CARTESIAN_POINT('Ctrl Pts',(-4.20985766894965,-66.741,2.22194218141347));
#6049=CARTESIAN_POINT('Ctrl Pts',(-4.20985766894965,-209.741,2.22194218141347));
#6050=CARTESIAN_POINT('Ctrl Pts',(-3.84088490933865,-66.741,1.12499790198429));
#6051=CARTESIAN_POINT('Ctrl Pts',(-3.84088490933865,-209.741,1.12499790198429));
#6052=CARTESIAN_POINT('Ctrl Pts',(-3.71932932355691,-66.741,9.03524777420113E-15));
#6053=CARTESIAN_POINT('Ctrl Pts',(-3.71932932355691,-209.741,9.03524777420113E-15));
#6054=CARTESIAN_POINT('Ctrl Pts',(-3.84088490933867,-66.741,-1.1249979019843));
#6055=CARTESIAN_POINT('Ctrl Pts',(-3.84088490933867,-209.741,-1.1249979019843));
#6056=CARTESIAN_POINT('Ctrl Pts',(-4.2098576689496,-66.741,-2.22194218141346));
#6057=CARTESIAN_POINT('Ctrl Pts',(-4.2098576689496,-209.741,-2.22194218141346));
#6058=CARTESIAN_POINT('Ctrl Pts',(-4.81983697186664,-66.741,-3.28806952090832));
#6059=CARTESIAN_POINT('Ctrl Pts',(-4.81983697186664,-209.741,-3.28806952090832));
#6060=CARTESIAN_POINT('Ctrl Pts',(-5.66277352507481,-66.741,-4.3178830668241));
#6061=CARTESIAN_POINT('Ctrl Pts',(-5.66277352507481,-209.741,-4.3178830668241));
#6062=CARTESIAN_POINT('Ctrl Pts',(-6.73276332010932,-66.741,-5.31274537591565));
#6063=CARTESIAN_POINT('Ctrl Pts',(-6.73276332010932,-209.741,-5.31274537591565));
#6064=CARTESIAN_POINT('Ctrl Pts',(-8.02642477783035,-66.741,-6.2729122054409));
#6065=CARTESIAN_POINT('Ctrl Pts',(-8.02642477783035,-209.741,-6.2729122054409));
#6066=CARTESIAN_POINT('Ctrl Pts',(-9.54119563328407,-66.741,-7.19809541431784));
#6067=CARTESIAN_POINT('Ctrl Pts',(-9.54119563328407,-209.741,-7.19809541431784));
#6068=CARTESIAN_POINT('Ctrl Pts',(-11.2743704390964,-66.741,-8.0867856678485));
#6069=CARTESIAN_POINT('Ctrl Pts',(-11.2743704390964,-209.741,-8.0867856678485));
#6070=CARTESIAN_POINT('Ctrl Pts',(-13.222660022334,-66.741,-8.93679770693902));
#6071=CARTESIAN_POINT('Ctrl Pts',(-13.222660022334,-209.741,-8.93679770693902));
#6072=CARTESIAN_POINT('Ctrl Pts',(-15.3821830956327,-66.741,-9.74561380672707));
#6073=CARTESIAN_POINT('Ctrl Pts',(-15.3821830956327,-209.741,-9.74561380672707));
#6074=CARTESIAN_POINT('Ctrl Pts',(-17.7483647566594,-66.741,-10.5102972517248));
#6075=CARTESIAN_POINT('Ctrl Pts',(-17.7483647566594,-209.741,-10.5102972517248));
#6076=CARTESIAN_POINT('Ctrl Pts',(-20.3159741775577,-66.741,-11.2282438140226));
#6077=CARTESIAN_POINT('Ctrl Pts',(-20.3159741775577,-209.741,-11.2282438140226));
#6078=CARTESIAN_POINT('Ctrl Pts',(-23.0793483151282,-66.741,-11.8964754219637));
#6079=CARTESIAN_POINT('Ctrl Pts',(-23.0793483151282,-209.741,-11.8964754219637));
#6080=CARTESIAN_POINT('Ctrl Pts',(-26.0321260946135,-66.741,-12.5126777494896));
#6081=CARTESIAN_POINT('Ctrl Pts',(-26.0321260946135,-209.741,-12.5126777494896));
#6082=CARTESIAN_POINT('Ctrl Pts',(-29.1676058976776,-66.741,-13.0742405379132));
#6083=CARTESIAN_POINT('Ctrl Pts',(-29.1676058976776,-209.741,-13.0742405379132));
#6084=CARTESIAN_POINT('Ctrl Pts',(-32.4785146684527,-66.741,-13.5793582714083));
#6085=CARTESIAN_POINT('Ctrl Pts',(-32.4785146684527,-209.741,-13.5793582714083));
#6086=CARTESIAN_POINT('Ctrl Pts',(-35.9572219000349,-66.741,-14.0261634242659));
#6087=CARTESIAN_POINT('Ctrl Pts',(-35.9572219000349,-209.741,-14.0261634242659));
#6088=CARTESIAN_POINT('Ctrl Pts',(-39.5956151412533,-66.741,-14.4134461966523));
#6089=CARTESIAN_POINT('Ctrl Pts',(-39.5956151412533,-209.741,-14.4134461966523));
#6090=CARTESIAN_POINT('Ctrl Pts',(-43.3852462782754,-66.741,-14.7403053947343));
#6091=CARTESIAN_POINT('Ctrl Pts',(-43.3852462782754,-209.741,-14.7403053947343));
#6092=CARTESIAN_POINT('Ctrl Pts',(-47.3173103747153,-66.741,-15.0061678541715));
#6093=CARTESIAN_POINT('Ctrl Pts',(-47.3173103747153,-209.741,-15.0061678541715));
#6094=CARTESIAN_POINT('Ctrl Pts',(-51.3826355101091,-66.741,-15.2111194301605));
#6095=CARTESIAN_POINT('Ctrl Pts',(-51.3826355101091,-209.741,-15.2111194301605));
#6096=CARTESIAN_POINT('Ctrl Pts',(-55.5717240219786,-66.741,-15.3555314955831));
#6097=CARTESIAN_POINT('Ctrl Pts',(-55.5717240219786,-209.741,-15.3555314955831));
#6098=CARTESIAN_POINT('Ctrl Pts',(-59.8748212107309,-66.741,-15.4401811086771));
#6099=CARTESIAN_POINT('Ctrl Pts',(-59.8748212107309,-209.741,-15.4401811086771));
#6100=CARTESIAN_POINT('Ctrl Pts',(-64.2818911583194,-66.741,-15.4664109789264));
#6101=CARTESIAN_POINT('Ctrl Pts',(-64.2818911583194,-209.741,-15.4664109789264));
#6102=CARTESIAN_POINT('Ctrl Pts',(-68.7826578443968,-66.741,-15.4357856364722));
#6103=CARTESIAN_POINT('Ctrl Pts',(-68.7826578443968,-209.741,-15.4357856364722));
#6104=CARTESIAN_POINT('Ctrl Pts',(-73.366583552918,-66.741,-15.3502992349322));
#6105=CARTESIAN_POINT('Ctrl Pts',(-73.366583552918,-209.741,-15.3502992349322));
#6106=CARTESIAN_POINT('Ctrl Pts',(-78.0230105160191,-66.741,-15.2122449152598));
#6107=CARTESIAN_POINT('Ctrl Pts',(-78.0230105160191,-209.741,-15.2122449152598));
#6108=CARTESIAN_POINT('Ctrl Pts',(-82.7410570642512,-66.741,-15.0242642647628));
#6109=CARTESIAN_POINT('Ctrl Pts',(-82.7410570642512,-209.741,-15.0242642647628));
#6110=CARTESIAN_POINT('Ctrl Pts',(-87.5097129949004,-66.741,-14.7890708794964));
#6111=CARTESIAN_POINT('Ctrl Pts',(-87.5097129949004,-209.741,-14.7890708794964));
#6112=CARTESIAN_POINT('Ctrl Pts',(-92.3178531362769,-66.741,-14.509701374708));
#6113=CARTESIAN_POINT('Ctrl Pts',(-92.3178531362769,-209.741,-14.509701374708));
#6114=CARTESIAN_POINT('Ctrl Pts',(-97.1542405405341,-66.741,-14.1893232404222));
#6115=CARTESIAN_POINT('Ctrl Pts',(-97.1542405405341,-209.741,-14.1893232404222));
#6116=CARTESIAN_POINT('Ctrl Pts',(-102.007598650056,-66.741,-13.8311577996323));
#6117=CARTESIAN_POINT('Ctrl Pts',(-102.007598650056,-209.741,-13.8311577996323));
#6118=CARTESIAN_POINT('Ctrl Pts',(-106.866620430091,-66.741,-13.4385252573426));
#6119=CARTESIAN_POINT('Ctrl Pts',(-106.866620430091,-209.741,-13.4385252573426));
#6120=CARTESIAN_POINT('Ctrl Pts',(-111.719926929456,-66.741,-13.0147754432037));
#6121=CARTESIAN_POINT('Ctrl Pts',(-111.719926929456,-209.741,-13.0147754432037));
#6122=CARTESIAN_POINT('Ctrl Pts',(-115.692623566051,-66.741,-12.6438443115244));
#6123=CARTESIAN_POINT('Ctrl Pts',(-115.692623566051,-209.741,-12.6438443115244));
#6124=CARTESIAN_POINT('Ctrl Pts',(-118.4465092142,-66.741,-12.3749215462614));
#6125=CARTESIAN_POINT('Ctrl Pts',(-118.4465092142,-209.741,-12.3749215462614));
#6126=CARTESIAN_POINT('Ctrl Pts',(-119.989671296329,-66.741,-12.2206630656391));
#6127=CARTESIAN_POINT('Ctrl Pts',(-119.989671296329,-209.741,-12.2206630656391));
#6128=CARTESIAN_POINT('Ctrl Pts',(-120.329149390934,-66.741,-12.1865566684832));
#6129=CARTESIAN_POINT('Ctrl Pts',(-120.329149390934,-209.741,-12.1865566684832));
#6130=CARTESIAN_POINT('',(-3.76960000000004,-131.568728860507,-2.56440466974619E-8));
#6131=CARTESIAN_POINT('Ctrl Pts',(-3.76960000000004,-131.568728860507,-2.56440466974619E-8));
#6132=CARTESIAN_POINT('Ctrl Pts',(-3.76960000000004,-131.562759696962,-2.56440466983479E-8));
#6133=CARTESIAN_POINT('Ctrl Pts',(-3.76960000000004,-131.556790533418,-2.56440466965717E-8));
#6134=CARTESIAN_POINT('Ctrl Pts',(-3.76960000000004,-131.550821369873,-2.56440466974619E-8));
#6135=CARTESIAN_POINT('',(-58.2350804640312,-163.014388666822,-15.4024264745439));
#6136=CARTESIAN_POINT('Ctrl Pts',(-58.2350804640312,-163.014388666822,-15.4024264745439));
#6137=CARTESIAN_POINT('Ctrl Pts',(-49.1560437217486,-157.772604359695,-15.2383011330501));
#6138=CARTESIAN_POINT('Ctrl Pts',(-35.4653517485491,-149.868279663624,-14.5863608126234));
#6139=CARTESIAN_POINT('Ctrl Pts',(-20.0214918774512,-140.951763009968,-11.2101066687109));
#6140=CARTESIAN_POINT('Ctrl Pts',(-14.8750710922103,-137.980475584345,-9.86454226274738));
#6141=CARTESIAN_POINT('Ctrl Pts',(-9.21207489115781,-134.710943203456,-7.03441451080769));
#6142=CARTESIAN_POINT('Ctrl Pts',(-7.63232707428157,-133.798875376201,-6.09056842744618));
#6143=CARTESIAN_POINT('Ctrl Pts',(-5.7185184938078,-132.693937477214,-4.36566364421746));
#6144=CARTESIAN_POINT('Ctrl Pts',(-5.10521967449217,-132.339849238867,-3.69242219920834));
#6145=CARTESIAN_POINT('Ctrl Pts',(-4.32202378825033,-131.887670883212,-2.41038818781138));
#6146=CARTESIAN_POINT('Ctrl Pts',(-4.06943372585148,-131.741837942703,-1.84779941050098));
#6147=CARTESIAN_POINT('Ctrl Pts',(-3.8059659607426,-131.589724757674,-0.774922713861803));
#6148=CARTESIAN_POINT('Ctrl Pts',(-3.76960000176509,-131.5687288615,-0.355969993489054));
#6149=CARTESIAN_POINT('Ctrl Pts',(-3.76960000000004,-131.568728860507,-2.56440573030009E-8));
#6150=CARTESIAN_POINT('',(-3.7696,-194.460048473137,-2.56440466974619E-8));
#6151=CARTESIAN_POINT('Ctrl Pts',(-3.76960000000004,-194.460048473137,-2.56440457757634E-8));
#6152=CARTESIAN_POINT('Ctrl Pts',(-3.76960000068116,-194.460048472754,-0.137365865161677));
#6153=CARTESIAN_POINT('Ctrl Pts',(-3.77507274839537,-194.456888780398,-0.274760552062656));
#6154=CARTESIAN_POINT('Ctrl Pts',(-3.81037012122684,-194.436509832724,-0.716651460875971));
#6155=CARTESIAN_POINT('Ctrl Pts',(-3.86140966139422,-194.407042140495,-1.01581770846679));
#6156=CARTESIAN_POINT('Ctrl Pts',(-4.09411028086833,-194.272692375267,-1.91108728487668));
#6157=CARTESIAN_POINT('Ctrl Pts',(-4.35131592152159,-194.124194629436,-2.46761482904491));
#6158=CARTESIAN_POINT('Ctrl Pts',(-5.2775225400373,-193.589448989021,-3.95522082355995));
#6159=CARTESIAN_POINT('Ctrl Pts',(-6.1512956903297,-193.084975825553,-4.83151885927237));
#6160=CARTESIAN_POINT('Ctrl Pts',(-9.55931772952783,-191.117353384012,-7.4606097245923));
#6161=CARTESIAN_POINT('Ctrl Pts',(-12.8020355582996,-189.245169372766,-8.83282372613833));
#6162=CARTESIAN_POINT('Ctrl Pts',(-24.2360990321737,-182.643709748484,-12.7722643750418));
#6163=CARTESIAN_POINT('Ctrl Pts',(-38.0524876209976,-174.666814077665,-15.0375777536254));
#6164=CARTESIAN_POINT('Ctrl Pts',(-58.2350804640312,-163.014388666822,-15.4024264745439));
#6165=CARTESIAN_POINT('Ctrl Pts',(-3.7696,-194.4613957185,-2.56440466974619E-8));
#6166=CARTESIAN_POINT('Ctrl Pts',(-3.7696,-194.460946636713,-2.56440466974637E-8));
#6167=CARTESIAN_POINT('Ctrl Pts',(-3.7696,-194.460497554925,-2.56440466974602E-8));
#6168=CARTESIAN_POINT('Ctrl Pts',(-3.7696,-194.460048473137,-2.56440466974619E-8));
#6169=CARTESIAN_POINT('Origin',(-31.1538368006349,-275.299520791834,-2.21460456542642E-8));
#6170=CARTESIAN_POINT('',(-58.2350804620637,-163.014388666822,-1.86867482756871E-8));
#6171=CARTESIAN_POINT('',(-306.828329596556,-19.4890093602992,1.30679962926996E-8));
#6172=CARTESIAN_POINT('',(102.347355173418,-70.302076225551,-3.91991887523604E-8));
#6173=CARTESIAN_POINT('Origin',(-3.16228719895875,-194.8106806823,-2.57216234737313E-8));
#6174=CARTESIAN_POINT('',(-58.2350804620637,-163.014388666822,-1.86867480558069E-8));
#6175=CARTESIAN_POINT('Origin',(-114.809713166675,-195.677768088134,-1.14600314728776E-8));
#6176=CARTESIAN_POINT('Origin',(-114.946551585259,-67.1767060860847,-1.14425520399308E-8));
#6177=CARTESIAN_POINT('',(-115.701216665139,-66.741,-12.6393450317693));
#6178=CARTESIAN_POINT('',(-60.235080464035,-98.764388666822,-15.4321381252379));
#6179=CARTESIAN_POINT('Ctrl Pts',(-115.701216665139,-66.741,-12.6393450317693));
#6180=CARTESIAN_POINT('Ctrl Pts',(-97.9538190745893,-76.9874647764439,-14.3281553124577));
#6181=CARTESIAN_POINT('Ctrl Pts',(-78.2745625602054,-88.3492888225721,-15.6428920108469));
#6182=CARTESIAN_POINT('Ctrl Pts',(-60.2350804640349,-98.764388666822,-15.4321381252379));
#6183=CARTESIAN_POINT('',(-60.2350804620637,-98.764388666822,-1.84312727575148E-8));
#6184=CARTESIAN_POINT('',(-60.2350804620637,-98.764388666822,-1.84312729768563E-8));
#6185=CARTESIAN_POINT('',(-114.693249441912,-67.3229501467322,-1.14749082880936E-8));
#6186=CARTESIAN_POINT('',(-84.0605117482021,-85.0087695002111,-1.53878655564439E-8));
#6187=CARTESIAN_POINT('',(-115.701216664239,-66.741,-5.58800945053416));
#6188=CARTESIAN_POINT('Origin',(-130.686749441912,-58.0890986164479,4.19109191795997E-14));
#6189=CARTESIAN_POINT('',(-115.701216663525,-66.741,-2.24481207659497E-9));
#6190=CARTESIAN_POINT('Origin',(-3.16228719895875,-194.8106806823,-2.57216234737313E-8));
#6191=CARTESIAN_POINT('',(-114.877212656838,-130.312038397632,-12.7173531336325));
#6192=CARTESIAN_POINT('',(-120.329149390936,-127.164361256557,-12.1865566684773));
#6193=CARTESIAN_POINT('Ctrl Pts',(-114.877212656839,-130.312038397632,-12.7173531336324));
#6194=CARTESIAN_POINT('Ctrl Pts',(-116.694284259516,-129.262951154192,-12.546222995361));
#6195=CARTESIAN_POINT('Ctrl Pts',(-118.512884191836,-128.212982458191,-12.3690316593746));
#6196=CARTESIAN_POINT('Ctrl Pts',(-120.329149390934,-127.164361256558,-12.1865566684832));
#6197=CARTESIAN_POINT('',(-114.877212655523,-130.312038397632,-2.41879905113912));
#6198=CARTESIAN_POINT('Origin',(-130.686749441912,-121.184398078069,4.19109191795997E-14));
#6199=CARTESIAN_POINT('',(-114.877212655214,-130.312038397632,-1.1451441824845E-8));
#6200=CARTESIAN_POINT('Origin',(-4.02544878037478,-66.3117426843492,-2.56113651475919E-8));
#6201=CARTESIAN_POINT('Ctrl Pts',(-60.235080464035,-98.764388666822,-15.4321381252379));
#6202=CARTESIAN_POINT('Ctrl Pts',(-78.00588024586,-109.024364704558,-15.6397530159778));
#6203=CARTESIAN_POINT('Ctrl Pts',(-97.3586728804165,-120.197704741784,-14.367233154781));
#6204=CARTESIAN_POINT('Ctrl Pts',(-114.877212656838,-130.312038397632,-12.7173531336325));
#6205=CARTESIAN_POINT('',(-114.693249441912,-130.205827186912,-1.14749082880936E-8));
#6206=CARTESIAN_POINT('Origin',(-130.686749441912,-139.439678717196,4.19109191795997E-14));
#6207=CARTESIAN_POINT('',(-67.1646239588076,-102.765162470028,-1.75461084002292E-8));
#6208=CARTESIAN_POINT('Origin',(-62.0242393572464,-66.741,-3.21964677141295E-14));
#6209=CARTESIAN_POINT('',(-120.329149390936,-66.741,-12.1865566684773));
#6210=CARTESIAN_POINT('Origin',(-130.686749441912,-66.741,4.19109191795997E-14));
#6211=CARTESIAN_POINT('Ctrl Pts',(-115.701216665139,-66.741,-12.6393450317693));
#6212=CARTESIAN_POINT('Ctrl Pts',(-116.519429403288,-66.741,-12.5614853863241));
#6213=CARTESIAN_POINT('Ctrl Pts',(-117.67750144191,-66.741,-12.4497916032855));
#6214=CARTESIAN_POINT('Ctrl Pts',(-118.834320607404,-66.741,-12.3361549144367));
#6215=CARTESIAN_POINT('Ctrl Pts',(-119.989671296329,-66.741,-12.2206630656391));
#6216=CARTESIAN_POINT('Ctrl Pts',(-120.329149390934,-66.741,-12.1865566684832));
#6217=CARTESIAN_POINT('Origin',(-102.240487211569,-187.825664339624,-1.30655962298304E-8));
#6218=CARTESIAN_POINT('',(-114.693249441912,-130.187919696277,-1.14749082880936E-8));
#6219=CARTESIAN_POINT('',(-114.693249441912,-66.741,-1.14749082890408E-8));
#6220=CARTESIAN_POINT('',(-60.2517555525812,-98.7561085441867,-1.84291427188195E-8));
#6221=CARTESIAN_POINT('',(-306.828329596556,-241.117159944331,1.30679962926996E-8));
#6222=CARTESIAN_POINT('',(-114.693249441912,-67.3242973920958,-1.14749082880936E-8));
#6223=CARTESIAN_POINT('',(102.347355173418,-192.632748891836,-3.91991887523604E-8));
#6224=CARTESIAN_POINT('',(-114.693249441912,-66.741,-1.14749082890408E-8));
#6225=CARTESIAN_POINT('Origin',(-130.686749441912,-66.741,4.19109191795997E-14));
#6226=CARTESIAN_POINT('',(-115.70355016023,-66.741,5.59426327011833));
#6227=CARTESIAN_POINT('Origin',(-130.686749441912,-58.0904458618115,4.19109191795997E-14));
#6228=CARTESIAN_POINT('',(-120.329149390936,-66.741,12.1865566684771));
#6229=CARTESIAN_POINT('Origin',(-130.686749441912,-66.741,4.19109191795997E-14));
#6230=CARTESIAN_POINT('',(-120.329149390936,-127.165708500124,12.1865566684771));
#6231=CARTESIAN_POINT('',(-120.329149390936,-66.741,12.1865566684771));
#6232=CARTESIAN_POINT('',(-114.893887745409,-130.303758274997,2.52538347288197));
#6233=CARTESIAN_POINT('Origin',(-130.686749441912,-121.185745323432,4.19109191795997E-14));
#6234=CARTESIAN_POINT('Origin',(-130.686749441912,-139.421771226562,4.19109191795997E-14));
#6235=CARTESIAN_POINT('',(-120.329149390936,-66.741,-12.1865566684773));
#6236=CARTESIAN_POINT('Ctrl Pts',(-120.329149390931,-66.741,12.1865566684833));
#6237=CARTESIAN_POINT('Ctrl Pts',(-120.329149390931,-209.741,12.1865566684833));
#6238=CARTESIAN_POINT('Ctrl Pts',(-119.989671296327,-66.741,12.2206630656391));
#6239=CARTESIAN_POINT('Ctrl Pts',(-119.989671296327,-209.741,12.2206630656391));
#6240=CARTESIAN_POINT('Ctrl Pts',(-118.446509214199,-66.741,12.3749215462612));
#6241=CARTESIAN_POINT('Ctrl Pts',(-118.446509214199,-209.741,12.3749215462612));
#6242=CARTESIAN_POINT('Ctrl Pts',(-115.69262356605,-66.741,12.6438443115248));
#6243=CARTESIAN_POINT('Ctrl Pts',(-115.69262356605,-209.741,12.6438443115248));
#6244=CARTESIAN_POINT('Ctrl Pts',(-111.719926929456,-66.741,13.0147754432036));
#6245=CARTESIAN_POINT('Ctrl Pts',(-111.719926929456,-209.741,13.0147754432036));
#6246=CARTESIAN_POINT('Ctrl Pts',(-106.866620430091,-66.741,13.4385252573424));
#6247=CARTESIAN_POINT('Ctrl Pts',(-106.866620430091,-209.741,13.4385252573424));
#6248=CARTESIAN_POINT('Ctrl Pts',(-102.007598650055,-66.741,13.8311577996323));
#6249=CARTESIAN_POINT('Ctrl Pts',(-102.007598650055,-209.741,13.8311577996323));
#6250=CARTESIAN_POINT('Ctrl Pts',(-97.1542405405345,-66.741,14.1893232404221));
#6251=CARTESIAN_POINT('Ctrl Pts',(-97.1542405405345,-209.741,14.1893232404221));
#6252=CARTESIAN_POINT('Ctrl Pts',(-92.3178531362766,-66.741,14.509701374708));
#6253=CARTESIAN_POINT('Ctrl Pts',(-92.3178531362766,-209.741,14.509701374708));
#6254=CARTESIAN_POINT('Ctrl Pts',(-87.5097129949004,-66.741,14.7890708794963));
#6255=CARTESIAN_POINT('Ctrl Pts',(-87.5097129949004,-209.741,14.7890708794963));
#6256=CARTESIAN_POINT('Ctrl Pts',(-82.7410570642514,-66.741,15.0242642647628));
#6257=CARTESIAN_POINT('Ctrl Pts',(-82.7410570642514,-209.741,15.0242642647628));
#6258=CARTESIAN_POINT('Ctrl Pts',(-78.0230105160191,-66.741,15.2122449152599));
#6259=CARTESIAN_POINT('Ctrl Pts',(-78.0230105160191,-209.741,15.2122449152599));
#6260=CARTESIAN_POINT('Ctrl Pts',(-73.366583552918,-66.741,15.3502992349318));
#6261=CARTESIAN_POINT('Ctrl Pts',(-73.366583552918,-209.741,15.3502992349318));
#6262=CARTESIAN_POINT('Ctrl Pts',(-68.7826578443967,-66.741,15.4357856364724));
#6263=CARTESIAN_POINT('Ctrl Pts',(-68.7826578443967,-209.741,15.4357856364724));
#6264=CARTESIAN_POINT('Ctrl Pts',(-64.2818911583195,-66.741,15.4664109789263));
#6265=CARTESIAN_POINT('Ctrl Pts',(-64.2818911583195,-209.741,15.4664109789263));
#6266=CARTESIAN_POINT('Ctrl Pts',(-59.8748212107308,-66.741,15.4401811086771));
#6267=CARTESIAN_POINT('Ctrl Pts',(-59.8748212107308,-209.741,15.4401811086771));
#6268=CARTESIAN_POINT('Ctrl Pts',(-55.5717240219785,-66.741,15.3555314955831));
#6269=CARTESIAN_POINT('Ctrl Pts',(-55.5717240219785,-209.741,15.3555314955831));
#6270=CARTESIAN_POINT('Ctrl Pts',(-51.3826355101091,-66.741,15.2111194301604));
#6271=CARTESIAN_POINT('Ctrl Pts',(-51.3826355101091,-209.741,15.2111194301604));
#6272=CARTESIAN_POINT('Ctrl Pts',(-47.3173103747153,-66.741,15.0061678541715));
#6273=CARTESIAN_POINT('Ctrl Pts',(-47.3173103747153,-209.741,15.0061678541715));
#6274=CARTESIAN_POINT('Ctrl Pts',(-43.3852462782757,-66.741,14.7403053947343));
#6275=CARTESIAN_POINT('Ctrl Pts',(-43.3852462782757,-209.741,14.7403053947343));
#6276=CARTESIAN_POINT('Ctrl Pts',(-39.595615141253,-66.741,14.4134461966524));
#6277=CARTESIAN_POINT('Ctrl Pts',(-39.595615141253,-209.741,14.4134461966524));
#6278=CARTESIAN_POINT('Ctrl Pts',(-35.957221900035,-66.741,14.0261634242659));
#6279=CARTESIAN_POINT('Ctrl Pts',(-35.957221900035,-209.741,14.0261634242659));
#6280=CARTESIAN_POINT('Ctrl Pts',(-32.4785146684526,-66.741,13.5793582714083));
#6281=CARTESIAN_POINT('Ctrl Pts',(-32.4785146684526,-209.741,13.5793582714083));
#6282=CARTESIAN_POINT('Ctrl Pts',(-29.1676058976776,-66.741,13.0742405379132));
#6283=CARTESIAN_POINT('Ctrl Pts',(-29.1676058976776,-209.741,13.0742405379132));
#6284=CARTESIAN_POINT('Ctrl Pts',(-26.0321260946135,-66.741,12.5126777494896));
#6285=CARTESIAN_POINT('Ctrl Pts',(-26.0321260946135,-209.741,12.5126777494896));
#6286=CARTESIAN_POINT('Ctrl Pts',(-23.079348315128,-66.741,11.8964754219637));
#6287=CARTESIAN_POINT('Ctrl Pts',(-23.079348315128,-209.741,11.8964754219637));
#6288=CARTESIAN_POINT('Ctrl Pts',(-20.3159741775578,-66.741,11.2282438140226));
#6289=CARTESIAN_POINT('Ctrl Pts',(-20.3159741775578,-209.741,11.2282438140226));
#6290=CARTESIAN_POINT('Ctrl Pts',(-17.7483647566593,-66.741,10.5102972517248));
#6291=CARTESIAN_POINT('Ctrl Pts',(-17.7483647566593,-209.741,10.5102972517248));
#6292=CARTESIAN_POINT('Ctrl Pts',(-15.3821830956332,-66.741,9.74561380672708));
#6293=CARTESIAN_POINT('Ctrl Pts',(-15.3821830956332,-209.741,9.74561380672708));
#6294=CARTESIAN_POINT('Ctrl Pts',(-13.2226600223335,-66.741,8.93679770693902));
#6295=CARTESIAN_POINT('Ctrl Pts',(-13.2226600223335,-209.741,8.93679770693902));
#6296=CARTESIAN_POINT('Ctrl Pts',(-11.2743704390967,-66.741,8.0867856678485));
#6297=CARTESIAN_POINT('Ctrl Pts',(-11.2743704390967,-209.741,8.0867856678485));
#6298=CARTESIAN_POINT('Ctrl Pts',(-9.54119563328408,-66.741,7.19809541431781));
#6299=CARTESIAN_POINT('Ctrl Pts',(-9.54119563328408,-209.741,7.19809541431781));
#6300=CARTESIAN_POINT('Ctrl Pts',(-8.0264247778305,-66.741,6.27291220544089));
#6301=CARTESIAN_POINT('Ctrl Pts',(-8.0264247778305,-209.741,6.27291220544089));
#6302=CARTESIAN_POINT('Ctrl Pts',(-6.73276332010922,-66.741,5.31274537591564));
#6303=CARTESIAN_POINT('Ctrl Pts',(-6.73276332010922,-209.741,5.31274537591564));
#6304=CARTESIAN_POINT('Ctrl Pts',(-5.66277352507489,-66.741,4.31788306682411));
#6305=CARTESIAN_POINT('Ctrl Pts',(-5.66277352507489,-209.741,4.31788306682411));
#6306=CARTESIAN_POINT('Ctrl Pts',(-4.81983697186665,-66.741,3.28806952090833));
#6307=CARTESIAN_POINT('Ctrl Pts',(-4.81983697186665,-209.741,3.28806952090833));
#6308=CARTESIAN_POINT('Ctrl Pts',(-4.20985766894965,-66.741,2.22194218141347));
#6309=CARTESIAN_POINT('Ctrl Pts',(-4.20985766894965,-209.741,2.22194218141347));
#6310=CARTESIAN_POINT('Ctrl Pts',(-3.84088490933865,-66.741,1.12499790198429));
#6311=CARTESIAN_POINT('Ctrl Pts',(-3.84088490933865,-209.741,1.12499790198429));
#6312=CARTESIAN_POINT('Ctrl Pts',(-3.71932932355691,-66.741,9.03524777420113E-15));
#6313=CARTESIAN_POINT('Ctrl Pts',(-3.71932932355691,-209.741,9.03524777420113E-15));
#6314=CARTESIAN_POINT('Ctrl Pts',(-3.84088490933867,-66.741,-1.1249979019843));
#6315=CARTESIAN_POINT('Ctrl Pts',(-3.84088490933867,-209.741,-1.1249979019843));
#6316=CARTESIAN_POINT('Ctrl Pts',(-4.2098576689496,-66.741,-2.22194218141346));
#6317=CARTESIAN_POINT('Ctrl Pts',(-4.2098576689496,-209.741,-2.22194218141346));
#6318=CARTESIAN_POINT('Ctrl Pts',(-4.81983697186664,-66.741,-3.28806952090832));
#6319=CARTESIAN_POINT('Ctrl Pts',(-4.81983697186664,-209.741,-3.28806952090832));
#6320=CARTESIAN_POINT('Ctrl Pts',(-5.66277352507481,-66.741,-4.3178830668241));
#6321=CARTESIAN_POINT('Ctrl Pts',(-5.66277352507481,-209.741,-4.3178830668241));
#6322=CARTESIAN_POINT('Ctrl Pts',(-6.73276332010932,-66.741,-5.31274537591565));
#6323=CARTESIAN_POINT('Ctrl Pts',(-6.73276332010932,-209.741,-5.31274537591565));
#6324=CARTESIAN_POINT('Ctrl Pts',(-8.02642477783035,-66.741,-6.2729122054409));
#6325=CARTESIAN_POINT('Ctrl Pts',(-8.02642477783035,-209.741,-6.2729122054409));
#6326=CARTESIAN_POINT('Ctrl Pts',(-9.54119563328407,-66.741,-7.19809541431784));
#6327=CARTESIAN_POINT('Ctrl Pts',(-9.54119563328407,-209.741,-7.19809541431784));
#6328=CARTESIAN_POINT('Ctrl Pts',(-11.2743704390964,-66.741,-8.0867856678485));
#6329=CARTESIAN_POINT('Ctrl Pts',(-11.2743704390964,-209.741,-8.0867856678485));
#6330=CARTESIAN_POINT('Ctrl Pts',(-13.222660022334,-66.741,-8.93679770693902));
#6331=CARTESIAN_POINT('Ctrl Pts',(-13.222660022334,-209.741,-8.93679770693902));
#6332=CARTESIAN_POINT('Ctrl Pts',(-15.3821830956327,-66.741,-9.74561380672707));
#6333=CARTESIAN_POINT('Ctrl Pts',(-15.3821830956327,-209.741,-9.74561380672707));
#6334=CARTESIAN_POINT('Ctrl Pts',(-17.7483647566594,-66.741,-10.5102972517248));
#6335=CARTESIAN_POINT('Ctrl Pts',(-17.7483647566594,-209.741,-10.5102972517248));
#6336=CARTESIAN_POINT('Ctrl Pts',(-20.3159741775577,-66.741,-11.2282438140226));
#6337=CARTESIAN_POINT('Ctrl Pts',(-20.3159741775577,-209.741,-11.2282438140226));
#6338=CARTESIAN_POINT('Ctrl Pts',(-23.0793483151282,-66.741,-11.8964754219637));
#6339=CARTESIAN_POINT('Ctrl Pts',(-23.0793483151282,-209.741,-11.8964754219637));
#6340=CARTESIAN_POINT('Ctrl Pts',(-26.0321260946135,-66.741,-12.5126777494896));
#6341=CARTESIAN_POINT('Ctrl Pts',(-26.0321260946135,-209.741,-12.5126777494896));
#6342=CARTESIAN_POINT('Ctrl Pts',(-29.1676058976776,-66.741,-13.0742405379132));
#6343=CARTESIAN_POINT('Ctrl Pts',(-29.1676058976776,-209.741,-13.0742405379132));
#6344=CARTESIAN_POINT('Ctrl Pts',(-32.4785146684527,-66.741,-13.5793582714083));
#6345=CARTESIAN_POINT('Ctrl Pts',(-32.4785146684527,-209.741,-13.5793582714083));
#6346=CARTESIAN_POINT('Ctrl Pts',(-35.9572219000349,-66.741,-14.0261634242659));
#6347=CARTESIAN_POINT('Ctrl Pts',(-35.9572219000349,-209.741,-14.0261634242659));
#6348=CARTESIAN_POINT('Ctrl Pts',(-39.5956151412533,-66.741,-14.4134461966523));
#6349=CARTESIAN_POINT('Ctrl Pts',(-39.5956151412533,-209.741,-14.4134461966523));
#6350=CARTESIAN_POINT('Ctrl Pts',(-43.3852462782754,-66.741,-14.7403053947343));
#6351=CARTESIAN_POINT('Ctrl Pts',(-43.3852462782754,-209.741,-14.7403053947343));
#6352=CARTESIAN_POINT('Ctrl Pts',(-47.3173103747153,-66.741,-15.0061678541715));
#6353=CARTESIAN_POINT('Ctrl Pts',(-47.3173103747153,-209.741,-15.0061678541715));
#6354=CARTESIAN_POINT('Ctrl Pts',(-51.3826355101091,-66.741,-15.2111194301605));
#6355=CARTESIAN_POINT('Ctrl Pts',(-51.3826355101091,-209.741,-15.2111194301605));
#6356=CARTESIAN_POINT('Ctrl Pts',(-55.5717240219786,-66.741,-15.3555314955831));
#6357=CARTESIAN_POINT('Ctrl Pts',(-55.5717240219786,-209.741,-15.3555314955831));
#6358=CARTESIAN_POINT('Ctrl Pts',(-59.8748212107309,-66.741,-15.4401811086771));
#6359=CARTESIAN_POINT('Ctrl Pts',(-59.8748212107309,-209.741,-15.4401811086771));
#6360=CARTESIAN_POINT('Ctrl Pts',(-64.2818911583194,-66.741,-15.4664109789264));
#6361=CARTESIAN_POINT('Ctrl Pts',(-64.2818911583194,-209.741,-15.4664109789264));
#6362=CARTESIAN_POINT('Ctrl Pts',(-68.7826578443968,-66.741,-15.4357856364722));
#6363=CARTESIAN_POINT('Ctrl Pts',(-68.7826578443968,-209.741,-15.4357856364722));
#6364=CARTESIAN_POINT('Ctrl Pts',(-73.366583552918,-66.741,-15.3502992349322));
#6365=CARTESIAN_POINT('Ctrl Pts',(-73.366583552918,-209.741,-15.3502992349322));
#6366=CARTESIAN_POINT('Ctrl Pts',(-78.0230105160191,-66.741,-15.2122449152598));
#6367=CARTESIAN_POINT('Ctrl Pts',(-78.0230105160191,-209.741,-15.2122449152598));
#6368=CARTESIAN_POINT('Ctrl Pts',(-82.7410570642512,-66.741,-15.0242642647628));
#6369=CARTESIAN_POINT('Ctrl Pts',(-82.7410570642512,-209.741,-15.0242642647628));
#6370=CARTESIAN_POINT('Ctrl Pts',(-87.5097129949004,-66.741,-14.7890708794964));
#6371=CARTESIAN_POINT('Ctrl Pts',(-87.5097129949004,-209.741,-14.7890708794964));
#6372=CARTESIAN_POINT('Ctrl Pts',(-92.3178531362769,-66.741,-14.509701374708));
#6373=CARTESIAN_POINT('Ctrl Pts',(-92.3178531362769,-209.741,-14.509701374708));
#6374=CARTESIAN_POINT('Ctrl Pts',(-97.1542405405341,-66.741,-14.1893232404222));
#6375=CARTESIAN_POINT('Ctrl Pts',(-97.1542405405341,-209.741,-14.1893232404222));
#6376=CARTESIAN_POINT('Ctrl Pts',(-102.007598650056,-66.741,-13.8311577996323));
#6377=CARTESIAN_POINT('Ctrl Pts',(-102.007598650056,-209.741,-13.8311577996323));
#6378=CARTESIAN_POINT('Ctrl Pts',(-106.866620430091,-66.741,-13.4385252573426));
#6379=CARTESIAN_POINT('Ctrl Pts',(-106.866620430091,-209.741,-13.4385252573426));
#6380=CARTESIAN_POINT('Ctrl Pts',(-111.719926929456,-66.741,-13.0147754432037));
#6381=CARTESIAN_POINT('Ctrl Pts',(-111.719926929456,-209.741,-13.0147754432037));
#6382=CARTESIAN_POINT('Ctrl Pts',(-115.692623566051,-66.741,-12.6438443115244));
#6383=CARTESIAN_POINT('Ctrl Pts',(-115.692623566051,-209.741,-12.6438443115244));
#6384=CARTESIAN_POINT('Ctrl Pts',(-118.4465092142,-66.741,-12.3749215462614));
#6385=CARTESIAN_POINT('Ctrl Pts',(-118.4465092142,-209.741,-12.3749215462614));
#6386=CARTESIAN_POINT('Ctrl Pts',(-119.989671296329,-66.741,-12.2206630656391));
#6387=CARTESIAN_POINT('Ctrl Pts',(-119.989671296329,-209.741,-12.2206630656391));
#6388=CARTESIAN_POINT('Ctrl Pts',(-120.329149390934,-66.741,-12.1865566684832));
#6389=CARTESIAN_POINT('Ctrl Pts',(-120.329149390934,-209.741,-12.1865566684832));
#6390=CARTESIAN_POINT('Ctrl Pts',(-120.329149390931,-66.741,12.1865566684833));
#6391=CARTESIAN_POINT('Ctrl Pts',(-120.329149390931,-209.741,12.1865566684833));
#6392=CARTESIAN_POINT('Ctrl Pts',(-119.989671296327,-66.741,12.2206630656391));
#6393=CARTESIAN_POINT('Ctrl Pts',(-119.989671296327,-209.741,12.2206630656391));
#6394=CARTESIAN_POINT('Ctrl Pts',(-118.446509214199,-66.741,12.3749215462612));
#6395=CARTESIAN_POINT('Ctrl Pts',(-118.446509214199,-209.741,12.3749215462612));
#6396=CARTESIAN_POINT('Ctrl Pts',(-115.69262356605,-66.741,12.6438443115248));
#6397=CARTESIAN_POINT('Ctrl Pts',(-115.69262356605,-209.741,12.6438443115248));
#6398=CARTESIAN_POINT('Ctrl Pts',(-111.719926929456,-66.741,13.0147754432036));
#6399=CARTESIAN_POINT('Ctrl Pts',(-111.719926929456,-209.741,13.0147754432036));
#6400=CARTESIAN_POINT('Ctrl Pts',(-106.866620430091,-66.741,13.4385252573424));
#6401=CARTESIAN_POINT('Ctrl Pts',(-106.866620430091,-209.741,13.4385252573424));
#6402=CARTESIAN_POINT('Ctrl Pts',(-102.007598650055,-66.741,13.8311577996323));
#6403=CARTESIAN_POINT('Ctrl Pts',(-102.007598650055,-209.741,13.8311577996323));
#6404=CARTESIAN_POINT('Ctrl Pts',(-97.1542405405345,-66.741,14.1893232404221));
#6405=CARTESIAN_POINT('Ctrl Pts',(-97.1542405405345,-209.741,14.1893232404221));
#6406=CARTESIAN_POINT('Ctrl Pts',(-92.3178531362766,-66.741,14.509701374708));
#6407=CARTESIAN_POINT('Ctrl Pts',(-92.3178531362766,-209.741,14.509701374708));
#6408=CARTESIAN_POINT('Ctrl Pts',(-87.5097129949004,-66.741,14.7890708794963));
#6409=CARTESIAN_POINT('Ctrl Pts',(-87.5097129949004,-209.741,14.7890708794963));
#6410=CARTESIAN_POINT('Ctrl Pts',(-82.7410570642514,-66.741,15.0242642647628));
#6411=CARTESIAN_POINT('Ctrl Pts',(-82.7410570642514,-209.741,15.0242642647628));
#6412=CARTESIAN_POINT('Ctrl Pts',(-78.0230105160191,-66.741,15.2122449152599));
#6413=CARTESIAN_POINT('Ctrl Pts',(-78.0230105160191,-209.741,15.2122449152599));
#6414=CARTESIAN_POINT('Ctrl Pts',(-73.366583552918,-66.741,15.3502992349318));
#6415=CARTESIAN_POINT('Ctrl Pts',(-73.366583552918,-209.741,15.3502992349318));
#6416=CARTESIAN_POINT('Ctrl Pts',(-68.7826578443967,-66.741,15.4357856364724));
#6417=CARTESIAN_POINT('Ctrl Pts',(-68.7826578443967,-209.741,15.4357856364724));
#6418=CARTESIAN_POINT('Ctrl Pts',(-64.2818911583195,-66.741,15.4664109789263));
#6419=CARTESIAN_POINT('Ctrl Pts',(-64.2818911583195,-209.741,15.4664109789263));
#6420=CARTESIAN_POINT('Ctrl Pts',(-59.8748212107308,-66.741,15.4401811086771));
#6421=CARTESIAN_POINT('Ctrl Pts',(-59.8748212107308,-209.741,15.4401811086771));
#6422=CARTESIAN_POINT('Ctrl Pts',(-55.5717240219785,-66.741,15.3555314955831));
#6423=CARTESIAN_POINT('Ctrl Pts',(-55.5717240219785,-209.741,15.3555314955831));
#6424=CARTESIAN_POINT('Ctrl Pts',(-51.3826355101091,-66.741,15.2111194301604));
#6425=CARTESIAN_POINT('Ctrl Pts',(-51.3826355101091,-209.741,15.2111194301604));
#6426=CARTESIAN_POINT('Ctrl Pts',(-47.3173103747153,-66.741,15.0061678541715));
#6427=CARTESIAN_POINT('Ctrl Pts',(-47.3173103747153,-209.741,15.0061678541715));
#6428=CARTESIAN_POINT('Ctrl Pts',(-43.3852462782757,-66.741,14.7403053947343));
#6429=CARTESIAN_POINT('Ctrl Pts',(-43.3852462782757,-209.741,14.7403053947343));
#6430=CARTESIAN_POINT('Ctrl Pts',(-39.595615141253,-66.741,14.4134461966524));
#6431=CARTESIAN_POINT('Ctrl Pts',(-39.595615141253,-209.741,14.4134461966524));
#6432=CARTESIAN_POINT('Ctrl Pts',(-35.957221900035,-66.741,14.0261634242659));
#6433=CARTESIAN_POINT('Ctrl Pts',(-35.957221900035,-209.741,14.0261634242659));
#6434=CARTESIAN_POINT('Ctrl Pts',(-32.4785146684526,-66.741,13.5793582714083));
#6435=CARTESIAN_POINT('Ctrl Pts',(-32.4785146684526,-209.741,13.5793582714083));
#6436=CARTESIAN_POINT('Ctrl Pts',(-29.1676058976776,-66.741,13.0742405379132));
#6437=CARTESIAN_POINT('Ctrl Pts',(-29.1676058976776,-209.741,13.0742405379132));
#6438=CARTESIAN_POINT('Ctrl Pts',(-26.0321260946135,-66.741,12.5126777494896));
#6439=CARTESIAN_POINT('Ctrl Pts',(-26.0321260946135,-209.741,12.5126777494896));
#6440=CARTESIAN_POINT('Ctrl Pts',(-23.079348315128,-66.741,11.8964754219637));
#6441=CARTESIAN_POINT('Ctrl Pts',(-23.079348315128,-209.741,11.8964754219637));
#6442=CARTESIAN_POINT('Ctrl Pts',(-20.3159741775578,-66.741,11.2282438140226));
#6443=CARTESIAN_POINT('Ctrl Pts',(-20.3159741775578,-209.741,11.2282438140226));
#6444=CARTESIAN_POINT('Ctrl Pts',(-17.7483647566593,-66.741,10.5102972517248));
#6445=CARTESIAN_POINT('Ctrl Pts',(-17.7483647566593,-209.741,10.5102972517248));
#6446=CARTESIAN_POINT('Ctrl Pts',(-15.3821830956332,-66.741,9.74561380672708));
#6447=CARTESIAN_POINT('Ctrl Pts',(-15.3821830956332,-209.741,9.74561380672708));
#6448=CARTESIAN_POINT('Ctrl Pts',(-13.2226600223335,-66.741,8.93679770693902));
#6449=CARTESIAN_POINT('Ctrl Pts',(-13.2226600223335,-209.741,8.93679770693902));
#6450=CARTESIAN_POINT('Ctrl Pts',(-11.2743704390967,-66.741,8.0867856678485));
#6451=CARTESIAN_POINT('Ctrl Pts',(-11.2743704390967,-209.741,8.0867856678485));
#6452=CARTESIAN_POINT('Ctrl Pts',(-9.54119563328408,-66.741,7.19809541431781));
#6453=CARTESIAN_POINT('Ctrl Pts',(-9.54119563328408,-209.741,7.19809541431781));
#6454=CARTESIAN_POINT('Ctrl Pts',(-8.0264247778305,-66.741,6.27291220544089));
#6455=CARTESIAN_POINT('Ctrl Pts',(-8.0264247778305,-209.741,6.27291220544089));
#6456=CARTESIAN_POINT('Ctrl Pts',(-6.73276332010922,-66.741,5.31274537591564));
#6457=CARTESIAN_POINT('Ctrl Pts',(-6.73276332010922,-209.741,5.31274537591564));
#6458=CARTESIAN_POINT('Ctrl Pts',(-5.66277352507489,-66.741,4.31788306682411));
#6459=CARTESIAN_POINT('Ctrl Pts',(-5.66277352507489,-209.741,4.31788306682411));
#6460=CARTESIAN_POINT('Ctrl Pts',(-4.81983697186665,-66.741,3.28806952090833));
#6461=CARTESIAN_POINT('Ctrl Pts',(-4.81983697186665,-209.741,3.28806952090833));
#6462=CARTESIAN_POINT('Ctrl Pts',(-4.20985766894965,-66.741,2.22194218141347));
#6463=CARTESIAN_POINT('Ctrl Pts',(-4.20985766894965,-209.741,2.22194218141347));
#6464=CARTESIAN_POINT('Ctrl Pts',(-3.84088490933865,-66.741,1.12499790198429));
#6465=CARTESIAN_POINT('Ctrl Pts',(-3.84088490933865,-209.741,1.12499790198429));
#6466=CARTESIAN_POINT('Ctrl Pts',(-3.71932932355691,-66.741,9.03524777420113E-15));
#6467=CARTESIAN_POINT('Ctrl Pts',(-3.71932932355691,-209.741,9.03524777420113E-15));
#6468=CARTESIAN_POINT('Ctrl Pts',(-3.84088490933867,-66.741,-1.1249979019843));
#6469=CARTESIAN_POINT('Ctrl Pts',(-3.84088490933867,-209.741,-1.1249979019843));
#6470=CARTESIAN_POINT('Ctrl Pts',(-4.2098576689496,-66.741,-2.22194218141346));
#6471=CARTESIAN_POINT('Ctrl Pts',(-4.2098576689496,-209.741,-2.22194218141346));
#6472=CARTESIAN_POINT('Ctrl Pts',(-4.81983697186664,-66.741,-3.28806952090832));
#6473=CARTESIAN_POINT('Ctrl Pts',(-4.81983697186664,-209.741,-3.28806952090832));
#6474=CARTESIAN_POINT('Ctrl Pts',(-5.66277352507481,-66.741,-4.3178830668241));
#6475=CARTESIAN_POINT('Ctrl Pts',(-5.66277352507481,-209.741,-4.3178830668241));
#6476=CARTESIAN_POINT('Ctrl Pts',(-6.73276332010932,-66.741,-5.31274537591565));
#6477=CARTESIAN_POINT('Ctrl Pts',(-6.73276332010932,-209.741,-5.31274537591565));
#6478=CARTESIAN_POINT('Ctrl Pts',(-8.02642477783035,-66.741,-6.2729122054409));
#6479=CARTESIAN_POINT('Ctrl Pts',(-8.02642477783035,-209.741,-6.2729122054409));
#6480=CARTESIAN_POINT('Ctrl Pts',(-9.54119563328407,-66.741,-7.19809541431784));
#6481=CARTESIAN_POINT('Ctrl Pts',(-9.54119563328407,-209.741,-7.19809541431784));
#6482=CARTESIAN_POINT('Ctrl Pts',(-11.2743704390964,-66.741,-8.0867856678485));
#6483=CARTESIAN_POINT('Ctrl Pts',(-11.2743704390964,-209.741,-8.0867856678485));
#6484=CARTESIAN_POINT('Ctrl Pts',(-13.222660022334,-66.741,-8.93679770693902));
#6485=CARTESIAN_POINT('Ctrl Pts',(-13.222660022334,-209.741,-8.93679770693902));
#6486=CARTESIAN_POINT('Ctrl Pts',(-15.3821830956327,-66.741,-9.74561380672707));
#6487=CARTESIAN_POINT('Ctrl Pts',(-15.3821830956327,-209.741,-9.74561380672707));
#6488=CARTESIAN_POINT('Ctrl Pts',(-17.7483647566594,-66.741,-10.5102972517248));
#6489=CARTESIAN_POINT('Ctrl Pts',(-17.7483647566594,-209.741,-10.5102972517248));
#6490=CARTESIAN_POINT('Ctrl Pts',(-20.3159741775577,-66.741,-11.2282438140226));
#6491=CARTESIAN_POINT('Ctrl Pts',(-20.3159741775577,-209.741,-11.2282438140226));
#6492=CARTESIAN_POINT('Ctrl Pts',(-23.0793483151282,-66.741,-11.8964754219637));
#6493=CARTESIAN_POINT('Ctrl Pts',(-23.0793483151282,-209.741,-11.8964754219637));
#6494=CARTESIAN_POINT('Ctrl Pts',(-26.0321260946135,-66.741,-12.5126777494896));
#6495=CARTESIAN_POINT('Ctrl Pts',(-26.0321260946135,-209.741,-12.5126777494896));
#6496=CARTESIAN_POINT('Ctrl Pts',(-29.1676058976776,-66.741,-13.0742405379132));
#6497=CARTESIAN_POINT('Ctrl Pts',(-29.1676058976776,-209.741,-13.0742405379132));
#6498=CARTESIAN_POINT('Ctrl Pts',(-32.4785146684527,-66.741,-13.5793582714083));
#6499=CARTESIAN_POINT('Ctrl Pts',(-32.4785146684527,-209.741,-13.5793582714083));
#6500=CARTESIAN_POINT('Ctrl Pts',(-35.9572219000349,-66.741,-14.0261634242659));
#6501=CARTESIAN_POINT('Ctrl Pts',(-35.9572219000349,-209.741,-14.0261634242659));
#6502=CARTESIAN_POINT('Ctrl Pts',(-39.5956151412533,-66.741,-14.4134461966523));
#6503=CARTESIAN_POINT('Ctrl Pts',(-39.5956151412533,-209.741,-14.4134461966523));
#6504=CARTESIAN_POINT('Ctrl Pts',(-43.3852462782754,-66.741,-14.7403053947343));
#6505=CARTESIAN_POINT('Ctrl Pts',(-43.3852462782754,-209.741,-14.7403053947343));
#6506=CARTESIAN_POINT('Ctrl Pts',(-47.3173103747153,-66.741,-15.0061678541715));
#6507=CARTESIAN_POINT('Ctrl Pts',(-47.3173103747153,-209.741,-15.0061678541715));
#6508=CARTESIAN_POINT('Ctrl Pts',(-51.3826355101091,-66.741,-15.2111194301605));
#6509=CARTESIAN_POINT('Ctrl Pts',(-51.3826355101091,-209.741,-15.2111194301605));
#6510=CARTESIAN_POINT('Ctrl Pts',(-55.5717240219786,-66.741,-15.3555314955831));
#6511=CARTESIAN_POINT('Ctrl Pts',(-55.5717240219786,-209.741,-15.3555314955831));
#6512=CARTESIAN_POINT('Ctrl Pts',(-59.8748212107309,-66.741,-15.4401811086771));
#6513=CARTESIAN_POINT('Ctrl Pts',(-59.8748212107309,-209.741,-15.4401811086771));
#6514=CARTESIAN_POINT('Ctrl Pts',(-64.2818911583194,-66.741,-15.4664109789264));
#6515=CARTESIAN_POINT('Ctrl Pts',(-64.2818911583194,-209.741,-15.4664109789264));
#6516=CARTESIAN_POINT('Ctrl Pts',(-68.7826578443968,-66.741,-15.4357856364722));
#6517=CARTESIAN_POINT('Ctrl Pts',(-68.7826578443968,-209.741,-15.4357856364722));
#6518=CARTESIAN_POINT('Ctrl Pts',(-73.366583552918,-66.741,-15.3502992349322));
#6519=CARTESIAN_POINT('Ctrl Pts',(-73.366583552918,-209.741,-15.3502992349322));
#6520=CARTESIAN_POINT('Ctrl Pts',(-78.0230105160191,-66.741,-15.2122449152598));
#6521=CARTESIAN_POINT('Ctrl Pts',(-78.0230105160191,-209.741,-15.2122449152598));
#6522=CARTESIAN_POINT('Ctrl Pts',(-82.7410570642512,-66.741,-15.0242642647628));
#6523=CARTESIAN_POINT('Ctrl Pts',(-82.7410570642512,-209.741,-15.0242642647628));
#6524=CARTESIAN_POINT('Ctrl Pts',(-87.5097129949004,-66.741,-14.7890708794964));
#6525=CARTESIAN_POINT('Ctrl Pts',(-87.5097129949004,-209.741,-14.7890708794964));
#6526=CARTESIAN_POINT('Ctrl Pts',(-92.3178531362769,-66.741,-14.509701374708));
#6527=CARTESIAN_POINT('Ctrl Pts',(-92.3178531362769,-209.741,-14.509701374708));
#6528=CARTESIAN_POINT('Ctrl Pts',(-97.1542405405341,-66.741,-14.1893232404222));
#6529=CARTESIAN_POINT('Ctrl Pts',(-97.1542405405341,-209.741,-14.1893232404222));
#6530=CARTESIAN_POINT('Ctrl Pts',(-102.007598650056,-66.741,-13.8311577996323));
#6531=CARTESIAN_POINT('Ctrl Pts',(-102.007598650056,-209.741,-13.8311577996323));
#6532=CARTESIAN_POINT('Ctrl Pts',(-106.866620430091,-66.741,-13.4385252573426));
#6533=CARTESIAN_POINT('Ctrl Pts',(-106.866620430091,-209.741,-13.4385252573426));
#6534=CARTESIAN_POINT('Ctrl Pts',(-111.719926929456,-66.741,-13.0147754432037));
#6535=CARTESIAN_POINT('Ctrl Pts',(-111.719926929456,-209.741,-13.0147754432037));
#6536=CARTESIAN_POINT('Ctrl Pts',(-115.692623566051,-66.741,-12.6438443115244));
#6537=CARTESIAN_POINT('Ctrl Pts',(-115.692623566051,-209.741,-12.6438443115244));
#6538=CARTESIAN_POINT('Ctrl Pts',(-118.4465092142,-66.741,-12.3749215462614));
#6539=CARTESIAN_POINT('Ctrl Pts',(-118.4465092142,-209.741,-12.3749215462614));
#6540=CARTESIAN_POINT('Ctrl Pts',(-119.989671296329,-66.741,-12.2206630656391));
#6541=CARTESIAN_POINT('Ctrl Pts',(-119.989671296329,-209.741,-12.2206630656391));
#6542=CARTESIAN_POINT('Ctrl Pts',(-120.329149390934,-66.741,-12.1865566684832));
#6543=CARTESIAN_POINT('Ctrl Pts',(-120.329149390934,-209.741,-12.1865566684832));
#6544=CARTESIAN_POINT('',(-114.893887744107,-130.303758274997,12.7157825230636));
#6545=CARTESIAN_POINT('Ctrl Pts',(-120.329149390931,-127.165708500126,12.1865566684833));
#6546=CARTESIAN_POINT('Ctrl Pts',(-118.518432792224,-128.211126215802,12.3684742072986));
#6547=CARTESIAN_POINT('Ctrl Pts',(-116.705404422566,-129.257878172751,12.5451394480036));
#6548=CARTESIAN_POINT('Ctrl Pts',(-114.893887744107,-130.303758274997,12.7157825230636));
#6549=CARTESIAN_POINT('',(-115.70355015933,-66.741,12.6391229774626));
#6550=CARTESIAN_POINT('Ctrl Pts',(-120.329149390931,-66.741,12.1865566684833));
#6551=CARTESIAN_POINT('Ctrl Pts',(-119.989671296327,-66.741,12.2206630656391));
#6552=CARTESIAN_POINT('Ctrl Pts',(-118.834902218537,-66.741,12.3360967750804));
#6553=CARTESIAN_POINT('Ctrl Pts',(-117.678666142288,-66.741,12.4496771919025));
#6554=CARTESIAN_POINT('Ctrl Pts',(-116.521178345575,-66.741,12.5613167026923));
#6555=CARTESIAN_POINT('Ctrl Pts',(-115.70355015933,-66.741,12.6391229774626));
#6556=CARTESIAN_POINT('',(-60.2517555506098,-98.7561085441866,15.4323325045485));
#6557=CARTESIAN_POINT('Ctrl Pts',(-60.2517555506098,-98.7561085441866,15.4323325045485));
#6558=CARTESIAN_POINT('Ctrl Pts',(-78.2869323465995,-88.343494366124,15.6420963858121));
#6559=CARTESIAN_POINT('Ctrl Pts',(-97.9603005865184,-76.9850699170372,14.3275874590015));
#6560=CARTESIAN_POINT('Ctrl Pts',(-115.70355015933,-66.741,12.6391229774626));
#6561=CARTESIAN_POINT('Ctrl Pts',(-114.893887744107,-130.303758274997,12.7157825230636));
#6562=CARTESIAN_POINT('Ctrl Pts',(-97.3752727047395,-120.18938116631,14.3660186907224));
#6563=CARTESIAN_POINT('Ctrl Pts',(-78.0227250122005,-109.016182546612,15.639023438064));
#6564=CARTESIAN_POINT('Ctrl Pts',(-60.2517555506098,-98.7561085441866,15.4323325045485));
#6565=CARTESIAN_POINT('Origin',(-62.0242393572464,-66.741,-3.21964677141295E-14));
#6566=CARTESIAN_POINT('',(-115.703550160945,-66.741,-2.2444985611091E-9));
#6567=CARTESIAN_POINT('Origin',(-3.66048772498946,-131.429092258229,-2.56579844549606E-8));
#6568=CARTESIAN_POINT('',(-60.2517555525811,-98.7561085441866,-1.84291426503458E-8));
#6569=CARTESIAN_POINT('Origin',(-115.324046700707,-130.552110663447,-1.13943316598175E-8));
#6570=CARTESIAN_POINT('',(-114.893887745731,-130.303758274997,-1.14492791999215E-8));
#6571=CARTESIAN_POINT('Origin',(-114.44475211129,-130.563066854444,-1.15066507802463E-8));
#6572=CARTESIAN_POINT('Origin',(-3.53978231440689,-195.668136067231,-2.5673403093618E-8));
#6573=CARTESIAN_POINT('',(-10.2897989964536,-199.565260016203,7.5690690013322));
#6574=CARTESIAN_POINT('',(-10.2897989974205,-199.565260016203,-2.48111710887356E-8));
#6575=CARTESIAN_POINT('',(-10.2897989973487,-199.565260016203,0.562176294447553));
#6576=CARTESIAN_POINT('',(-3.76960000000004,-195.800821369873,-2.56440466974619E-8));
#6577=CARTESIAN_POINT('',(102.347355173418,-134.534168734917,-3.91991887523604E-8));
#6578=CARTESIAN_POINT('Ctrl Pts',(-3.76960000000004,-195.800821369873,-2.56440452900408E-8));
#6579=CARTESIAN_POINT('Ctrl Pts',(-3.76959999862338,-195.800821369099,0.277637892155884));
#6580=CARTESIAN_POINT('Ctrl Pts',(-3.79194848005313,-195.813724270888,0.554886764393157));
#6581=CARTESIAN_POINT('Ctrl Pts',(-3.90815243761983,-195.880814657123,1.27073302956126));
#6582=CARTESIAN_POINT('Ctrl Pts',(-4.0349666456733,-195.954030874311,1.69178400569395));
#6583=CARTESIAN_POINT('Ctrl Pts',(-4.57620629792571,-196.266515733329,2.96209034104825));
#6584=CARTESIAN_POINT('Ctrl Pts',(-5.14412227928863,-196.594402178102,3.72157593260589));
#6585=CARTESIAN_POINT('Ctrl Pts',(-7.03640153360491,-197.686910115109,5.69313020296715));
#6586=CARTESIAN_POINT('Ctrl Pts',(-8.73222070833587,-198.665991772215,6.75984411909805));
#6587=CARTESIAN_POINT('Ctrl Pts',(-10.2897989964543,-199.565260016204,7.56906900133261));
#6588=CARTESIAN_POINT('Ctrl Pts',(-120.329149390931,-66.741,12.1865566684833));
#6589=CARTESIAN_POINT('Ctrl Pts',(-120.329149390931,-209.741,12.1865566684833));
#6590=CARTESIAN_POINT('Ctrl Pts',(-119.989671296327,-66.741,12.2206630656391));
#6591=CARTESIAN_POINT('Ctrl Pts',(-119.989671296327,-209.741,12.2206630656391));
#6592=CARTESIAN_POINT('Ctrl Pts',(-118.446509214199,-66.741,12.3749215462612));
#6593=CARTESIAN_POINT('Ctrl Pts',(-118.446509214199,-209.741,12.3749215462612));
#6594=CARTESIAN_POINT('Ctrl Pts',(-115.69262356605,-66.741,12.6438443115248));
#6595=CARTESIAN_POINT('Ctrl Pts',(-115.69262356605,-209.741,12.6438443115248));
#6596=CARTESIAN_POINT('Ctrl Pts',(-111.719926929456,-66.741,13.0147754432036));
#6597=CARTESIAN_POINT('Ctrl Pts',(-111.719926929456,-209.741,13.0147754432036));
#6598=CARTESIAN_POINT('Ctrl Pts',(-106.866620430091,-66.741,13.4385252573424));
#6599=CARTESIAN_POINT('Ctrl Pts',(-106.866620430091,-209.741,13.4385252573424));
#6600=CARTESIAN_POINT('Ctrl Pts',(-102.007598650055,-66.741,13.8311577996323));
#6601=CARTESIAN_POINT('Ctrl Pts',(-102.007598650055,-209.741,13.8311577996323));
#6602=CARTESIAN_POINT('Ctrl Pts',(-97.1542405405345,-66.741,14.1893232404221));
#6603=CARTESIAN_POINT('Ctrl Pts',(-97.1542405405345,-209.741,14.1893232404221));
#6604=CARTESIAN_POINT('Ctrl Pts',(-92.3178531362766,-66.741,14.509701374708));
#6605=CARTESIAN_POINT('Ctrl Pts',(-92.3178531362766,-209.741,14.509701374708));
#6606=CARTESIAN_POINT('Ctrl Pts',(-87.5097129949004,-66.741,14.7890708794963));
#6607=CARTESIAN_POINT('Ctrl Pts',(-87.5097129949004,-209.741,14.7890708794963));
#6608=CARTESIAN_POINT('Ctrl Pts',(-82.7410570642514,-66.741,15.0242642647628));
#6609=CARTESIAN_POINT('Ctrl Pts',(-82.7410570642514,-209.741,15.0242642647628));
#6610=CARTESIAN_POINT('Ctrl Pts',(-78.0230105160191,-66.741,15.2122449152599));
#6611=CARTESIAN_POINT('Ctrl Pts',(-78.0230105160191,-209.741,15.2122449152599));
#6612=CARTESIAN_POINT('Ctrl Pts',(-73.366583552918,-66.741,15.3502992349318));
#6613=CARTESIAN_POINT('Ctrl Pts',(-73.366583552918,-209.741,15.3502992349318));
#6614=CARTESIAN_POINT('Ctrl Pts',(-68.7826578443967,-66.741,15.4357856364724));
#6615=CARTESIAN_POINT('Ctrl Pts',(-68.7826578443967,-209.741,15.4357856364724));
#6616=CARTESIAN_POINT('Ctrl Pts',(-64.2818911583195,-66.741,15.4664109789263));
#6617=CARTESIAN_POINT('Ctrl Pts',(-64.2818911583195,-209.741,15.4664109789263));
#6618=CARTESIAN_POINT('Ctrl Pts',(-59.8748212107308,-66.741,15.4401811086771));
#6619=CARTESIAN_POINT('Ctrl Pts',(-59.8748212107308,-209.741,15.4401811086771));
#6620=CARTESIAN_POINT('Ctrl Pts',(-55.5717240219785,-66.741,15.3555314955831));
#6621=CARTESIAN_POINT('Ctrl Pts',(-55.5717240219785,-209.741,15.3555314955831));
#6622=CARTESIAN_POINT('Ctrl Pts',(-51.3826355101091,-66.741,15.2111194301604));
#6623=CARTESIAN_POINT('Ctrl Pts',(-51.3826355101091,-209.741,15.2111194301604));
#6624=CARTESIAN_POINT('Ctrl Pts',(-47.3173103747153,-66.741,15.0061678541715));
#6625=CARTESIAN_POINT('Ctrl Pts',(-47.3173103747153,-209.741,15.0061678541715));
#6626=CARTESIAN_POINT('Ctrl Pts',(-43.3852462782757,-66.741,14.7403053947343));
#6627=CARTESIAN_POINT('Ctrl Pts',(-43.3852462782757,-209.741,14.7403053947343));
#6628=CARTESIAN_POINT('Ctrl Pts',(-39.595615141253,-66.741,14.4134461966524));
#6629=CARTESIAN_POINT('Ctrl Pts',(-39.595615141253,-209.741,14.4134461966524));
#6630=CARTESIAN_POINT('Ctrl Pts',(-35.957221900035,-66.741,14.0261634242659));
#6631=CARTESIAN_POINT('Ctrl Pts',(-35.957221900035,-209.741,14.0261634242659));
#6632=CARTESIAN_POINT('Ctrl Pts',(-32.4785146684526,-66.741,13.5793582714083));
#6633=CARTESIAN_POINT('Ctrl Pts',(-32.4785146684526,-209.741,13.5793582714083));
#6634=CARTESIAN_POINT('Ctrl Pts',(-29.1676058976776,-66.741,13.0742405379132));
#6635=CARTESIAN_POINT('Ctrl Pts',(-29.1676058976776,-209.741,13.0742405379132));
#6636=CARTESIAN_POINT('Ctrl Pts',(-26.0321260946135,-66.741,12.5126777494896));
#6637=CARTESIAN_POINT('Ctrl Pts',(-26.0321260946135,-209.741,12.5126777494896));
#6638=CARTESIAN_POINT('Ctrl Pts',(-23.079348315128,-66.741,11.8964754219637));
#6639=CARTESIAN_POINT('Ctrl Pts',(-23.079348315128,-209.741,11.8964754219637));
#6640=CARTESIAN_POINT('Ctrl Pts',(-20.3159741775578,-66.741,11.2282438140226));
#6641=CARTESIAN_POINT('Ctrl Pts',(-20.3159741775578,-209.741,11.2282438140226));
#6642=CARTESIAN_POINT('Ctrl Pts',(-17.7483647566593,-66.741,10.5102972517248));
#6643=CARTESIAN_POINT('Ctrl Pts',(-17.7483647566593,-209.741,10.5102972517248));
#6644=CARTESIAN_POINT('Ctrl Pts',(-15.3821830956332,-66.741,9.74561380672708));
#6645=CARTESIAN_POINT('Ctrl Pts',(-15.3821830956332,-209.741,9.74561380672708));
#6646=CARTESIAN_POINT('Ctrl Pts',(-13.2226600223335,-66.741,8.93679770693902));
#6647=CARTESIAN_POINT('Ctrl Pts',(-13.2226600223335,-209.741,8.93679770693902));
#6648=CARTESIAN_POINT('Ctrl Pts',(-11.2743704390967,-66.741,8.0867856678485));
#6649=CARTESIAN_POINT('Ctrl Pts',(-11.2743704390967,-209.741,8.0867856678485));
#6650=CARTESIAN_POINT('Ctrl Pts',(-9.54119563328408,-66.741,7.19809541431781));
#6651=CARTESIAN_POINT('Ctrl Pts',(-9.54119563328408,-209.741,7.19809541431781));
#6652=CARTESIAN_POINT('Ctrl Pts',(-8.0264247778305,-66.741,6.27291220544089));
#6653=CARTESIAN_POINT('Ctrl Pts',(-8.0264247778305,-209.741,6.27291220544089));
#6654=CARTESIAN_POINT('Ctrl Pts',(-6.73276332010922,-66.741,5.31274537591564));
#6655=CARTESIAN_POINT('Ctrl Pts',(-6.73276332010922,-209.741,5.31274537591564));
#6656=CARTESIAN_POINT('Ctrl Pts',(-5.66277352507489,-66.741,4.31788306682411));
#6657=CARTESIAN_POINT('Ctrl Pts',(-5.66277352507489,-209.741,4.31788306682411));
#6658=CARTESIAN_POINT('Ctrl Pts',(-4.81983697186665,-66.741,3.28806952090833));
#6659=CARTESIAN_POINT('Ctrl Pts',(-4.81983697186665,-209.741,3.28806952090833));
#6660=CARTESIAN_POINT('Ctrl Pts',(-4.20985766894965,-66.741,2.22194218141347));
#6661=CARTESIAN_POINT('Ctrl Pts',(-4.20985766894965,-209.741,2.22194218141347));
#6662=CARTESIAN_POINT('Ctrl Pts',(-3.84088490933865,-66.741,1.12499790198429));
#6663=CARTESIAN_POINT('Ctrl Pts',(-3.84088490933865,-209.741,1.12499790198429));
#6664=CARTESIAN_POINT('Ctrl Pts',(-3.71932932355691,-66.741,9.03524777420113E-15));
#6665=CARTESIAN_POINT('Ctrl Pts',(-3.71932932355691,-209.741,9.03524777420113E-15));
#6666=CARTESIAN_POINT('Ctrl Pts',(-3.84088490933867,-66.741,-1.1249979019843));
#6667=CARTESIAN_POINT('Ctrl Pts',(-3.84088490933867,-209.741,-1.1249979019843));
#6668=CARTESIAN_POINT('Ctrl Pts',(-4.2098576689496,-66.741,-2.22194218141346));
#6669=CARTESIAN_POINT('Ctrl Pts',(-4.2098576689496,-209.741,-2.22194218141346));
#6670=CARTESIAN_POINT('Ctrl Pts',(-4.81983697186664,-66.741,-3.28806952090832));
#6671=CARTESIAN_POINT('Ctrl Pts',(-4.81983697186664,-209.741,-3.28806952090832));
#6672=CARTESIAN_POINT('Ctrl Pts',(-5.66277352507481,-66.741,-4.3178830668241));
#6673=CARTESIAN_POINT('Ctrl Pts',(-5.66277352507481,-209.741,-4.3178830668241));
#6674=CARTESIAN_POINT('Ctrl Pts',(-6.73276332010932,-66.741,-5.31274537591565));
#6675=CARTESIAN_POINT('Ctrl Pts',(-6.73276332010932,-209.741,-5.31274537591565));
#6676=CARTESIAN_POINT('Ctrl Pts',(-8.02642477783035,-66.741,-6.2729122054409));
#6677=CARTESIAN_POINT('Ctrl Pts',(-8.02642477783035,-209.741,-6.2729122054409));
#6678=CARTESIAN_POINT('Ctrl Pts',(-9.54119563328407,-66.741,-7.19809541431784));
#6679=CARTESIAN_POINT('Ctrl Pts',(-9.54119563328407,-209.741,-7.19809541431784));
#6680=CARTESIAN_POINT('Ctrl Pts',(-11.2743704390964,-66.741,-8.0867856678485));
#6681=CARTESIAN_POINT('Ctrl Pts',(-11.2743704390964,-209.741,-8.0867856678485));
#6682=CARTESIAN_POINT('Ctrl Pts',(-13.222660022334,-66.741,-8.93679770693902));
#6683=CARTESIAN_POINT('Ctrl Pts',(-13.222660022334,-209.741,-8.93679770693902));
#6684=CARTESIAN_POINT('Ctrl Pts',(-15.3821830956327,-66.741,-9.74561380672707));
#6685=CARTESIAN_POINT('Ctrl Pts',(-15.3821830956327,-209.741,-9.74561380672707));
#6686=CARTESIAN_POINT('Ctrl Pts',(-17.7483647566594,-66.741,-10.5102972517248));
#6687=CARTESIAN_POINT('Ctrl Pts',(-17.7483647566594,-209.741,-10.5102972517248));
#6688=CARTESIAN_POINT('Ctrl Pts',(-20.3159741775577,-66.741,-11.2282438140226));
#6689=CARTESIAN_POINT('Ctrl Pts',(-20.3159741775577,-209.741,-11.2282438140226));
#6690=CARTESIAN_POINT('Ctrl Pts',(-23.0793483151282,-66.741,-11.8964754219637));
#6691=CARTESIAN_POINT('Ctrl Pts',(-23.0793483151282,-209.741,-11.8964754219637));
#6692=CARTESIAN_POINT('Ctrl Pts',(-26.0321260946135,-66.741,-12.5126777494896));
#6693=CARTESIAN_POINT('Ctrl Pts',(-26.0321260946135,-209.741,-12.5126777494896));
#6694=CARTESIAN_POINT('Ctrl Pts',(-29.1676058976776,-66.741,-13.0742405379132));
#6695=CARTESIAN_POINT('Ctrl Pts',(-29.1676058976776,-209.741,-13.0742405379132));
#6696=CARTESIAN_POINT('Ctrl Pts',(-32.4785146684527,-66.741,-13.5793582714083));
#6697=CARTESIAN_POINT('Ctrl Pts',(-32.4785146684527,-209.741,-13.5793582714083));
#6698=CARTESIAN_POINT('Ctrl Pts',(-35.9572219000349,-66.741,-14.0261634242659));
#6699=CARTESIAN_POINT('Ctrl Pts',(-35.9572219000349,-209.741,-14.0261634242659));
#6700=CARTESIAN_POINT('Ctrl Pts',(-39.5956151412533,-66.741,-14.4134461966523));
#6701=CARTESIAN_POINT('Ctrl Pts',(-39.5956151412533,-209.741,-14.4134461966523));
#6702=CARTESIAN_POINT('Ctrl Pts',(-43.3852462782754,-66.741,-14.7403053947343));
#6703=CARTESIAN_POINT('Ctrl Pts',(-43.3852462782754,-209.741,-14.7403053947343));
#6704=CARTESIAN_POINT('Ctrl Pts',(-47.3173103747153,-66.741,-15.0061678541715));
#6705=CARTESIAN_POINT('Ctrl Pts',(-47.3173103747153,-209.741,-15.0061678541715));
#6706=CARTESIAN_POINT('Ctrl Pts',(-51.3826355101091,-66.741,-15.2111194301605));
#6707=CARTESIAN_POINT('Ctrl Pts',(-51.3826355101091,-209.741,-15.2111194301605));
#6708=CARTESIAN_POINT('Ctrl Pts',(-55.5717240219786,-66.741,-15.3555314955831));
#6709=CARTESIAN_POINT('Ctrl Pts',(-55.5717240219786,-209.741,-15.3555314955831));
#6710=CARTESIAN_POINT('Ctrl Pts',(-59.8748212107309,-66.741,-15.4401811086771));
#6711=CARTESIAN_POINT('Ctrl Pts',(-59.8748212107309,-209.741,-15.4401811086771));
#6712=CARTESIAN_POINT('Ctrl Pts',(-64.2818911583194,-66.741,-15.4664109789264));
#6713=CARTESIAN_POINT('Ctrl Pts',(-64.2818911583194,-209.741,-15.4664109789264));
#6714=CARTESIAN_POINT('Ctrl Pts',(-68.7826578443968,-66.741,-15.4357856364722));
#6715=CARTESIAN_POINT('Ctrl Pts',(-68.7826578443968,-209.741,-15.4357856364722));
#6716=CARTESIAN_POINT('Ctrl Pts',(-73.366583552918,-66.741,-15.3502992349322));
#6717=CARTESIAN_POINT('Ctrl Pts',(-73.366583552918,-209.741,-15.3502992349322));
#6718=CARTESIAN_POINT('Ctrl Pts',(-78.0230105160191,-66.741,-15.2122449152598));
#6719=CARTESIAN_POINT('Ctrl Pts',(-78.0230105160191,-209.741,-15.2122449152598));
#6720=CARTESIAN_POINT('Ctrl Pts',(-82.7410570642512,-66.741,-15.0242642647628));
#6721=CARTESIAN_POINT('Ctrl Pts',(-82.7410570642512,-209.741,-15.0242642647628));
#6722=CARTESIAN_POINT('Ctrl Pts',(-87.5097129949004,-66.741,-14.7890708794964));
#6723=CARTESIAN_POINT('Ctrl Pts',(-87.5097129949004,-209.741,-14.7890708794964));
#6724=CARTESIAN_POINT('Ctrl Pts',(-92.3178531362769,-66.741,-14.509701374708));
#6725=CARTESIAN_POINT('Ctrl Pts',(-92.3178531362769,-209.741,-14.509701374708));
#6726=CARTESIAN_POINT('Ctrl Pts',(-97.1542405405341,-66.741,-14.1893232404222));
#6727=CARTESIAN_POINT('Ctrl Pts',(-97.1542405405341,-209.741,-14.1893232404222));
#6728=CARTESIAN_POINT('Ctrl Pts',(-102.007598650056,-66.741,-13.8311577996323));
#6729=CARTESIAN_POINT('Ctrl Pts',(-102.007598650056,-209.741,-13.8311577996323));
#6730=CARTESIAN_POINT('Ctrl Pts',(-106.866620430091,-66.741,-13.4385252573426));
#6731=CARTESIAN_POINT('Ctrl Pts',(-106.866620430091,-209.741,-13.4385252573426));
#6732=CARTESIAN_POINT('Ctrl Pts',(-111.719926929456,-66.741,-13.0147754432037));
#6733=CARTESIAN_POINT('Ctrl Pts',(-111.719926929456,-209.741,-13.0147754432037));
#6734=CARTESIAN_POINT('Ctrl Pts',(-115.692623566051,-66.741,-12.6438443115244));
#6735=CARTESIAN_POINT('Ctrl Pts',(-115.692623566051,-209.741,-12.6438443115244));
#6736=CARTESIAN_POINT('Ctrl Pts',(-118.4465092142,-66.741,-12.3749215462614));
#6737=CARTESIAN_POINT('Ctrl Pts',(-118.4465092142,-209.741,-12.3749215462614));
#6738=CARTESIAN_POINT('Ctrl Pts',(-119.989671296329,-66.741,-12.2206630656391));
#6739=CARTESIAN_POINT('Ctrl Pts',(-119.989671296329,-209.741,-12.2206630656391));
#6740=CARTESIAN_POINT('Ctrl Pts',(-120.329149390934,-66.741,-12.1865566684832));
#6741=CARTESIAN_POINT('Ctrl Pts',(-120.329149390934,-209.741,-12.1865566684832));
#6742=CARTESIAN_POINT('',(-10.2587823148232,-199.565260016217,-7.55292998394772));
#6743=CARTESIAN_POINT('',(-3.76960000000004,-195.818728860507,-2.56440466974619E-8));
#6744=CARTESIAN_POINT('Ctrl Pts',(-10.2587823147713,-199.565260016204,-7.55292998391678));
#6745=CARTESIAN_POINT('Ctrl Pts',(-8.92080317194261,-198.792777397973,-6.85567117620144));
#6746=CARTESIAN_POINT('Ctrl Pts',(-7.5157991856159,-197.981597968319,-5.98554250448307));
#6747=CARTESIAN_POINT('Ctrl Pts',(-5.71851849380773,-196.943937477214,-4.36566364421741));
#6748=CARTESIAN_POINT('Ctrl Pts',(-5.10521967449217,-196.589849238867,-3.69242219920834));
#6749=CARTESIAN_POINT('Ctrl Pts',(-4.32202378825033,-196.137670883212,-2.41038818781138));
#6750=CARTESIAN_POINT('Ctrl Pts',(-4.06943372585148,-195.991837942703,-1.84779941050098));
#6751=CARTESIAN_POINT('Ctrl Pts',(-3.8059659607425,-195.839724757674,-0.774922713861412));
#6752=CARTESIAN_POINT('Ctrl Pts',(-3.76960000176509,-195.8187288615,-0.355969993488698));
#6753=CARTESIAN_POINT('Ctrl Pts',(-3.76960000000004,-195.818728860507,-2.56440573030009E-8));
#6754=CARTESIAN_POINT('Ctrl Pts',(-10.2897989964536,-199.565260016203,7.5690690013322));
#6755=CARTESIAN_POINT('Ctrl Pts',(-8.94343838794209,-199.565260016203,6.86958024164736));
#6756=CARTESIAN_POINT('Ctrl Pts',(-7.59619069518694,-199.565260016202,6.03088333969713));
#6757=CARTESIAN_POINT('Ctrl Pts',(-5.76729672588385,-199.565260016202,4.42458031023408));
#6758=CARTESIAN_POINT('Ctrl Pts',(-5.10719044262879,-199.565260016203,3.70531676332674));
#6759=CARTESIAN_POINT('Ctrl Pts',(-4.25833752095324,-199.565260016203,2.29871599381145));
#6760=CARTESIAN_POINT('Ctrl Pts',(-3.99332467757434,-199.565260016203,1.65917073631154));
#6761=CARTESIAN_POINT('Ctrl Pts',(-3.73393901740886,-199.565260016203,0.305057635510184));
#6762=CARTESIAN_POINT('Ctrl Pts',(-3.73876691524158,-199.565260016203,-0.378753608165131));
#6763=CARTESIAN_POINT('Ctrl Pts',(-4.03580088771271,-199.565260016203,-1.81897713050073));
#6764=CARTESIAN_POINT('Ctrl Pts',(-4.36494205920538,-199.565260016203,-2.5316662785667));
#6765=CARTESIAN_POINT('Ctrl Pts',(-5.43328453736743,-199.565260016203,-4.1251707286302));
#6766=CARTESIAN_POINT('Ctrl Pts',(-6.29141126652346,-199.565260016203,-4.94219537103427));
#6767=CARTESIAN_POINT('Ctrl Pts',(-8.10894405250027,-199.565260016203,-6.33901305778693));
#6768=CARTESIAN_POINT('Ctrl Pts',(-9.15596501910259,-199.565260016203,-6.97822067187501));
#6769=CARTESIAN_POINT('Ctrl Pts',(-10.2587823148307,-199.565260016203,-7.55292998394772));
#6770=CARTESIAN_POINT('Ctrl Pts',(-3.76960000000004,-195.818728860507,-2.56440466974619E-8));
#6771=CARTESIAN_POINT('Ctrl Pts',(-3.76960000000004,-195.812759696962,-2.56440466997573E-8));
#6772=CARTESIAN_POINT('Ctrl Pts',(-3.76960000000004,-195.806790533418,-2.56440466951653E-8));
#6773=CARTESIAN_POINT('Ctrl Pts',(-3.76960000000004,-195.800821369873,-2.56440466974619E-8));
#6774=CARTESIAN_POINT('Origin',(-61.9283065923786,-199.565260016203,1.12435262030247));
#6775=CARTESIAN_POINT('',(-10.2587823138058,-199.565260016203,-2.48151330903949E-8));
#6776=CARTESIAN_POINT('',(-10.258782313734,-199.565260016203,0.562176294443616));
#6777=CARTESIAN_POINT('',(-46.5410716965785,-199.565260016203,-2.01805147592416E-8));
#6778=CARTESIAN_POINT('Origin',(-31.1538368006349,-275.299520791834,-2.21460456542642E-8));
#6779=CARTESIAN_POINT('',(102.347355173418,-134.552076225551,-3.91991887523604E-8));
#6780=CARTESIAN_POINT('Origin',(-114.809713166675,-259.927768088134,-1.14600314728776E-8));
#6781=CARTESIAN_POINT('Origin',(-58.5544193921089,-259.493693384192,-1.86459566363741E-8));
#6782=CARTESIAN_POINT('',(-58.5544193940771,-97.7940585456671,-15.4080329047317));
#6783=CARTESIAN_POINT('',(-58.5544193940771,-66.741,-15.4080329047317));
#6784=CARTESIAN_POINT('Ctrl Pts',(-58.5544193940771,-97.7940585456671,-15.4080329047317));
#6785=CARTESIAN_POINT('Ctrl Pts',(-58.5544193940771,-87.4430390304447,-15.4080329047317));
#6786=CARTESIAN_POINT('Ctrl Pts',(-58.5544193940771,-77.0920195152224,-15.4080329047317));
#6787=CARTESIAN_POINT('Ctrl Pts',(-58.5544193940771,-66.741,-15.4080329047317));
#6788=CARTESIAN_POINT('',(-58.5544193921089,-66.741,-1.86459566363741E-8));
#6789=CARTESIAN_POINT('',(-58.5544193921089,-66.741,-9.54460800142051E-9));
#6790=CARTESIAN_POINT('',(-58.5544193921089,-97.7940585456671,-1.86459566363741E-8));
#6791=CARTESIAN_POINT('',(-58.554419392109,-223.659678861908,-1.86459566359233E-8));
#6792=CARTESIAN_POINT('',(-58.5544193921089,-97.7940585456671,-1.8645968069633E-8));
#6793=CARTESIAN_POINT('Origin',(-4.02544878037478,-66.3117426843492,-2.56113651475919E-8));
#6794=CARTESIAN_POINT('',(-4.76894426100305,-66.741,-3.13382920995301));
#6795=CARTESIAN_POINT('Ctrl Pts',(-4.76894426100305,-66.741,-3.13382920995301));
#6796=CARTESIAN_POINT('Ctrl Pts',(-5.27829490620099,-67.03507373206,-3.90696387294152));
#6797=CARTESIAN_POINT('Ctrl Pts',(-5.93319528153614,-67.4131806398702,-4.58427528996547));
#6798=CARTESIAN_POINT('Ctrl Pts',(-7.34127141288195,-68.2261337732534,-5.78864894086007));
#6799=CARTESIAN_POINT('Ctrl Pts',(-8.15380812752449,-68.6952520642696,-6.34506082000397));
#6800=CARTESIAN_POINT('Ctrl Pts',(-10.7010458793247,-70.1659004658489,-7.87105790697312));
#6801=CARTESIAN_POINT('Ctrl Pts',(-12.6666099360234,-71.3007194030301,-8.72811575516773));
#6802=CARTESIAN_POINT('Ctrl Pts',(-19.8750828997079,-75.4625332088633,-11.3882035510474));
#6803=CARTESIAN_POINT('Ctrl Pts',(-32.3967283173264,-82.6919085611589,-14.9623943788863));
#6804=CARTESIAN_POINT('Ctrl Pts',(-58.5544193940771,-97.7940585456671,-15.4080329047317));
#6805=CARTESIAN_POINT('',(-4.76894426060266,-66.741,-2.55163927010569E-8));
#6806=CARTESIAN_POINT('',(-67.1646239588076,-102.765162470028,-1.75461084002292E-8));
#6807=CARTESIAN_POINT('',(-4.76894426060273,-66.741,-1.64150357207571E-8));
#6808=CARTESIAN_POINT('Origin',(-62.0242393572464,-66.741,-3.21964677141295E-14));
#6809=CARTESIAN_POINT('Ctrl Pts',(-4.76894426100305,-66.741,-3.13382920995301));
#6810=CARTESIAN_POINT('Ctrl Pts',(-4.87489389311475,-66.741,-3.29464835073294));
#6811=CARTESIAN_POINT('Ctrl Pts',(-5.17903071151434,-66.741,-3.72342818485724));
#6812=CARTESIAN_POINT('Ctrl Pts',(-5.75920771156001,-66.741,-4.40754629341491));
#6813=CARTESIAN_POINT('Ctrl Pts',(-6.73276332010932,-66.741,-5.31274537591565));
#6814=CARTESIAN_POINT('Ctrl Pts',(-8.02642477783035,-66.741,-6.2729122054409));
#6815=CARTESIAN_POINT('Ctrl Pts',(-9.54119563328407,-66.741,-7.19809541431784));
#6816=CARTESIAN_POINT('Ctrl Pts',(-11.2743704390964,-66.741,-8.0867856678485));
#6817=CARTESIAN_POINT('Ctrl Pts',(-13.222660022334,-66.741,-8.93679770693902));
#6818=CARTESIAN_POINT('Ctrl Pts',(-15.3821830956327,-66.741,-9.74561380672707));
#6819=CARTESIAN_POINT('Ctrl Pts',(-17.7483647566594,-66.741,-10.5102972517248));
#6820=CARTESIAN_POINT('Ctrl Pts',(-20.3159741775577,-66.741,-11.2282438140226));
#6821=CARTESIAN_POINT('Ctrl Pts',(-23.0793483151282,-66.741,-11.8964754219637));
#6822=CARTESIAN_POINT('Ctrl Pts',(-26.0321260946135,-66.741,-12.5126777494896));
#6823=CARTESIAN_POINT('Ctrl Pts',(-29.1676058976776,-66.741,-13.0742405379132));
#6824=CARTESIAN_POINT('Ctrl Pts',(-32.4785146684527,-66.741,-13.5793582714083));
#6825=CARTESIAN_POINT('Ctrl Pts',(-35.9572219000349,-66.741,-14.0261634242659));
#6826=CARTESIAN_POINT('Ctrl Pts',(-39.5956151412533,-66.741,-14.4134461966523));
#6827=CARTESIAN_POINT('Ctrl Pts',(-43.3852462782754,-66.741,-14.7403053947343));
#6828=CARTESIAN_POINT('Ctrl Pts',(-47.3173103747153,-66.741,-15.0061678541715));
#6829=CARTESIAN_POINT('Ctrl Pts',(-51.3826355101091,-66.741,-15.2111194301605));
#6830=CARTESIAN_POINT('Ctrl Pts',(-54.7167977755546,-66.741,-15.3260592930549));
#6831=CARTESIAN_POINT('Ctrl Pts',(-57.0493474853929,-66.741,-15.3811801990387));
#6832=CARTESIAN_POINT('Ctrl Pts',(-58.3373724507732,-66.741,-15.4043351594082));
#6833=CARTESIAN_POINT('Ctrl Pts',(-58.5544193940771,-66.741,-15.4080329047317));
#6834=CARTESIAN_POINT('',(-4.79996094421743,-66.741,-2.55124306993977E-8));
#6835=CARTESIAN_POINT('',(-82.1323632844077,-66.741,-1.56341629205211E-8));
#6836=CARTESIAN_POINT('',(-4.79996094381115,-66.741,3.1805242539604));
#6837=CARTESIAN_POINT('',(-4.79996094421744,-66.741,-1.64110895547318E-8));
#6838=CARTESIAN_POINT('',(-58.5526199161715,-66.741,15.4080022424611));
#6839=CARTESIAN_POINT('Ctrl Pts',(-58.5526199161715,-66.741,15.4080022424611));
#6840=CARTESIAN_POINT('Ctrl Pts',(-58.33602396818,-66.741,15.4043109149473));
#6841=CARTESIAN_POINT('Ctrl Pts',(-57.0484530150326,-66.741,15.3811590607266));
#6842=CARTESIAN_POINT('Ctrl Pts',(-54.7163549617048,-66.741,15.3260440277622));
#6843=CARTESIAN_POINT('Ctrl Pts',(-51.3826355101091,-66.741,15.2111194301604));
#6844=CARTESIAN_POINT('Ctrl Pts',(-47.3173103747153,-66.741,15.0061678541715));
#6845=CARTESIAN_POINT('Ctrl Pts',(-43.3852462782757,-66.741,14.7403053947343));
#6846=CARTESIAN_POINT('Ctrl Pts',(-39.595615141253,-66.741,14.4134461966524));
#6847=CARTESIAN_POINT('Ctrl Pts',(-35.957221900035,-66.741,14.0261634242659));
#6848=CARTESIAN_POINT('Ctrl Pts',(-32.4785146684526,-66.741,13.5793582714083));
#6849=CARTESIAN_POINT('Ctrl Pts',(-29.1676058976776,-66.741,13.0742405379132));
#6850=CARTESIAN_POINT('Ctrl Pts',(-26.0321260946135,-66.741,12.5126777494896));
#6851=CARTESIAN_POINT('Ctrl Pts',(-23.079348315128,-66.741,11.8964754219637));
#6852=CARTESIAN_POINT('Ctrl Pts',(-20.3159741775578,-66.741,11.2282438140226));
#6853=CARTESIAN_POINT('Ctrl Pts',(-17.7483647566593,-66.741,10.5102972517248));
#6854=CARTESIAN_POINT('Ctrl Pts',(-15.3821830956332,-66.741,9.74561380672708));
#6855=CARTESIAN_POINT('Ctrl Pts',(-13.2226600223335,-66.741,8.93679770693902));
#6856=CARTESIAN_POINT('Ctrl Pts',(-11.2743704390967,-66.741,8.0867856678485));
#6857=CARTESIAN_POINT('Ctrl Pts',(-9.54119563328408,-66.741,7.19809541431781));
#6858=CARTESIAN_POINT('Ctrl Pts',(-8.0264247778305,-66.741,6.27291220544089));
#6859=CARTESIAN_POINT('Ctrl Pts',(-6.73276332010922,-66.741,5.31274537591564));
#6860=CARTESIAN_POINT('Ctrl Pts',(-5.77031440625952,-66.741,4.4178731507236));
#6861=CARTESIAN_POINT('Ctrl Pts',(-5.19783277433733,-66.741,3.74555390276511));
#6862=CARTESIAN_POINT('Ctrl Pts',(-4.89951933243421,-66.741,3.32919148068689));
#6863=CARTESIAN_POINT('Ctrl Pts',(-4.79996094381115,-66.741,3.1805242539604));
#6864=CARTESIAN_POINT('',(-58.5526199181396,-66.741,-1.86461864971465E-8));
#6865=CARTESIAN_POINT('',(-58.5526199181396,-66.741,-9.54483794707932E-9));
#6866=CARTESIAN_POINT('',(-82.1323632844077,-66.741,-1.56341629205211E-8));
#6867=CARTESIAN_POINT('Origin',(-102.240487211569,-187.825664339624,-1.30655962298304E-8));
#6868=CARTESIAN_POINT('',(-58.5526199181396,-97.7751121282522,-1.86461864971465E-8));
#6869=CARTESIAN_POINT('',(-58.5526199181396,118.193725824867,-1.86461864971465E-8));
#6870=CARTESIAN_POINT('',(-306.828329596556,-241.117159944331,1.30679962926996E-8));
#6871=CARTESIAN_POINT('Ctrl Pts',(-120.329149390931,-66.741,12.1865566684833));
#6872=CARTESIAN_POINT('Ctrl Pts',(-120.329149390931,-209.741,12.1865566684833));
#6873=CARTESIAN_POINT('Ctrl Pts',(-119.989671296327,-66.741,12.2206630656391));
#6874=CARTESIAN_POINT('Ctrl Pts',(-119.989671296327,-209.741,12.2206630656391));
#6875=CARTESIAN_POINT('Ctrl Pts',(-118.446509214199,-66.741,12.3749215462612));
#6876=CARTESIAN_POINT('Ctrl Pts',(-118.446509214199,-209.741,12.3749215462612));
#6877=CARTESIAN_POINT('Ctrl Pts',(-115.69262356605,-66.741,12.6438443115248));
#6878=CARTESIAN_POINT('Ctrl Pts',(-115.69262356605,-209.741,12.6438443115248));
#6879=CARTESIAN_POINT('Ctrl Pts',(-111.719926929456,-66.741,13.0147754432036));
#6880=CARTESIAN_POINT('Ctrl Pts',(-111.719926929456,-209.741,13.0147754432036));
#6881=CARTESIAN_POINT('Ctrl Pts',(-106.866620430091,-66.741,13.4385252573424));
#6882=CARTESIAN_POINT('Ctrl Pts',(-106.866620430091,-209.741,13.4385252573424));
#6883=CARTESIAN_POINT('Ctrl Pts',(-102.007598650055,-66.741,13.8311577996323));
#6884=CARTESIAN_POINT('Ctrl Pts',(-102.007598650055,-209.741,13.8311577996323));
#6885=CARTESIAN_POINT('Ctrl Pts',(-97.1542405405345,-66.741,14.1893232404221));
#6886=CARTESIAN_POINT('Ctrl Pts',(-97.1542405405345,-209.741,14.1893232404221));
#6887=CARTESIAN_POINT('Ctrl Pts',(-92.3178531362766,-66.741,14.509701374708));
#6888=CARTESIAN_POINT('Ctrl Pts',(-92.3178531362766,-209.741,14.509701374708));
#6889=CARTESIAN_POINT('Ctrl Pts',(-87.5097129949004,-66.741,14.7890708794963));
#6890=CARTESIAN_POINT('Ctrl Pts',(-87.5097129949004,-209.741,14.7890708794963));
#6891=CARTESIAN_POINT('Ctrl Pts',(-82.7410570642514,-66.741,15.0242642647628));
#6892=CARTESIAN_POINT('Ctrl Pts',(-82.7410570642514,-209.741,15.0242642647628));
#6893=CARTESIAN_POINT('Ctrl Pts',(-78.0230105160191,-66.741,15.2122449152599));
#6894=CARTESIAN_POINT('Ctrl Pts',(-78.0230105160191,-209.741,15.2122449152599));
#6895=CARTESIAN_POINT('Ctrl Pts',(-73.366583552918,-66.741,15.3502992349318));
#6896=CARTESIAN_POINT('Ctrl Pts',(-73.366583552918,-209.741,15.3502992349318));
#6897=CARTESIAN_POINT('Ctrl Pts',(-68.7826578443967,-66.741,15.4357856364724));
#6898=CARTESIAN_POINT('Ctrl Pts',(-68.7826578443967,-209.741,15.4357856364724));
#6899=CARTESIAN_POINT('Ctrl Pts',(-64.2818911583195,-66.741,15.4664109789263));
#6900=CARTESIAN_POINT('Ctrl Pts',(-64.2818911583195,-209.741,15.4664109789263));
#6901=CARTESIAN_POINT('Ctrl Pts',(-59.8748212107308,-66.741,15.4401811086771));
#6902=CARTESIAN_POINT('Ctrl Pts',(-59.8748212107308,-209.741,15.4401811086771));
#6903=CARTESIAN_POINT('Ctrl Pts',(-55.5717240219785,-66.741,15.3555314955831));
#6904=CARTESIAN_POINT('Ctrl Pts',(-55.5717240219785,-209.741,15.3555314955831));
#6905=CARTESIAN_POINT('Ctrl Pts',(-51.3826355101091,-66.741,15.2111194301604));
#6906=CARTESIAN_POINT('Ctrl Pts',(-51.3826355101091,-209.741,15.2111194301604));
#6907=CARTESIAN_POINT('Ctrl Pts',(-47.3173103747153,-66.741,15.0061678541715));
#6908=CARTESIAN_POINT('Ctrl Pts',(-47.3173103747153,-209.741,15.0061678541715));
#6909=CARTESIAN_POINT('Ctrl Pts',(-43.3852462782757,-66.741,14.7403053947343));
#6910=CARTESIAN_POINT('Ctrl Pts',(-43.3852462782757,-209.741,14.7403053947343));
#6911=CARTESIAN_POINT('Ctrl Pts',(-39.595615141253,-66.741,14.4134461966524));
#6912=CARTESIAN_POINT('Ctrl Pts',(-39.595615141253,-209.741,14.4134461966524));
#6913=CARTESIAN_POINT('Ctrl Pts',(-35.957221900035,-66.741,14.0261634242659));
#6914=CARTESIAN_POINT('Ctrl Pts',(-35.957221900035,-209.741,14.0261634242659));
#6915=CARTESIAN_POINT('Ctrl Pts',(-32.4785146684526,-66.741,13.5793582714083));
#6916=CARTESIAN_POINT('Ctrl Pts',(-32.4785146684526,-209.741,13.5793582714083));
#6917=CARTESIAN_POINT('Ctrl Pts',(-29.1676058976776,-66.741,13.0742405379132));
#6918=CARTESIAN_POINT('Ctrl Pts',(-29.1676058976776,-209.741,13.0742405379132));
#6919=CARTESIAN_POINT('Ctrl Pts',(-26.0321260946135,-66.741,12.5126777494896));
#6920=CARTESIAN_POINT('Ctrl Pts',(-26.0321260946135,-209.741,12.5126777494896));
#6921=CARTESIAN_POINT('Ctrl Pts',(-23.079348315128,-66.741,11.8964754219637));
#6922=CARTESIAN_POINT('Ctrl Pts',(-23.079348315128,-209.741,11.8964754219637));
#6923=CARTESIAN_POINT('Ctrl Pts',(-20.3159741775578,-66.741,11.2282438140226));
#6924=CARTESIAN_POINT('Ctrl Pts',(-20.3159741775578,-209.741,11.2282438140226));
#6925=CARTESIAN_POINT('Ctrl Pts',(-17.7483647566593,-66.741,10.5102972517248));
#6926=CARTESIAN_POINT('Ctrl Pts',(-17.7483647566593,-209.741,10.5102972517248));
#6927=CARTESIAN_POINT('Ctrl Pts',(-15.3821830956332,-66.741,9.74561380672708));
#6928=CARTESIAN_POINT('Ctrl Pts',(-15.3821830956332,-209.741,9.74561380672708));
#6929=CARTESIAN_POINT('Ctrl Pts',(-13.2226600223335,-66.741,8.93679770693902));
#6930=CARTESIAN_POINT('Ctrl Pts',(-13.2226600223335,-209.741,8.93679770693902));
#6931=CARTESIAN_POINT('Ctrl Pts',(-11.2743704390967,-66.741,8.0867856678485));
#6932=CARTESIAN_POINT('Ctrl Pts',(-11.2743704390967,-209.741,8.0867856678485));
#6933=CARTESIAN_POINT('Ctrl Pts',(-9.54119563328408,-66.741,7.19809541431781));
#6934=CARTESIAN_POINT('Ctrl Pts',(-9.54119563328408,-209.741,7.19809541431781));
#6935=CARTESIAN_POINT('Ctrl Pts',(-8.0264247778305,-66.741,6.27291220544089));
#6936=CARTESIAN_POINT('Ctrl Pts',(-8.0264247778305,-209.741,6.27291220544089));
#6937=CARTESIAN_POINT('Ctrl Pts',(-6.73276332010922,-66.741,5.31274537591564));
#6938=CARTESIAN_POINT('Ctrl Pts',(-6.73276332010922,-209.741,5.31274537591564));
#6939=CARTESIAN_POINT('Ctrl Pts',(-5.66277352507489,-66.741,4.31788306682411));
#6940=CARTESIAN_POINT('Ctrl Pts',(-5.66277352507489,-209.741,4.31788306682411));
#6941=CARTESIAN_POINT('Ctrl Pts',(-4.81983697186665,-66.741,3.28806952090833));
#6942=CARTESIAN_POINT('Ctrl Pts',(-4.81983697186665,-209.741,3.28806952090833));
#6943=CARTESIAN_POINT('Ctrl Pts',(-4.20985766894965,-66.741,2.22194218141347));
#6944=CARTESIAN_POINT('Ctrl Pts',(-4.20985766894965,-209.741,2.22194218141347));
#6945=CARTESIAN_POINT('Ctrl Pts',(-3.84088490933865,-66.741,1.12499790198429));
#6946=CARTESIAN_POINT('Ctrl Pts',(-3.84088490933865,-209.741,1.12499790198429));
#6947=CARTESIAN_POINT('Ctrl Pts',(-3.71932932355691,-66.741,9.03524777420113E-15));
#6948=CARTESIAN_POINT('Ctrl Pts',(-3.71932932355691,-209.741,9.03524777420113E-15));
#6949=CARTESIAN_POINT('Ctrl Pts',(-3.84088490933867,-66.741,-1.1249979019843));
#6950=CARTESIAN_POINT('Ctrl Pts',(-3.84088490933867,-209.741,-1.1249979019843));
#6951=CARTESIAN_POINT('Ctrl Pts',(-4.2098576689496,-66.741,-2.22194218141346));
#6952=CARTESIAN_POINT('Ctrl Pts',(-4.2098576689496,-209.741,-2.22194218141346));
#6953=CARTESIAN_POINT('Ctrl Pts',(-4.81983697186664,-66.741,-3.28806952090832));
#6954=CARTESIAN_POINT('Ctrl Pts',(-4.81983697186664,-209.741,-3.28806952090832));
#6955=CARTESIAN_POINT('Ctrl Pts',(-5.66277352507481,-66.741,-4.3178830668241));
#6956=CARTESIAN_POINT('Ctrl Pts',(-5.66277352507481,-209.741,-4.3178830668241));
#6957=CARTESIAN_POINT('Ctrl Pts',(-6.73276332010932,-66.741,-5.31274537591565));
#6958=CARTESIAN_POINT('Ctrl Pts',(-6.73276332010932,-209.741,-5.31274537591565));
#6959=CARTESIAN_POINT('Ctrl Pts',(-8.02642477783035,-66.741,-6.2729122054409));
#6960=CARTESIAN_POINT('Ctrl Pts',(-8.02642477783035,-209.741,-6.2729122054409));
#6961=CARTESIAN_POINT('Ctrl Pts',(-9.54119563328407,-66.741,-7.19809541431784));
#6962=CARTESIAN_POINT('Ctrl Pts',(-9.54119563328407,-209.741,-7.19809541431784));
#6963=CARTESIAN_POINT('Ctrl Pts',(-11.2743704390964,-66.741,-8.0867856678485));
#6964=CARTESIAN_POINT('Ctrl Pts',(-11.2743704390964,-209.741,-8.0867856678485));
#6965=CARTESIAN_POINT('Ctrl Pts',(-13.222660022334,-66.741,-8.93679770693902));
#6966=CARTESIAN_POINT('Ctrl Pts',(-13.222660022334,-209.741,-8.93679770693902));
#6967=CARTESIAN_POINT('Ctrl Pts',(-15.3821830956327,-66.741,-9.74561380672707));
#6968=CARTESIAN_POINT('Ctrl Pts',(-15.3821830956327,-209.741,-9.74561380672707));
#6969=CARTESIAN_POINT('Ctrl Pts',(-17.7483647566594,-66.741,-10.5102972517248));
#6970=CARTESIAN_POINT('Ctrl Pts',(-17.7483647566594,-209.741,-10.5102972517248));
#6971=CARTESIAN_POINT('Ctrl Pts',(-20.3159741775577,-66.741,-11.2282438140226));
#6972=CARTESIAN_POINT('Ctrl Pts',(-20.3159741775577,-209.741,-11.2282438140226));
#6973=CARTESIAN_POINT('Ctrl Pts',(-23.0793483151282,-66.741,-11.8964754219637));
#6974=CARTESIAN_POINT('Ctrl Pts',(-23.0793483151282,-209.741,-11.8964754219637));
#6975=CARTESIAN_POINT('Ctrl Pts',(-26.0321260946135,-66.741,-12.5126777494896));
#6976=CARTESIAN_POINT('Ctrl Pts',(-26.0321260946135,-209.741,-12.5126777494896));
#6977=CARTESIAN_POINT('Ctrl Pts',(-29.1676058976776,-66.741,-13.0742405379132));
#6978=CARTESIAN_POINT('Ctrl Pts',(-29.1676058976776,-209.741,-13.0742405379132));
#6979=CARTESIAN_POINT('Ctrl Pts',(-32.4785146684527,-66.741,-13.5793582714083));
#6980=CARTESIAN_POINT('Ctrl Pts',(-32.4785146684527,-209.741,-13.5793582714083));
#6981=CARTESIAN_POINT('Ctrl Pts',(-35.9572219000349,-66.741,-14.0261634242659));
#6982=CARTESIAN_POINT('Ctrl Pts',(-35.9572219000349,-209.741,-14.0261634242659));
#6983=CARTESIAN_POINT('Ctrl Pts',(-39.5956151412533,-66.741,-14.4134461966523));
#6984=CARTESIAN_POINT('Ctrl Pts',(-39.5956151412533,-209.741,-14.4134461966523));
#6985=CARTESIAN_POINT('Ctrl Pts',(-43.3852462782754,-66.741,-14.7403053947343));
#6986=CARTESIAN_POINT('Ctrl Pts',(-43.3852462782754,-209.741,-14.7403053947343));
#6987=CARTESIAN_POINT('Ctrl Pts',(-47.3173103747153,-66.741,-15.0061678541715));
#6988=CARTESIAN_POINT('Ctrl Pts',(-47.3173103747153,-209.741,-15.0061678541715));
#6989=CARTESIAN_POINT('Ctrl Pts',(-51.3826355101091,-66.741,-15.2111194301605));
#6990=CARTESIAN_POINT('Ctrl Pts',(-51.3826355101091,-209.741,-15.2111194301605));
#6991=CARTESIAN_POINT('Ctrl Pts',(-55.5717240219786,-66.741,-15.3555314955831));
#6992=CARTESIAN_POINT('Ctrl Pts',(-55.5717240219786,-209.741,-15.3555314955831));
#6993=CARTESIAN_POINT('Ctrl Pts',(-59.8748212107309,-66.741,-15.4401811086771));
#6994=CARTESIAN_POINT('Ctrl Pts',(-59.8748212107309,-209.741,-15.4401811086771));
#6995=CARTESIAN_POINT('Ctrl Pts',(-64.2818911583194,-66.741,-15.4664109789264));
#6996=CARTESIAN_POINT('Ctrl Pts',(-64.2818911583194,-209.741,-15.4664109789264));
#6997=CARTESIAN_POINT('Ctrl Pts',(-68.7826578443968,-66.741,-15.4357856364722));
#6998=CARTESIAN_POINT('Ctrl Pts',(-68.7826578443968,-209.741,-15.4357856364722));
#6999=CARTESIAN_POINT('Ctrl Pts',(-73.366583552918,-66.741,-15.3502992349322));
#7000=CARTESIAN_POINT('Ctrl Pts',(-73.366583552918,-209.741,-15.3502992349322));
#7001=CARTESIAN_POINT('Ctrl Pts',(-78.0230105160191,-66.741,-15.2122449152598));
#7002=CARTESIAN_POINT('Ctrl Pts',(-78.0230105160191,-209.741,-15.2122449152598));
#7003=CARTESIAN_POINT('Ctrl Pts',(-82.7410570642512,-66.741,-15.0242642647628));
#7004=CARTESIAN_POINT('Ctrl Pts',(-82.7410570642512,-209.741,-15.0242642647628));
#7005=CARTESIAN_POINT('Ctrl Pts',(-87.5097129949004,-66.741,-14.7890708794964));
#7006=CARTESIAN_POINT('Ctrl Pts',(-87.5097129949004,-209.741,-14.7890708794964));
#7007=CARTESIAN_POINT('Ctrl Pts',(-92.3178531362769,-66.741,-14.509701374708));
#7008=CARTESIAN_POINT('Ctrl Pts',(-92.3178531362769,-209.741,-14.509701374708));
#7009=CARTESIAN_POINT('Ctrl Pts',(-97.1542405405341,-66.741,-14.1893232404222));
#7010=CARTESIAN_POINT('Ctrl Pts',(-97.1542405405341,-209.741,-14.1893232404222));
#7011=CARTESIAN_POINT('Ctrl Pts',(-102.007598650056,-66.741,-13.8311577996323));
#7012=CARTESIAN_POINT('Ctrl Pts',(-102.007598650056,-209.741,-13.8311577996323));
#7013=CARTESIAN_POINT('Ctrl Pts',(-106.866620430091,-66.741,-13.4385252573426));
#7014=CARTESIAN_POINT('Ctrl Pts',(-106.866620430091,-209.741,-13.4385252573426));
#7015=CARTESIAN_POINT('Ctrl Pts',(-111.719926929456,-66.741,-13.0147754432037));
#7016=CARTESIAN_POINT('Ctrl Pts',(-111.719926929456,-209.741,-13.0147754432037));
#7017=CARTESIAN_POINT('Ctrl Pts',(-115.692623566051,-66.741,-12.6438443115244));
#7018=CARTESIAN_POINT('Ctrl Pts',(-115.692623566051,-209.741,-12.6438443115244));
#7019=CARTESIAN_POINT('Ctrl Pts',(-118.4465092142,-66.741,-12.3749215462614));
#7020=CARTESIAN_POINT('Ctrl Pts',(-118.4465092142,-209.741,-12.3749215462614));
#7021=CARTESIAN_POINT('Ctrl Pts',(-119.989671296329,-66.741,-12.2206630656391));
#7022=CARTESIAN_POINT('Ctrl Pts',(-119.989671296329,-209.741,-12.2206630656391));
#7023=CARTESIAN_POINT('Ctrl Pts',(-120.329149390934,-66.741,-12.1865566684832));
#7024=CARTESIAN_POINT('Ctrl Pts',(-120.329149390934,-209.741,-12.1865566684832));
#7025=CARTESIAN_POINT('Ctrl Pts',(-120.329149390931,-66.741,12.1865566684833));
#7026=CARTESIAN_POINT('Ctrl Pts',(-120.329149390931,-209.741,12.1865566684833));
#7027=CARTESIAN_POINT('Ctrl Pts',(-119.989671296327,-66.741,12.2206630656391));
#7028=CARTESIAN_POINT('Ctrl Pts',(-119.989671296327,-209.741,12.2206630656391));
#7029=CARTESIAN_POINT('Ctrl Pts',(-118.446509214199,-66.741,12.3749215462612));
#7030=CARTESIAN_POINT('Ctrl Pts',(-118.446509214199,-209.741,12.3749215462612));
#7031=CARTESIAN_POINT('Ctrl Pts',(-115.69262356605,-66.741,12.6438443115248));
#7032=CARTESIAN_POINT('Ctrl Pts',(-115.69262356605,-209.741,12.6438443115248));
#7033=CARTESIAN_POINT('Ctrl Pts',(-111.719926929456,-66.741,13.0147754432036));
#7034=CARTESIAN_POINT('Ctrl Pts',(-111.719926929456,-209.741,13.0147754432036));
#7035=CARTESIAN_POINT('Ctrl Pts',(-106.866620430091,-66.741,13.4385252573424));
#7036=CARTESIAN_POINT('Ctrl Pts',(-106.866620430091,-209.741,13.4385252573424));
#7037=CARTESIAN_POINT('Ctrl Pts',(-102.007598650055,-66.741,13.8311577996323));
#7038=CARTESIAN_POINT('Ctrl Pts',(-102.007598650055,-209.741,13.8311577996323));
#7039=CARTESIAN_POINT('Ctrl Pts',(-97.1542405405345,-66.741,14.1893232404221));
#7040=CARTESIAN_POINT('Ctrl Pts',(-97.1542405405345,-209.741,14.1893232404221));
#7041=CARTESIAN_POINT('Ctrl Pts',(-92.3178531362766,-66.741,14.509701374708));
#7042=CARTESIAN_POINT('Ctrl Pts',(-92.3178531362766,-209.741,14.509701374708));
#7043=CARTESIAN_POINT('Ctrl Pts',(-87.5097129949004,-66.741,14.7890708794963));
#7044=CARTESIAN_POINT('Ctrl Pts',(-87.5097129949004,-209.741,14.7890708794963));
#7045=CARTESIAN_POINT('Ctrl Pts',(-82.7410570642514,-66.741,15.0242642647628));
#7046=CARTESIAN_POINT('Ctrl Pts',(-82.7410570642514,-209.741,15.0242642647628));
#7047=CARTESIAN_POINT('Ctrl Pts',(-78.0230105160191,-66.741,15.2122449152599));
#7048=CARTESIAN_POINT('Ctrl Pts',(-78.0230105160191,-209.741,15.2122449152599));
#7049=CARTESIAN_POINT('Ctrl Pts',(-73.366583552918,-66.741,15.3502992349318));
#7050=CARTESIAN_POINT('Ctrl Pts',(-73.366583552918,-209.741,15.3502992349318));
#7051=CARTESIAN_POINT('Ctrl Pts',(-68.7826578443967,-66.741,15.4357856364724));
#7052=CARTESIAN_POINT('Ctrl Pts',(-68.7826578443967,-209.741,15.4357856364724));
#7053=CARTESIAN_POINT('Ctrl Pts',(-64.2818911583195,-66.741,15.4664109789263));
#7054=CARTESIAN_POINT('Ctrl Pts',(-64.2818911583195,-209.741,15.4664109789263));
#7055=CARTESIAN_POINT('Ctrl Pts',(-59.8748212107308,-66.741,15.4401811086771));
#7056=CARTESIAN_POINT('Ctrl Pts',(-59.8748212107308,-209.741,15.4401811086771));
#7057=CARTESIAN_POINT('Ctrl Pts',(-55.5717240219785,-66.741,15.3555314955831));
#7058=CARTESIAN_POINT('Ctrl Pts',(-55.5717240219785,-209.741,15.3555314955831));
#7059=CARTESIAN_POINT('Ctrl Pts',(-51.3826355101091,-66.741,15.2111194301604));
#7060=CARTESIAN_POINT('Ctrl Pts',(-51.3826355101091,-209.741,15.2111194301604));
#7061=CARTESIAN_POINT('Ctrl Pts',(-47.3173103747153,-66.741,15.0061678541715));
#7062=CARTESIAN_POINT('Ctrl Pts',(-47.3173103747153,-209.741,15.0061678541715));
#7063=CARTESIAN_POINT('Ctrl Pts',(-43.3852462782757,-66.741,14.7403053947343));
#7064=CARTESIAN_POINT('Ctrl Pts',(-43.3852462782757,-209.741,14.7403053947343));
#7065=CARTESIAN_POINT('Ctrl Pts',(-39.595615141253,-66.741,14.4134461966524));
#7066=CARTESIAN_POINT('Ctrl Pts',(-39.595615141253,-209.741,14.4134461966524));
#7067=CARTESIAN_POINT('Ctrl Pts',(-35.957221900035,-66.741,14.0261634242659));
#7068=CARTESIAN_POINT('Ctrl Pts',(-35.957221900035,-209.741,14.0261634242659));
#7069=CARTESIAN_POINT('Ctrl Pts',(-32.4785146684526,-66.741,13.5793582714083));
#7070=CARTESIAN_POINT('Ctrl Pts',(-32.4785146684526,-209.741,13.5793582714083));
#7071=CARTESIAN_POINT('Ctrl Pts',(-29.1676058976776,-66.741,13.0742405379132));
#7072=CARTESIAN_POINT('Ctrl Pts',(-29.1676058976776,-209.741,13.0742405379132));
#7073=CARTESIAN_POINT('Ctrl Pts',(-26.0321260946135,-66.741,12.5126777494896));
#7074=CARTESIAN_POINT('Ctrl Pts',(-26.0321260946135,-209.741,12.5126777494896));
#7075=CARTESIAN_POINT('Ctrl Pts',(-23.079348315128,-66.741,11.8964754219637));
#7076=CARTESIAN_POINT('Ctrl Pts',(-23.079348315128,-209.741,11.8964754219637));
#7077=CARTESIAN_POINT('Ctrl Pts',(-20.3159741775578,-66.741,11.2282438140226));
#7078=CARTESIAN_POINT('Ctrl Pts',(-20.3159741775578,-209.741,11.2282438140226));
#7079=CARTESIAN_POINT('Ctrl Pts',(-17.7483647566593,-66.741,10.5102972517248));
#7080=CARTESIAN_POINT('Ctrl Pts',(-17.7483647566593,-209.741,10.5102972517248));
#7081=CARTESIAN_POINT('Ctrl Pts',(-15.3821830956332,-66.741,9.74561380672708));
#7082=CARTESIAN_POINT('Ctrl Pts',(-15.3821830956332,-209.741,9.74561380672708));
#7083=CARTESIAN_POINT('Ctrl Pts',(-13.2226600223335,-66.741,8.93679770693902));
#7084=CARTESIAN_POINT('Ctrl Pts',(-13.2226600223335,-209.741,8.93679770693902));
#7085=CARTESIAN_POINT('Ctrl Pts',(-11.2743704390967,-66.741,8.0867856678485));
#7086=CARTESIAN_POINT('Ctrl Pts',(-11.2743704390967,-209.741,8.0867856678485));
#7087=CARTESIAN_POINT('Ctrl Pts',(-9.54119563328408,-66.741,7.19809541431781));
#7088=CARTESIAN_POINT('Ctrl Pts',(-9.54119563328408,-209.741,7.19809541431781));
#7089=CARTESIAN_POINT('Ctrl Pts',(-8.0264247778305,-66.741,6.27291220544089));
#7090=CARTESIAN_POINT('Ctrl Pts',(-8.0264247778305,-209.741,6.27291220544089));
#7091=CARTESIAN_POINT('Ctrl Pts',(-6.73276332010922,-66.741,5.31274537591564));
#7092=CARTESIAN_POINT('Ctrl Pts',(-6.73276332010922,-209.741,5.31274537591564));
#7093=CARTESIAN_POINT('Ctrl Pts',(-5.66277352507489,-66.741,4.31788306682411));
#7094=CARTESIAN_POINT('Ctrl Pts',(-5.66277352507489,-209.741,4.31788306682411));
#7095=CARTESIAN_POINT('Ctrl Pts',(-4.81983697186665,-66.741,3.28806952090833));
#7096=CARTESIAN_POINT('Ctrl Pts',(-4.81983697186665,-209.741,3.28806952090833));
#7097=CARTESIAN_POINT('Ctrl Pts',(-4.20985766894965,-66.741,2.22194218141347));
#7098=CARTESIAN_POINT('Ctrl Pts',(-4.20985766894965,-209.741,2.22194218141347));
#7099=CARTESIAN_POINT('Ctrl Pts',(-3.84088490933865,-66.741,1.12499790198429));
#7100=CARTESIAN_POINT('Ctrl Pts',(-3.84088490933865,-209.741,1.12499790198429));
#7101=CARTESIAN_POINT('Ctrl Pts',(-3.71932932355691,-66.741,9.03524777420113E-15));
#7102=CARTESIAN_POINT('Ctrl Pts',(-3.71932932355691,-209.741,9.03524777420113E-15));
#7103=CARTESIAN_POINT('Ctrl Pts',(-3.84088490933867,-66.741,-1.1249979019843));
#7104=CARTESIAN_POINT('Ctrl Pts',(-3.84088490933867,-209.741,-1.1249979019843));
#7105=CARTESIAN_POINT('Ctrl Pts',(-4.2098576689496,-66.741,-2.22194218141346));
#7106=CARTESIAN_POINT('Ctrl Pts',(-4.2098576689496,-209.741,-2.22194218141346));
#7107=CARTESIAN_POINT('Ctrl Pts',(-4.81983697186664,-66.741,-3.28806952090832));
#7108=CARTESIAN_POINT('Ctrl Pts',(-4.81983697186664,-209.741,-3.28806952090832));
#7109=CARTESIAN_POINT('Ctrl Pts',(-5.66277352507481,-66.741,-4.3178830668241));
#7110=CARTESIAN_POINT('Ctrl Pts',(-5.66277352507481,-209.741,-4.3178830668241));
#7111=CARTESIAN_POINT('Ctrl Pts',(-6.73276332010932,-66.741,-5.31274537591565));
#7112=CARTESIAN_POINT('Ctrl Pts',(-6.73276332010932,-209.741,-5.31274537591565));
#7113=CARTESIAN_POINT('Ctrl Pts',(-8.02642477783035,-66.741,-6.2729122054409));
#7114=CARTESIAN_POINT('Ctrl Pts',(-8.02642477783035,-209.741,-6.2729122054409));
#7115=CARTESIAN_POINT('Ctrl Pts',(-9.54119563328407,-66.741,-7.19809541431784));
#7116=CARTESIAN_POINT('Ctrl Pts',(-9.54119563328407,-209.741,-7.19809541431784));
#7117=CARTESIAN_POINT('Ctrl Pts',(-11.2743704390964,-66.741,-8.0867856678485));
#7118=CARTESIAN_POINT('Ctrl Pts',(-11.2743704390964,-209.741,-8.0867856678485));
#7119=CARTESIAN_POINT('Ctrl Pts',(-13.222660022334,-66.741,-8.93679770693902));
#7120=CARTESIAN_POINT('Ctrl Pts',(-13.222660022334,-209.741,-8.93679770693902));
#7121=CARTESIAN_POINT('Ctrl Pts',(-15.3821830956327,-66.741,-9.74561380672707));
#7122=CARTESIAN_POINT('Ctrl Pts',(-15.3821830956327,-209.741,-9.74561380672707));
#7123=CARTESIAN_POINT('Ctrl Pts',(-17.7483647566594,-66.741,-10.5102972517248));
#7124=CARTESIAN_POINT('Ctrl Pts',(-17.7483647566594,-209.741,-10.5102972517248));
#7125=CARTESIAN_POINT('Ctrl Pts',(-20.3159741775577,-66.741,-11.2282438140226));
#7126=CARTESIAN_POINT('Ctrl Pts',(-20.3159741775577,-209.741,-11.2282438140226));
#7127=CARTESIAN_POINT('Ctrl Pts',(-23.0793483151282,-66.741,-11.8964754219637));
#7128=CARTESIAN_POINT('Ctrl Pts',(-23.0793483151282,-209.741,-11.8964754219637));
#7129=CARTESIAN_POINT('Ctrl Pts',(-26.0321260946135,-66.741,-12.5126777494896));
#7130=CARTESIAN_POINT('Ctrl Pts',(-26.0321260946135,-209.741,-12.5126777494896));
#7131=CARTESIAN_POINT('Ctrl Pts',(-29.1676058976776,-66.741,-13.0742405379132));
#7132=CARTESIAN_POINT('Ctrl Pts',(-29.1676058976776,-209.741,-13.0742405379132));
#7133=CARTESIAN_POINT('Ctrl Pts',(-32.4785146684527,-66.741,-13.5793582714083));
#7134=CARTESIAN_POINT('Ctrl Pts',(-32.4785146684527,-209.741,-13.5793582714083));
#7135=CARTESIAN_POINT('Ctrl Pts',(-35.9572219000349,-66.741,-14.0261634242659));
#7136=CARTESIAN_POINT('Ctrl Pts',(-35.9572219000349,-209.741,-14.0261634242659));
#7137=CARTESIAN_POINT('Ctrl Pts',(-39.5956151412533,-66.741,-14.4134461966523));
#7138=CARTESIAN_POINT('Ctrl Pts',(-39.5956151412533,-209.741,-14.4134461966523));
#7139=CARTESIAN_POINT('Ctrl Pts',(-43.3852462782754,-66.741,-14.7403053947343));
#7140=CARTESIAN_POINT('Ctrl Pts',(-43.3852462782754,-209.741,-14.7403053947343));
#7141=CARTESIAN_POINT('Ctrl Pts',(-47.3173103747153,-66.741,-15.0061678541715));
#7142=CARTESIAN_POINT('Ctrl Pts',(-47.3173103747153,-209.741,-15.0061678541715));
#7143=CARTESIAN_POINT('Ctrl Pts',(-51.3826355101091,-66.741,-15.2111194301605));
#7144=CARTESIAN_POINT('Ctrl Pts',(-51.3826355101091,-209.741,-15.2111194301605));
#7145=CARTESIAN_POINT('Ctrl Pts',(-55.5717240219786,-66.741,-15.3555314955831));
#7146=CARTESIAN_POINT('Ctrl Pts',(-55.5717240219786,-209.741,-15.3555314955831));
#7147=CARTESIAN_POINT('Ctrl Pts',(-59.8748212107309,-66.741,-15.4401811086771));
#7148=CARTESIAN_POINT('Ctrl Pts',(-59.8748212107309,-209.741,-15.4401811086771));
#7149=CARTESIAN_POINT('Ctrl Pts',(-64.2818911583194,-66.741,-15.4664109789264));
#7150=CARTESIAN_POINT('Ctrl Pts',(-64.2818911583194,-209.741,-15.4664109789264));
#7151=CARTESIAN_POINT('Ctrl Pts',(-68.7826578443968,-66.741,-15.4357856364722));
#7152=CARTESIAN_POINT('Ctrl Pts',(-68.7826578443968,-209.741,-15.4357856364722));
#7153=CARTESIAN_POINT('Ctrl Pts',(-73.366583552918,-66.741,-15.3502992349322));
#7154=CARTESIAN_POINT('Ctrl Pts',(-73.366583552918,-209.741,-15.3502992349322));
#7155=CARTESIAN_POINT('Ctrl Pts',(-78.0230105160191,-66.741,-15.2122449152598));
#7156=CARTESIAN_POINT('Ctrl Pts',(-78.0230105160191,-209.741,-15.2122449152598));
#7157=CARTESIAN_POINT('Ctrl Pts',(-82.7410570642512,-66.741,-15.0242642647628));
#7158=CARTESIAN_POINT('Ctrl Pts',(-82.7410570642512,-209.741,-15.0242642647628));
#7159=CARTESIAN_POINT('Ctrl Pts',(-87.5097129949004,-66.741,-14.7890708794964));
#7160=CARTESIAN_POINT('Ctrl Pts',(-87.5097129949004,-209.741,-14.7890708794964));
#7161=CARTESIAN_POINT('Ctrl Pts',(-92.3178531362769,-66.741,-14.509701374708));
#7162=CARTESIAN_POINT('Ctrl Pts',(-92.3178531362769,-209.741,-14.509701374708));
#7163=CARTESIAN_POINT('Ctrl Pts',(-97.1542405405341,-66.741,-14.1893232404222));
#7164=CARTESIAN_POINT('Ctrl Pts',(-97.1542405405341,-209.741,-14.1893232404222));
#7165=CARTESIAN_POINT('Ctrl Pts',(-102.007598650056,-66.741,-13.8311577996323));
#7166=CARTESIAN_POINT('Ctrl Pts',(-102.007598650056,-209.741,-13.8311577996323));
#7167=CARTESIAN_POINT('Ctrl Pts',(-106.866620430091,-66.741,-13.4385252573426));
#7168=CARTESIAN_POINT('Ctrl Pts',(-106.866620430091,-209.741,-13.4385252573426));
#7169=CARTESIAN_POINT('Ctrl Pts',(-111.719926929456,-66.741,-13.0147754432037));
#7170=CARTESIAN_POINT('Ctrl Pts',(-111.719926929456,-209.741,-13.0147754432037));
#7171=CARTESIAN_POINT('Ctrl Pts',(-115.692623566051,-66.741,-12.6438443115244));
#7172=CARTESIAN_POINT('Ctrl Pts',(-115.692623566051,-209.741,-12.6438443115244));
#7173=CARTESIAN_POINT('Ctrl Pts',(-118.4465092142,-66.741,-12.3749215462614));
#7174=CARTESIAN_POINT('Ctrl Pts',(-118.4465092142,-209.741,-12.3749215462614));
#7175=CARTESIAN_POINT('Ctrl Pts',(-119.989671296329,-66.741,-12.2206630656391));
#7176=CARTESIAN_POINT('Ctrl Pts',(-119.989671296329,-209.741,-12.2206630656391));
#7177=CARTESIAN_POINT('Ctrl Pts',(-120.329149390934,-66.741,-12.1865566684832));
#7178=CARTESIAN_POINT('Ctrl Pts',(-120.329149390934,-209.741,-12.1865566684832));
#7179=CARTESIAN_POINT('',(-58.5526199161715,-97.7751121282522,15.4080022424611));
#7180=CARTESIAN_POINT('Ctrl Pts',(-58.5526199161715,-97.7751121282522,15.4080022424611));
#7181=CARTESIAN_POINT('Ctrl Pts',(-48.0580085730168,-91.7160454442281,15.2291482613156));
#7182=CARTESIAN_POINT('Ctrl Pts',(-36.4804384706865,-85.0317322290319,14.4955493968561));
#7183=CARTESIAN_POINT('Ctrl Pts',(-22.2380938588113,-76.8089107332731,11.7674231216272));
#7184=CARTESIAN_POINT('Ctrl Pts',(-16.3669128160117,-73.4191827776516,10.409951218111));
#7185=CARTESIAN_POINT('Ctrl Pts',(-9.93281336842172,-69.7044537293737,7.44020733815765));
#7186=CARTESIAN_POINT('Ctrl Pts',(-8.15734044876946,-68.6793839612013,6.45944059040915));
#7187=CARTESIAN_POINT('Ctrl Pts',(-6.01528296171694,-67.4426664942996,4.66625484986844));
#7188=CARTESIAN_POINT('Ctrl Pts',(-5.33109191311272,-67.0476486081597,3.97364444530438));
#7189=CARTESIAN_POINT('Ctrl Pts',(-4.79996094381115,-66.741,3.18052425396039));
#7190=CARTESIAN_POINT('Ctrl Pts',(-58.5526199161715,-66.741,15.4080022424611));
#7191=CARTESIAN_POINT('Ctrl Pts',(-58.5526199161715,-77.0857040427508,15.4080022424611));
#7192=CARTESIAN_POINT('Ctrl Pts',(-58.5526199161715,-87.4304080855014,15.4080022424611));
#7193=CARTESIAN_POINT('Ctrl Pts',(-58.5526199161715,-97.7751121282522,15.4080022424611));
#7194=CARTESIAN_POINT('Origin',(-58.5526199181396,-163.121079556337,-1.86461864971465E-8));
#7195=CARTESIAN_POINT('',(-58.5526199181396,-97.7751121282522,-1.86461890563352E-8));
#7196=CARTESIAN_POINT('Origin',(-115.324046700707,-130.552110663447,-1.13943316598175E-8));
#7197=CARTESIAN_POINT('Origin',(-114.44475211129,-194.813066854444,-1.15066507802463E-8));
#7198=CARTESIAN_POINT('',(-114.893887745409,-194.553758274997,2.52538347288163));
#7199=CARTESIAN_POINT('',(-120.329149390936,-191.415708500124,12.1865566684771));
#7200=CARTESIAN_POINT('Origin',(-130.686749441912,-185.435745323432,4.19109191795997E-14));
#7201=CARTESIAN_POINT('',(-114.893887744107,-194.553758274997,12.7157825230636));
#7202=CARTESIAN_POINT('Ctrl Pts',(-120.329149390931,-191.415708500126,12.1865566684833));
#7203=CARTESIAN_POINT('Ctrl Pts',(-118.518432792223,-192.461126215803,12.3684742072987));
#7204=CARTESIAN_POINT('Ctrl Pts',(-116.705404422566,-193.507878172751,12.5451394480036));
#7205=CARTESIAN_POINT('Ctrl Pts',(-114.893887744107,-194.553758274997,12.7157825230636));
#7206=CARTESIAN_POINT('',(-114.893887745731,-194.553758274997,-1.14492791999215E-8));
#7207=CARTESIAN_POINT('Origin',(-115.324046700707,-194.802110663447,-1.13943316598175E-8));
#7208=CARTESIAN_POINT('',(-114.693249441912,-194.437919696277,-1.14749082880936E-8));
#7209=CARTESIAN_POINT('Origin',(-130.686749441912,-203.671771226562,4.19109191795997E-14));
#7210=CARTESIAN_POINT('',(-60.2517555506098,-163.006108544187,15.4323325045485));
#7211=CARTESIAN_POINT('Ctrl Pts',(-114.893887744107,-194.553758274997,12.7157825230636));
#7212=CARTESIAN_POINT('Ctrl Pts',(-97.3752727047328,-184.439381166307,14.366018690723));
#7213=CARTESIAN_POINT('Ctrl Pts',(-78.0227250122035,-173.266182546614,15.639023438064));
#7214=CARTESIAN_POINT('Ctrl Pts',(-60.2517555506098,-163.006108544187,15.4323325045485));
#7215=CARTESIAN_POINT('',(-60.2517555525812,-163.006108544187,-1.84291427188195E-8));
#7216=CARTESIAN_POINT('',(-60.2517555525811,-163.006108544187,-1.84291426503458E-8));
#7217=CARTESIAN_POINT('',(-306.828329596556,-305.367159944331,1.30679962926996E-8));
#7218=CARTESIAN_POINT('Origin',(-3.53978231440689,-67.1681360672311,-2.5673403093618E-8));
#7219=CARTESIAN_POINT('',(-114.893887744107,-131.458458813376,12.7157825230636));
#7220=CARTESIAN_POINT('',(-120.329149390936,-134.59650858825,12.1865566684771));
#7221=CARTESIAN_POINT('Ctrl Pts',(-114.893887744107,-131.458458813376,12.7157825230637));
#7222=CARTESIAN_POINT('Ctrl Pts',(-116.705404422566,-132.504338915622,12.5451394480037));
#7223=CARTESIAN_POINT('Ctrl Pts',(-118.518432792223,-133.55109087257,12.3684742072987));
#7224=CARTESIAN_POINT('Ctrl Pts',(-120.329149390931,-134.596508588247,12.1865566684833));
#7225=CARTESIAN_POINT('',(-114.893887745409,-131.458458813376,2.52538347288219));
#7226=CARTESIAN_POINT('Origin',(-130.686749441912,-140.576471764941,4.19109191795997E-14));
#7227=CARTESIAN_POINT('',(-114.893887745731,-131.458458813376,-1.14492691667955E-8));
#7228=CARTESIAN_POINT('Origin',(-3.66048772498946,-195.679092258229,-2.56579844549606E-8));
#7229=CARTESIAN_POINT('Ctrl Pts',(-60.2517555506098,-163.006108544187,15.4323325045485));
#7230=CARTESIAN_POINT('Ctrl Pts',(-78.0227250093213,-152.746034543424,15.6390234380306));
#7231=CARTESIAN_POINT('Ctrl Pts',(-97.3752723221655,-141.572836142942,14.3660187267604));
#7232=CARTESIAN_POINT('Ctrl Pts',(-114.893887744107,-131.458458813376,12.7157825230636));
#7233=CARTESIAN_POINT('',(-114.693249441912,-131.574297392096,-1.14749082880936E-8));
#7234=CARTESIAN_POINT('Origin',(-130.686749441912,-122.340445861812,4.19109191795997E-14));
#7235=CARTESIAN_POINT('',(102.347355173418,-256.882748891836,-3.91991887523604E-8));
#7236=CARTESIAN_POINT('Ctrl Pts',(-120.329149390931,-66.741,12.1865566684833));
#7237=CARTESIAN_POINT('Ctrl Pts',(-120.329149390931,-209.741,12.1865566684833));
#7238=CARTESIAN_POINT('Ctrl Pts',(-119.989671296327,-66.741,12.2206630656391));
#7239=CARTESIAN_POINT('Ctrl Pts',(-119.989671296327,-209.741,12.2206630656391));
#7240=CARTESIAN_POINT('Ctrl Pts',(-118.446509214199,-66.741,12.3749215462612));
#7241=CARTESIAN_POINT('Ctrl Pts',(-118.446509214199,-209.741,12.3749215462612));
#7242=CARTESIAN_POINT('Ctrl Pts',(-115.69262356605,-66.741,12.6438443115248));
#7243=CARTESIAN_POINT('Ctrl Pts',(-115.69262356605,-209.741,12.6438443115248));
#7244=CARTESIAN_POINT('Ctrl Pts',(-111.719926929456,-66.741,13.0147754432036));
#7245=CARTESIAN_POINT('Ctrl Pts',(-111.719926929456,-209.741,13.0147754432036));
#7246=CARTESIAN_POINT('Ctrl Pts',(-106.866620430091,-66.741,13.4385252573424));
#7247=CARTESIAN_POINT('Ctrl Pts',(-106.866620430091,-209.741,13.4385252573424));
#7248=CARTESIAN_POINT('Ctrl Pts',(-102.007598650055,-66.741,13.8311577996323));
#7249=CARTESIAN_POINT('Ctrl Pts',(-102.007598650055,-209.741,13.8311577996323));
#7250=CARTESIAN_POINT('Ctrl Pts',(-97.1542405405345,-66.741,14.1893232404221));
#7251=CARTESIAN_POINT('Ctrl Pts',(-97.1542405405345,-209.741,14.1893232404221));
#7252=CARTESIAN_POINT('Ctrl Pts',(-92.3178531362766,-66.741,14.509701374708));
#7253=CARTESIAN_POINT('Ctrl Pts',(-92.3178531362766,-209.741,14.509701374708));
#7254=CARTESIAN_POINT('Ctrl Pts',(-87.5097129949004,-66.741,14.7890708794963));
#7255=CARTESIAN_POINT('Ctrl Pts',(-87.5097129949004,-209.741,14.7890708794963));
#7256=CARTESIAN_POINT('Ctrl Pts',(-82.7410570642514,-66.741,15.0242642647628));
#7257=CARTESIAN_POINT('Ctrl Pts',(-82.7410570642514,-209.741,15.0242642647628));
#7258=CARTESIAN_POINT('Ctrl Pts',(-78.0230105160191,-66.741,15.2122449152599));
#7259=CARTESIAN_POINT('Ctrl Pts',(-78.0230105160191,-209.741,15.2122449152599));
#7260=CARTESIAN_POINT('Ctrl Pts',(-73.366583552918,-66.741,15.3502992349318));
#7261=CARTESIAN_POINT('Ctrl Pts',(-73.366583552918,-209.741,15.3502992349318));
#7262=CARTESIAN_POINT('Ctrl Pts',(-68.7826578443967,-66.741,15.4357856364724));
#7263=CARTESIAN_POINT('Ctrl Pts',(-68.7826578443967,-209.741,15.4357856364724));
#7264=CARTESIAN_POINT('Ctrl Pts',(-64.2818911583195,-66.741,15.4664109789263));
#7265=CARTESIAN_POINT('Ctrl Pts',(-64.2818911583195,-209.741,15.4664109789263));
#7266=CARTESIAN_POINT('Ctrl Pts',(-59.8748212107308,-66.741,15.4401811086771));
#7267=CARTESIAN_POINT('Ctrl Pts',(-59.8748212107308,-209.741,15.4401811086771));
#7268=CARTESIAN_POINT('Ctrl Pts',(-55.5717240219785,-66.741,15.3555314955831));
#7269=CARTESIAN_POINT('Ctrl Pts',(-55.5717240219785,-209.741,15.3555314955831));
#7270=CARTESIAN_POINT('Ctrl Pts',(-51.3826355101091,-66.741,15.2111194301604));
#7271=CARTESIAN_POINT('Ctrl Pts',(-51.3826355101091,-209.741,15.2111194301604));
#7272=CARTESIAN_POINT('Ctrl Pts',(-47.3173103747153,-66.741,15.0061678541715));
#7273=CARTESIAN_POINT('Ctrl Pts',(-47.3173103747153,-209.741,15.0061678541715));
#7274=CARTESIAN_POINT('Ctrl Pts',(-43.3852462782757,-66.741,14.7403053947343));
#7275=CARTESIAN_POINT('Ctrl Pts',(-43.3852462782757,-209.741,14.7403053947343));
#7276=CARTESIAN_POINT('Ctrl Pts',(-39.595615141253,-66.741,14.4134461966524));
#7277=CARTESIAN_POINT('Ctrl Pts',(-39.595615141253,-209.741,14.4134461966524));
#7278=CARTESIAN_POINT('Ctrl Pts',(-35.957221900035,-66.741,14.0261634242659));
#7279=CARTESIAN_POINT('Ctrl Pts',(-35.957221900035,-209.741,14.0261634242659));
#7280=CARTESIAN_POINT('Ctrl Pts',(-32.4785146684526,-66.741,13.5793582714083));
#7281=CARTESIAN_POINT('Ctrl Pts',(-32.4785146684526,-209.741,13.5793582714083));
#7282=CARTESIAN_POINT('Ctrl Pts',(-29.1676058976776,-66.741,13.0742405379132));
#7283=CARTESIAN_POINT('Ctrl Pts',(-29.1676058976776,-209.741,13.0742405379132));
#7284=CARTESIAN_POINT('Ctrl Pts',(-26.0321260946135,-66.741,12.5126777494896));
#7285=CARTESIAN_POINT('Ctrl Pts',(-26.0321260946135,-209.741,12.5126777494896));
#7286=CARTESIAN_POINT('Ctrl Pts',(-23.079348315128,-66.741,11.8964754219637));
#7287=CARTESIAN_POINT('Ctrl Pts',(-23.079348315128,-209.741,11.8964754219637));
#7288=CARTESIAN_POINT('Ctrl Pts',(-20.3159741775578,-66.741,11.2282438140226));
#7289=CARTESIAN_POINT('Ctrl Pts',(-20.3159741775578,-209.741,11.2282438140226));
#7290=CARTESIAN_POINT('Ctrl Pts',(-17.7483647566593,-66.741,10.5102972517248));
#7291=CARTESIAN_POINT('Ctrl Pts',(-17.7483647566593,-209.741,10.5102972517248));
#7292=CARTESIAN_POINT('Ctrl Pts',(-15.3821830956332,-66.741,9.74561380672708));
#7293=CARTESIAN_POINT('Ctrl Pts',(-15.3821830956332,-209.741,9.74561380672708));
#7294=CARTESIAN_POINT('Ctrl Pts',(-13.2226600223335,-66.741,8.93679770693902));
#7295=CARTESIAN_POINT('Ctrl Pts',(-13.2226600223335,-209.741,8.93679770693902));
#7296=CARTESIAN_POINT('Ctrl Pts',(-11.2743704390967,-66.741,8.0867856678485));
#7297=CARTESIAN_POINT('Ctrl Pts',(-11.2743704390967,-209.741,8.0867856678485));
#7298=CARTESIAN_POINT('Ctrl Pts',(-9.54119563328408,-66.741,7.19809541431781));
#7299=CARTESIAN_POINT('Ctrl Pts',(-9.54119563328408,-209.741,7.19809541431781));
#7300=CARTESIAN_POINT('Ctrl Pts',(-8.0264247778305,-66.741,6.27291220544089));
#7301=CARTESIAN_POINT('Ctrl Pts',(-8.0264247778305,-209.741,6.27291220544089));
#7302=CARTESIAN_POINT('Ctrl Pts',(-6.73276332010922,-66.741,5.31274537591564));
#7303=CARTESIAN_POINT('Ctrl Pts',(-6.73276332010922,-209.741,5.31274537591564));
#7304=CARTESIAN_POINT('Ctrl Pts',(-5.66277352507489,-66.741,4.31788306682411));
#7305=CARTESIAN_POINT('Ctrl Pts',(-5.66277352507489,-209.741,4.31788306682411));
#7306=CARTESIAN_POINT('Ctrl Pts',(-4.81983697186665,-66.741,3.28806952090833));
#7307=CARTESIAN_POINT('Ctrl Pts',(-4.81983697186665,-209.741,3.28806952090833));
#7308=CARTESIAN_POINT('Ctrl Pts',(-4.20985766894965,-66.741,2.22194218141347));
#7309=CARTESIAN_POINT('Ctrl Pts',(-4.20985766894965,-209.741,2.22194218141347));
#7310=CARTESIAN_POINT('Ctrl Pts',(-3.84088490933865,-66.741,1.12499790198429));
#7311=CARTESIAN_POINT('Ctrl Pts',(-3.84088490933865,-209.741,1.12499790198429));
#7312=CARTESIAN_POINT('Ctrl Pts',(-3.71932932355691,-66.741,9.03524777420113E-15));
#7313=CARTESIAN_POINT('Ctrl Pts',(-3.71932932355691,-209.741,9.03524777420113E-15));
#7314=CARTESIAN_POINT('Ctrl Pts',(-3.84088490933867,-66.741,-1.1249979019843));
#7315=CARTESIAN_POINT('Ctrl Pts',(-3.84088490933867,-209.741,-1.1249979019843));
#7316=CARTESIAN_POINT('Ctrl Pts',(-4.2098576689496,-66.741,-2.22194218141346));
#7317=CARTESIAN_POINT('Ctrl Pts',(-4.2098576689496,-209.741,-2.22194218141346));
#7318=CARTESIAN_POINT('Ctrl Pts',(-4.81983697186664,-66.741,-3.28806952090832));
#7319=CARTESIAN_POINT('Ctrl Pts',(-4.81983697186664,-209.741,-3.28806952090832));
#7320=CARTESIAN_POINT('Ctrl Pts',(-5.66277352507481,-66.741,-4.3178830668241));
#7321=CARTESIAN_POINT('Ctrl Pts',(-5.66277352507481,-209.741,-4.3178830668241));
#7322=CARTESIAN_POINT('Ctrl Pts',(-6.73276332010932,-66.741,-5.31274537591565));
#7323=CARTESIAN_POINT('Ctrl Pts',(-6.73276332010932,-209.741,-5.31274537591565));
#7324=CARTESIAN_POINT('Ctrl Pts',(-8.02642477783035,-66.741,-6.2729122054409));
#7325=CARTESIAN_POINT('Ctrl Pts',(-8.02642477783035,-209.741,-6.2729122054409));
#7326=CARTESIAN_POINT('Ctrl Pts',(-9.54119563328407,-66.741,-7.19809541431784));
#7327=CARTESIAN_POINT('Ctrl Pts',(-9.54119563328407,-209.741,-7.19809541431784));
#7328=CARTESIAN_POINT('Ctrl Pts',(-11.2743704390964,-66.741,-8.0867856678485));
#7329=CARTESIAN_POINT('Ctrl Pts',(-11.2743704390964,-209.741,-8.0867856678485));
#7330=CARTESIAN_POINT('Ctrl Pts',(-13.222660022334,-66.741,-8.93679770693902));
#7331=CARTESIAN_POINT('Ctrl Pts',(-13.222660022334,-209.741,-8.93679770693902));
#7332=CARTESIAN_POINT('Ctrl Pts',(-15.3821830956327,-66.741,-9.74561380672707));
#7333=CARTESIAN_POINT('Ctrl Pts',(-15.3821830956327,-209.741,-9.74561380672707));
#7334=CARTESIAN_POINT('Ctrl Pts',(-17.7483647566594,-66.741,-10.5102972517248));
#7335=CARTESIAN_POINT('Ctrl Pts',(-17.7483647566594,-209.741,-10.5102972517248));
#7336=CARTESIAN_POINT('Ctrl Pts',(-20.3159741775577,-66.741,-11.2282438140226));
#7337=CARTESIAN_POINT('Ctrl Pts',(-20.3159741775577,-209.741,-11.2282438140226));
#7338=CARTESIAN_POINT('Ctrl Pts',(-23.0793483151282,-66.741,-11.8964754219637));
#7339=CARTESIAN_POINT('Ctrl Pts',(-23.0793483151282,-209.741,-11.8964754219637));
#7340=CARTESIAN_POINT('Ctrl Pts',(-26.0321260946135,-66.741,-12.5126777494896));
#7341=CARTESIAN_POINT('Ctrl Pts',(-26.0321260946135,-209.741,-12.5126777494896));
#7342=CARTESIAN_POINT('Ctrl Pts',(-29.1676058976776,-66.741,-13.0742405379132));
#7343=CARTESIAN_POINT('Ctrl Pts',(-29.1676058976776,-209.741,-13.0742405379132));
#7344=CARTESIAN_POINT('Ctrl Pts',(-32.4785146684527,-66.741,-13.5793582714083));
#7345=CARTESIAN_POINT('Ctrl Pts',(-32.4785146684527,-209.741,-13.5793582714083));
#7346=CARTESIAN_POINT('Ctrl Pts',(-35.9572219000349,-66.741,-14.0261634242659));
#7347=CARTESIAN_POINT('Ctrl Pts',(-35.9572219000349,-209.741,-14.0261634242659));
#7348=CARTESIAN_POINT('Ctrl Pts',(-39.5956151412533,-66.741,-14.4134461966523));
#7349=CARTESIAN_POINT('Ctrl Pts',(-39.5956151412533,-209.741,-14.4134461966523));
#7350=CARTESIAN_POINT('Ctrl Pts',(-43.3852462782754,-66.741,-14.7403053947343));
#7351=CARTESIAN_POINT('Ctrl Pts',(-43.3852462782754,-209.741,-14.7403053947343));
#7352=CARTESIAN_POINT('Ctrl Pts',(-47.3173103747153,-66.741,-15.0061678541715));
#7353=CARTESIAN_POINT('Ctrl Pts',(-47.3173103747153,-209.741,-15.0061678541715));
#7354=CARTESIAN_POINT('Ctrl Pts',(-51.3826355101091,-66.741,-15.2111194301605));
#7355=CARTESIAN_POINT('Ctrl Pts',(-51.3826355101091,-209.741,-15.2111194301605));
#7356=CARTESIAN_POINT('Ctrl Pts',(-55.5717240219786,-66.741,-15.3555314955831));
#7357=CARTESIAN_POINT('Ctrl Pts',(-55.5717240219786,-209.741,-15.3555314955831));
#7358=CARTESIAN_POINT('Ctrl Pts',(-59.8748212107309,-66.741,-15.4401811086771));
#7359=CARTESIAN_POINT('Ctrl Pts',(-59.8748212107309,-209.741,-15.4401811086771));
#7360=CARTESIAN_POINT('Ctrl Pts',(-64.2818911583194,-66.741,-15.4664109789264));
#7361=CARTESIAN_POINT('Ctrl Pts',(-64.2818911583194,-209.741,-15.4664109789264));
#7362=CARTESIAN_POINT('Ctrl Pts',(-68.7826578443968,-66.741,-15.4357856364722));
#7363=CARTESIAN_POINT('Ctrl Pts',(-68.7826578443968,-209.741,-15.4357856364722));
#7364=CARTESIAN_POINT('Ctrl Pts',(-73.366583552918,-66.741,-15.3502992349322));
#7365=CARTESIAN_POINT('Ctrl Pts',(-73.366583552918,-209.741,-15.3502992349322));
#7366=CARTESIAN_POINT('Ctrl Pts',(-78.0230105160191,-66.741,-15.2122449152598));
#7367=CARTESIAN_POINT('Ctrl Pts',(-78.0230105160191,-209.741,-15.2122449152598));
#7368=CARTESIAN_POINT('Ctrl Pts',(-82.7410570642512,-66.741,-15.0242642647628));
#7369=CARTESIAN_POINT('Ctrl Pts',(-82.7410570642512,-209.741,-15.0242642647628));
#7370=CARTESIAN_POINT('Ctrl Pts',(-87.5097129949004,-66.741,-14.7890708794964));
#7371=CARTESIAN_POINT('Ctrl Pts',(-87.5097129949004,-209.741,-14.7890708794964));
#7372=CARTESIAN_POINT('Ctrl Pts',(-92.3178531362769,-66.741,-14.509701374708));
#7373=CARTESIAN_POINT('Ctrl Pts',(-92.3178531362769,-209.741,-14.509701374708));
#7374=CARTESIAN_POINT('Ctrl Pts',(-97.1542405405341,-66.741,-14.1893232404222));
#7375=CARTESIAN_POINT('Ctrl Pts',(-97.1542405405341,-209.741,-14.1893232404222));
#7376=CARTESIAN_POINT('Ctrl Pts',(-102.007598650056,-66.741,-13.8311577996323));
#7377=CARTESIAN_POINT('Ctrl Pts',(-102.007598650056,-209.741,-13.8311577996323));
#7378=CARTESIAN_POINT('Ctrl Pts',(-106.866620430091,-66.741,-13.4385252573426));
#7379=CARTESIAN_POINT('Ctrl Pts',(-106.866620430091,-209.741,-13.4385252573426));
#7380=CARTESIAN_POINT('Ctrl Pts',(-111.719926929456,-66.741,-13.0147754432037));
#7381=CARTESIAN_POINT('Ctrl Pts',(-111.719926929456,-209.741,-13.0147754432037));
#7382=CARTESIAN_POINT('Ctrl Pts',(-115.692623566051,-66.741,-12.6438443115244));
#7383=CARTESIAN_POINT('Ctrl Pts',(-115.692623566051,-209.741,-12.6438443115244));
#7384=CARTESIAN_POINT('Ctrl Pts',(-118.4465092142,-66.741,-12.3749215462614));
#7385=CARTESIAN_POINT('Ctrl Pts',(-118.4465092142,-209.741,-12.3749215462614));
#7386=CARTESIAN_POINT('Ctrl Pts',(-119.989671296329,-66.741,-12.2206630656391));
#7387=CARTESIAN_POINT('Ctrl Pts',(-119.989671296329,-209.741,-12.2206630656391));
#7388=CARTESIAN_POINT('Ctrl Pts',(-120.329149390934,-66.741,-12.1865566684832));
#7389=CARTESIAN_POINT('Ctrl Pts',(-120.329149390934,-209.741,-12.1865566684832));
#7390=CARTESIAN_POINT('',(-120.329149390936,-66.741,12.1865566684771));
#7391=CARTESIAN_POINT('Ctrl Pts',(-120.329149390931,-66.741,12.1865566684833));
#7392=CARTESIAN_POINT('Ctrl Pts',(-120.329149390931,-209.741,12.1865566684833));
#7393=CARTESIAN_POINT('Ctrl Pts',(-119.989671296327,-66.741,12.2206630656391));
#7394=CARTESIAN_POINT('Ctrl Pts',(-119.989671296327,-209.741,12.2206630656391));
#7395=CARTESIAN_POINT('Ctrl Pts',(-118.446509214199,-66.741,12.3749215462612));
#7396=CARTESIAN_POINT('Ctrl Pts',(-118.446509214199,-209.741,12.3749215462612));
#7397=CARTESIAN_POINT('Ctrl Pts',(-115.69262356605,-66.741,12.6438443115248));
#7398=CARTESIAN_POINT('Ctrl Pts',(-115.69262356605,-209.741,12.6438443115248));
#7399=CARTESIAN_POINT('Ctrl Pts',(-111.719926929456,-66.741,13.0147754432036));
#7400=CARTESIAN_POINT('Ctrl Pts',(-111.719926929456,-209.741,13.0147754432036));
#7401=CARTESIAN_POINT('Ctrl Pts',(-106.866620430091,-66.741,13.4385252573424));
#7402=CARTESIAN_POINT('Ctrl Pts',(-106.866620430091,-209.741,13.4385252573424));
#7403=CARTESIAN_POINT('Ctrl Pts',(-102.007598650055,-66.741,13.8311577996323));
#7404=CARTESIAN_POINT('Ctrl Pts',(-102.007598650055,-209.741,13.8311577996323));
#7405=CARTESIAN_POINT('Ctrl Pts',(-97.1542405405345,-66.741,14.1893232404221));
#7406=CARTESIAN_POINT('Ctrl Pts',(-97.1542405405345,-209.741,14.1893232404221));
#7407=CARTESIAN_POINT('Ctrl Pts',(-92.3178531362766,-66.741,14.509701374708));
#7408=CARTESIAN_POINT('Ctrl Pts',(-92.3178531362766,-209.741,14.509701374708));
#7409=CARTESIAN_POINT('Ctrl Pts',(-87.5097129949004,-66.741,14.7890708794963));
#7410=CARTESIAN_POINT('Ctrl Pts',(-87.5097129949004,-209.741,14.7890708794963));
#7411=CARTESIAN_POINT('Ctrl Pts',(-82.7410570642514,-66.741,15.0242642647628));
#7412=CARTESIAN_POINT('Ctrl Pts',(-82.7410570642514,-209.741,15.0242642647628));
#7413=CARTESIAN_POINT('Ctrl Pts',(-78.0230105160191,-66.741,15.2122449152599));
#7414=CARTESIAN_POINT('Ctrl Pts',(-78.0230105160191,-209.741,15.2122449152599));
#7415=CARTESIAN_POINT('Ctrl Pts',(-73.366583552918,-66.741,15.3502992349318));
#7416=CARTESIAN_POINT('Ctrl Pts',(-73.366583552918,-209.741,15.3502992349318));
#7417=CARTESIAN_POINT('Ctrl Pts',(-68.7826578443967,-66.741,15.4357856364724));
#7418=CARTESIAN_POINT('Ctrl Pts',(-68.7826578443967,-209.741,15.4357856364724));
#7419=CARTESIAN_POINT('Ctrl Pts',(-64.2818911583195,-66.741,15.4664109789263));
#7420=CARTESIAN_POINT('Ctrl Pts',(-64.2818911583195,-209.741,15.4664109789263));
#7421=CARTESIAN_POINT('Ctrl Pts',(-59.8748212107308,-66.741,15.4401811086771));
#7422=CARTESIAN_POINT('Ctrl Pts',(-59.8748212107308,-209.741,15.4401811086771));
#7423=CARTESIAN_POINT('Ctrl Pts',(-55.5717240219785,-66.741,15.3555314955831));
#7424=CARTESIAN_POINT('Ctrl Pts',(-55.5717240219785,-209.741,15.3555314955831));
#7425=CARTESIAN_POINT('Ctrl Pts',(-51.3826355101091,-66.741,15.2111194301604));
#7426=CARTESIAN_POINT('Ctrl Pts',(-51.3826355101091,-209.741,15.2111194301604));
#7427=CARTESIAN_POINT('Ctrl Pts',(-47.3173103747153,-66.741,15.0061678541715));
#7428=CARTESIAN_POINT('Ctrl Pts',(-47.3173103747153,-209.741,15.0061678541715));
#7429=CARTESIAN_POINT('Ctrl Pts',(-43.3852462782757,-66.741,14.7403053947343));
#7430=CARTESIAN_POINT('Ctrl Pts',(-43.3852462782757,-209.741,14.7403053947343));
#7431=CARTESIAN_POINT('Ctrl Pts',(-39.595615141253,-66.741,14.4134461966524));
#7432=CARTESIAN_POINT('Ctrl Pts',(-39.595615141253,-209.741,14.4134461966524));
#7433=CARTESIAN_POINT('Ctrl Pts',(-35.957221900035,-66.741,14.0261634242659));
#7434=CARTESIAN_POINT('Ctrl Pts',(-35.957221900035,-209.741,14.0261634242659));
#7435=CARTESIAN_POINT('Ctrl Pts',(-32.4785146684526,-66.741,13.5793582714083));
#7436=CARTESIAN_POINT('Ctrl Pts',(-32.4785146684526,-209.741,13.5793582714083));
#7437=CARTESIAN_POINT('Ctrl Pts',(-29.1676058976776,-66.741,13.0742405379132));
#7438=CARTESIAN_POINT('Ctrl Pts',(-29.1676058976776,-209.741,13.0742405379132));
#7439=CARTESIAN_POINT('Ctrl Pts',(-26.0321260946135,-66.741,12.5126777494896));
#7440=CARTESIAN_POINT('Ctrl Pts',(-26.0321260946135,-209.741,12.5126777494896));
#7441=CARTESIAN_POINT('Ctrl Pts',(-23.079348315128,-66.741,11.8964754219637));
#7442=CARTESIAN_POINT('Ctrl Pts',(-23.079348315128,-209.741,11.8964754219637));
#7443=CARTESIAN_POINT('Ctrl Pts',(-20.3159741775578,-66.741,11.2282438140226));
#7444=CARTESIAN_POINT('Ctrl Pts',(-20.3159741775578,-209.741,11.2282438140226));
#7445=CARTESIAN_POINT('Ctrl Pts',(-17.7483647566593,-66.741,10.5102972517248));
#7446=CARTESIAN_POINT('Ctrl Pts',(-17.7483647566593,-209.741,10.5102972517248));
#7447=CARTESIAN_POINT('Ctrl Pts',(-15.3821830956332,-66.741,9.74561380672708));
#7448=CARTESIAN_POINT('Ctrl Pts',(-15.3821830956332,-209.741,9.74561380672708));
#7449=CARTESIAN_POINT('Ctrl Pts',(-13.2226600223335,-66.741,8.93679770693902));
#7450=CARTESIAN_POINT('Ctrl Pts',(-13.2226600223335,-209.741,8.93679770693902));
#7451=CARTESIAN_POINT('Ctrl Pts',(-11.2743704390967,-66.741,8.0867856678485));
#7452=CARTESIAN_POINT('Ctrl Pts',(-11.2743704390967,-209.741,8.0867856678485));
#7453=CARTESIAN_POINT('Ctrl Pts',(-9.54119563328408,-66.741,7.19809541431781));
#7454=CARTESIAN_POINT('Ctrl Pts',(-9.54119563328408,-209.741,7.19809541431781));
#7455=CARTESIAN_POINT('Ctrl Pts',(-8.0264247778305,-66.741,6.27291220544089));
#7456=CARTESIAN_POINT('Ctrl Pts',(-8.0264247778305,-209.741,6.27291220544089));
#7457=CARTESIAN_POINT('Ctrl Pts',(-6.73276332010922,-66.741,5.31274537591564));
#7458=CARTESIAN_POINT('Ctrl Pts',(-6.73276332010922,-209.741,5.31274537591564));
#7459=CARTESIAN_POINT('Ctrl Pts',(-5.66277352507489,-66.741,4.31788306682411));
#7460=CARTESIAN_POINT('Ctrl Pts',(-5.66277352507489,-209.741,4.31788306682411));
#7461=CARTESIAN_POINT('Ctrl Pts',(-4.81983697186665,-66.741,3.28806952090833));
#7462=CARTESIAN_POINT('Ctrl Pts',(-4.81983697186665,-209.741,3.28806952090833));
#7463=CARTESIAN_POINT('Ctrl Pts',(-4.20985766894965,-66.741,2.22194218141347));
#7464=CARTESIAN_POINT('Ctrl Pts',(-4.20985766894965,-209.741,2.22194218141347));
#7465=CARTESIAN_POINT('Ctrl Pts',(-3.84088490933865,-66.741,1.12499790198429));
#7466=CARTESIAN_POINT('Ctrl Pts',(-3.84088490933865,-209.741,1.12499790198429));
#7467=CARTESIAN_POINT('Ctrl Pts',(-3.71932932355691,-66.741,9.03524777420113E-15));
#7468=CARTESIAN_POINT('Ctrl Pts',(-3.71932932355691,-209.741,9.03524777420113E-15));
#7469=CARTESIAN_POINT('Ctrl Pts',(-3.84088490933867,-66.741,-1.1249979019843));
#7470=CARTESIAN_POINT('Ctrl Pts',(-3.84088490933867,-209.741,-1.1249979019843));
#7471=CARTESIAN_POINT('Ctrl Pts',(-4.2098576689496,-66.741,-2.22194218141346));
#7472=CARTESIAN_POINT('Ctrl Pts',(-4.2098576689496,-209.741,-2.22194218141346));
#7473=CARTESIAN_POINT('Ctrl Pts',(-4.81983697186664,-66.741,-3.28806952090832));
#7474=CARTESIAN_POINT('Ctrl Pts',(-4.81983697186664,-209.741,-3.28806952090832));
#7475=CARTESIAN_POINT('Ctrl Pts',(-5.66277352507481,-66.741,-4.3178830668241));
#7476=CARTESIAN_POINT('Ctrl Pts',(-5.66277352507481,-209.741,-4.3178830668241));
#7477=CARTESIAN_POINT('Ctrl Pts',(-6.73276332010932,-66.741,-5.31274537591565));
#7478=CARTESIAN_POINT('Ctrl Pts',(-6.73276332010932,-209.741,-5.31274537591565));
#7479=CARTESIAN_POINT('Ctrl Pts',(-8.02642477783035,-66.741,-6.2729122054409));
#7480=CARTESIAN_POINT('Ctrl Pts',(-8.02642477783035,-209.741,-6.2729122054409));
#7481=CARTESIAN_POINT('Ctrl Pts',(-9.54119563328407,-66.741,-7.19809541431784));
#7482=CARTESIAN_POINT('Ctrl Pts',(-9.54119563328407,-209.741,-7.19809541431784));
#7483=CARTESIAN_POINT('Ctrl Pts',(-11.2743704390964,-66.741,-8.0867856678485));
#7484=CARTESIAN_POINT('Ctrl Pts',(-11.2743704390964,-209.741,-8.0867856678485));
#7485=CARTESIAN_POINT('Ctrl Pts',(-13.222660022334,-66.741,-8.93679770693902));
#7486=CARTESIAN_POINT('Ctrl Pts',(-13.222660022334,-209.741,-8.93679770693902));
#7487=CARTESIAN_POINT('Ctrl Pts',(-15.3821830956327,-66.741,-9.74561380672707));
#7488=CARTESIAN_POINT('Ctrl Pts',(-15.3821830956327,-209.741,-9.74561380672707));
#7489=CARTESIAN_POINT('Ctrl Pts',(-17.7483647566594,-66.741,-10.5102972517248));
#7490=CARTESIAN_POINT('Ctrl Pts',(-17.7483647566594,-209.741,-10.5102972517248));
#7491=CARTESIAN_POINT('Ctrl Pts',(-20.3159741775577,-66.741,-11.2282438140226));
#7492=CARTESIAN_POINT('Ctrl Pts',(-20.3159741775577,-209.741,-11.2282438140226));
#7493=CARTESIAN_POINT('Ctrl Pts',(-23.0793483151282,-66.741,-11.8964754219637));
#7494=CARTESIAN_POINT('Ctrl Pts',(-23.0793483151282,-209.741,-11.8964754219637));
#7495=CARTESIAN_POINT('Ctrl Pts',(-26.0321260946135,-66.741,-12.5126777494896));
#7496=CARTESIAN_POINT('Ctrl Pts',(-26.0321260946135,-209.741,-12.5126777494896));
#7497=CARTESIAN_POINT('Ctrl Pts',(-29.1676058976776,-66.741,-13.0742405379132));
#7498=CARTESIAN_POINT('Ctrl Pts',(-29.1676058976776,-209.741,-13.0742405379132));
#7499=CARTESIAN_POINT('Ctrl Pts',(-32.4785146684527,-66.741,-13.5793582714083));
#7500=CARTESIAN_POINT('Ctrl Pts',(-32.4785146684527,-209.741,-13.5793582714083));
#7501=CARTESIAN_POINT('Ctrl Pts',(-35.9572219000349,-66.741,-14.0261634242659));
#7502=CARTESIAN_POINT('Ctrl Pts',(-35.9572219000349,-209.741,-14.0261634242659));
#7503=CARTESIAN_POINT('Ctrl Pts',(-39.5956151412533,-66.741,-14.4134461966523));
#7504=CARTESIAN_POINT('Ctrl Pts',(-39.5956151412533,-209.741,-14.4134461966523));
#7505=CARTESIAN_POINT('Ctrl Pts',(-43.3852462782754,-66.741,-14.7403053947343));
#7506=CARTESIAN_POINT('Ctrl Pts',(-43.3852462782754,-209.741,-14.7403053947343));
#7507=CARTESIAN_POINT('Ctrl Pts',(-47.3173103747153,-66.741,-15.0061678541715));
#7508=CARTESIAN_POINT('Ctrl Pts',(-47.3173103747153,-209.741,-15.0061678541715));
#7509=CARTESIAN_POINT('Ctrl Pts',(-51.3826355101091,-66.741,-15.2111194301605));
#7510=CARTESIAN_POINT('Ctrl Pts',(-51.3826355101091,-209.741,-15.2111194301605));
#7511=CARTESIAN_POINT('Ctrl Pts',(-55.5717240219786,-66.741,-15.3555314955831));
#7512=CARTESIAN_POINT('Ctrl Pts',(-55.5717240219786,-209.741,-15.3555314955831));
#7513=CARTESIAN_POINT('Ctrl Pts',(-59.8748212107309,-66.741,-15.4401811086771));
#7514=CARTESIAN_POINT('Ctrl Pts',(-59.8748212107309,-209.741,-15.4401811086771));
#7515=CARTESIAN_POINT('Ctrl Pts',(-64.2818911583194,-66.741,-15.4664109789264));
#7516=CARTESIAN_POINT('Ctrl Pts',(-64.2818911583194,-209.741,-15.4664109789264));
#7517=CARTESIAN_POINT('Ctrl Pts',(-68.7826578443968,-66.741,-15.4357856364722));
#7518=CARTESIAN_POINT('Ctrl Pts',(-68.7826578443968,-209.741,-15.4357856364722));
#7519=CARTESIAN_POINT('Ctrl Pts',(-73.366583552918,-66.741,-15.3502992349322));
#7520=CARTESIAN_POINT('Ctrl Pts',(-73.366583552918,-209.741,-15.3502992349322));
#7521=CARTESIAN_POINT('Ctrl Pts',(-78.0230105160191,-66.741,-15.2122449152598));
#7522=CARTESIAN_POINT('Ctrl Pts',(-78.0230105160191,-209.741,-15.2122449152598));
#7523=CARTESIAN_POINT('Ctrl Pts',(-82.7410570642512,-66.741,-15.0242642647628));
#7524=CARTESIAN_POINT('Ctrl Pts',(-82.7410570642512,-209.741,-15.0242642647628));
#7525=CARTESIAN_POINT('Ctrl Pts',(-87.5097129949004,-66.741,-14.7890708794964));
#7526=CARTESIAN_POINT('Ctrl Pts',(-87.5097129949004,-209.741,-14.7890708794964));
#7527=CARTESIAN_POINT('Ctrl Pts',(-92.3178531362769,-66.741,-14.509701374708));
#7528=CARTESIAN_POINT('Ctrl Pts',(-92.3178531362769,-209.741,-14.509701374708));
#7529=CARTESIAN_POINT('Ctrl Pts',(-97.1542405405341,-66.741,-14.1893232404222));
#7530=CARTESIAN_POINT('Ctrl Pts',(-97.1542405405341,-209.741,-14.1893232404222));
#7531=CARTESIAN_POINT('Ctrl Pts',(-102.007598650056,-66.741,-13.8311577996323));
#7532=CARTESIAN_POINT('Ctrl Pts',(-102.007598650056,-209.741,-13.8311577996323));
#7533=CARTESIAN_POINT('Ctrl Pts',(-106.866620430091,-66.741,-13.4385252573426));
#7534=CARTESIAN_POINT('Ctrl Pts',(-106.866620430091,-209.741,-13.4385252573426));
#7535=CARTESIAN_POINT('Ctrl Pts',(-111.719926929456,-66.741,-13.0147754432037));
#7536=CARTESIAN_POINT('Ctrl Pts',(-111.719926929456,-209.741,-13.0147754432037));
#7537=CARTESIAN_POINT('Ctrl Pts',(-115.692623566051,-66.741,-12.6438443115244));
#7538=CARTESIAN_POINT('Ctrl Pts',(-115.692623566051,-209.741,-12.6438443115244));
#7539=CARTESIAN_POINT('Ctrl Pts',(-118.4465092142,-66.741,-12.3749215462614));
#7540=CARTESIAN_POINT('Ctrl Pts',(-118.4465092142,-209.741,-12.3749215462614));
#7541=CARTESIAN_POINT('Ctrl Pts',(-119.989671296329,-66.741,-12.2206630656391));
#7542=CARTESIAN_POINT('Ctrl Pts',(-119.989671296329,-209.741,-12.2206630656391));
#7543=CARTESIAN_POINT('Ctrl Pts',(-120.329149390934,-66.741,-12.1865566684832));
#7544=CARTESIAN_POINT('Ctrl Pts',(-120.329149390934,-209.741,-12.1865566684832));
#7545=CARTESIAN_POINT('',(-120.329149390936,-134.614416077087,-12.1865566684773));
#7546=CARTESIAN_POINT('',(-114.877212656838,-131.466738936012,-12.7173531336325));
#7547=CARTESIAN_POINT('Ctrl Pts',(-120.329149390934,-134.614416077086,-12.1865566684832));
#7548=CARTESIAN_POINT('Ctrl Pts',(-118.512884191836,-133.565794875453,-12.3690316593746));
#7549=CARTESIAN_POINT('Ctrl Pts',(-116.694284259515,-132.515826179452,-12.546222995361));
#7550=CARTESIAN_POINT('Ctrl Pts',(-114.877212656838,-131.466738936012,-12.7173531336325));
#7551=CARTESIAN_POINT('',(-120.329149390936,-191.414361256557,-12.1865566684773));
#7552=CARTESIAN_POINT('',(-120.329149390936,-66.741,-12.1865566684773));
#7553=CARTESIAN_POINT('',(-114.877212656838,-194.562038397632,-12.7173531336325));
#7554=CARTESIAN_POINT('Ctrl Pts',(-114.87721265684,-194.562038397632,-12.7173531336324));
#7555=CARTESIAN_POINT('Ctrl Pts',(-116.694284259516,-193.512951154193,-12.546222995361));
#7556=CARTESIAN_POINT('Ctrl Pts',(-118.512884191835,-192.462982458191,-12.3690316593748));
#7557=CARTESIAN_POINT('Ctrl Pts',(-120.329149390934,-191.414361256558,-12.1865566684832));
#7558=CARTESIAN_POINT('',(-60.235080464035,-163.014388666822,-15.4321381252379));
#7559=CARTESIAN_POINT('Ctrl Pts',(-60.235080464035,-163.014388666822,-15.4321381252379));
#7560=CARTESIAN_POINT('Ctrl Pts',(-78.0058802458981,-173.27436470458,-15.6397530159782));
#7561=CARTESIAN_POINT('Ctrl Pts',(-97.3586728804721,-184.447704741816,-14.3672331547758));
#7562=CARTESIAN_POINT('Ctrl Pts',(-114.877212656838,-194.562038397632,-12.7173531336325));
#7563=CARTESIAN_POINT('Ctrl Pts',(-114.877212656838,-131.466738936012,-12.7173531336325));
#7564=CARTESIAN_POINT('Ctrl Pts',(-97.3586732631639,-141.58107237088,-14.3672331187342));
#7565=CARTESIAN_POINT('Ctrl Pts',(-78.0058802487751,-152.754412627403,-15.6397530160118));
#7566=CARTESIAN_POINT('Ctrl Pts',(-60.235080464035,-163.014388666822,-15.4321381252379));
#7567=CARTESIAN_POINT('Origin',(-130.686749441912,-66.741,4.19109191795997E-14));
#7568=CARTESIAN_POINT('',(-114.877212655523,-131.466738936012,-2.41879905113947));
#7569=CARTESIAN_POINT('Origin',(-130.686749441912,-140.594379255575,4.19109191795997E-14));
#7570=CARTESIAN_POINT('',(-114.693249441912,-131.572950146732,-1.14749082880936E-8));
#7571=CARTESIAN_POINT('Origin',(-130.686749441912,-122.339098616448,4.19109191795997E-14));
#7572=CARTESIAN_POINT('',(-114.693249441912,-66.741,-1.14749082890408E-8));
#7573=CARTESIAN_POINT('',(-114.693249441912,-194.455827186912,-1.14749082880936E-8));
#7574=CARTESIAN_POINT('',(-114.693249441912,-66.741,-1.14749082890408E-8));
#7575=CARTESIAN_POINT('',(-114.877212655523,-194.562038397632,-2.4187990511397));
#7576=CARTESIAN_POINT('Origin',(-130.686749441912,-203.689678717196,4.19109191795997E-14));
#7577=CARTESIAN_POINT('Origin',(-130.686749441912,-185.434398078069,4.19109191795997E-14));
#7578=CARTESIAN_POINT('Origin',(-102.240487211569,-187.825664339624,-1.30655962298304E-8));
#7579=CARTESIAN_POINT('',(-60.2350804620637,-163.014388666822,-1.84312727575148E-8));
#7580=CARTESIAN_POINT('',(-97.9710447964896,-141.227519500211,-1.36109652368059E-8));
#7581=CARTESIAN_POINT('',(-53.2540909105201,-158.983912470028,-1.93230087190369E-8));
#7582=CARTESIAN_POINT('Origin',(-4.02544878037478,-130.561742684349,-2.56113651475919E-8));
#7583=CARTESIAN_POINT('',(-114.877212655214,-194.562038397632,-1.1451441824845E-8));
#7584=CARTESIAN_POINT('',(-60.2350804620637,-163.014388666822,-1.84312729768563E-8));
#7585=CARTESIAN_POINT('Origin',(-3.16228719895872,-259.0606806823,-2.57216234737313E-8));
#7586=CARTESIAN_POINT('Origin',(-114.946551585259,-131.426706086085,-1.14425520399308E-8));
#7587=CARTESIAN_POINT('',(-114.877212655214,-131.466738936012,-1.14514092392029E-8));
#7588=CARTESIAN_POINT('Origin',(-114.809713166675,-131.427768088134,-1.14600314728776E-8));
#7589=CARTESIAN_POINT('Origin',(-114.809713166675,-131.427768088134,-1.14600314728776E-8));
#7590=CARTESIAN_POINT('',(-58.2350804640312,-98.764388666822,-15.4024264745439));
#7591=CARTESIAN_POINT('',(-3.76960000000004,-67.3187288605072,-2.56440466974619E-8));
#7592=CARTESIAN_POINT('Ctrl Pts',(-58.2350804640312,-98.764388666822,-15.4024264745439));
#7593=CARTESIAN_POINT('Ctrl Pts',(-49.1560437217454,-93.5226043596929,-15.2383011330501));
#7594=CARTESIAN_POINT('Ctrl Pts',(-35.4653517485523,-85.6182796636257,-14.5863608126232));
#7595=CARTESIAN_POINT('Ctrl Pts',(-20.0214918774393,-76.7017630099607,-11.2101066687086));
#7596=CARTESIAN_POINT('Ctrl Pts',(-14.8750710922051,-73.7304755843419,-9.8645422627446));
#7597=CARTESIAN_POINT('Ctrl Pts',(-9.21207489115807,-70.4609432034563,-7.03441451080789));
#7598=CARTESIAN_POINT('Ctrl Pts',(-7.63232707428183,-69.5488753762007,-6.09056842744641));
#7599=CARTESIAN_POINT('Ctrl Pts',(-5.71851849380768,-68.4439374772137,-4.36566364421736));
#7600=CARTESIAN_POINT('Ctrl Pts',(-5.10521967449216,-68.0898492388673,-3.69242219920832));
#7601=CARTESIAN_POINT('Ctrl Pts',(-4.32202378825034,-67.637670883212,-2.4103881878114));
#7602=CARTESIAN_POINT('Ctrl Pts',(-4.06943372585148,-67.4918379427034,-1.84779941050098));
#7603=CARTESIAN_POINT('Ctrl Pts',(-3.80596596074257,-67.3397247576741,-0.774922713861698));
#7604=CARTESIAN_POINT('Ctrl Pts',(-3.76960000176509,-67.3187288615,-0.355969993488956));
#7605=CARTESIAN_POINT('Ctrl Pts',(-3.76960000000004,-67.3187288605072,-2.56440573030009E-8));
#7606=CARTESIAN_POINT('',(-58.2350804620637,-98.764388666822,-1.86867482756871E-8));
#7607=CARTESIAN_POINT('',(102.347355173418,-6.05207622555092,-3.91991887523604E-8));
#7608=CARTESIAN_POINT('',(-58.2350804620637,-98.764388666822,-1.86867480558069E-8));
#7609=CARTESIAN_POINT('Origin',(-3.16228719895875,-130.5606806823,-2.57216234737313E-8));
#7610=CARTESIAN_POINT('',(-3.7696,-130.210048473137,-2.56440466974619E-8));
#7611=CARTESIAN_POINT('Ctrl Pts',(-3.76960000000004,-130.210048473137,-2.5644049592155E-8));
#7612=CARTESIAN_POINT('Ctrl Pts',(-3.76960000068116,-130.210048472754,-0.137365864828877));
#7613=CARTESIAN_POINT('Ctrl Pts',(-3.77507274836886,-130.206888780413,-0.274760551398004));
#7614=CARTESIAN_POINT('Ctrl Pts',(-3.81037012112416,-130.186509832784,-0.716651460329937));
#7615=CARTESIAN_POINT('Ctrl Pts',(-3.86140966134651,-130.157042140523,-1.01581770835552));
#7616=CARTESIAN_POINT('Ctrl Pts',(-4.09411028121533,-130.022692375067,-1.91108728606349));
#7617=CARTESIAN_POINT('Ctrl Pts',(-4.35131592242712,-129.874194628914,-2.46761483097217));
#7618=CARTESIAN_POINT('Ctrl Pts',(-5.27752254234896,-129.339448987686,-3.95522082636468));
#7619=CARTESIAN_POINT('Ctrl Pts',(-6.15129569347708,-128.834975823736,-4.83151886219256));
#7620=CARTESIAN_POINT('Ctrl Pts',(-9.55931773468277,-126.867353381036,-7.46060972740885));
#7621=CARTESIAN_POINT('Ctrl Pts',(-12.8020355648436,-124.995169368988,-8.83282372887628));
#7622=CARTESIAN_POINT('Ctrl Pts',(-24.2360990415003,-118.393709743099,-12.7722643767379));
#7623=CARTESIAN_POINT('Ctrl Pts',(-38.0524876286496,-110.416814073247,-15.0375777537638));
#7624=CARTESIAN_POINT('Ctrl Pts',(-58.2350804640312,-98.764388666822,-15.4024264745439));
#7625=CARTESIAN_POINT('',(-306.828329596556,44.7609906397008,1.30679962926996E-8));
#7626=CARTESIAN_POINT('Origin',(-31.1538368006349,-275.299520791834,-2.21460456542642E-8));
#7627=CARTESIAN_POINT('',(-3.76960000000004,-67.3008213698728,-2.56440466974619E-8));
#7628=CARTESIAN_POINT('Ctrl Pts',(-3.76960000000004,-67.3187288605072,-2.56440466974619E-8));
#7629=CARTESIAN_POINT('Ctrl Pts',(-3.76960000000004,-67.3127596969624,-2.5644046697387E-8));
#7630=CARTESIAN_POINT('Ctrl Pts',(-3.76960000000004,-67.3067905334176,-2.56440467264247E-8));
#7631=CARTESIAN_POINT('Ctrl Pts',(-3.76960000000004,-67.3008213698728,-2.56440466974619E-8));
#7632=CARTESIAN_POINT('',(-58.2517555525811,-98.7561085441866,-1.86846182369918E-8));
#7633=CARTESIAN_POINT('',(102.347355173418,-6.03416873491661,-3.91991887523604E-8));
#7634=CARTESIAN_POINT('',(-3.7696,-130.2113957185,-2.56440466974619E-8));
#7635=CARTESIAN_POINT('',(-306.828329596556,44.7596433943372,1.30679962926996E-8));
#7636=CARTESIAN_POINT('Ctrl Pts',(-3.7696,-130.2113957185,-2.56440466974619E-8));
#7637=CARTESIAN_POINT('Ctrl Pts',(-3.7696,-130.210946636713,-2.56440466974448E-8));
#7638=CARTESIAN_POINT('Ctrl Pts',(-3.7696,-130.210497554925,-2.56440466974791E-8));
#7639=CARTESIAN_POINT('Ctrl Pts',(-3.7696,-130.210048473137,-2.56440466974619E-8));
#7640=CARTESIAN_POINT('Ctrl Pts',(-120.329149390931,-66.741,12.1865566684833));
#7641=CARTESIAN_POINT('Ctrl Pts',(-120.329149390931,-209.741,12.1865566684833));
#7642=CARTESIAN_POINT('Ctrl Pts',(-119.989671296327,-66.741,12.2206630656391));
#7643=CARTESIAN_POINT('Ctrl Pts',(-119.989671296327,-209.741,12.2206630656391));
#7644=CARTESIAN_POINT('Ctrl Pts',(-118.446509214199,-66.741,12.3749215462612));
#7645=CARTESIAN_POINT('Ctrl Pts',(-118.446509214199,-209.741,12.3749215462612));
#7646=CARTESIAN_POINT('Ctrl Pts',(-115.69262356605,-66.741,12.6438443115248));
#7647=CARTESIAN_POINT('Ctrl Pts',(-115.69262356605,-209.741,12.6438443115248));
#7648=CARTESIAN_POINT('Ctrl Pts',(-111.719926929456,-66.741,13.0147754432036));
#7649=CARTESIAN_POINT('Ctrl Pts',(-111.719926929456,-209.741,13.0147754432036));
#7650=CARTESIAN_POINT('Ctrl Pts',(-106.866620430091,-66.741,13.4385252573424));
#7651=CARTESIAN_POINT('Ctrl Pts',(-106.866620430091,-209.741,13.4385252573424));
#7652=CARTESIAN_POINT('Ctrl Pts',(-102.007598650055,-66.741,13.8311577996323));
#7653=CARTESIAN_POINT('Ctrl Pts',(-102.007598650055,-209.741,13.8311577996323));
#7654=CARTESIAN_POINT('Ctrl Pts',(-97.1542405405345,-66.741,14.1893232404221));
#7655=CARTESIAN_POINT('Ctrl Pts',(-97.1542405405345,-209.741,14.1893232404221));
#7656=CARTESIAN_POINT('Ctrl Pts',(-92.3178531362766,-66.741,14.509701374708));
#7657=CARTESIAN_POINT('Ctrl Pts',(-92.3178531362766,-209.741,14.509701374708));
#7658=CARTESIAN_POINT('Ctrl Pts',(-87.5097129949004,-66.741,14.7890708794963));
#7659=CARTESIAN_POINT('Ctrl Pts',(-87.5097129949004,-209.741,14.7890708794963));
#7660=CARTESIAN_POINT('Ctrl Pts',(-82.7410570642514,-66.741,15.0242642647628));
#7661=CARTESIAN_POINT('Ctrl Pts',(-82.7410570642514,-209.741,15.0242642647628));
#7662=CARTESIAN_POINT('Ctrl Pts',(-78.0230105160191,-66.741,15.2122449152599));
#7663=CARTESIAN_POINT('Ctrl Pts',(-78.0230105160191,-209.741,15.2122449152599));
#7664=CARTESIAN_POINT('Ctrl Pts',(-73.366583552918,-66.741,15.3502992349318));
#7665=CARTESIAN_POINT('Ctrl Pts',(-73.366583552918,-209.741,15.3502992349318));
#7666=CARTESIAN_POINT('Ctrl Pts',(-68.7826578443967,-66.741,15.4357856364724));
#7667=CARTESIAN_POINT('Ctrl Pts',(-68.7826578443967,-209.741,15.4357856364724));
#7668=CARTESIAN_POINT('Ctrl Pts',(-64.2818911583195,-66.741,15.4664109789263));
#7669=CARTESIAN_POINT('Ctrl Pts',(-64.2818911583195,-209.741,15.4664109789263));
#7670=CARTESIAN_POINT('Ctrl Pts',(-59.8748212107308,-66.741,15.4401811086771));
#7671=CARTESIAN_POINT('Ctrl Pts',(-59.8748212107308,-209.741,15.4401811086771));
#7672=CARTESIAN_POINT('Ctrl Pts',(-55.5717240219785,-66.741,15.3555314955831));
#7673=CARTESIAN_POINT('Ctrl Pts',(-55.5717240219785,-209.741,15.3555314955831));
#7674=CARTESIAN_POINT('Ctrl Pts',(-51.3826355101091,-66.741,15.2111194301604));
#7675=CARTESIAN_POINT('Ctrl Pts',(-51.3826355101091,-209.741,15.2111194301604));
#7676=CARTESIAN_POINT('Ctrl Pts',(-47.3173103747153,-66.741,15.0061678541715));
#7677=CARTESIAN_POINT('Ctrl Pts',(-47.3173103747153,-209.741,15.0061678541715));
#7678=CARTESIAN_POINT('Ctrl Pts',(-43.3852462782757,-66.741,14.7403053947343));
#7679=CARTESIAN_POINT('Ctrl Pts',(-43.3852462782757,-209.741,14.7403053947343));
#7680=CARTESIAN_POINT('Ctrl Pts',(-39.595615141253,-66.741,14.4134461966524));
#7681=CARTESIAN_POINT('Ctrl Pts',(-39.595615141253,-209.741,14.4134461966524));
#7682=CARTESIAN_POINT('Ctrl Pts',(-35.957221900035,-66.741,14.0261634242659));
#7683=CARTESIAN_POINT('Ctrl Pts',(-35.957221900035,-209.741,14.0261634242659));
#7684=CARTESIAN_POINT('Ctrl Pts',(-32.4785146684526,-66.741,13.5793582714083));
#7685=CARTESIAN_POINT('Ctrl Pts',(-32.4785146684526,-209.741,13.5793582714083));
#7686=CARTESIAN_POINT('Ctrl Pts',(-29.1676058976776,-66.741,13.0742405379132));
#7687=CARTESIAN_POINT('Ctrl Pts',(-29.1676058976776,-209.741,13.0742405379132));
#7688=CARTESIAN_POINT('Ctrl Pts',(-26.0321260946135,-66.741,12.5126777494896));
#7689=CARTESIAN_POINT('Ctrl Pts',(-26.0321260946135,-209.741,12.5126777494896));
#7690=CARTESIAN_POINT('Ctrl Pts',(-23.079348315128,-66.741,11.8964754219637));
#7691=CARTESIAN_POINT('Ctrl Pts',(-23.079348315128,-209.741,11.8964754219637));
#7692=CARTESIAN_POINT('Ctrl Pts',(-20.3159741775578,-66.741,11.2282438140226));
#7693=CARTESIAN_POINT('Ctrl Pts',(-20.3159741775578,-209.741,11.2282438140226));
#7694=CARTESIAN_POINT('Ctrl Pts',(-17.7483647566593,-66.741,10.5102972517248));
#7695=CARTESIAN_POINT('Ctrl Pts',(-17.7483647566593,-209.741,10.5102972517248));
#7696=CARTESIAN_POINT('Ctrl Pts',(-15.3821830956332,-66.741,9.74561380672708));
#7697=CARTESIAN_POINT('Ctrl Pts',(-15.3821830956332,-209.741,9.74561380672708));
#7698=CARTESIAN_POINT('Ctrl Pts',(-13.2226600223335,-66.741,8.93679770693902));
#7699=CARTESIAN_POINT('Ctrl Pts',(-13.2226600223335,-209.741,8.93679770693902));
#7700=CARTESIAN_POINT('Ctrl Pts',(-11.2743704390967,-66.741,8.0867856678485));
#7701=CARTESIAN_POINT('Ctrl Pts',(-11.2743704390967,-209.741,8.0867856678485));
#7702=CARTESIAN_POINT('Ctrl Pts',(-9.54119563328408,-66.741,7.19809541431781));
#7703=CARTESIAN_POINT('Ctrl Pts',(-9.54119563328408,-209.741,7.19809541431781));
#7704=CARTESIAN_POINT('Ctrl Pts',(-8.0264247778305,-66.741,6.27291220544089));
#7705=CARTESIAN_POINT('Ctrl Pts',(-8.0264247778305,-209.741,6.27291220544089));
#7706=CARTESIAN_POINT('Ctrl Pts',(-6.73276332010922,-66.741,5.31274537591564));
#7707=CARTESIAN_POINT('Ctrl Pts',(-6.73276332010922,-209.741,5.31274537591564));
#7708=CARTESIAN_POINT('Ctrl Pts',(-5.66277352507489,-66.741,4.31788306682411));
#7709=CARTESIAN_POINT('Ctrl Pts',(-5.66277352507489,-209.741,4.31788306682411));
#7710=CARTESIAN_POINT('Ctrl Pts',(-4.81983697186665,-66.741,3.28806952090833));
#7711=CARTESIAN_POINT('Ctrl Pts',(-4.81983697186665,-209.741,3.28806952090833));
#7712=CARTESIAN_POINT('Ctrl Pts',(-4.20985766894965,-66.741,2.22194218141347));
#7713=CARTESIAN_POINT('Ctrl Pts',(-4.20985766894965,-209.741,2.22194218141347));
#7714=CARTESIAN_POINT('Ctrl Pts',(-3.84088490933865,-66.741,1.12499790198429));
#7715=CARTESIAN_POINT('Ctrl Pts',(-3.84088490933865,-209.741,1.12499790198429));
#7716=CARTESIAN_POINT('Ctrl Pts',(-3.71932932355691,-66.741,9.03524777420113E-15));
#7717=CARTESIAN_POINT('Ctrl Pts',(-3.71932932355691,-209.741,9.03524777420113E-15));
#7718=CARTESIAN_POINT('Ctrl Pts',(-3.84088490933867,-66.741,-1.1249979019843));
#7719=CARTESIAN_POINT('Ctrl Pts',(-3.84088490933867,-209.741,-1.1249979019843));
#7720=CARTESIAN_POINT('Ctrl Pts',(-4.2098576689496,-66.741,-2.22194218141346));
#7721=CARTESIAN_POINT('Ctrl Pts',(-4.2098576689496,-209.741,-2.22194218141346));
#7722=CARTESIAN_POINT('Ctrl Pts',(-4.81983697186664,-66.741,-3.28806952090832));
#7723=CARTESIAN_POINT('Ctrl Pts',(-4.81983697186664,-209.741,-3.28806952090832));
#7724=CARTESIAN_POINT('Ctrl Pts',(-5.66277352507481,-66.741,-4.3178830668241));
#7725=CARTESIAN_POINT('Ctrl Pts',(-5.66277352507481,-209.741,-4.3178830668241));
#7726=CARTESIAN_POINT('Ctrl Pts',(-6.73276332010932,-66.741,-5.31274537591565));
#7727=CARTESIAN_POINT('Ctrl Pts',(-6.73276332010932,-209.741,-5.31274537591565));
#7728=CARTESIAN_POINT('Ctrl Pts',(-8.02642477783035,-66.741,-6.2729122054409));
#7729=CARTESIAN_POINT('Ctrl Pts',(-8.02642477783035,-209.741,-6.2729122054409));
#7730=CARTESIAN_POINT('Ctrl Pts',(-9.54119563328407,-66.741,-7.19809541431784));
#7731=CARTESIAN_POINT('Ctrl Pts',(-9.54119563328407,-209.741,-7.19809541431784));
#7732=CARTESIAN_POINT('Ctrl Pts',(-11.2743704390964,-66.741,-8.0867856678485));
#7733=CARTESIAN_POINT('Ctrl Pts',(-11.2743704390964,-209.741,-8.0867856678485));
#7734=CARTESIAN_POINT('Ctrl Pts',(-13.222660022334,-66.741,-8.93679770693902));
#7735=CARTESIAN_POINT('Ctrl Pts',(-13.222660022334,-209.741,-8.93679770693902));
#7736=CARTESIAN_POINT('Ctrl Pts',(-15.3821830956327,-66.741,-9.74561380672707));
#7737=CARTESIAN_POINT('Ctrl Pts',(-15.3821830956327,-209.741,-9.74561380672707));
#7738=CARTESIAN_POINT('Ctrl Pts',(-17.7483647566594,-66.741,-10.5102972517248));
#7739=CARTESIAN_POINT('Ctrl Pts',(-17.7483647566594,-209.741,-10.5102972517248));
#7740=CARTESIAN_POINT('Ctrl Pts',(-20.3159741775577,-66.741,-11.2282438140226));
#7741=CARTESIAN_POINT('Ctrl Pts',(-20.3159741775577,-209.741,-11.2282438140226));
#7742=CARTESIAN_POINT('Ctrl Pts',(-23.0793483151282,-66.741,-11.8964754219637));
#7743=CARTESIAN_POINT('Ctrl Pts',(-23.0793483151282,-209.741,-11.8964754219637));
#7744=CARTESIAN_POINT('Ctrl Pts',(-26.0321260946135,-66.741,-12.5126777494896));
#7745=CARTESIAN_POINT('Ctrl Pts',(-26.0321260946135,-209.741,-12.5126777494896));
#7746=CARTESIAN_POINT('Ctrl Pts',(-29.1676058976776,-66.741,-13.0742405379132));
#7747=CARTESIAN_POINT('Ctrl Pts',(-29.1676058976776,-209.741,-13.0742405379132));
#7748=CARTESIAN_POINT('Ctrl Pts',(-32.4785146684527,-66.741,-13.5793582714083));
#7749=CARTESIAN_POINT('Ctrl Pts',(-32.4785146684527,-209.741,-13.5793582714083));
#7750=CARTESIAN_POINT('Ctrl Pts',(-35.9572219000349,-66.741,-14.0261634242659));
#7751=CARTESIAN_POINT('Ctrl Pts',(-35.9572219000349,-209.741,-14.0261634242659));
#7752=CARTESIAN_POINT('Ctrl Pts',(-39.5956151412533,-66.741,-14.4134461966523));
#7753=CARTESIAN_POINT('Ctrl Pts',(-39.5956151412533,-209.741,-14.4134461966523));
#7754=CARTESIAN_POINT('Ctrl Pts',(-43.3852462782754,-66.741,-14.7403053947343));
#7755=CARTESIAN_POINT('Ctrl Pts',(-43.3852462782754,-209.741,-14.7403053947343));
#7756=CARTESIAN_POINT('Ctrl Pts',(-47.3173103747153,-66.741,-15.0061678541715));
#7757=CARTESIAN_POINT('Ctrl Pts',(-47.3173103747153,-209.741,-15.0061678541715));
#7758=CARTESIAN_POINT('Ctrl Pts',(-51.3826355101091,-66.741,-15.2111194301605));
#7759=CARTESIAN_POINT('Ctrl Pts',(-51.3826355101091,-209.741,-15.2111194301605));
#7760=CARTESIAN_POINT('Ctrl Pts',(-55.5717240219786,-66.741,-15.3555314955831));
#7761=CARTESIAN_POINT('Ctrl Pts',(-55.5717240219786,-209.741,-15.3555314955831));
#7762=CARTESIAN_POINT('Ctrl Pts',(-59.8748212107309,-66.741,-15.4401811086771));
#7763=CARTESIAN_POINT('Ctrl Pts',(-59.8748212107309,-209.741,-15.4401811086771));
#7764=CARTESIAN_POINT('Ctrl Pts',(-64.2818911583194,-66.741,-15.4664109789264));
#7765=CARTESIAN_POINT('Ctrl Pts',(-64.2818911583194,-209.741,-15.4664109789264));
#7766=CARTESIAN_POINT('Ctrl Pts',(-68.7826578443968,-66.741,-15.4357856364722));
#7767=CARTESIAN_POINT('Ctrl Pts',(-68.7826578443968,-209.741,-15.4357856364722));
#7768=CARTESIAN_POINT('Ctrl Pts',(-73.366583552918,-66.741,-15.3502992349322));
#7769=CARTESIAN_POINT('Ctrl Pts',(-73.366583552918,-209.741,-15.3502992349322));
#7770=CARTESIAN_POINT('Ctrl Pts',(-78.0230105160191,-66.741,-15.2122449152598));
#7771=CARTESIAN_POINT('Ctrl Pts',(-78.0230105160191,-209.741,-15.2122449152598));
#7772=CARTESIAN_POINT('Ctrl Pts',(-82.7410570642512,-66.741,-15.0242642647628));
#7773=CARTESIAN_POINT('Ctrl Pts',(-82.7410570642512,-209.741,-15.0242642647628));
#7774=CARTESIAN_POINT('Ctrl Pts',(-87.5097129949004,-66.741,-14.7890708794964));
#7775=CARTESIAN_POINT('Ctrl Pts',(-87.5097129949004,-209.741,-14.7890708794964));
#7776=CARTESIAN_POINT('Ctrl Pts',(-92.3178531362769,-66.741,-14.509701374708));
#7777=CARTESIAN_POINT('Ctrl Pts',(-92.3178531362769,-209.741,-14.509701374708));
#7778=CARTESIAN_POINT('Ctrl Pts',(-97.1542405405341,-66.741,-14.1893232404222));
#7779=CARTESIAN_POINT('Ctrl Pts',(-97.1542405405341,-209.741,-14.1893232404222));
#7780=CARTESIAN_POINT('Ctrl Pts',(-102.007598650056,-66.741,-13.8311577996323));
#7781=CARTESIAN_POINT('Ctrl Pts',(-102.007598650056,-209.741,-13.8311577996323));
#7782=CARTESIAN_POINT('Ctrl Pts',(-106.866620430091,-66.741,-13.4385252573426));
#7783=CARTESIAN_POINT('Ctrl Pts',(-106.866620430091,-209.741,-13.4385252573426));
#7784=CARTESIAN_POINT('Ctrl Pts',(-111.719926929456,-66.741,-13.0147754432037));
#7785=CARTESIAN_POINT('Ctrl Pts',(-111.719926929456,-209.741,-13.0147754432037));
#7786=CARTESIAN_POINT('Ctrl Pts',(-115.692623566051,-66.741,-12.6438443115244));
#7787=CARTESIAN_POINT('Ctrl Pts',(-115.692623566051,-209.741,-12.6438443115244));
#7788=CARTESIAN_POINT('Ctrl Pts',(-118.4465092142,-66.741,-12.3749215462614));
#7789=CARTESIAN_POINT('Ctrl Pts',(-118.4465092142,-209.741,-12.3749215462614));
#7790=CARTESIAN_POINT('Ctrl Pts',(-119.989671296329,-66.741,-12.2206630656391));
#7791=CARTESIAN_POINT('Ctrl Pts',(-119.989671296329,-209.741,-12.2206630656391));
#7792=CARTESIAN_POINT('Ctrl Pts',(-120.329149390934,-66.741,-12.1865566684832));
#7793=CARTESIAN_POINT('Ctrl Pts',(-120.329149390934,-209.741,-12.1865566684832));
#7794=CARTESIAN_POINT('',(-58.2517555506137,-98.7561085441866,15.4027274619417));
#7795=CARTESIAN_POINT('Ctrl Pts',(-58.2517555506137,-98.7561085441866,15.4027274619417));
#7796=CARTESIAN_POINT('Ctrl Pts',(-49.6754423239051,-103.707645294293,15.248157789079));
#7797=CARTESIAN_POINT('Ctrl Pts',(-35.2206645781441,-112.053115116929,14.6395601589988));
#7798=CARTESIAN_POINT('Ctrl Pts',(-19.5674324921975,-121.090512875701,11.077899734326));
#7799=CARTESIAN_POINT('Ctrl Pts',(-14.6049687989176,-123.955592624957,9.76103328181687));
#7800=CARTESIAN_POINT('Ctrl Pts',(-9.08882796231278,-127.140338022065,6.96082012154349));
#7801=CARTESIAN_POINT('Ctrl Pts',(-7.55969906778271,-128.023181001016,6.03377362431071));
#7802=CARTESIAN_POINT('Ctrl Pts',(-5.69359451349564,-129.100576967894,4.33861193139452));
#7803=CARTESIAN_POINT('Ctrl Pts',(-5.09174002067014,-129.448057821208,3.67303523493244));
#7804=CARTESIAN_POINT('Ctrl Pts',(-4.31897783295305,-129.894212278399,2.40355894266054));
#7805=CARTESIAN_POINT('Ctrl Pts',(-4.06862508269873,-130.038753506374,1.84429700029075));
#7806=CARTESIAN_POINT('Ctrl Pts',(-3.80598450812326,-130.190389112884,0.775159372886411));
#7807=CARTESIAN_POINT('Ctrl Pts',(-3.76959999823451,-130.211395719494,0.35606429286254));
#7808=CARTESIAN_POINT('Ctrl Pts',(-3.76960000000004,-130.2113957185,-2.56440573030009E-8));
#7809=CARTESIAN_POINT('Ctrl Pts',(-3.76960000000004,-67.3008213698728,-2.56440573030009E-8));
#7810=CARTESIAN_POINT('Ctrl Pts',(-3.76959999919097,-67.3008213694178,0.16316931086324));
#7811=CARTESIAN_POINT('Ctrl Pts',(-3.77732192923742,-67.3052796278208,0.326343713432899));
#7812=CARTESIAN_POINT('Ctrl Pts',(-3.82404365580444,-67.3322544292676,0.818391778446132));
#7813=CARTESIAN_POINT('Ctrl Pts',(-3.88642009616872,-67.3682674839269,1.14016663529112));
#7814=CARTESIAN_POINT('Ctrl Pts',(-4.20314820023654,-67.5511305401509,2.23181820844131));
#7815=CARTESIAN_POINT('Ctrl Pts',(-4.59508299301201,-67.7774141983159,2.9309332234348));
#7816=CARTESIAN_POINT('Ctrl Pts',(-5.91921926522286,-68.5419046316497,4.681137310243));
#7817=CARTESIAN_POINT('Ctrl Pts',(-7.0938701874163,-69.2200896578514,5.62330720316751));
#7818=CARTESIAN_POINT('Ctrl Pts',(-11.309218117061,-71.6538219199641,8.39459830389241));
#7819=CARTESIAN_POINT('Ctrl Pts',(-15.3394458661942,-73.9806749959242,9.78593172276891));
#7820=CARTESIAN_POINT('Ctrl Pts',(-31.5404567447123,-83.33433298813,14.5222489091004));
#7821=CARTESIAN_POINT('Ctrl Pts',(-49.2637765714172,-93.5668964610649,15.2407383958026));
#7822=CARTESIAN_POINT('Ctrl Pts',(-58.2517555506137,-98.7561085441866,15.4027274619417));
#7823=CARTESIAN_POINT('Origin',(-3.53978231440689,-67.1681360672311,-2.5673403093618E-8));
#7824=CARTESIAN_POINT('',(-58.2517555525812,-98.7561085441866,-1.86846183037546E-8));
#7825=CARTESIAN_POINT('Origin',(-114.44475211129,-66.3130668544445,-1.15066507802463E-8));
#7826=CARTESIAN_POINT('Origin',(-58.5526199181396,-163.121079556337,-1.86461864971465E-8));
#7827=CARTESIAN_POINT('',(-58.5526199161706,-199.565260016203,15.4080022424611));
#7828=CARTESIAN_POINT('',(-58.5526199181396,-199.565260016203,-1.86461864971465E-8));
#7829=CARTESIAN_POINT('',(-58.5526199180678,-199.565260016203,0.562176300612539));
#7830=CARTESIAN_POINT('',(-58.5526199181396,-163.987104960121,-1.86461864971465E-8));
#7831=CARTESIAN_POINT('',(-58.5526199181396,118.193725824867,-1.86461864971465E-8));
#7832=CARTESIAN_POINT('',(-58.5526199161715,-163.987104960121,15.4080022424611));
#7833=CARTESIAN_POINT('',(-58.5526199181396,-163.987104960121,-1.86461840226741E-8));
#7834=CARTESIAN_POINT('Ctrl Pts',(-58.5526199161715,-163.987104960121,15.4080022424611));
#7835=CARTESIAN_POINT('Ctrl Pts',(-58.5526199161715,-175.846489978815,15.4080022424611));
#7836=CARTESIAN_POINT('Ctrl Pts',(-58.5526199161715,-187.70587499751,15.4080022424611));
#7837=CARTESIAN_POINT('Ctrl Pts',(-58.5526199161715,-199.565260016204,15.4080022424611));
#7838=CARTESIAN_POINT('Origin',(-3.66048772498946,-195.679092258229,-2.56579844549606E-8));
#7839=CARTESIAN_POINT('',(-4.60962335906299,-195.131108544187,2.88078823872298));
#7840=CARTESIAN_POINT('Ctrl Pts',(-4.60962335906298,-195.131108544187,2.88078823872297));
#7841=CARTESIAN_POINT('Ctrl Pts',(-4.73764853207754,-195.057193176068,3.0939431442524));
#7842=CARTESIAN_POINT('Ctrl Pts',(-4.87625000796029,-194.977171576703,3.29885181752131));
#7843=CARTESIAN_POINT('Ctrl Pts',(-5.36855120177796,-194.692941349881,3.96060217729632));
#7844=CARTESIAN_POINT('Ctrl Pts',(-5.76353732463357,-194.464896005432,4.38728308101998));
#7845=CARTESIAN_POINT('Ctrl Pts',(-7.76417755928333,-193.309825827267,6.26610092166522));
#7846=CARTESIAN_POINT('Ctrl Pts',(-9.89797401406702,-192.077877869615,7.43924600139754));
#7847=CARTESIAN_POINT('Ctrl Pts',(-19.0669890865098,-186.78414454903,11.5940702708481));
#7848=CARTESIAN_POINT('Ctrl Pts',(-33.1515025035743,-178.652446936033,14.9751047461903));
#7849=CARTESIAN_POINT('Ctrl Pts',(-58.5526199161715,-163.987104960121,15.4080022424611));
#7850=CARTESIAN_POINT('',(-4.60962335943101,-195.131108544187,-2.55367439959482E-8));
#7851=CARTESIAN_POINT('',(102.347355173418,-256.882748891836,-3.91991887523604E-8));
#7852=CARTESIAN_POINT('',(-4.60962335943098,-195.131108544187,-2.55367489440375E-8));
#7853=CARTESIAN_POINT('Origin',(-115.324046700707,-259.052110663447,-1.13943316598175E-8));
#7854=CARTESIAN_POINT('',(-12.2897989963326,-199.565260016204,8.51868414627348));
#7855=CARTESIAN_POINT('Ctrl Pts',(-12.289798996333,-199.565260016204,8.51868414627364));
#7856=CARTESIAN_POINT('Ctrl Pts',(-10.7811277994269,-198.694228294503,7.8618189584846));
#7857=CARTESIAN_POINT('Ctrl Pts',(-9.20588541558664,-197.784761680095,7.05679365407172));
#7858=CARTESIAN_POINT('Ctrl Pts',(-6.91222089471903,-196.460513851423,5.46181675942981));
#7859=CARTESIAN_POINT('Ctrl Pts',(-5.99246925096033,-195.929494992255,4.69539250604513));
#7860=CARTESIAN_POINT('Ctrl Pts',(-5.02581401421369,-195.371396331019,3.51334294230264));
#7861=CARTESIAN_POINT('Ctrl Pts',(-4.80525177570077,-195.244054663218,3.20649884457826));
#7862=CARTESIAN_POINT('Ctrl Pts',(-4.60962335906299,-195.131108544187,2.88078823872298));
#7863=CARTESIAN_POINT('',(-12.2897989974205,-199.565260016203,-2.45556955705633E-8));
#7864=CARTESIAN_POINT('',(-276.602418772785,-352.166222193725,9.20700617773302E-9));
#7865=CARTESIAN_POINT('',(-12.2897989973487,-199.565260016203,0.562176294703023));
#7866=CARTESIAN_POINT('Ctrl Pts',(-120.329149390931,-66.741,12.1865566684833));
#7867=CARTESIAN_POINT('Ctrl Pts',(-120.329149390931,-209.741,12.1865566684833));
#7868=CARTESIAN_POINT('Ctrl Pts',(-119.989671296327,-66.741,12.2206630656391));
#7869=CARTESIAN_POINT('Ctrl Pts',(-119.989671296327,-209.741,12.2206630656391));
#7870=CARTESIAN_POINT('Ctrl Pts',(-118.446509214199,-66.741,12.3749215462612));
#7871=CARTESIAN_POINT('Ctrl Pts',(-118.446509214199,-209.741,12.3749215462612));
#7872=CARTESIAN_POINT('Ctrl Pts',(-115.69262356605,-66.741,12.6438443115248));
#7873=CARTESIAN_POINT('Ctrl Pts',(-115.69262356605,-209.741,12.6438443115248));
#7874=CARTESIAN_POINT('Ctrl Pts',(-111.719926929456,-66.741,13.0147754432036));
#7875=CARTESIAN_POINT('Ctrl Pts',(-111.719926929456,-209.741,13.0147754432036));
#7876=CARTESIAN_POINT('Ctrl Pts',(-106.866620430091,-66.741,13.4385252573424));
#7877=CARTESIAN_POINT('Ctrl Pts',(-106.866620430091,-209.741,13.4385252573424));
#7878=CARTESIAN_POINT('Ctrl Pts',(-102.007598650055,-66.741,13.8311577996323));
#7879=CARTESIAN_POINT('Ctrl Pts',(-102.007598650055,-209.741,13.8311577996323));
#7880=CARTESIAN_POINT('Ctrl Pts',(-97.1542405405345,-66.741,14.1893232404221));
#7881=CARTESIAN_POINT('Ctrl Pts',(-97.1542405405345,-209.741,14.1893232404221));
#7882=CARTESIAN_POINT('Ctrl Pts',(-92.3178531362766,-66.741,14.509701374708));
#7883=CARTESIAN_POINT('Ctrl Pts',(-92.3178531362766,-209.741,14.509701374708));
#7884=CARTESIAN_POINT('Ctrl Pts',(-87.5097129949004,-66.741,14.7890708794963));
#7885=CARTESIAN_POINT('Ctrl Pts',(-87.5097129949004,-209.741,14.7890708794963));
#7886=CARTESIAN_POINT('Ctrl Pts',(-82.7410570642514,-66.741,15.0242642647628));
#7887=CARTESIAN_POINT('Ctrl Pts',(-82.7410570642514,-209.741,15.0242642647628));
#7888=CARTESIAN_POINT('Ctrl Pts',(-78.0230105160191,-66.741,15.2122449152599));
#7889=CARTESIAN_POINT('Ctrl Pts',(-78.0230105160191,-209.741,15.2122449152599));
#7890=CARTESIAN_POINT('Ctrl Pts',(-73.366583552918,-66.741,15.3502992349318));
#7891=CARTESIAN_POINT('Ctrl Pts',(-73.366583552918,-209.741,15.3502992349318));
#7892=CARTESIAN_POINT('Ctrl Pts',(-68.7826578443967,-66.741,15.4357856364724));
#7893=CARTESIAN_POINT('Ctrl Pts',(-68.7826578443967,-209.741,15.4357856364724));
#7894=CARTESIAN_POINT('Ctrl Pts',(-64.2818911583195,-66.741,15.4664109789263));
#7895=CARTESIAN_POINT('Ctrl Pts',(-64.2818911583195,-209.741,15.4664109789263));
#7896=CARTESIAN_POINT('Ctrl Pts',(-59.8748212107308,-66.741,15.4401811086771));
#7897=CARTESIAN_POINT('Ctrl Pts',(-59.8748212107308,-209.741,15.4401811086771));
#7898=CARTESIAN_POINT('Ctrl Pts',(-55.5717240219785,-66.741,15.3555314955831));
#7899=CARTESIAN_POINT('Ctrl Pts',(-55.5717240219785,-209.741,15.3555314955831));
#7900=CARTESIAN_POINT('Ctrl Pts',(-51.3826355101091,-66.741,15.2111194301604));
#7901=CARTESIAN_POINT('Ctrl Pts',(-51.3826355101091,-209.741,15.2111194301604));
#7902=CARTESIAN_POINT('Ctrl Pts',(-47.3173103747153,-66.741,15.0061678541715));
#7903=CARTESIAN_POINT('Ctrl Pts',(-47.3173103747153,-209.741,15.0061678541715));
#7904=CARTESIAN_POINT('Ctrl Pts',(-43.3852462782757,-66.741,14.7403053947343));
#7905=CARTESIAN_POINT('Ctrl Pts',(-43.3852462782757,-209.741,14.7403053947343));
#7906=CARTESIAN_POINT('Ctrl Pts',(-39.595615141253,-66.741,14.4134461966524));
#7907=CARTESIAN_POINT('Ctrl Pts',(-39.595615141253,-209.741,14.4134461966524));
#7908=CARTESIAN_POINT('Ctrl Pts',(-35.957221900035,-66.741,14.0261634242659));
#7909=CARTESIAN_POINT('Ctrl Pts',(-35.957221900035,-209.741,14.0261634242659));
#7910=CARTESIAN_POINT('Ctrl Pts',(-32.4785146684526,-66.741,13.5793582714083));
#7911=CARTESIAN_POINT('Ctrl Pts',(-32.4785146684526,-209.741,13.5793582714083));
#7912=CARTESIAN_POINT('Ctrl Pts',(-29.1676058976776,-66.741,13.0742405379132));
#7913=CARTESIAN_POINT('Ctrl Pts',(-29.1676058976776,-209.741,13.0742405379132));
#7914=CARTESIAN_POINT('Ctrl Pts',(-26.0321260946135,-66.741,12.5126777494896));
#7915=CARTESIAN_POINT('Ctrl Pts',(-26.0321260946135,-209.741,12.5126777494896));
#7916=CARTESIAN_POINT('Ctrl Pts',(-23.079348315128,-66.741,11.8964754219637));
#7917=CARTESIAN_POINT('Ctrl Pts',(-23.079348315128,-209.741,11.8964754219637));
#7918=CARTESIAN_POINT('Ctrl Pts',(-20.3159741775578,-66.741,11.2282438140226));
#7919=CARTESIAN_POINT('Ctrl Pts',(-20.3159741775578,-209.741,11.2282438140226));
#7920=CARTESIAN_POINT('Ctrl Pts',(-17.7483647566593,-66.741,10.5102972517248));
#7921=CARTESIAN_POINT('Ctrl Pts',(-17.7483647566593,-209.741,10.5102972517248));
#7922=CARTESIAN_POINT('Ctrl Pts',(-15.3821830956332,-66.741,9.74561380672708));
#7923=CARTESIAN_POINT('Ctrl Pts',(-15.3821830956332,-209.741,9.74561380672708));
#7924=CARTESIAN_POINT('Ctrl Pts',(-13.2226600223335,-66.741,8.93679770693902));
#7925=CARTESIAN_POINT('Ctrl Pts',(-13.2226600223335,-209.741,8.93679770693902));
#7926=CARTESIAN_POINT('Ctrl Pts',(-11.2743704390967,-66.741,8.0867856678485));
#7927=CARTESIAN_POINT('Ctrl Pts',(-11.2743704390967,-209.741,8.0867856678485));
#7928=CARTESIAN_POINT('Ctrl Pts',(-9.54119563328408,-66.741,7.19809541431781));
#7929=CARTESIAN_POINT('Ctrl Pts',(-9.54119563328408,-209.741,7.19809541431781));
#7930=CARTESIAN_POINT('Ctrl Pts',(-8.0264247778305,-66.741,6.27291220544089));
#7931=CARTESIAN_POINT('Ctrl Pts',(-8.0264247778305,-209.741,6.27291220544089));
#7932=CARTESIAN_POINT('Ctrl Pts',(-6.73276332010922,-66.741,5.31274537591564));
#7933=CARTESIAN_POINT('Ctrl Pts',(-6.73276332010922,-209.741,5.31274537591564));
#7934=CARTESIAN_POINT('Ctrl Pts',(-5.66277352507489,-66.741,4.31788306682411));
#7935=CARTESIAN_POINT('Ctrl Pts',(-5.66277352507489,-209.741,4.31788306682411));
#7936=CARTESIAN_POINT('Ctrl Pts',(-4.81983697186665,-66.741,3.28806952090833));
#7937=CARTESIAN_POINT('Ctrl Pts',(-4.81983697186665,-209.741,3.28806952090833));
#7938=CARTESIAN_POINT('Ctrl Pts',(-4.20985766894965,-66.741,2.22194218141347));
#7939=CARTESIAN_POINT('Ctrl Pts',(-4.20985766894965,-209.741,2.22194218141347));
#7940=CARTESIAN_POINT('Ctrl Pts',(-3.84088490933865,-66.741,1.12499790198429));
#7941=CARTESIAN_POINT('Ctrl Pts',(-3.84088490933865,-209.741,1.12499790198429));
#7942=CARTESIAN_POINT('Ctrl Pts',(-3.71932932355691,-66.741,9.03524777420113E-15));
#7943=CARTESIAN_POINT('Ctrl Pts',(-3.71932932355691,-209.741,9.03524777420113E-15));
#7944=CARTESIAN_POINT('Ctrl Pts',(-3.84088490933867,-66.741,-1.1249979019843));
#7945=CARTESIAN_POINT('Ctrl Pts',(-3.84088490933867,-209.741,-1.1249979019843));
#7946=CARTESIAN_POINT('Ctrl Pts',(-4.2098576689496,-66.741,-2.22194218141346));
#7947=CARTESIAN_POINT('Ctrl Pts',(-4.2098576689496,-209.741,-2.22194218141346));
#7948=CARTESIAN_POINT('Ctrl Pts',(-4.81983697186664,-66.741,-3.28806952090832));
#7949=CARTESIAN_POINT('Ctrl Pts',(-4.81983697186664,-209.741,-3.28806952090832));
#7950=CARTESIAN_POINT('Ctrl Pts',(-5.66277352507481,-66.741,-4.3178830668241));
#7951=CARTESIAN_POINT('Ctrl Pts',(-5.66277352507481,-209.741,-4.3178830668241));
#7952=CARTESIAN_POINT('Ctrl Pts',(-6.73276332010932,-66.741,-5.31274537591565));
#7953=CARTESIAN_POINT('Ctrl Pts',(-6.73276332010932,-209.741,-5.31274537591565));
#7954=CARTESIAN_POINT('Ctrl Pts',(-8.02642477783035,-66.741,-6.2729122054409));
#7955=CARTESIAN_POINT('Ctrl Pts',(-8.02642477783035,-209.741,-6.2729122054409));
#7956=CARTESIAN_POINT('Ctrl Pts',(-9.54119563328407,-66.741,-7.19809541431784));
#7957=CARTESIAN_POINT('Ctrl Pts',(-9.54119563328407,-209.741,-7.19809541431784));
#7958=CARTESIAN_POINT('Ctrl Pts',(-11.2743704390964,-66.741,-8.0867856678485));
#7959=CARTESIAN_POINT('Ctrl Pts',(-11.2743704390964,-209.741,-8.0867856678485));
#7960=CARTESIAN_POINT('Ctrl Pts',(-13.222660022334,-66.741,-8.93679770693902));
#7961=CARTESIAN_POINT('Ctrl Pts',(-13.222660022334,-209.741,-8.93679770693902));
#7962=CARTESIAN_POINT('Ctrl Pts',(-15.3821830956327,-66.741,-9.74561380672707));
#7963=CARTESIAN_POINT('Ctrl Pts',(-15.3821830956327,-209.741,-9.74561380672707));
#7964=CARTESIAN_POINT('Ctrl Pts',(-17.7483647566594,-66.741,-10.5102972517248));
#7965=CARTESIAN_POINT('Ctrl Pts',(-17.7483647566594,-209.741,-10.5102972517248));
#7966=CARTESIAN_POINT('Ctrl Pts',(-20.3159741775577,-66.741,-11.2282438140226));
#7967=CARTESIAN_POINT('Ctrl Pts',(-20.3159741775577,-209.741,-11.2282438140226));
#7968=CARTESIAN_POINT('Ctrl Pts',(-23.0793483151282,-66.741,-11.8964754219637));
#7969=CARTESIAN_POINT('Ctrl Pts',(-23.0793483151282,-209.741,-11.8964754219637));
#7970=CARTESIAN_POINT('Ctrl Pts',(-26.0321260946135,-66.741,-12.5126777494896));
#7971=CARTESIAN_POINT('Ctrl Pts',(-26.0321260946135,-209.741,-12.5126777494896));
#7972=CARTESIAN_POINT('Ctrl Pts',(-29.1676058976776,-66.741,-13.0742405379132));
#7973=CARTESIAN_POINT('Ctrl Pts',(-29.1676058976776,-209.741,-13.0742405379132));
#7974=CARTESIAN_POINT('Ctrl Pts',(-32.4785146684527,-66.741,-13.5793582714083));
#7975=CARTESIAN_POINT('Ctrl Pts',(-32.4785146684527,-209.741,-13.5793582714083));
#7976=CARTESIAN_POINT('Ctrl Pts',(-35.9572219000349,-66.741,-14.0261634242659));
#7977=CARTESIAN_POINT('Ctrl Pts',(-35.9572219000349,-209.741,-14.0261634242659));
#7978=CARTESIAN_POINT('Ctrl Pts',(-39.5956151412533,-66.741,-14.4134461966523));
#7979=CARTESIAN_POINT('Ctrl Pts',(-39.5956151412533,-209.741,-14.4134461966523));
#7980=CARTESIAN_POINT('Ctrl Pts',(-43.3852462782754,-66.741,-14.7403053947343));
#7981=CARTESIAN_POINT('Ctrl Pts',(-43.3852462782754,-209.741,-14.7403053947343));
#7982=CARTESIAN_POINT('Ctrl Pts',(-47.3173103747153,-66.741,-15.0061678541715));
#7983=CARTESIAN_POINT('Ctrl Pts',(-47.3173103747153,-209.741,-15.0061678541715));
#7984=CARTESIAN_POINT('Ctrl Pts',(-51.3826355101091,-66.741,-15.2111194301605));
#7985=CARTESIAN_POINT('Ctrl Pts',(-51.3826355101091,-209.741,-15.2111194301605));
#7986=CARTESIAN_POINT('Ctrl Pts',(-55.5717240219786,-66.741,-15.3555314955831));
#7987=CARTESIAN_POINT('Ctrl Pts',(-55.5717240219786,-209.741,-15.3555314955831));
#7988=CARTESIAN_POINT('Ctrl Pts',(-59.8748212107309,-66.741,-15.4401811086771));
#7989=CARTESIAN_POINT('Ctrl Pts',(-59.8748212107309,-209.741,-15.4401811086771));
#7990=CARTESIAN_POINT('Ctrl Pts',(-64.2818911583194,-66.741,-15.4664109789264));
#7991=CARTESIAN_POINT('Ctrl Pts',(-64.2818911583194,-209.741,-15.4664109789264));
#7992=CARTESIAN_POINT('Ctrl Pts',(-68.7826578443968,-66.741,-15.4357856364722));
#7993=CARTESIAN_POINT('Ctrl Pts',(-68.7826578443968,-209.741,-15.4357856364722));
#7994=CARTESIAN_POINT('Ctrl Pts',(-73.366583552918,-66.741,-15.3502992349322));
#7995=CARTESIAN_POINT('Ctrl Pts',(-73.366583552918,-209.741,-15.3502992349322));
#7996=CARTESIAN_POINT('Ctrl Pts',(-78.0230105160191,-66.741,-15.2122449152598));
#7997=CARTESIAN_POINT('Ctrl Pts',(-78.0230105160191,-209.741,-15.2122449152598));
#7998=CARTESIAN_POINT('Ctrl Pts',(-82.7410570642512,-66.741,-15.0242642647628));
#7999=CARTESIAN_POINT('Ctrl Pts',(-82.7410570642512,-209.741,-15.0242642647628));
#8000=CARTESIAN_POINT('Ctrl Pts',(-87.5097129949004,-66.741,-14.7890708794964));
#8001=CARTESIAN_POINT('Ctrl Pts',(-87.5097129949004,-209.741,-14.7890708794964));
#8002=CARTESIAN_POINT('Ctrl Pts',(-92.3178531362769,-66.741,-14.509701374708));
#8003=CARTESIAN_POINT('Ctrl Pts',(-92.3178531362769,-209.741,-14.509701374708));
#8004=CARTESIAN_POINT('Ctrl Pts',(-97.1542405405341,-66.741,-14.1893232404222));
#8005=CARTESIAN_POINT('Ctrl Pts',(-97.1542405405341,-209.741,-14.1893232404222));
#8006=CARTESIAN_POINT('Ctrl Pts',(-102.007598650056,-66.741,-13.8311577996323));
#8007=CARTESIAN_POINT('Ctrl Pts',(-102.007598650056,-209.741,-13.8311577996323));
#8008=CARTESIAN_POINT('Ctrl Pts',(-106.866620430091,-66.741,-13.4385252573426));
#8009=CARTESIAN_POINT('Ctrl Pts',(-106.866620430091,-209.741,-13.4385252573426));
#8010=CARTESIAN_POINT('Ctrl Pts',(-111.719926929456,-66.741,-13.0147754432037));
#8011=CARTESIAN_POINT('Ctrl Pts',(-111.719926929456,-209.741,-13.0147754432037));
#8012=CARTESIAN_POINT('Ctrl Pts',(-115.692623566051,-66.741,-12.6438443115244));
#8013=CARTESIAN_POINT('Ctrl Pts',(-115.692623566051,-209.741,-12.6438443115244));
#8014=CARTESIAN_POINT('Ctrl Pts',(-118.4465092142,-66.741,-12.3749215462614));
#8015=CARTESIAN_POINT('Ctrl Pts',(-118.4465092142,-209.741,-12.3749215462614));
#8016=CARTESIAN_POINT('Ctrl Pts',(-119.989671296329,-66.741,-12.2206630656391));
#8017=CARTESIAN_POINT('Ctrl Pts',(-119.989671296329,-209.741,-12.2206630656391));
#8018=CARTESIAN_POINT('Ctrl Pts',(-120.329149390934,-66.741,-12.1865566684832));
#8019=CARTESIAN_POINT('Ctrl Pts',(-120.329149390934,-209.741,-12.1865566684832));
#8020=CARTESIAN_POINT('Ctrl Pts',(-58.5526199161698,-199.565260016203,15.4080022424611));
#8021=CARTESIAN_POINT('Ctrl Pts',(-48.2095098011459,-199.565260016203,15.2317302147499));
#8022=CARTESIAN_POINT('Ctrl Pts',(-35.1712620348089,-199.565260016202,14.4792267783981));
#8023=CARTESIAN_POINT('Ctrl Pts',(-20.7533089503425,-199.565260016202,11.3816770381133));
#8024=CARTESIAN_POINT('Ctrl Pts',(-16.2507962666411,-199.565260016203,10.2432754429912));
#8025=CARTESIAN_POINT('Ctrl Pts',(-12.2897989963327,-199.565260016203,8.51868414627348));
#8026=CARTESIAN_POINT('Ctrl Pts',(-120.329149390931,-66.741,12.1865566684833));
#8027=CARTESIAN_POINT('Ctrl Pts',(-120.329149390931,-209.741,12.1865566684833));
#8028=CARTESIAN_POINT('Ctrl Pts',(-119.989671296327,-66.741,12.2206630656391));
#8029=CARTESIAN_POINT('Ctrl Pts',(-119.989671296327,-209.741,12.2206630656391));
#8030=CARTESIAN_POINT('Ctrl Pts',(-118.446509214199,-66.741,12.3749215462612));
#8031=CARTESIAN_POINT('Ctrl Pts',(-118.446509214199,-209.741,12.3749215462612));
#8032=CARTESIAN_POINT('Ctrl Pts',(-115.69262356605,-66.741,12.6438443115248));
#8033=CARTESIAN_POINT('Ctrl Pts',(-115.69262356605,-209.741,12.6438443115248));
#8034=CARTESIAN_POINT('Ctrl Pts',(-111.719926929456,-66.741,13.0147754432036));
#8035=CARTESIAN_POINT('Ctrl Pts',(-111.719926929456,-209.741,13.0147754432036));
#8036=CARTESIAN_POINT('Ctrl Pts',(-106.866620430091,-66.741,13.4385252573424));
#8037=CARTESIAN_POINT('Ctrl Pts',(-106.866620430091,-209.741,13.4385252573424));
#8038=CARTESIAN_POINT('Ctrl Pts',(-102.007598650055,-66.741,13.8311577996323));
#8039=CARTESIAN_POINT('Ctrl Pts',(-102.007598650055,-209.741,13.8311577996323));
#8040=CARTESIAN_POINT('Ctrl Pts',(-97.1542405405345,-66.741,14.1893232404221));
#8041=CARTESIAN_POINT('Ctrl Pts',(-97.1542405405345,-209.741,14.1893232404221));
#8042=CARTESIAN_POINT('Ctrl Pts',(-92.3178531362766,-66.741,14.509701374708));
#8043=CARTESIAN_POINT('Ctrl Pts',(-92.3178531362766,-209.741,14.509701374708));
#8044=CARTESIAN_POINT('Ctrl Pts',(-87.5097129949004,-66.741,14.7890708794963));
#8045=CARTESIAN_POINT('Ctrl Pts',(-87.5097129949004,-209.741,14.7890708794963));
#8046=CARTESIAN_POINT('Ctrl Pts',(-82.7410570642514,-66.741,15.0242642647628));
#8047=CARTESIAN_POINT('Ctrl Pts',(-82.7410570642514,-209.741,15.0242642647628));
#8048=CARTESIAN_POINT('Ctrl Pts',(-78.0230105160191,-66.741,15.2122449152599));
#8049=CARTESIAN_POINT('Ctrl Pts',(-78.0230105160191,-209.741,15.2122449152599));
#8050=CARTESIAN_POINT('Ctrl Pts',(-73.366583552918,-66.741,15.3502992349318));
#8051=CARTESIAN_POINT('Ctrl Pts',(-73.366583552918,-209.741,15.3502992349318));
#8052=CARTESIAN_POINT('Ctrl Pts',(-68.7826578443967,-66.741,15.4357856364724));
#8053=CARTESIAN_POINT('Ctrl Pts',(-68.7826578443967,-209.741,15.4357856364724));
#8054=CARTESIAN_POINT('Ctrl Pts',(-64.2818911583195,-66.741,15.4664109789263));
#8055=CARTESIAN_POINT('Ctrl Pts',(-64.2818911583195,-209.741,15.4664109789263));
#8056=CARTESIAN_POINT('Ctrl Pts',(-59.8748212107308,-66.741,15.4401811086771));
#8057=CARTESIAN_POINT('Ctrl Pts',(-59.8748212107308,-209.741,15.4401811086771));
#8058=CARTESIAN_POINT('Ctrl Pts',(-55.5717240219785,-66.741,15.3555314955831));
#8059=CARTESIAN_POINT('Ctrl Pts',(-55.5717240219785,-209.741,15.3555314955831));
#8060=CARTESIAN_POINT('Ctrl Pts',(-51.3826355101091,-66.741,15.2111194301604));
#8061=CARTESIAN_POINT('Ctrl Pts',(-51.3826355101091,-209.741,15.2111194301604));
#8062=CARTESIAN_POINT('Ctrl Pts',(-47.3173103747153,-66.741,15.0061678541715));
#8063=CARTESIAN_POINT('Ctrl Pts',(-47.3173103747153,-209.741,15.0061678541715));
#8064=CARTESIAN_POINT('Ctrl Pts',(-43.3852462782757,-66.741,14.7403053947343));
#8065=CARTESIAN_POINT('Ctrl Pts',(-43.3852462782757,-209.741,14.7403053947343));
#8066=CARTESIAN_POINT('Ctrl Pts',(-39.595615141253,-66.741,14.4134461966524));
#8067=CARTESIAN_POINT('Ctrl Pts',(-39.595615141253,-209.741,14.4134461966524));
#8068=CARTESIAN_POINT('Ctrl Pts',(-35.957221900035,-66.741,14.0261634242659));
#8069=CARTESIAN_POINT('Ctrl Pts',(-35.957221900035,-209.741,14.0261634242659));
#8070=CARTESIAN_POINT('Ctrl Pts',(-32.4785146684526,-66.741,13.5793582714083));
#8071=CARTESIAN_POINT('Ctrl Pts',(-32.4785146684526,-209.741,13.5793582714083));
#8072=CARTESIAN_POINT('Ctrl Pts',(-29.1676058976776,-66.741,13.0742405379132));
#8073=CARTESIAN_POINT('Ctrl Pts',(-29.1676058976776,-209.741,13.0742405379132));
#8074=CARTESIAN_POINT('Ctrl Pts',(-26.0321260946135,-66.741,12.5126777494896));
#8075=CARTESIAN_POINT('Ctrl Pts',(-26.0321260946135,-209.741,12.5126777494896));
#8076=CARTESIAN_POINT('Ctrl Pts',(-23.079348315128,-66.741,11.8964754219637));
#8077=CARTESIAN_POINT('Ctrl Pts',(-23.079348315128,-209.741,11.8964754219637));
#8078=CARTESIAN_POINT('Ctrl Pts',(-20.3159741775578,-66.741,11.2282438140226));
#8079=CARTESIAN_POINT('Ctrl Pts',(-20.3159741775578,-209.741,11.2282438140226));
#8080=CARTESIAN_POINT('Ctrl Pts',(-17.7483647566593,-66.741,10.5102972517248));
#8081=CARTESIAN_POINT('Ctrl Pts',(-17.7483647566593,-209.741,10.5102972517248));
#8082=CARTESIAN_POINT('Ctrl Pts',(-15.3821830956332,-66.741,9.74561380672708));
#8083=CARTESIAN_POINT('Ctrl Pts',(-15.3821830956332,-209.741,9.74561380672708));
#8084=CARTESIAN_POINT('Ctrl Pts',(-13.2226600223335,-66.741,8.93679770693902));
#8085=CARTESIAN_POINT('Ctrl Pts',(-13.2226600223335,-209.741,8.93679770693902));
#8086=CARTESIAN_POINT('Ctrl Pts',(-11.2743704390967,-66.741,8.0867856678485));
#8087=CARTESIAN_POINT('Ctrl Pts',(-11.2743704390967,-209.741,8.0867856678485));
#8088=CARTESIAN_POINT('Ctrl Pts',(-9.54119563328408,-66.741,7.19809541431781));
#8089=CARTESIAN_POINT('Ctrl Pts',(-9.54119563328408,-209.741,7.19809541431781));
#8090=CARTESIAN_POINT('Ctrl Pts',(-8.0264247778305,-66.741,6.27291220544089));
#8091=CARTESIAN_POINT('Ctrl Pts',(-8.0264247778305,-209.741,6.27291220544089));
#8092=CARTESIAN_POINT('Ctrl Pts',(-6.73276332010922,-66.741,5.31274537591564));
#8093=CARTESIAN_POINT('Ctrl Pts',(-6.73276332010922,-209.741,5.31274537591564));
#8094=CARTESIAN_POINT('Ctrl Pts',(-5.66277352507489,-66.741,4.31788306682411));
#8095=CARTESIAN_POINT('Ctrl Pts',(-5.66277352507489,-209.741,4.31788306682411));
#8096=CARTESIAN_POINT('Ctrl Pts',(-4.81983697186665,-66.741,3.28806952090833));
#8097=CARTESIAN_POINT('Ctrl Pts',(-4.81983697186665,-209.741,3.28806952090833));
#8098=CARTESIAN_POINT('Ctrl Pts',(-4.20985766894965,-66.741,2.22194218141347));
#8099=CARTESIAN_POINT('Ctrl Pts',(-4.20985766894965,-209.741,2.22194218141347));
#8100=CARTESIAN_POINT('Ctrl Pts',(-3.84088490933865,-66.741,1.12499790198429));
#8101=CARTESIAN_POINT('Ctrl Pts',(-3.84088490933865,-209.741,1.12499790198429));
#8102=CARTESIAN_POINT('Ctrl Pts',(-3.71932932355691,-66.741,9.03524777420113E-15));
#8103=CARTESIAN_POINT('Ctrl Pts',(-3.71932932355691,-209.741,9.03524777420113E-15));
#8104=CARTESIAN_POINT('Ctrl Pts',(-3.84088490933867,-66.741,-1.1249979019843));
#8105=CARTESIAN_POINT('Ctrl Pts',(-3.84088490933867,-209.741,-1.1249979019843));
#8106=CARTESIAN_POINT('Ctrl Pts',(-4.2098576689496,-66.741,-2.22194218141346));
#8107=CARTESIAN_POINT('Ctrl Pts',(-4.2098576689496,-209.741,-2.22194218141346));
#8108=CARTESIAN_POINT('Ctrl Pts',(-4.81983697186664,-66.741,-3.28806952090832));
#8109=CARTESIAN_POINT('Ctrl Pts',(-4.81983697186664,-209.741,-3.28806952090832));
#8110=CARTESIAN_POINT('Ctrl Pts',(-5.66277352507481,-66.741,-4.3178830668241));
#8111=CARTESIAN_POINT('Ctrl Pts',(-5.66277352507481,-209.741,-4.3178830668241));
#8112=CARTESIAN_POINT('Ctrl Pts',(-6.73276332010932,-66.741,-5.31274537591565));
#8113=CARTESIAN_POINT('Ctrl Pts',(-6.73276332010932,-209.741,-5.31274537591565));
#8114=CARTESIAN_POINT('Ctrl Pts',(-8.02642477783035,-66.741,-6.2729122054409));
#8115=CARTESIAN_POINT('Ctrl Pts',(-8.02642477783035,-209.741,-6.2729122054409));
#8116=CARTESIAN_POINT('Ctrl Pts',(-9.54119563328407,-66.741,-7.19809541431784));
#8117=CARTESIAN_POINT('Ctrl Pts',(-9.54119563328407,-209.741,-7.19809541431784));
#8118=CARTESIAN_POINT('Ctrl Pts',(-11.2743704390964,-66.741,-8.0867856678485));
#8119=CARTESIAN_POINT('Ctrl Pts',(-11.2743704390964,-209.741,-8.0867856678485));
#8120=CARTESIAN_POINT('Ctrl Pts',(-13.222660022334,-66.741,-8.93679770693902));
#8121=CARTESIAN_POINT('Ctrl Pts',(-13.222660022334,-209.741,-8.93679770693902));
#8122=CARTESIAN_POINT('Ctrl Pts',(-15.3821830956327,-66.741,-9.74561380672707));
#8123=CARTESIAN_POINT('Ctrl Pts',(-15.3821830956327,-209.741,-9.74561380672707));
#8124=CARTESIAN_POINT('Ctrl Pts',(-17.7483647566594,-66.741,-10.5102972517248));
#8125=CARTESIAN_POINT('Ctrl Pts',(-17.7483647566594,-209.741,-10.5102972517248));
#8126=CARTESIAN_POINT('Ctrl Pts',(-20.3159741775577,-66.741,-11.2282438140226));
#8127=CARTESIAN_POINT('Ctrl Pts',(-20.3159741775577,-209.741,-11.2282438140226));
#8128=CARTESIAN_POINT('Ctrl Pts',(-23.0793483151282,-66.741,-11.8964754219637));
#8129=CARTESIAN_POINT('Ctrl Pts',(-23.0793483151282,-209.741,-11.8964754219637));
#8130=CARTESIAN_POINT('Ctrl Pts',(-26.0321260946135,-66.741,-12.5126777494896));
#8131=CARTESIAN_POINT('Ctrl Pts',(-26.0321260946135,-209.741,-12.5126777494896));
#8132=CARTESIAN_POINT('Ctrl Pts',(-29.1676058976776,-66.741,-13.0742405379132));
#8133=CARTESIAN_POINT('Ctrl Pts',(-29.1676058976776,-209.741,-13.0742405379132));
#8134=CARTESIAN_POINT('Ctrl Pts',(-32.4785146684527,-66.741,-13.5793582714083));
#8135=CARTESIAN_POINT('Ctrl Pts',(-32.4785146684527,-209.741,-13.5793582714083));
#8136=CARTESIAN_POINT('Ctrl Pts',(-35.9572219000349,-66.741,-14.0261634242659));
#8137=CARTESIAN_POINT('Ctrl Pts',(-35.9572219000349,-209.741,-14.0261634242659));
#8138=CARTESIAN_POINT('Ctrl Pts',(-39.5956151412533,-66.741,-14.4134461966523));
#8139=CARTESIAN_POINT('Ctrl Pts',(-39.5956151412533,-209.741,-14.4134461966523));
#8140=CARTESIAN_POINT('Ctrl Pts',(-43.3852462782754,-66.741,-14.7403053947343));
#8141=CARTESIAN_POINT('Ctrl Pts',(-43.3852462782754,-209.741,-14.7403053947343));
#8142=CARTESIAN_POINT('Ctrl Pts',(-47.3173103747153,-66.741,-15.0061678541715));
#8143=CARTESIAN_POINT('Ctrl Pts',(-47.3173103747153,-209.741,-15.0061678541715));
#8144=CARTESIAN_POINT('Ctrl Pts',(-51.3826355101091,-66.741,-15.2111194301605));
#8145=CARTESIAN_POINT('Ctrl Pts',(-51.3826355101091,-209.741,-15.2111194301605));
#8146=CARTESIAN_POINT('Ctrl Pts',(-55.5717240219786,-66.741,-15.3555314955831));
#8147=CARTESIAN_POINT('Ctrl Pts',(-55.5717240219786,-209.741,-15.3555314955831));
#8148=CARTESIAN_POINT('Ctrl Pts',(-59.8748212107309,-66.741,-15.4401811086771));
#8149=CARTESIAN_POINT('Ctrl Pts',(-59.8748212107309,-209.741,-15.4401811086771));
#8150=CARTESIAN_POINT('Ctrl Pts',(-64.2818911583194,-66.741,-15.4664109789264));
#8151=CARTESIAN_POINT('Ctrl Pts',(-64.2818911583194,-209.741,-15.4664109789264));
#8152=CARTESIAN_POINT('Ctrl Pts',(-68.7826578443968,-66.741,-15.4357856364722));
#8153=CARTESIAN_POINT('Ctrl Pts',(-68.7826578443968,-209.741,-15.4357856364722));
#8154=CARTESIAN_POINT('Ctrl Pts',(-73.366583552918,-66.741,-15.3502992349322));
#8155=CARTESIAN_POINT('Ctrl Pts',(-73.366583552918,-209.741,-15.3502992349322));
#8156=CARTESIAN_POINT('Ctrl Pts',(-78.0230105160191,-66.741,-15.2122449152598));
#8157=CARTESIAN_POINT('Ctrl Pts',(-78.0230105160191,-209.741,-15.2122449152598));
#8158=CARTESIAN_POINT('Ctrl Pts',(-82.7410570642512,-66.741,-15.0242642647628));
#8159=CARTESIAN_POINT('Ctrl Pts',(-82.7410570642512,-209.741,-15.0242642647628));
#8160=CARTESIAN_POINT('Ctrl Pts',(-87.5097129949004,-66.741,-14.7890708794964));
#8161=CARTESIAN_POINT('Ctrl Pts',(-87.5097129949004,-209.741,-14.7890708794964));
#8162=CARTESIAN_POINT('Ctrl Pts',(-92.3178531362769,-66.741,-14.509701374708));
#8163=CARTESIAN_POINT('Ctrl Pts',(-92.3178531362769,-209.741,-14.509701374708));
#8164=CARTESIAN_POINT('Ctrl Pts',(-97.1542405405341,-66.741,-14.1893232404222));
#8165=CARTESIAN_POINT('Ctrl Pts',(-97.1542405405341,-209.741,-14.1893232404222));
#8166=CARTESIAN_POINT('Ctrl Pts',(-102.007598650056,-66.741,-13.8311577996323));
#8167=CARTESIAN_POINT('Ctrl Pts',(-102.007598650056,-209.741,-13.8311577996323));
#8168=CARTESIAN_POINT('Ctrl Pts',(-106.866620430091,-66.741,-13.4385252573426));
#8169=CARTESIAN_POINT('Ctrl Pts',(-106.866620430091,-209.741,-13.4385252573426));
#8170=CARTESIAN_POINT('Ctrl Pts',(-111.719926929456,-66.741,-13.0147754432037));
#8171=CARTESIAN_POINT('Ctrl Pts',(-111.719926929456,-209.741,-13.0147754432037));
#8172=CARTESIAN_POINT('Ctrl Pts',(-115.692623566051,-66.741,-12.6438443115244));
#8173=CARTESIAN_POINT('Ctrl Pts',(-115.692623566051,-209.741,-12.6438443115244));
#8174=CARTESIAN_POINT('Ctrl Pts',(-118.4465092142,-66.741,-12.3749215462614));
#8175=CARTESIAN_POINT('Ctrl Pts',(-118.4465092142,-209.741,-12.3749215462614));
#8176=CARTESIAN_POINT('Ctrl Pts',(-119.989671296329,-66.741,-12.2206630656391));
#8177=CARTESIAN_POINT('Ctrl Pts',(-119.989671296329,-209.741,-12.2206630656391));
#8178=CARTESIAN_POINT('Ctrl Pts',(-120.329149390934,-66.741,-12.1865566684832));
#8179=CARTESIAN_POINT('Ctrl Pts',(-120.329149390934,-209.741,-12.1865566684832));
#8180=CARTESIAN_POINT('',(-4.59294826927797,-195.139388666822,-2.85287747450279));
#8181=CARTESIAN_POINT('',(-12.258782314894,-199.565260016204,-8.50516287465297));
#8182=CARTESIAN_POINT('Ctrl Pts',(-4.59294826927797,-195.139388666822,-2.85287747450279));
#8183=CARTESIAN_POINT('Ctrl Pts',(-4.85466308319978,-195.290489785058,-3.29327632551873));
#8184=CARTESIAN_POINT('Ctrl Pts',(-5.16256308259757,-195.468255932379,-3.70001286645591));
#8185=CARTESIAN_POINT('Ctrl Pts',(-6.07101840577579,-195.992752857687,-4.72675309452059));
#8186=CARTESIAN_POINT('Ctrl Pts',(-6.74414473399275,-196.381382524624,-5.30668764365469));
#8187=CARTESIAN_POINT('Ctrl Pts',(-8.896258524907,-197.623906001018,-6.89716767565889));
#8188=CARTESIAN_POINT('Ctrl Pts',(-10.6258876704335,-198.62250785372,-7.79243920534013));
#8189=CARTESIAN_POINT('Ctrl Pts',(-12.2587823148929,-199.565260016204,-8.50516287465235));
#8190=CARTESIAN_POINT('',(-58.5544193940771,-163.984718787977,-15.4080329047317));
#8191=CARTESIAN_POINT('Ctrl Pts',(-58.5544193940771,-163.984718787977,-15.4080329047317));
#8192=CARTESIAN_POINT('Ctrl Pts',(-37.405650213302,-176.1949663675,-15.047729455413));
#8193=CARTESIAN_POINT('Ctrl Pts',(-23.2888406483171,-184.345310169763,-12.6093939790353));
#8194=CARTESIAN_POINT('Ctrl Pts',(-12.4076309104858,-190.627579540716,-8.64239008162353));
#8195=CARTESIAN_POINT('Ctrl Pts',(-9.85690996509588,-192.100238965082,-7.51620908018753));
#8196=CARTESIAN_POINT('Ctrl Pts',(-6.88038248441765,-193.818737907148,-5.43663796928552));
#8197=CARTESIAN_POINT('Ctrl Pts',(-5.96107760775424,-194.349498824854,-4.66609185004492));
#8198=CARTESIAN_POINT('Ctrl Pts',(-5.00162977108093,-194.903436291543,-3.48064738945314));
#8199=CARTESIAN_POINT('Ctrl Pts',(-4.78496833730451,-195.028525828881,-3.17599795845123));
#8200=CARTESIAN_POINT('Ctrl Pts',(-4.59294826927797,-195.139388666822,-2.85287747450279));
#8201=CARTESIAN_POINT('',(-58.5544193940774,-199.565260016203,-15.4080329047317));
#8202=CARTESIAN_POINT('Ctrl Pts',(-58.5544193940771,-199.565260016204,-15.4080329047317));
#8203=CARTESIAN_POINT('Ctrl Pts',(-58.5544193940771,-187.705079606795,-15.4080329047317));
#8204=CARTESIAN_POINT('Ctrl Pts',(-58.5544193940771,-175.844899197386,-15.4080329047317));
#8205=CARTESIAN_POINT('Ctrl Pts',(-58.5544193940771,-163.984718787977,-15.4080329047317));
#8206=CARTESIAN_POINT('Ctrl Pts',(-12.2587823148943,-199.565260016203,-8.50516287465297));
#8207=CARTESIAN_POINT('Ctrl Pts',(-13.4055551362054,-199.565260016203,-9.00570474111428));
#8208=CARTESIAN_POINT('Ctrl Pts',(-14.5664344685075,-199.565260016203,-9.443180911741));
#8209=CARTESIAN_POINT('Ctrl Pts',(-22.695648598467,-199.565260016203,-12.2249582026997));
#8210=CARTESIAN_POINT('Ctrl Pts',(-33.945792485015,-199.565260016203,-14.4513273570277));
#8211=CARTESIAN_POINT('Ctrl Pts',(-53.663187617131,-199.565260016203,-15.2950030213096));
#8212=CARTESIAN_POINT('Ctrl Pts',(-56.0849776950454,-199.565260016203,-15.3659619759487));
#8213=CARTESIAN_POINT('Ctrl Pts',(-58.5544193940776,-199.565260016203,-15.4080329047317));
#8214=CARTESIAN_POINT('Origin',(-102.240487211569,-187.825664339624,-1.30655962298304E-8));
#8215=CARTESIAN_POINT('',(-12.2587823138057,-199.565260016203,-2.45596575722225E-8));
#8216=CARTESIAN_POINT('',(-4.59294826891355,-195.139388666822,-2.55388740346434E-8));
#8217=CARTESIAN_POINT('',(-39.3435578622325,-215.202662470028,-2.10999090378447E-8));
#8218=CARTESIAN_POINT('',(-82.0843969020456,-199.565260016203,-1.56402900352692E-8));
#8219=CARTESIAN_POINT('',(-58.5544193921089,-199.565260016203,-1.86459566363741E-8));
#8220=CARTESIAN_POINT('',(-82.0843969020456,-199.565260016203,-1.56402900352692E-8));
#8221=CARTESIAN_POINT('',(-58.5544193921089,-163.984718787977,-1.86459566363741E-8));
#8222=CARTESIAN_POINT('',(-58.554419392109,-223.659678861908,-1.86459566359233E-8));
#8223=CARTESIAN_POINT('',(-97.9710447964896,-141.227519500211,-1.36109652368059E-8));
#8224=CARTESIAN_POINT('Origin',(-61.9283065923786,-199.565260016203,1.12435262030247));
#8225=CARTESIAN_POINT('',(-12.2587823137339,-199.565260016203,0.562176294699074));
#8226=CARTESIAN_POINT('',(-58.5544193920371,-199.565260016203,0.562176300612769));
#8227=CARTESIAN_POINT('Origin',(-58.5544193921089,-259.493693384192,-1.86459566363741E-8));
#8228=CARTESIAN_POINT('',(-58.5544193921089,-163.984718787977,-1.86459517289765E-8));
#8229=CARTESIAN_POINT('Origin',(-114.946551585259,-131.426706086085,-1.14425520399308E-8));
#8230=CARTESIAN_POINT('',(-4.59294826891355,-195.139388666822,-2.55388579611639E-8));
#8231=CARTESIAN_POINT('Origin',(-4.02544878037478,-194.811742684349,-2.56113651475919E-8));
#8232=CARTESIAN_POINT('Origin',(-59.554419392109,-227.368693384192,-1.8518218877288E-8));
#8233=CARTESIAN_POINT('',(-59.5544193940791,-66.741,-15.4234583463943));
#8234=CARTESIAN_POINT('',(-59.5544193940791,-98.002667980408,-15.4234583463943));
#8235=CARTESIAN_POINT('Ctrl Pts',(-59.5544193940791,-66.741,-15.4234583463943));
#8236=CARTESIAN_POINT('Ctrl Pts',(-59.5544193940791,-77.1615559934694,-15.4234583463943));
#8237=CARTESIAN_POINT('Ctrl Pts',(-59.5544193940791,-87.5821119869386,-15.4234583463943));
#8238=CARTESIAN_POINT('Ctrl Pts',(-59.5544193940791,-98.002667980408,-15.4234583463943));
#8239=CARTESIAN_POINT('',(-59.554419392109,-98.002667980408,-1.8518218877288E-8));
#8240=CARTESIAN_POINT('',(-59.554419392109,-98.002667980408,-1.85182020969319E-8));
#8241=CARTESIAN_POINT('',(-59.554419392109,-66.741,-1.8518218877288E-8));
#8242=CARTESIAN_POINT('',(-59.554419392109,-352.166222193725,-1.8518218877288E-8));
#8243=CARTESIAN_POINT('',(-59.554419392109,-66.741,-9.41687022169637E-9));
#8244=CARTESIAN_POINT('Origin',(-3.16228719895875,-130.5606806823,-2.57216234737313E-8));
#8245=CARTESIAN_POINT('',(-113.701216665163,-66.741,-12.827276413078));
#8246=CARTESIAN_POINT('Ctrl Pts',(-59.5544193940791,-98.002667980408,-15.4234583463943));
#8247=CARTESIAN_POINT('Ctrl Pts',(-77.1746316504085,-87.8296336910559,-15.6670846689854));
#8248=CARTESIAN_POINT('Ctrl Pts',(-96.3503961284139,-76.7585009076719,-14.436772325764));
#8249=CARTESIAN_POINT('Ctrl Pts',(-113.701216665163,-66.741,-12.827276413078));
#8250=CARTESIAN_POINT('',(-113.701216663525,-66.741,-1.16016283321449E-8));
#8251=CARTESIAN_POINT('',(-113.701216663525,-66.741,-2.50030337516301E-9));
#8252=CARTESIAN_POINT('',(-306.828329596556,44.7609906397008,1.30679962926996E-8));
#8253=CARTESIAN_POINT('Origin',(-31.1538368006349,-275.299520791834,-2.21460456542642E-8));
#8254=CARTESIAN_POINT('',(-59.5526199181397,-66.741,-1.85184487380603E-8));
#8255=CARTESIAN_POINT('',(-46.5890380789406,-66.741,-2.01743876317579E-8));
#8256=CARTESIAN_POINT('',(-113.703550160945,-66.741,-1.16013302564136E-8));
#8257=CARTESIAN_POINT('',(-46.5890380789406,-66.741,-2.01743876317579E-8));
#8258=CARTESIAN_POINT('',(-59.5526199181397,-98.0050541525522,-1.85184487380603E-8));
#8259=CARTESIAN_POINT('',(-306.828329596556,44.7596433943372,1.30679962926996E-8));
#8260=CARTESIAN_POINT('',(-59.5526199181397,-352.166222193725,-1.85184487380603E-8));
#8261=CARTESIAN_POINT('Ctrl Pts',(-120.329149390931,-66.741,12.1865566684833));
#8262=CARTESIAN_POINT('Ctrl Pts',(-120.329149390931,-209.741,12.1865566684833));
#8263=CARTESIAN_POINT('Ctrl Pts',(-119.989671296327,-66.741,12.2206630656391));
#8264=CARTESIAN_POINT('Ctrl Pts',(-119.989671296327,-209.741,12.2206630656391));
#8265=CARTESIAN_POINT('Ctrl Pts',(-118.446509214199,-66.741,12.3749215462612));
#8266=CARTESIAN_POINT('Ctrl Pts',(-118.446509214199,-209.741,12.3749215462612));
#8267=CARTESIAN_POINT('Ctrl Pts',(-115.69262356605,-66.741,12.6438443115248));
#8268=CARTESIAN_POINT('Ctrl Pts',(-115.69262356605,-209.741,12.6438443115248));
#8269=CARTESIAN_POINT('Ctrl Pts',(-111.719926929456,-66.741,13.0147754432036));
#8270=CARTESIAN_POINT('Ctrl Pts',(-111.719926929456,-209.741,13.0147754432036));
#8271=CARTESIAN_POINT('Ctrl Pts',(-106.866620430091,-66.741,13.4385252573424));
#8272=CARTESIAN_POINT('Ctrl Pts',(-106.866620430091,-209.741,13.4385252573424));
#8273=CARTESIAN_POINT('Ctrl Pts',(-102.007598650055,-66.741,13.8311577996323));
#8274=CARTESIAN_POINT('Ctrl Pts',(-102.007598650055,-209.741,13.8311577996323));
#8275=CARTESIAN_POINT('Ctrl Pts',(-97.1542405405345,-66.741,14.1893232404221));
#8276=CARTESIAN_POINT('Ctrl Pts',(-97.1542405405345,-209.741,14.1893232404221));
#8277=CARTESIAN_POINT('Ctrl Pts',(-92.3178531362766,-66.741,14.509701374708));
#8278=CARTESIAN_POINT('Ctrl Pts',(-92.3178531362766,-209.741,14.509701374708));
#8279=CARTESIAN_POINT('Ctrl Pts',(-87.5097129949004,-66.741,14.7890708794963));
#8280=CARTESIAN_POINT('Ctrl Pts',(-87.5097129949004,-209.741,14.7890708794963));
#8281=CARTESIAN_POINT('Ctrl Pts',(-82.7410570642514,-66.741,15.0242642647628));
#8282=CARTESIAN_POINT('Ctrl Pts',(-82.7410570642514,-209.741,15.0242642647628));
#8283=CARTESIAN_POINT('Ctrl Pts',(-78.0230105160191,-66.741,15.2122449152599));
#8284=CARTESIAN_POINT('Ctrl Pts',(-78.0230105160191,-209.741,15.2122449152599));
#8285=CARTESIAN_POINT('Ctrl Pts',(-73.366583552918,-66.741,15.3502992349318));
#8286=CARTESIAN_POINT('Ctrl Pts',(-73.366583552918,-209.741,15.3502992349318));
#8287=CARTESIAN_POINT('Ctrl Pts',(-68.7826578443967,-66.741,15.4357856364724));
#8288=CARTESIAN_POINT('Ctrl Pts',(-68.7826578443967,-209.741,15.4357856364724));
#8289=CARTESIAN_POINT('Ctrl Pts',(-64.2818911583195,-66.741,15.4664109789263));
#8290=CARTESIAN_POINT('Ctrl Pts',(-64.2818911583195,-209.741,15.4664109789263));
#8291=CARTESIAN_POINT('Ctrl Pts',(-59.8748212107308,-66.741,15.4401811086771));
#8292=CARTESIAN_POINT('Ctrl Pts',(-59.8748212107308,-209.741,15.4401811086771));
#8293=CARTESIAN_POINT('Ctrl Pts',(-55.5717240219785,-66.741,15.3555314955831));
#8294=CARTESIAN_POINT('Ctrl Pts',(-55.5717240219785,-209.741,15.3555314955831));
#8295=CARTESIAN_POINT('Ctrl Pts',(-51.3826355101091,-66.741,15.2111194301604));
#8296=CARTESIAN_POINT('Ctrl Pts',(-51.3826355101091,-209.741,15.2111194301604));
#8297=CARTESIAN_POINT('Ctrl Pts',(-47.3173103747153,-66.741,15.0061678541715));
#8298=CARTESIAN_POINT('Ctrl Pts',(-47.3173103747153,-209.741,15.0061678541715));
#8299=CARTESIAN_POINT('Ctrl Pts',(-43.3852462782757,-66.741,14.7403053947343));
#8300=CARTESIAN_POINT('Ctrl Pts',(-43.3852462782757,-209.741,14.7403053947343));
#8301=CARTESIAN_POINT('Ctrl Pts',(-39.595615141253,-66.741,14.4134461966524));
#8302=CARTESIAN_POINT('Ctrl Pts',(-39.595615141253,-209.741,14.4134461966524));
#8303=CARTESIAN_POINT('Ctrl Pts',(-35.957221900035,-66.741,14.0261634242659));
#8304=CARTESIAN_POINT('Ctrl Pts',(-35.957221900035,-209.741,14.0261634242659));
#8305=CARTESIAN_POINT('Ctrl Pts',(-32.4785146684526,-66.741,13.5793582714083));
#8306=CARTESIAN_POINT('Ctrl Pts',(-32.4785146684526,-209.741,13.5793582714083));
#8307=CARTESIAN_POINT('Ctrl Pts',(-29.1676058976776,-66.741,13.0742405379132));
#8308=CARTESIAN_POINT('Ctrl Pts',(-29.1676058976776,-209.741,13.0742405379132));
#8309=CARTESIAN_POINT('Ctrl Pts',(-26.0321260946135,-66.741,12.5126777494896));
#8310=CARTESIAN_POINT('Ctrl Pts',(-26.0321260946135,-209.741,12.5126777494896));
#8311=CARTESIAN_POINT('Ctrl Pts',(-23.079348315128,-66.741,11.8964754219637));
#8312=CARTESIAN_POINT('Ctrl Pts',(-23.079348315128,-209.741,11.8964754219637));
#8313=CARTESIAN_POINT('Ctrl Pts',(-20.3159741775578,-66.741,11.2282438140226));
#8314=CARTESIAN_POINT('Ctrl Pts',(-20.3159741775578,-209.741,11.2282438140226));
#8315=CARTESIAN_POINT('Ctrl Pts',(-17.7483647566593,-66.741,10.5102972517248));
#8316=CARTESIAN_POINT('Ctrl Pts',(-17.7483647566593,-209.741,10.5102972517248));
#8317=CARTESIAN_POINT('Ctrl Pts',(-15.3821830956332,-66.741,9.74561380672708));
#8318=CARTESIAN_POINT('Ctrl Pts',(-15.3821830956332,-209.741,9.74561380672708));
#8319=CARTESIAN_POINT('Ctrl Pts',(-13.2226600223335,-66.741,8.93679770693902));
#8320=CARTESIAN_POINT('Ctrl Pts',(-13.2226600223335,-209.741,8.93679770693902));
#8321=CARTESIAN_POINT('Ctrl Pts',(-11.2743704390967,-66.741,8.0867856678485));
#8322=CARTESIAN_POINT('Ctrl Pts',(-11.2743704390967,-209.741,8.0867856678485));
#8323=CARTESIAN_POINT('Ctrl Pts',(-9.54119563328408,-66.741,7.19809541431781));
#8324=CARTESIAN_POINT('Ctrl Pts',(-9.54119563328408,-209.741,7.19809541431781));
#8325=CARTESIAN_POINT('Ctrl Pts',(-8.0264247778305,-66.741,6.27291220544089));
#8326=CARTESIAN_POINT('Ctrl Pts',(-8.0264247778305,-209.741,6.27291220544089));
#8327=CARTESIAN_POINT('Ctrl Pts',(-6.73276332010922,-66.741,5.31274537591564));
#8328=CARTESIAN_POINT('Ctrl Pts',(-6.73276332010922,-209.741,5.31274537591564));
#8329=CARTESIAN_POINT('Ctrl Pts',(-5.66277352507489,-66.741,4.31788306682411));
#8330=CARTESIAN_POINT('Ctrl Pts',(-5.66277352507489,-209.741,4.31788306682411));
#8331=CARTESIAN_POINT('Ctrl Pts',(-4.81983697186665,-66.741,3.28806952090833));
#8332=CARTESIAN_POINT('Ctrl Pts',(-4.81983697186665,-209.741,3.28806952090833));
#8333=CARTESIAN_POINT('Ctrl Pts',(-4.20985766894965,-66.741,2.22194218141347));
#8334=CARTESIAN_POINT('Ctrl Pts',(-4.20985766894965,-209.741,2.22194218141347));
#8335=CARTESIAN_POINT('Ctrl Pts',(-3.84088490933865,-66.741,1.12499790198429));
#8336=CARTESIAN_POINT('Ctrl Pts',(-3.84088490933865,-209.741,1.12499790198429));
#8337=CARTESIAN_POINT('Ctrl Pts',(-3.71932932355691,-66.741,9.03524777420113E-15));
#8338=CARTESIAN_POINT('Ctrl Pts',(-3.71932932355691,-209.741,9.03524777420113E-15));
#8339=CARTESIAN_POINT('Ctrl Pts',(-3.84088490933867,-66.741,-1.1249979019843));
#8340=CARTESIAN_POINT('Ctrl Pts',(-3.84088490933867,-209.741,-1.1249979019843));
#8341=CARTESIAN_POINT('Ctrl Pts',(-4.2098576689496,-66.741,-2.22194218141346));
#8342=CARTESIAN_POINT('Ctrl Pts',(-4.2098576689496,-209.741,-2.22194218141346));
#8343=CARTESIAN_POINT('Ctrl Pts',(-4.81983697186664,-66.741,-3.28806952090832));
#8344=CARTESIAN_POINT('Ctrl Pts',(-4.81983697186664,-209.741,-3.28806952090832));
#8345=CARTESIAN_POINT('Ctrl Pts',(-5.66277352507481,-66.741,-4.3178830668241));
#8346=CARTESIAN_POINT('Ctrl Pts',(-5.66277352507481,-209.741,-4.3178830668241));
#8347=CARTESIAN_POINT('Ctrl Pts',(-6.73276332010932,-66.741,-5.31274537591565));
#8348=CARTESIAN_POINT('Ctrl Pts',(-6.73276332010932,-209.741,-5.31274537591565));
#8349=CARTESIAN_POINT('Ctrl Pts',(-8.02642477783035,-66.741,-6.2729122054409));
#8350=CARTESIAN_POINT('Ctrl Pts',(-8.02642477783035,-209.741,-6.2729122054409));
#8351=CARTESIAN_POINT('Ctrl Pts',(-9.54119563328407,-66.741,-7.19809541431784));
#8352=CARTESIAN_POINT('Ctrl Pts',(-9.54119563328407,-209.741,-7.19809541431784));
#8353=CARTESIAN_POINT('Ctrl Pts',(-11.2743704390964,-66.741,-8.0867856678485));
#8354=CARTESIAN_POINT('Ctrl Pts',(-11.2743704390964,-209.741,-8.0867856678485));
#8355=CARTESIAN_POINT('Ctrl Pts',(-13.222660022334,-66.741,-8.93679770693902));
#8356=CARTESIAN_POINT('Ctrl Pts',(-13.222660022334,-209.741,-8.93679770693902));
#8357=CARTESIAN_POINT('Ctrl Pts',(-15.3821830956327,-66.741,-9.74561380672707));
#8358=CARTESIAN_POINT('Ctrl Pts',(-15.3821830956327,-209.741,-9.74561380672707));
#8359=CARTESIAN_POINT('Ctrl Pts',(-17.7483647566594,-66.741,-10.5102972517248));
#8360=CARTESIAN_POINT('Ctrl Pts',(-17.7483647566594,-209.741,-10.5102972517248));
#8361=CARTESIAN_POINT('Ctrl Pts',(-20.3159741775577,-66.741,-11.2282438140226));
#8362=CARTESIAN_POINT('Ctrl Pts',(-20.3159741775577,-209.741,-11.2282438140226));
#8363=CARTESIAN_POINT('Ctrl Pts',(-23.0793483151282,-66.741,-11.8964754219637));
#8364=CARTESIAN_POINT('Ctrl Pts',(-23.0793483151282,-209.741,-11.8964754219637));
#8365=CARTESIAN_POINT('Ctrl Pts',(-26.0321260946135,-66.741,-12.5126777494896));
#8366=CARTESIAN_POINT('Ctrl Pts',(-26.0321260946135,-209.741,-12.5126777494896));
#8367=CARTESIAN_POINT('Ctrl Pts',(-29.1676058976776,-66.741,-13.0742405379132));
#8368=CARTESIAN_POINT('Ctrl Pts',(-29.1676058976776,-209.741,-13.0742405379132));
#8369=CARTESIAN_POINT('Ctrl Pts',(-32.4785146684527,-66.741,-13.5793582714083));
#8370=CARTESIAN_POINT('Ctrl Pts',(-32.4785146684527,-209.741,-13.5793582714083));
#8371=CARTESIAN_POINT('Ctrl Pts',(-35.9572219000349,-66.741,-14.0261634242659));
#8372=CARTESIAN_POINT('Ctrl Pts',(-35.9572219000349,-209.741,-14.0261634242659));
#8373=CARTESIAN_POINT('Ctrl Pts',(-39.5956151412533,-66.741,-14.4134461966523));
#8374=CARTESIAN_POINT('Ctrl Pts',(-39.5956151412533,-209.741,-14.4134461966523));
#8375=CARTESIAN_POINT('Ctrl Pts',(-43.3852462782754,-66.741,-14.7403053947343));
#8376=CARTESIAN_POINT('Ctrl Pts',(-43.3852462782754,-209.741,-14.7403053947343));
#8377=CARTESIAN_POINT('Ctrl Pts',(-47.3173103747153,-66.741,-15.0061678541715));
#8378=CARTESIAN_POINT('Ctrl Pts',(-47.3173103747153,-209.741,-15.0061678541715));
#8379=CARTESIAN_POINT('Ctrl Pts',(-51.3826355101091,-66.741,-15.2111194301605));
#8380=CARTESIAN_POINT('Ctrl Pts',(-51.3826355101091,-209.741,-15.2111194301605));
#8381=CARTESIAN_POINT('Ctrl Pts',(-55.5717240219786,-66.741,-15.3555314955831));
#8382=CARTESIAN_POINT('Ctrl Pts',(-55.5717240219786,-209.741,-15.3555314955831));
#8383=CARTESIAN_POINT('Ctrl Pts',(-59.8748212107309,-66.741,-15.4401811086771));
#8384=CARTESIAN_POINT('Ctrl Pts',(-59.8748212107309,-209.741,-15.4401811086771));
#8385=CARTESIAN_POINT('Ctrl Pts',(-64.2818911583194,-66.741,-15.4664109789264));
#8386=CARTESIAN_POINT('Ctrl Pts',(-64.2818911583194,-209.741,-15.4664109789264));
#8387=CARTESIAN_POINT('Ctrl Pts',(-68.7826578443968,-66.741,-15.4357856364722));
#8388=CARTESIAN_POINT('Ctrl Pts',(-68.7826578443968,-209.741,-15.4357856364722));
#8389=CARTESIAN_POINT('Ctrl Pts',(-73.366583552918,-66.741,-15.3502992349322));
#8390=CARTESIAN_POINT('Ctrl Pts',(-73.366583552918,-209.741,-15.3502992349322));
#8391=CARTESIAN_POINT('Ctrl Pts',(-78.0230105160191,-66.741,-15.2122449152598));
#8392=CARTESIAN_POINT('Ctrl Pts',(-78.0230105160191,-209.741,-15.2122449152598));
#8393=CARTESIAN_POINT('Ctrl Pts',(-82.7410570642512,-66.741,-15.0242642647628));
#8394=CARTESIAN_POINT('Ctrl Pts',(-82.7410570642512,-209.741,-15.0242642647628));
#8395=CARTESIAN_POINT('Ctrl Pts',(-87.5097129949004,-66.741,-14.7890708794964));
#8396=CARTESIAN_POINT('Ctrl Pts',(-87.5097129949004,-209.741,-14.7890708794964));
#8397=CARTESIAN_POINT('Ctrl Pts',(-92.3178531362769,-66.741,-14.509701374708));
#8398=CARTESIAN_POINT('Ctrl Pts',(-92.3178531362769,-209.741,-14.509701374708));
#8399=CARTESIAN_POINT('Ctrl Pts',(-97.1542405405341,-66.741,-14.1893232404222));
#8400=CARTESIAN_POINT('Ctrl Pts',(-97.1542405405341,-209.741,-14.1893232404222));
#8401=CARTESIAN_POINT('Ctrl Pts',(-102.007598650056,-66.741,-13.8311577996323));
#8402=CARTESIAN_POINT('Ctrl Pts',(-102.007598650056,-209.741,-13.8311577996323));
#8403=CARTESIAN_POINT('Ctrl Pts',(-106.866620430091,-66.741,-13.4385252573426));
#8404=CARTESIAN_POINT('Ctrl Pts',(-106.866620430091,-209.741,-13.4385252573426));
#8405=CARTESIAN_POINT('Ctrl Pts',(-111.719926929456,-66.741,-13.0147754432037));
#8406=CARTESIAN_POINT('Ctrl Pts',(-111.719926929456,-209.741,-13.0147754432037));
#8407=CARTESIAN_POINT('Ctrl Pts',(-115.692623566051,-66.741,-12.6438443115244));
#8408=CARTESIAN_POINT('Ctrl Pts',(-115.692623566051,-209.741,-12.6438443115244));
#8409=CARTESIAN_POINT('Ctrl Pts',(-118.4465092142,-66.741,-12.3749215462614));
#8410=CARTESIAN_POINT('Ctrl Pts',(-118.4465092142,-209.741,-12.3749215462614));
#8411=CARTESIAN_POINT('Ctrl Pts',(-119.989671296329,-66.741,-12.2206630656391));
#8412=CARTESIAN_POINT('Ctrl Pts',(-119.989671296329,-209.741,-12.2206630656391));
#8413=CARTESIAN_POINT('Ctrl Pts',(-120.329149390934,-66.741,-12.1865566684832));
#8414=CARTESIAN_POINT('Ctrl Pts',(-120.329149390934,-209.741,-12.1865566684832));
#8415=CARTESIAN_POINT('Ctrl Pts',(-59.5544193940791,-66.741,-15.4234583463943));
#8416=CARTESIAN_POINT('Ctrl Pts',(-60.1750835844327,-66.741,-15.4320399759491));
#8417=CARTESIAN_POINT('Ctrl Pts',(-61.9006577880654,-66.741,-15.451377227851));
#8418=CARTESIAN_POINT('Ctrl Pts',(-64.7581356434681,-66.741,-15.463170386497));
#8419=CARTESIAN_POINT('Ctrl Pts',(-68.7826578443968,-66.741,-15.4357856364722));
#8420=CARTESIAN_POINT('Ctrl Pts',(-73.366583552918,-66.741,-15.3502992349322));
#8421=CARTESIAN_POINT('Ctrl Pts',(-78.0230105160191,-66.741,-15.2122449152598));
#8422=CARTESIAN_POINT('Ctrl Pts',(-82.7410570642512,-66.741,-15.0242642647628));
#8423=CARTESIAN_POINT('Ctrl Pts',(-87.5097129949004,-66.741,-14.7890708794964));
#8424=CARTESIAN_POINT('Ctrl Pts',(-92.3178531362769,-66.741,-14.509701374708));
#8425=CARTESIAN_POINT('Ctrl Pts',(-97.1542405405341,-66.741,-14.1893232404222));
#8426=CARTESIAN_POINT('Ctrl Pts',(-102.007598650056,-66.741,-13.8311577996323));
#8427=CARTESIAN_POINT('Ctrl Pts',(-106.755457542421,-66.741,-13.4475077581771));
#8428=CARTESIAN_POINT('Ctrl Pts',(-110.286817263947,-66.741,-13.1398804431481));
#8429=CARTESIAN_POINT('Ctrl Pts',(-112.600980086498,-66.741,-12.9293365013948));
#8430=CARTESIAN_POINT('Ctrl Pts',(-113.701216665163,-66.741,-12.827276413078));
#8431=CARTESIAN_POINT('Origin',(-62.0242393572464,-66.741,-3.21964677141295E-14));
#8432=CARTESIAN_POINT('',(-59.5526199161695,-66.741,15.423433460728));
#8433=CARTESIAN_POINT('',(-59.5526199181397,-66.741,-9.41710014291434E-9));
#8434=CARTESIAN_POINT('',(-113.703550159306,-66.741,12.8270599503072));
#8435=CARTESIAN_POINT('Ctrl Pts',(-113.703550159306,-66.741,12.8270599503072));
#8436=CARTESIAN_POINT('Ctrl Pts',(-112.6027315336,-66.741,12.9291771519607));
#8437=CARTESIAN_POINT('Ctrl Pts',(-110.287986362265,-66.741,13.1397785988833));
#8438=CARTESIAN_POINT('Ctrl Pts',(-106.756042578285,-66.741,13.4474604844399));
#8439=CARTESIAN_POINT('Ctrl Pts',(-102.007598650055,-66.741,13.8311577996323));
#8440=CARTESIAN_POINT('Ctrl Pts',(-97.1542405405345,-66.741,14.1893232404221));
#8441=CARTESIAN_POINT('Ctrl Pts',(-92.3178531362766,-66.741,14.509701374708));
#8442=CARTESIAN_POINT('Ctrl Pts',(-87.5097129949004,-66.741,14.7890708794963));
#8443=CARTESIAN_POINT('Ctrl Pts',(-82.7410570642514,-66.741,15.0242642647628));
#8444=CARTESIAN_POINT('Ctrl Pts',(-78.0230105160191,-66.741,15.2122449152599));
#8445=CARTESIAN_POINT('Ctrl Pts',(-73.366583552918,-66.741,15.3502992349318));
#8446=CARTESIAN_POINT('Ctrl Pts',(-68.7826578443967,-66.741,15.4357856364724));
#8447=CARTESIAN_POINT('Ctrl Pts',(-64.7576778633845,-66.741,15.4631735014488));
#8448=CARTESIAN_POINT('Ctrl Pts',(-61.8997504290544,-66.741,15.4513734822755));
#8449=CARTESIAN_POINT('Ctrl Pts',(-60.1737308629313,-66.741,15.4320248144678));
#8450=CARTESIAN_POINT('Ctrl Pts',(-59.5526199161695,-66.741,15.423433460728));
#8451=CARTESIAN_POINT('',(-113.703550160945,-66.741,-2.49997925362026E-9));
#8452=CARTESIAN_POINT('Ctrl Pts',(-120.329149390931,-66.741,12.1865566684833));
#8453=CARTESIAN_POINT('Ctrl Pts',(-120.329149390931,-209.741,12.1865566684833));
#8454=CARTESIAN_POINT('Ctrl Pts',(-119.989671296327,-66.741,12.2206630656391));
#8455=CARTESIAN_POINT('Ctrl Pts',(-119.989671296327,-209.741,12.2206630656391));
#8456=CARTESIAN_POINT('Ctrl Pts',(-118.446509214199,-66.741,12.3749215462612));
#8457=CARTESIAN_POINT('Ctrl Pts',(-118.446509214199,-209.741,12.3749215462612));
#8458=CARTESIAN_POINT('Ctrl Pts',(-115.69262356605,-66.741,12.6438443115248));
#8459=CARTESIAN_POINT('Ctrl Pts',(-115.69262356605,-209.741,12.6438443115248));
#8460=CARTESIAN_POINT('Ctrl Pts',(-111.719926929456,-66.741,13.0147754432036));
#8461=CARTESIAN_POINT('Ctrl Pts',(-111.719926929456,-209.741,13.0147754432036));
#8462=CARTESIAN_POINT('Ctrl Pts',(-106.866620430091,-66.741,13.4385252573424));
#8463=CARTESIAN_POINT('Ctrl Pts',(-106.866620430091,-209.741,13.4385252573424));
#8464=CARTESIAN_POINT('Ctrl Pts',(-102.007598650055,-66.741,13.8311577996323));
#8465=CARTESIAN_POINT('Ctrl Pts',(-102.007598650055,-209.741,13.8311577996323));
#8466=CARTESIAN_POINT('Ctrl Pts',(-97.1542405405345,-66.741,14.1893232404221));
#8467=CARTESIAN_POINT('Ctrl Pts',(-97.1542405405345,-209.741,14.1893232404221));
#8468=CARTESIAN_POINT('Ctrl Pts',(-92.3178531362766,-66.741,14.509701374708));
#8469=CARTESIAN_POINT('Ctrl Pts',(-92.3178531362766,-209.741,14.509701374708));
#8470=CARTESIAN_POINT('Ctrl Pts',(-87.5097129949004,-66.741,14.7890708794963));
#8471=CARTESIAN_POINT('Ctrl Pts',(-87.5097129949004,-209.741,14.7890708794963));
#8472=CARTESIAN_POINT('Ctrl Pts',(-82.7410570642514,-66.741,15.0242642647628));
#8473=CARTESIAN_POINT('Ctrl Pts',(-82.7410570642514,-209.741,15.0242642647628));
#8474=CARTESIAN_POINT('Ctrl Pts',(-78.0230105160191,-66.741,15.2122449152599));
#8475=CARTESIAN_POINT('Ctrl Pts',(-78.0230105160191,-209.741,15.2122449152599));
#8476=CARTESIAN_POINT('Ctrl Pts',(-73.366583552918,-66.741,15.3502992349318));
#8477=CARTESIAN_POINT('Ctrl Pts',(-73.366583552918,-209.741,15.3502992349318));
#8478=CARTESIAN_POINT('Ctrl Pts',(-68.7826578443967,-66.741,15.4357856364724));
#8479=CARTESIAN_POINT('Ctrl Pts',(-68.7826578443967,-209.741,15.4357856364724));
#8480=CARTESIAN_POINT('Ctrl Pts',(-64.2818911583195,-66.741,15.4664109789263));
#8481=CARTESIAN_POINT('Ctrl Pts',(-64.2818911583195,-209.741,15.4664109789263));
#8482=CARTESIAN_POINT('Ctrl Pts',(-59.8748212107308,-66.741,15.4401811086771));
#8483=CARTESIAN_POINT('Ctrl Pts',(-59.8748212107308,-209.741,15.4401811086771));
#8484=CARTESIAN_POINT('Ctrl Pts',(-55.5717240219785,-66.741,15.3555314955831));
#8485=CARTESIAN_POINT('Ctrl Pts',(-55.5717240219785,-209.741,15.3555314955831));
#8486=CARTESIAN_POINT('Ctrl Pts',(-51.3826355101091,-66.741,15.2111194301604));
#8487=CARTESIAN_POINT('Ctrl Pts',(-51.3826355101091,-209.741,15.2111194301604));
#8488=CARTESIAN_POINT('Ctrl Pts',(-47.3173103747153,-66.741,15.0061678541715));
#8489=CARTESIAN_POINT('Ctrl Pts',(-47.3173103747153,-209.741,15.0061678541715));
#8490=CARTESIAN_POINT('Ctrl Pts',(-43.3852462782757,-66.741,14.7403053947343));
#8491=CARTESIAN_POINT('Ctrl Pts',(-43.3852462782757,-209.741,14.7403053947343));
#8492=CARTESIAN_POINT('Ctrl Pts',(-39.595615141253,-66.741,14.4134461966524));
#8493=CARTESIAN_POINT('Ctrl Pts',(-39.595615141253,-209.741,14.4134461966524));
#8494=CARTESIAN_POINT('Ctrl Pts',(-35.957221900035,-66.741,14.0261634242659));
#8495=CARTESIAN_POINT('Ctrl Pts',(-35.957221900035,-209.741,14.0261634242659));
#8496=CARTESIAN_POINT('Ctrl Pts',(-32.4785146684526,-66.741,13.5793582714083));
#8497=CARTESIAN_POINT('Ctrl Pts',(-32.4785146684526,-209.741,13.5793582714083));
#8498=CARTESIAN_POINT('Ctrl Pts',(-29.1676058976776,-66.741,13.0742405379132));
#8499=CARTESIAN_POINT('Ctrl Pts',(-29.1676058976776,-209.741,13.0742405379132));
#8500=CARTESIAN_POINT('Ctrl Pts',(-26.0321260946135,-66.741,12.5126777494896));
#8501=CARTESIAN_POINT('Ctrl Pts',(-26.0321260946135,-209.741,12.5126777494896));
#8502=CARTESIAN_POINT('Ctrl Pts',(-23.079348315128,-66.741,11.8964754219637));
#8503=CARTESIAN_POINT('Ctrl Pts',(-23.079348315128,-209.741,11.8964754219637));
#8504=CARTESIAN_POINT('Ctrl Pts',(-20.3159741775578,-66.741,11.2282438140226));
#8505=CARTESIAN_POINT('Ctrl Pts',(-20.3159741775578,-209.741,11.2282438140226));
#8506=CARTESIAN_POINT('Ctrl Pts',(-17.7483647566593,-66.741,10.5102972517248));
#8507=CARTESIAN_POINT('Ctrl Pts',(-17.7483647566593,-209.741,10.5102972517248));
#8508=CARTESIAN_POINT('Ctrl Pts',(-15.3821830956332,-66.741,9.74561380672708));
#8509=CARTESIAN_POINT('Ctrl Pts',(-15.3821830956332,-209.741,9.74561380672708));
#8510=CARTESIAN_POINT('Ctrl Pts',(-13.2226600223335,-66.741,8.93679770693902));
#8511=CARTESIAN_POINT('Ctrl Pts',(-13.2226600223335,-209.741,8.93679770693902));
#8512=CARTESIAN_POINT('Ctrl Pts',(-11.2743704390967,-66.741,8.0867856678485));
#8513=CARTESIAN_POINT('Ctrl Pts',(-11.2743704390967,-209.741,8.0867856678485));
#8514=CARTESIAN_POINT('Ctrl Pts',(-9.54119563328408,-66.741,7.19809541431781));
#8515=CARTESIAN_POINT('Ctrl Pts',(-9.54119563328408,-209.741,7.19809541431781));
#8516=CARTESIAN_POINT('Ctrl Pts',(-8.0264247778305,-66.741,6.27291220544089));
#8517=CARTESIAN_POINT('Ctrl Pts',(-8.0264247778305,-209.741,6.27291220544089));
#8518=CARTESIAN_POINT('Ctrl Pts',(-6.73276332010922,-66.741,5.31274537591564));
#8519=CARTESIAN_POINT('Ctrl Pts',(-6.73276332010922,-209.741,5.31274537591564));
#8520=CARTESIAN_POINT('Ctrl Pts',(-5.66277352507489,-66.741,4.31788306682411));
#8521=CARTESIAN_POINT('Ctrl Pts',(-5.66277352507489,-209.741,4.31788306682411));
#8522=CARTESIAN_POINT('Ctrl Pts',(-4.81983697186665,-66.741,3.28806952090833));
#8523=CARTESIAN_POINT('Ctrl Pts',(-4.81983697186665,-209.741,3.28806952090833));
#8524=CARTESIAN_POINT('Ctrl Pts',(-4.20985766894965,-66.741,2.22194218141347));
#8525=CARTESIAN_POINT('Ctrl Pts',(-4.20985766894965,-209.741,2.22194218141347));
#8526=CARTESIAN_POINT('Ctrl Pts',(-3.84088490933865,-66.741,1.12499790198429));
#8527=CARTESIAN_POINT('Ctrl Pts',(-3.84088490933865,-209.741,1.12499790198429));
#8528=CARTESIAN_POINT('Ctrl Pts',(-3.71932932355691,-66.741,9.03524777420113E-15));
#8529=CARTESIAN_POINT('Ctrl Pts',(-3.71932932355691,-209.741,9.03524777420113E-15));
#8530=CARTESIAN_POINT('Ctrl Pts',(-3.84088490933867,-66.741,-1.1249979019843));
#8531=CARTESIAN_POINT('Ctrl Pts',(-3.84088490933867,-209.741,-1.1249979019843));
#8532=CARTESIAN_POINT('Ctrl Pts',(-4.2098576689496,-66.741,-2.22194218141346));
#8533=CARTESIAN_POINT('Ctrl Pts',(-4.2098576689496,-209.741,-2.22194218141346));
#8534=CARTESIAN_POINT('Ctrl Pts',(-4.81983697186664,-66.741,-3.28806952090832));
#8535=CARTESIAN_POINT('Ctrl Pts',(-4.81983697186664,-209.741,-3.28806952090832));
#8536=CARTESIAN_POINT('Ctrl Pts',(-5.66277352507481,-66.741,-4.3178830668241));
#8537=CARTESIAN_POINT('Ctrl Pts',(-5.66277352507481,-209.741,-4.3178830668241));
#8538=CARTESIAN_POINT('Ctrl Pts',(-6.73276332010932,-66.741,-5.31274537591565));
#8539=CARTESIAN_POINT('Ctrl Pts',(-6.73276332010932,-209.741,-5.31274537591565));
#8540=CARTESIAN_POINT('Ctrl Pts',(-8.02642477783035,-66.741,-6.2729122054409));
#8541=CARTESIAN_POINT('Ctrl Pts',(-8.02642477783035,-209.741,-6.2729122054409));
#8542=CARTESIAN_POINT('Ctrl Pts',(-9.54119563328407,-66.741,-7.19809541431784));
#8543=CARTESIAN_POINT('Ctrl Pts',(-9.54119563328407,-209.741,-7.19809541431784));
#8544=CARTESIAN_POINT('Ctrl Pts',(-11.2743704390964,-66.741,-8.0867856678485));
#8545=CARTESIAN_POINT('Ctrl Pts',(-11.2743704390964,-209.741,-8.0867856678485));
#8546=CARTESIAN_POINT('Ctrl Pts',(-13.222660022334,-66.741,-8.93679770693902));
#8547=CARTESIAN_POINT('Ctrl Pts',(-13.222660022334,-209.741,-8.93679770693902));
#8548=CARTESIAN_POINT('Ctrl Pts',(-15.3821830956327,-66.741,-9.74561380672707));
#8549=CARTESIAN_POINT('Ctrl Pts',(-15.3821830956327,-209.741,-9.74561380672707));
#8550=CARTESIAN_POINT('Ctrl Pts',(-17.7483647566594,-66.741,-10.5102972517248));
#8551=CARTESIAN_POINT('Ctrl Pts',(-17.7483647566594,-209.741,-10.5102972517248));
#8552=CARTESIAN_POINT('Ctrl Pts',(-20.3159741775577,-66.741,-11.2282438140226));
#8553=CARTESIAN_POINT('Ctrl Pts',(-20.3159741775577,-209.741,-11.2282438140226));
#8554=CARTESIAN_POINT('Ctrl Pts',(-23.0793483151282,-66.741,-11.8964754219637));
#8555=CARTESIAN_POINT('Ctrl Pts',(-23.0793483151282,-209.741,-11.8964754219637));
#8556=CARTESIAN_POINT('Ctrl Pts',(-26.0321260946135,-66.741,-12.5126777494896));
#8557=CARTESIAN_POINT('Ctrl Pts',(-26.0321260946135,-209.741,-12.5126777494896));
#8558=CARTESIAN_POINT('Ctrl Pts',(-29.1676058976776,-66.741,-13.0742405379132));
#8559=CARTESIAN_POINT('Ctrl Pts',(-29.1676058976776,-209.741,-13.0742405379132));
#8560=CARTESIAN_POINT('Ctrl Pts',(-32.4785146684527,-66.741,-13.5793582714083));
#8561=CARTESIAN_POINT('Ctrl Pts',(-32.4785146684527,-209.741,-13.5793582714083));
#8562=CARTESIAN_POINT('Ctrl Pts',(-35.9572219000349,-66.741,-14.0261634242659));
#8563=CARTESIAN_POINT('Ctrl Pts',(-35.9572219000349,-209.741,-14.0261634242659));
#8564=CARTESIAN_POINT('Ctrl Pts',(-39.5956151412533,-66.741,-14.4134461966523));
#8565=CARTESIAN_POINT('Ctrl Pts',(-39.5956151412533,-209.741,-14.4134461966523));
#8566=CARTESIAN_POINT('Ctrl Pts',(-43.3852462782754,-66.741,-14.7403053947343));
#8567=CARTESIAN_POINT('Ctrl Pts',(-43.3852462782754,-209.741,-14.7403053947343));
#8568=CARTESIAN_POINT('Ctrl Pts',(-47.3173103747153,-66.741,-15.0061678541715));
#8569=CARTESIAN_POINT('Ctrl Pts',(-47.3173103747153,-209.741,-15.0061678541715));
#8570=CARTESIAN_POINT('Ctrl Pts',(-51.3826355101091,-66.741,-15.2111194301605));
#8571=CARTESIAN_POINT('Ctrl Pts',(-51.3826355101091,-209.741,-15.2111194301605));
#8572=CARTESIAN_POINT('Ctrl Pts',(-55.5717240219786,-66.741,-15.3555314955831));
#8573=CARTESIAN_POINT('Ctrl Pts',(-55.5717240219786,-209.741,-15.3555314955831));
#8574=CARTESIAN_POINT('Ctrl Pts',(-59.8748212107309,-66.741,-15.4401811086771));
#8575=CARTESIAN_POINT('Ctrl Pts',(-59.8748212107309,-209.741,-15.4401811086771));
#8576=CARTESIAN_POINT('Ctrl Pts',(-64.2818911583194,-66.741,-15.4664109789264));
#8577=CARTESIAN_POINT('Ctrl Pts',(-64.2818911583194,-209.741,-15.4664109789264));
#8578=CARTESIAN_POINT('Ctrl Pts',(-68.7826578443968,-66.741,-15.4357856364722));
#8579=CARTESIAN_POINT('Ctrl Pts',(-68.7826578443968,-209.741,-15.4357856364722));
#8580=CARTESIAN_POINT('Ctrl Pts',(-73.366583552918,-66.741,-15.3502992349322));
#8581=CARTESIAN_POINT('Ctrl Pts',(-73.366583552918,-209.741,-15.3502992349322));
#8582=CARTESIAN_POINT('Ctrl Pts',(-78.0230105160191,-66.741,-15.2122449152598));
#8583=CARTESIAN_POINT('Ctrl Pts',(-78.0230105160191,-209.741,-15.2122449152598));
#8584=CARTESIAN_POINT('Ctrl Pts',(-82.7410570642512,-66.741,-15.0242642647628));
#8585=CARTESIAN_POINT('Ctrl Pts',(-82.7410570642512,-209.741,-15.0242642647628));
#8586=CARTESIAN_POINT('Ctrl Pts',(-87.5097129949004,-66.741,-14.7890708794964));
#8587=CARTESIAN_POINT('Ctrl Pts',(-87.5097129949004,-209.741,-14.7890708794964));
#8588=CARTESIAN_POINT('Ctrl Pts',(-92.3178531362769,-66.741,-14.509701374708));
#8589=CARTESIAN_POINT('Ctrl Pts',(-92.3178531362769,-209.741,-14.509701374708));
#8590=CARTESIAN_POINT('Ctrl Pts',(-97.1542405405341,-66.741,-14.1893232404222));
#8591=CARTESIAN_POINT('Ctrl Pts',(-97.1542405405341,-209.741,-14.1893232404222));
#8592=CARTESIAN_POINT('Ctrl Pts',(-102.007598650056,-66.741,-13.8311577996323));
#8593=CARTESIAN_POINT('Ctrl Pts',(-102.007598650056,-209.741,-13.8311577996323));
#8594=CARTESIAN_POINT('Ctrl Pts',(-106.866620430091,-66.741,-13.4385252573426));
#8595=CARTESIAN_POINT('Ctrl Pts',(-106.866620430091,-209.741,-13.4385252573426));
#8596=CARTESIAN_POINT('Ctrl Pts',(-111.719926929456,-66.741,-13.0147754432037));
#8597=CARTESIAN_POINT('Ctrl Pts',(-111.719926929456,-209.741,-13.0147754432037));
#8598=CARTESIAN_POINT('Ctrl Pts',(-115.692623566051,-66.741,-12.6438443115244));
#8599=CARTESIAN_POINT('Ctrl Pts',(-115.692623566051,-209.741,-12.6438443115244));
#8600=CARTESIAN_POINT('Ctrl Pts',(-118.4465092142,-66.741,-12.3749215462614));
#8601=CARTESIAN_POINT('Ctrl Pts',(-118.4465092142,-209.741,-12.3749215462614));
#8602=CARTESIAN_POINT('Ctrl Pts',(-119.989671296329,-66.741,-12.2206630656391));
#8603=CARTESIAN_POINT('Ctrl Pts',(-119.989671296329,-209.741,-12.2206630656391));
#8604=CARTESIAN_POINT('Ctrl Pts',(-120.329149390934,-66.741,-12.1865566684832));
#8605=CARTESIAN_POINT('Ctrl Pts',(-120.329149390934,-209.741,-12.1865566684832));
#8606=CARTESIAN_POINT('',(-59.5526199161695,-98.0050541525522,15.423433460728));
#8607=CARTESIAN_POINT('Ctrl Pts',(-59.5526199161695,-98.0050541525522,15.423433460728));
#8608=CARTESIAN_POINT('Ctrl Pts',(-59.5526199161695,-87.5837027683682,15.423433460728));
#8609=CARTESIAN_POINT('Ctrl Pts',(-59.5526199161695,-77.1623513841841,15.423433460728));
#8610=CARTESIAN_POINT('Ctrl Pts',(-59.5526199161695,-66.741,15.423433460728));
#8611=CARTESIAN_POINT('Ctrl Pts',(-113.703550159306,-66.741,12.8270599503072));
#8612=CARTESIAN_POINT('Ctrl Pts',(-96.3515041163527,-76.7592084537714,14.4367187473973));
#8613=CARTESIAN_POINT('Ctrl Pts',(-77.174104790794,-87.8312851166489,15.6671780135626));
#8614=CARTESIAN_POINT('Ctrl Pts',(-59.5526199161695,-98.0050541525522,15.423433460728));
#8615=CARTESIAN_POINT('Origin',(-114.44475211129,-66.3130668544445,-1.15066507802463E-8));
#8616=CARTESIAN_POINT('',(-59.5526199181397,-98.0050541525522,-1.85184512125327E-8));
#8617=CARTESIAN_POINT('Origin',(-59.5526199181397,-195.246079556337,-1.85184487380603E-8));
#8618=CARTESIAN_POINT('Origin',(-3.53978231440689,-131.418136067231,-2.5673403093618E-8));
#8619=CARTESIAN_POINT('',(-114.893887744107,-195.708458813376,12.7157825230636));
#8620=CARTESIAN_POINT('',(-120.329149390936,-198.84650858825,12.1865566684771));
#8621=CARTESIAN_POINT('Ctrl Pts',(-114.893887744106,-195.708458813376,12.7157825230637));
#8622=CARTESIAN_POINT('Ctrl Pts',(-116.705404422564,-196.754338915622,12.5451394480038));
#8623=CARTESIAN_POINT('Ctrl Pts',(-118.518432792222,-197.80109087257,12.3684742072988));
#8624=CARTESIAN_POINT('Ctrl Pts',(-120.329149390931,-198.846508588247,12.1865566684833));
#8625=CARTESIAN_POINT('',(-114.893887745409,-195.708458813376,2.52538347288207));
#8626=CARTESIAN_POINT('Origin',(-130.686749441912,-204.826471764941,4.19109191795997E-14));
#8627=CARTESIAN_POINT('',(-114.893887745731,-195.708458813376,-1.14492691667955E-8));
#8628=CARTESIAN_POINT('Origin',(-3.66048772498946,-259.929092258229,-2.56579844549606E-8));
#8629=CARTESIAN_POINT('',(-108.213712107742,-199.565260016203,-1.23025898670757E-8));
#8630=CARTESIAN_POINT('',(-108.21371210604,-199.565260016204,13.3175238512716));
#8631=CARTESIAN_POINT('',(-108.21371210767,-199.565260016203,0.562176306956143));
#8632=CARTESIAN_POINT('Ctrl Pts',(-108.21371210604,-199.565260016204,13.3175238512716));
#8633=CARTESIAN_POINT('Ctrl Pts',(-110.440544597017,-198.279597678112,13.1264051777473));
#8634=CARTESIAN_POINT('Ctrl Pts',(-112.668317459229,-196.993392319371,12.9254290373297));
#8635=CARTESIAN_POINT('Ctrl Pts',(-114.893887744107,-195.708458813376,12.7157825230636));
#8636=CARTESIAN_POINT('',(-114.693249441912,-195.824297392096,-1.14749082880936E-8));
#8637=CARTESIAN_POINT('Origin',(-130.686749441912,-186.590445861812,4.19109191795997E-14));
#8638=CARTESIAN_POINT('',(102.347355173418,-321.132748891836,-3.91991887523604E-8));
#8639=CARTESIAN_POINT('Ctrl Pts',(-120.329149390931,-66.741,12.1865566684833));
#8640=CARTESIAN_POINT('Ctrl Pts',(-120.329149390931,-209.741,12.1865566684833));
#8641=CARTESIAN_POINT('Ctrl Pts',(-119.989671296327,-66.741,12.2206630656391));
#8642=CARTESIAN_POINT('Ctrl Pts',(-119.989671296327,-209.741,12.2206630656391));
#8643=CARTESIAN_POINT('Ctrl Pts',(-118.446509214199,-66.741,12.3749215462612));
#8644=CARTESIAN_POINT('Ctrl Pts',(-118.446509214199,-209.741,12.3749215462612));
#8645=CARTESIAN_POINT('Ctrl Pts',(-115.69262356605,-66.741,12.6438443115248));
#8646=CARTESIAN_POINT('Ctrl Pts',(-115.69262356605,-209.741,12.6438443115248));
#8647=CARTESIAN_POINT('Ctrl Pts',(-111.719926929456,-66.741,13.0147754432036));
#8648=CARTESIAN_POINT('Ctrl Pts',(-111.719926929456,-209.741,13.0147754432036));
#8649=CARTESIAN_POINT('Ctrl Pts',(-106.866620430091,-66.741,13.4385252573424));
#8650=CARTESIAN_POINT('Ctrl Pts',(-106.866620430091,-209.741,13.4385252573424));
#8651=CARTESIAN_POINT('Ctrl Pts',(-102.007598650055,-66.741,13.8311577996323));
#8652=CARTESIAN_POINT('Ctrl Pts',(-102.007598650055,-209.741,13.8311577996323));
#8653=CARTESIAN_POINT('Ctrl Pts',(-97.1542405405345,-66.741,14.1893232404221));
#8654=CARTESIAN_POINT('Ctrl Pts',(-97.1542405405345,-209.741,14.1893232404221));
#8655=CARTESIAN_POINT('Ctrl Pts',(-92.3178531362766,-66.741,14.509701374708));
#8656=CARTESIAN_POINT('Ctrl Pts',(-92.3178531362766,-209.741,14.509701374708));
#8657=CARTESIAN_POINT('Ctrl Pts',(-87.5097129949004,-66.741,14.7890708794963));
#8658=CARTESIAN_POINT('Ctrl Pts',(-87.5097129949004,-209.741,14.7890708794963));
#8659=CARTESIAN_POINT('Ctrl Pts',(-82.7410570642514,-66.741,15.0242642647628));
#8660=CARTESIAN_POINT('Ctrl Pts',(-82.7410570642514,-209.741,15.0242642647628));
#8661=CARTESIAN_POINT('Ctrl Pts',(-78.0230105160191,-66.741,15.2122449152599));
#8662=CARTESIAN_POINT('Ctrl Pts',(-78.0230105160191,-209.741,15.2122449152599));
#8663=CARTESIAN_POINT('Ctrl Pts',(-73.366583552918,-66.741,15.3502992349318));
#8664=CARTESIAN_POINT('Ctrl Pts',(-73.366583552918,-209.741,15.3502992349318));
#8665=CARTESIAN_POINT('Ctrl Pts',(-68.7826578443967,-66.741,15.4357856364724));
#8666=CARTESIAN_POINT('Ctrl Pts',(-68.7826578443967,-209.741,15.4357856364724));
#8667=CARTESIAN_POINT('Ctrl Pts',(-64.2818911583195,-66.741,15.4664109789263));
#8668=CARTESIAN_POINT('Ctrl Pts',(-64.2818911583195,-209.741,15.4664109789263));
#8669=CARTESIAN_POINT('Ctrl Pts',(-59.8748212107308,-66.741,15.4401811086771));
#8670=CARTESIAN_POINT('Ctrl Pts',(-59.8748212107308,-209.741,15.4401811086771));
#8671=CARTESIAN_POINT('Ctrl Pts',(-55.5717240219785,-66.741,15.3555314955831));
#8672=CARTESIAN_POINT('Ctrl Pts',(-55.5717240219785,-209.741,15.3555314955831));
#8673=CARTESIAN_POINT('Ctrl Pts',(-51.3826355101091,-66.741,15.2111194301604));
#8674=CARTESIAN_POINT('Ctrl Pts',(-51.3826355101091,-209.741,15.2111194301604));
#8675=CARTESIAN_POINT('Ctrl Pts',(-47.3173103747153,-66.741,15.0061678541715));
#8676=CARTESIAN_POINT('Ctrl Pts',(-47.3173103747153,-209.741,15.0061678541715));
#8677=CARTESIAN_POINT('Ctrl Pts',(-43.3852462782757,-66.741,14.7403053947343));
#8678=CARTESIAN_POINT('Ctrl Pts',(-43.3852462782757,-209.741,14.7403053947343));
#8679=CARTESIAN_POINT('Ctrl Pts',(-39.595615141253,-66.741,14.4134461966524));
#8680=CARTESIAN_POINT('Ctrl Pts',(-39.595615141253,-209.741,14.4134461966524));
#8681=CARTESIAN_POINT('Ctrl Pts',(-35.957221900035,-66.741,14.0261634242659));
#8682=CARTESIAN_POINT('Ctrl Pts',(-35.957221900035,-209.741,14.0261634242659));
#8683=CARTESIAN_POINT('Ctrl Pts',(-32.4785146684526,-66.741,13.5793582714083));
#8684=CARTESIAN_POINT('Ctrl Pts',(-32.4785146684526,-209.741,13.5793582714083));
#8685=CARTESIAN_POINT('Ctrl Pts',(-29.1676058976776,-66.741,13.0742405379132));
#8686=CARTESIAN_POINT('Ctrl Pts',(-29.1676058976776,-209.741,13.0742405379132));
#8687=CARTESIAN_POINT('Ctrl Pts',(-26.0321260946135,-66.741,12.5126777494896));
#8688=CARTESIAN_POINT('Ctrl Pts',(-26.0321260946135,-209.741,12.5126777494896));
#8689=CARTESIAN_POINT('Ctrl Pts',(-23.079348315128,-66.741,11.8964754219637));
#8690=CARTESIAN_POINT('Ctrl Pts',(-23.079348315128,-209.741,11.8964754219637));
#8691=CARTESIAN_POINT('Ctrl Pts',(-20.3159741775578,-66.741,11.2282438140226));
#8692=CARTESIAN_POINT('Ctrl Pts',(-20.3159741775578,-209.741,11.2282438140226));
#8693=CARTESIAN_POINT('Ctrl Pts',(-17.7483647566593,-66.741,10.5102972517248));
#8694=CARTESIAN_POINT('Ctrl Pts',(-17.7483647566593,-209.741,10.5102972517248));
#8695=CARTESIAN_POINT('Ctrl Pts',(-15.3821830956332,-66.741,9.74561380672708));
#8696=CARTESIAN_POINT('Ctrl Pts',(-15.3821830956332,-209.741,9.74561380672708));
#8697=CARTESIAN_POINT('Ctrl Pts',(-13.2226600223335,-66.741,8.93679770693902));
#8698=CARTESIAN_POINT('Ctrl Pts',(-13.2226600223335,-209.741,8.93679770693902));
#8699=CARTESIAN_POINT('Ctrl Pts',(-11.2743704390967,-66.741,8.0867856678485));
#8700=CARTESIAN_POINT('Ctrl Pts',(-11.2743704390967,-209.741,8.0867856678485));
#8701=CARTESIAN_POINT('Ctrl Pts',(-9.54119563328408,-66.741,7.19809541431781));
#8702=CARTESIAN_POINT('Ctrl Pts',(-9.54119563328408,-209.741,7.19809541431781));
#8703=CARTESIAN_POINT('Ctrl Pts',(-8.0264247778305,-66.741,6.27291220544089));
#8704=CARTESIAN_POINT('Ctrl Pts',(-8.0264247778305,-209.741,6.27291220544089));
#8705=CARTESIAN_POINT('Ctrl Pts',(-6.73276332010922,-66.741,5.31274537591564));
#8706=CARTESIAN_POINT('Ctrl Pts',(-6.73276332010922,-209.741,5.31274537591564));
#8707=CARTESIAN_POINT('Ctrl Pts',(-5.66277352507489,-66.741,4.31788306682411));
#8708=CARTESIAN_POINT('Ctrl Pts',(-5.66277352507489,-209.741,4.31788306682411));
#8709=CARTESIAN_POINT('Ctrl Pts',(-4.81983697186665,-66.741,3.28806952090833));
#8710=CARTESIAN_POINT('Ctrl Pts',(-4.81983697186665,-209.741,3.28806952090833));
#8711=CARTESIAN_POINT('Ctrl Pts',(-4.20985766894965,-66.741,2.22194218141347));
#8712=CARTESIAN_POINT('Ctrl Pts',(-4.20985766894965,-209.741,2.22194218141347));
#8713=CARTESIAN_POINT('Ctrl Pts',(-3.84088490933865,-66.741,1.12499790198429));
#8714=CARTESIAN_POINT('Ctrl Pts',(-3.84088490933865,-209.741,1.12499790198429));
#8715=CARTESIAN_POINT('Ctrl Pts',(-3.71932932355691,-66.741,9.03524777420113E-15));
#8716=CARTESIAN_POINT('Ctrl Pts',(-3.71932932355691,-209.741,9.03524777420113E-15));
#8717=CARTESIAN_POINT('Ctrl Pts',(-3.84088490933867,-66.741,-1.1249979019843));
#8718=CARTESIAN_POINT('Ctrl Pts',(-3.84088490933867,-209.741,-1.1249979019843));
#8719=CARTESIAN_POINT('Ctrl Pts',(-4.2098576689496,-66.741,-2.22194218141346));
#8720=CARTESIAN_POINT('Ctrl Pts',(-4.2098576689496,-209.741,-2.22194218141346));
#8721=CARTESIAN_POINT('Ctrl Pts',(-4.81983697186664,-66.741,-3.28806952090832));
#8722=CARTESIAN_POINT('Ctrl Pts',(-4.81983697186664,-209.741,-3.28806952090832));
#8723=CARTESIAN_POINT('Ctrl Pts',(-5.66277352507481,-66.741,-4.3178830668241));
#8724=CARTESIAN_POINT('Ctrl Pts',(-5.66277352507481,-209.741,-4.3178830668241));
#8725=CARTESIAN_POINT('Ctrl Pts',(-6.73276332010932,-66.741,-5.31274537591565));
#8726=CARTESIAN_POINT('Ctrl Pts',(-6.73276332010932,-209.741,-5.31274537591565));
#8727=CARTESIAN_POINT('Ctrl Pts',(-8.02642477783035,-66.741,-6.2729122054409));
#8728=CARTESIAN_POINT('Ctrl Pts',(-8.02642477783035,-209.741,-6.2729122054409));
#8729=CARTESIAN_POINT('Ctrl Pts',(-9.54119563328407,-66.741,-7.19809541431784));
#8730=CARTESIAN_POINT('Ctrl Pts',(-9.54119563328407,-209.741,-7.19809541431784));
#8731=CARTESIAN_POINT('Ctrl Pts',(-11.2743704390964,-66.741,-8.0867856678485));
#8732=CARTESIAN_POINT('Ctrl Pts',(-11.2743704390964,-209.741,-8.0867856678485));
#8733=CARTESIAN_POINT('Ctrl Pts',(-13.222660022334,-66.741,-8.93679770693902));
#8734=CARTESIAN_POINT('Ctrl Pts',(-13.222660022334,-209.741,-8.93679770693902));
#8735=CARTESIAN_POINT('Ctrl Pts',(-15.3821830956327,-66.741,-9.74561380672707));
#8736=CARTESIAN_POINT('Ctrl Pts',(-15.3821830956327,-209.741,-9.74561380672707));
#8737=CARTESIAN_POINT('Ctrl Pts',(-17.7483647566594,-66.741,-10.5102972517248));
#8738=CARTESIAN_POINT('Ctrl Pts',(-17.7483647566594,-209.741,-10.5102972517248));
#8739=CARTESIAN_POINT('Ctrl Pts',(-20.3159741775577,-66.741,-11.2282438140226));
#8740=CARTESIAN_POINT('Ctrl Pts',(-20.3159741775577,-209.741,-11.2282438140226));
#8741=CARTESIAN_POINT('Ctrl Pts',(-23.0793483151282,-66.741,-11.8964754219637));
#8742=CARTESIAN_POINT('Ctrl Pts',(-23.0793483151282,-209.741,-11.8964754219637));
#8743=CARTESIAN_POINT('Ctrl Pts',(-26.0321260946135,-66.741,-12.5126777494896));
#8744=CARTESIAN_POINT('Ctrl Pts',(-26.0321260946135,-209.741,-12.5126777494896));
#8745=CARTESIAN_POINT('Ctrl Pts',(-29.1676058976776,-66.741,-13.0742405379132));
#8746=CARTESIAN_POINT('Ctrl Pts',(-29.1676058976776,-209.741,-13.0742405379132));
#8747=CARTESIAN_POINT('Ctrl Pts',(-32.4785146684527,-66.741,-13.5793582714083));
#8748=CARTESIAN_POINT('Ctrl Pts',(-32.4785146684527,-209.741,-13.5793582714083));
#8749=CARTESIAN_POINT('Ctrl Pts',(-35.9572219000349,-66.741,-14.0261634242659));
#8750=CARTESIAN_POINT('Ctrl Pts',(-35.9572219000349,-209.741,-14.0261634242659));
#8751=CARTESIAN_POINT('Ctrl Pts',(-39.5956151412533,-66.741,-14.4134461966523));
#8752=CARTESIAN_POINT('Ctrl Pts',(-39.5956151412533,-209.741,-14.4134461966523));
#8753=CARTESIAN_POINT('Ctrl Pts',(-43.3852462782754,-66.741,-14.7403053947343));
#8754=CARTESIAN_POINT('Ctrl Pts',(-43.3852462782754,-209.741,-14.7403053947343));
#8755=CARTESIAN_POINT('Ctrl Pts',(-47.3173103747153,-66.741,-15.0061678541715));
#8756=CARTESIAN_POINT('Ctrl Pts',(-47.3173103747153,-209.741,-15.0061678541715));
#8757=CARTESIAN_POINT('Ctrl Pts',(-51.3826355101091,-66.741,-15.2111194301605));
#8758=CARTESIAN_POINT('Ctrl Pts',(-51.3826355101091,-209.741,-15.2111194301605));
#8759=CARTESIAN_POINT('Ctrl Pts',(-55.5717240219786,-66.741,-15.3555314955831));
#8760=CARTESIAN_POINT('Ctrl Pts',(-55.5717240219786,-209.741,-15.3555314955831));
#8761=CARTESIAN_POINT('Ctrl Pts',(-59.8748212107309,-66.741,-15.4401811086771));
#8762=CARTESIAN_POINT('Ctrl Pts',(-59.8748212107309,-209.741,-15.4401811086771));
#8763=CARTESIAN_POINT('Ctrl Pts',(-64.2818911583194,-66.741,-15.4664109789264));
#8764=CARTESIAN_POINT('Ctrl Pts',(-64.2818911583194,-209.741,-15.4664109789264));
#8765=CARTESIAN_POINT('Ctrl Pts',(-68.7826578443968,-66.741,-15.4357856364722));
#8766=CARTESIAN_POINT('Ctrl Pts',(-68.7826578443968,-209.741,-15.4357856364722));
#8767=CARTESIAN_POINT('Ctrl Pts',(-73.366583552918,-66.741,-15.3502992349322));
#8768=CARTESIAN_POINT('Ctrl Pts',(-73.366583552918,-209.741,-15.3502992349322));
#8769=CARTESIAN_POINT('Ctrl Pts',(-78.0230105160191,-66.741,-15.2122449152598));
#8770=CARTESIAN_POINT('Ctrl Pts',(-78.0230105160191,-209.741,-15.2122449152598));
#8771=CARTESIAN_POINT('Ctrl Pts',(-82.7410570642512,-66.741,-15.0242642647628));
#8772=CARTESIAN_POINT('Ctrl Pts',(-82.7410570642512,-209.741,-15.0242642647628));
#8773=CARTESIAN_POINT('Ctrl Pts',(-87.5097129949004,-66.741,-14.7890708794964));
#8774=CARTESIAN_POINT('Ctrl Pts',(-87.5097129949004,-209.741,-14.7890708794964));
#8775=CARTESIAN_POINT('Ctrl Pts',(-92.3178531362769,-66.741,-14.509701374708));
#8776=CARTESIAN_POINT('Ctrl Pts',(-92.3178531362769,-209.741,-14.509701374708));
#8777=CARTESIAN_POINT('Ctrl Pts',(-97.1542405405341,-66.741,-14.1893232404222));
#8778=CARTESIAN_POINT('Ctrl Pts',(-97.1542405405341,-209.741,-14.1893232404222));
#8779=CARTESIAN_POINT('Ctrl Pts',(-102.007598650056,-66.741,-13.8311577996323));
#8780=CARTESIAN_POINT('Ctrl Pts',(-102.007598650056,-209.741,-13.8311577996323));
#8781=CARTESIAN_POINT('Ctrl Pts',(-106.866620430091,-66.741,-13.4385252573426));
#8782=CARTESIAN_POINT('Ctrl Pts',(-106.866620430091,-209.741,-13.4385252573426));
#8783=CARTESIAN_POINT('Ctrl Pts',(-111.719926929456,-66.741,-13.0147754432037));
#8784=CARTESIAN_POINT('Ctrl Pts',(-111.719926929456,-209.741,-13.0147754432037));
#8785=CARTESIAN_POINT('Ctrl Pts',(-115.692623566051,-66.741,-12.6438443115244));
#8786=CARTESIAN_POINT('Ctrl Pts',(-115.692623566051,-209.741,-12.6438443115244));
#8787=CARTESIAN_POINT('Ctrl Pts',(-118.4465092142,-66.741,-12.3749215462614));
#8788=CARTESIAN_POINT('Ctrl Pts',(-118.4465092142,-209.741,-12.3749215462614));
#8789=CARTESIAN_POINT('Ctrl Pts',(-119.989671296329,-66.741,-12.2206630656391));
#8790=CARTESIAN_POINT('Ctrl Pts',(-119.989671296329,-209.741,-12.2206630656391));
#8791=CARTESIAN_POINT('Ctrl Pts',(-120.329149390934,-66.741,-12.1865566684832));
#8792=CARTESIAN_POINT('Ctrl Pts',(-120.329149390934,-209.741,-12.1865566684832));
#8793=CARTESIAN_POINT('',(-120.329149390936,-199.565260016203,12.1865566684771));
#8794=CARTESIAN_POINT('Ctrl Pts',(-120.329149390931,-199.565260016203,12.1865566684833));
#8795=CARTESIAN_POINT('Ctrl Pts',(-116.367085056282,-199.565260016203,12.5846139861784));
#8796=CARTESIAN_POINT('Ctrl Pts',(-112.316094785059,-199.565260016203,12.9654354301263));
#8797=CARTESIAN_POINT('Ctrl Pts',(-108.21371210604,-199.565260016203,13.3175238512716));
#8798=CARTESIAN_POINT('',(-120.329149390936,-66.741,12.1865566684771));
#8799=CARTESIAN_POINT('Ctrl Pts',(-120.329149390931,-66.741,12.1865566684833));
#8800=CARTESIAN_POINT('Ctrl Pts',(-120.329149390931,-209.741,12.1865566684833));
#8801=CARTESIAN_POINT('Ctrl Pts',(-119.989671296327,-66.741,12.2206630656391));
#8802=CARTESIAN_POINT('Ctrl Pts',(-119.989671296327,-209.741,12.2206630656391));
#8803=CARTESIAN_POINT('Ctrl Pts',(-118.446509214199,-66.741,12.3749215462612));
#8804=CARTESIAN_POINT('Ctrl Pts',(-118.446509214199,-209.741,12.3749215462612));
#8805=CARTESIAN_POINT('Ctrl Pts',(-115.69262356605,-66.741,12.6438443115248));
#8806=CARTESIAN_POINT('Ctrl Pts',(-115.69262356605,-209.741,12.6438443115248));
#8807=CARTESIAN_POINT('Ctrl Pts',(-111.719926929456,-66.741,13.0147754432036));
#8808=CARTESIAN_POINT('Ctrl Pts',(-111.719926929456,-209.741,13.0147754432036));
#8809=CARTESIAN_POINT('Ctrl Pts',(-106.866620430091,-66.741,13.4385252573424));
#8810=CARTESIAN_POINT('Ctrl Pts',(-106.866620430091,-209.741,13.4385252573424));
#8811=CARTESIAN_POINT('Ctrl Pts',(-102.007598650055,-66.741,13.8311577996323));
#8812=CARTESIAN_POINT('Ctrl Pts',(-102.007598650055,-209.741,13.8311577996323));
#8813=CARTESIAN_POINT('Ctrl Pts',(-97.1542405405345,-66.741,14.1893232404221));
#8814=CARTESIAN_POINT('Ctrl Pts',(-97.1542405405345,-209.741,14.1893232404221));
#8815=CARTESIAN_POINT('Ctrl Pts',(-92.3178531362766,-66.741,14.509701374708));
#8816=CARTESIAN_POINT('Ctrl Pts',(-92.3178531362766,-209.741,14.509701374708));
#8817=CARTESIAN_POINT('Ctrl Pts',(-87.5097129949004,-66.741,14.7890708794963));
#8818=CARTESIAN_POINT('Ctrl Pts',(-87.5097129949004,-209.741,14.7890708794963));
#8819=CARTESIAN_POINT('Ctrl Pts',(-82.7410570642514,-66.741,15.0242642647628));
#8820=CARTESIAN_POINT('Ctrl Pts',(-82.7410570642514,-209.741,15.0242642647628));
#8821=CARTESIAN_POINT('Ctrl Pts',(-78.0230105160191,-66.741,15.2122449152599));
#8822=CARTESIAN_POINT('Ctrl Pts',(-78.0230105160191,-209.741,15.2122449152599));
#8823=CARTESIAN_POINT('Ctrl Pts',(-73.366583552918,-66.741,15.3502992349318));
#8824=CARTESIAN_POINT('Ctrl Pts',(-73.366583552918,-209.741,15.3502992349318));
#8825=CARTESIAN_POINT('Ctrl Pts',(-68.7826578443967,-66.741,15.4357856364724));
#8826=CARTESIAN_POINT('Ctrl Pts',(-68.7826578443967,-209.741,15.4357856364724));
#8827=CARTESIAN_POINT('Ctrl Pts',(-64.2818911583195,-66.741,15.4664109789263));
#8828=CARTESIAN_POINT('Ctrl Pts',(-64.2818911583195,-209.741,15.4664109789263));
#8829=CARTESIAN_POINT('Ctrl Pts',(-59.8748212107308,-66.741,15.4401811086771));
#8830=CARTESIAN_POINT('Ctrl Pts',(-59.8748212107308,-209.741,15.4401811086771));
#8831=CARTESIAN_POINT('Ctrl Pts',(-55.5717240219785,-66.741,15.3555314955831));
#8832=CARTESIAN_POINT('Ctrl Pts',(-55.5717240219785,-209.741,15.3555314955831));
#8833=CARTESIAN_POINT('Ctrl Pts',(-51.3826355101091,-66.741,15.2111194301604));
#8834=CARTESIAN_POINT('Ctrl Pts',(-51.3826355101091,-209.741,15.2111194301604));
#8835=CARTESIAN_POINT('Ctrl Pts',(-47.3173103747153,-66.741,15.0061678541715));
#8836=CARTESIAN_POINT('Ctrl Pts',(-47.3173103747153,-209.741,15.0061678541715));
#8837=CARTESIAN_POINT('Ctrl Pts',(-43.3852462782757,-66.741,14.7403053947343));
#8838=CARTESIAN_POINT('Ctrl Pts',(-43.3852462782757,-209.741,14.7403053947343));
#8839=CARTESIAN_POINT('Ctrl Pts',(-39.595615141253,-66.741,14.4134461966524));
#8840=CARTESIAN_POINT('Ctrl Pts',(-39.595615141253,-209.741,14.4134461966524));
#8841=CARTESIAN_POINT('Ctrl Pts',(-35.957221900035,-66.741,14.0261634242659));
#8842=CARTESIAN_POINT('Ctrl Pts',(-35.957221900035,-209.741,14.0261634242659));
#8843=CARTESIAN_POINT('Ctrl Pts',(-32.4785146684526,-66.741,13.5793582714083));
#8844=CARTESIAN_POINT('Ctrl Pts',(-32.4785146684526,-209.741,13.5793582714083));
#8845=CARTESIAN_POINT('Ctrl Pts',(-29.1676058976776,-66.741,13.0742405379132));
#8846=CARTESIAN_POINT('Ctrl Pts',(-29.1676058976776,-209.741,13.0742405379132));
#8847=CARTESIAN_POINT('Ctrl Pts',(-26.0321260946135,-66.741,12.5126777494896));
#8848=CARTESIAN_POINT('Ctrl Pts',(-26.0321260946135,-209.741,12.5126777494896));
#8849=CARTESIAN_POINT('Ctrl Pts',(-23.079348315128,-66.741,11.8964754219637));
#8850=CARTESIAN_POINT('Ctrl Pts',(-23.079348315128,-209.741,11.8964754219637));
#8851=CARTESIAN_POINT('Ctrl Pts',(-20.3159741775578,-66.741,11.2282438140226));
#8852=CARTESIAN_POINT('Ctrl Pts',(-20.3159741775578,-209.741,11.2282438140226));
#8853=CARTESIAN_POINT('Ctrl Pts',(-17.7483647566593,-66.741,10.5102972517248));
#8854=CARTESIAN_POINT('Ctrl Pts',(-17.7483647566593,-209.741,10.5102972517248));
#8855=CARTESIAN_POINT('Ctrl Pts',(-15.3821830956332,-66.741,9.74561380672708));
#8856=CARTESIAN_POINT('Ctrl Pts',(-15.3821830956332,-209.741,9.74561380672708));
#8857=CARTESIAN_POINT('Ctrl Pts',(-13.2226600223335,-66.741,8.93679770693902));
#8858=CARTESIAN_POINT('Ctrl Pts',(-13.2226600223335,-209.741,8.93679770693902));
#8859=CARTESIAN_POINT('Ctrl Pts',(-11.2743704390967,-66.741,8.0867856678485));
#8860=CARTESIAN_POINT('Ctrl Pts',(-11.2743704390967,-209.741,8.0867856678485));
#8861=CARTESIAN_POINT('Ctrl Pts',(-9.54119563328408,-66.741,7.19809541431781));
#8862=CARTESIAN_POINT('Ctrl Pts',(-9.54119563328408,-209.741,7.19809541431781));
#8863=CARTESIAN_POINT('Ctrl Pts',(-8.0264247778305,-66.741,6.27291220544089));
#8864=CARTESIAN_POINT('Ctrl Pts',(-8.0264247778305,-209.741,6.27291220544089));
#8865=CARTESIAN_POINT('Ctrl Pts',(-6.73276332010922,-66.741,5.31274537591564));
#8866=CARTESIAN_POINT('Ctrl Pts',(-6.73276332010922,-209.741,5.31274537591564));
#8867=CARTESIAN_POINT('Ctrl Pts',(-5.66277352507489,-66.741,4.31788306682411));
#8868=CARTESIAN_POINT('Ctrl Pts',(-5.66277352507489,-209.741,4.31788306682411));
#8869=CARTESIAN_POINT('Ctrl Pts',(-4.81983697186665,-66.741,3.28806952090833));
#8870=CARTESIAN_POINT('Ctrl Pts',(-4.81983697186665,-209.741,3.28806952090833));
#8871=CARTESIAN_POINT('Ctrl Pts',(-4.20985766894965,-66.741,2.22194218141347));
#8872=CARTESIAN_POINT('Ctrl Pts',(-4.20985766894965,-209.741,2.22194218141347));
#8873=CARTESIAN_POINT('Ctrl Pts',(-3.84088490933865,-66.741,1.12499790198429));
#8874=CARTESIAN_POINT('Ctrl Pts',(-3.84088490933865,-209.741,1.12499790198429));
#8875=CARTESIAN_POINT('Ctrl Pts',(-3.71932932355691,-66.741,9.03524777420113E-15));
#8876=CARTESIAN_POINT('Ctrl Pts',(-3.71932932355691,-209.741,9.03524777420113E-15));
#8877=CARTESIAN_POINT('Ctrl Pts',(-3.84088490933867,-66.741,-1.1249979019843));
#8878=CARTESIAN_POINT('Ctrl Pts',(-3.84088490933867,-209.741,-1.1249979019843));
#8879=CARTESIAN_POINT('Ctrl Pts',(-4.2098576689496,-66.741,-2.22194218141346));
#8880=CARTESIAN_POINT('Ctrl Pts',(-4.2098576689496,-209.741,-2.22194218141346));
#8881=CARTESIAN_POINT('Ctrl Pts',(-4.81983697186664,-66.741,-3.28806952090832));
#8882=CARTESIAN_POINT('Ctrl Pts',(-4.81983697186664,-209.741,-3.28806952090832));
#8883=CARTESIAN_POINT('Ctrl Pts',(-5.66277352507481,-66.741,-4.3178830668241));
#8884=CARTESIAN_POINT('Ctrl Pts',(-5.66277352507481,-209.741,-4.3178830668241));
#8885=CARTESIAN_POINT('Ctrl Pts',(-6.73276332010932,-66.741,-5.31274537591565));
#8886=CARTESIAN_POINT('Ctrl Pts',(-6.73276332010932,-209.741,-5.31274537591565));
#8887=CARTESIAN_POINT('Ctrl Pts',(-8.02642477783035,-66.741,-6.2729122054409));
#8888=CARTESIAN_POINT('Ctrl Pts',(-8.02642477783035,-209.741,-6.2729122054409));
#8889=CARTESIAN_POINT('Ctrl Pts',(-9.54119563328407,-66.741,-7.19809541431784));
#8890=CARTESIAN_POINT('Ctrl Pts',(-9.54119563328407,-209.741,-7.19809541431784));
#8891=CARTESIAN_POINT('Ctrl Pts',(-11.2743704390964,-66.741,-8.0867856678485));
#8892=CARTESIAN_POINT('Ctrl Pts',(-11.2743704390964,-209.741,-8.0867856678485));
#8893=CARTESIAN_POINT('Ctrl Pts',(-13.222660022334,-66.741,-8.93679770693902));
#8894=CARTESIAN_POINT('Ctrl Pts',(-13.222660022334,-209.741,-8.93679770693902));
#8895=CARTESIAN_POINT('Ctrl Pts',(-15.3821830956327,-66.741,-9.74561380672707));
#8896=CARTESIAN_POINT('Ctrl Pts',(-15.3821830956327,-209.741,-9.74561380672707));
#8897=CARTESIAN_POINT('Ctrl Pts',(-17.7483647566594,-66.741,-10.5102972517248));
#8898=CARTESIAN_POINT('Ctrl Pts',(-17.7483647566594,-209.741,-10.5102972517248));
#8899=CARTESIAN_POINT('Ctrl Pts',(-20.3159741775577,-66.741,-11.2282438140226));
#8900=CARTESIAN_POINT('Ctrl Pts',(-20.3159741775577,-209.741,-11.2282438140226));
#8901=CARTESIAN_POINT('Ctrl Pts',(-23.0793483151282,-66.741,-11.8964754219637));
#8902=CARTESIAN_POINT('Ctrl Pts',(-23.0793483151282,-209.741,-11.8964754219637));
#8903=CARTESIAN_POINT('Ctrl Pts',(-26.0321260946135,-66.741,-12.5126777494896));
#8904=CARTESIAN_POINT('Ctrl Pts',(-26.0321260946135,-209.741,-12.5126777494896));
#8905=CARTESIAN_POINT('Ctrl Pts',(-29.1676058976776,-66.741,-13.0742405379132));
#8906=CARTESIAN_POINT('Ctrl Pts',(-29.1676058976776,-209.741,-13.0742405379132));
#8907=CARTESIAN_POINT('Ctrl Pts',(-32.4785146684527,-66.741,-13.5793582714083));
#8908=CARTESIAN_POINT('Ctrl Pts',(-32.4785146684527,-209.741,-13.5793582714083));
#8909=CARTESIAN_POINT('Ctrl Pts',(-35.9572219000349,-66.741,-14.0261634242659));
#8910=CARTESIAN_POINT('Ctrl Pts',(-35.9572219000349,-209.741,-14.0261634242659));
#8911=CARTESIAN_POINT('Ctrl Pts',(-39.5956151412533,-66.741,-14.4134461966523));
#8912=CARTESIAN_POINT('Ctrl Pts',(-39.5956151412533,-209.741,-14.4134461966523));
#8913=CARTESIAN_POINT('Ctrl Pts',(-43.3852462782754,-66.741,-14.7403053947343));
#8914=CARTESIAN_POINT('Ctrl Pts',(-43.3852462782754,-209.741,-14.7403053947343));
#8915=CARTESIAN_POINT('Ctrl Pts',(-47.3173103747153,-66.741,-15.0061678541715));
#8916=CARTESIAN_POINT('Ctrl Pts',(-47.3173103747153,-209.741,-15.0061678541715));
#8917=CARTESIAN_POINT('Ctrl Pts',(-51.3826355101091,-66.741,-15.2111194301605));
#8918=CARTESIAN_POINT('Ctrl Pts',(-51.3826355101091,-209.741,-15.2111194301605));
#8919=CARTESIAN_POINT('Ctrl Pts',(-55.5717240219786,-66.741,-15.3555314955831));
#8920=CARTESIAN_POINT('Ctrl Pts',(-55.5717240219786,-209.741,-15.3555314955831));
#8921=CARTESIAN_POINT('Ctrl Pts',(-59.8748212107309,-66.741,-15.4401811086771));
#8922=CARTESIAN_POINT('Ctrl Pts',(-59.8748212107309,-209.741,-15.4401811086771));
#8923=CARTESIAN_POINT('Ctrl Pts',(-64.2818911583194,-66.741,-15.4664109789264));
#8924=CARTESIAN_POINT('Ctrl Pts',(-64.2818911583194,-209.741,-15.4664109789264));
#8925=CARTESIAN_POINT('Ctrl Pts',(-68.7826578443968,-66.741,-15.4357856364722));
#8926=CARTESIAN_POINT('Ctrl Pts',(-68.7826578443968,-209.741,-15.4357856364722));
#8927=CARTESIAN_POINT('Ctrl Pts',(-73.366583552918,-66.741,-15.3502992349322));
#8928=CARTESIAN_POINT('Ctrl Pts',(-73.366583552918,-209.741,-15.3502992349322));
#8929=CARTESIAN_POINT('Ctrl Pts',(-78.0230105160191,-66.741,-15.2122449152598));
#8930=CARTESIAN_POINT('Ctrl Pts',(-78.0230105160191,-209.741,-15.2122449152598));
#8931=CARTESIAN_POINT('Ctrl Pts',(-82.7410570642512,-66.741,-15.0242642647628));
#8932=CARTESIAN_POINT('Ctrl Pts',(-82.7410570642512,-209.741,-15.0242642647628));
#8933=CARTESIAN_POINT('Ctrl Pts',(-87.5097129949004,-66.741,-14.7890708794964));
#8934=CARTESIAN_POINT('Ctrl Pts',(-87.5097129949004,-209.741,-14.7890708794964));
#8935=CARTESIAN_POINT('Ctrl Pts',(-92.3178531362769,-66.741,-14.509701374708));
#8936=CARTESIAN_POINT('Ctrl Pts',(-92.3178531362769,-209.741,-14.509701374708));
#8937=CARTESIAN_POINT('Ctrl Pts',(-97.1542405405341,-66.741,-14.1893232404222));
#8938=CARTESIAN_POINT('Ctrl Pts',(-97.1542405405341,-209.741,-14.1893232404222));
#8939=CARTESIAN_POINT('Ctrl Pts',(-102.007598650056,-66.741,-13.8311577996323));
#8940=CARTESIAN_POINT('Ctrl Pts',(-102.007598650056,-209.741,-13.8311577996323));
#8941=CARTESIAN_POINT('Ctrl Pts',(-106.866620430091,-66.741,-13.4385252573426));
#8942=CARTESIAN_POINT('Ctrl Pts',(-106.866620430091,-209.741,-13.4385252573426));
#8943=CARTESIAN_POINT('Ctrl Pts',(-111.719926929456,-66.741,-13.0147754432037));
#8944=CARTESIAN_POINT('Ctrl Pts',(-111.719926929456,-209.741,-13.0147754432037));
#8945=CARTESIAN_POINT('Ctrl Pts',(-115.692623566051,-66.741,-12.6438443115244));
#8946=CARTESIAN_POINT('Ctrl Pts',(-115.692623566051,-209.741,-12.6438443115244));
#8947=CARTESIAN_POINT('Ctrl Pts',(-118.4465092142,-66.741,-12.3749215462614));
#8948=CARTESIAN_POINT('Ctrl Pts',(-118.4465092142,-209.741,-12.3749215462614));
#8949=CARTESIAN_POINT('Ctrl Pts',(-119.989671296329,-66.741,-12.2206630656391));
#8950=CARTESIAN_POINT('Ctrl Pts',(-119.989671296329,-209.741,-12.2206630656391));
#8951=CARTESIAN_POINT('Ctrl Pts',(-120.329149390934,-66.741,-12.1865566684832));
#8952=CARTESIAN_POINT('Ctrl Pts',(-120.329149390934,-209.741,-12.1865566684832));
#8953=CARTESIAN_POINT('',(-114.877212656838,-195.716738936012,-12.7173531336325));
#8954=CARTESIAN_POINT('',(-108.21137861204,-199.565260016199,-13.317724120628));
#8955=CARTESIAN_POINT('Ctrl Pts',(-114.877212656841,-195.716738936012,-12.7173531336323));
#8956=CARTESIAN_POINT('Ctrl Pts',(-112.656410127462,-196.998919779218,-12.9265062805783));
#8957=CARTESIAN_POINT('Ctrl Pts',(-110.433430189506,-198.282357939777,-13.1270225852784));
#8958=CARTESIAN_POINT('Ctrl Pts',(-108.211378612022,-199.565260016204,-13.3177241206297));
#8959=CARTESIAN_POINT('',(-120.329149390936,-198.864416077087,-12.1865566684773));
#8960=CARTESIAN_POINT('Ctrl Pts',(-120.329149390934,-198.864416077086,-12.1865566684832));
#8961=CARTESIAN_POINT('Ctrl Pts',(-118.512884191836,-197.815794875453,-12.3690316593746));
#8962=CARTESIAN_POINT('Ctrl Pts',(-116.694284259515,-196.765826179452,-12.546222995361));
#8963=CARTESIAN_POINT('Ctrl Pts',(-114.877212656839,-195.716738936012,-12.7173531336325));
#8964=CARTESIAN_POINT('',(-120.329149390936,-199.565260016203,-12.1865566684773));
#8965=CARTESIAN_POINT('',(-120.329149390936,-66.741,-12.1865566684773));
#8966=CARTESIAN_POINT('Ctrl Pts',(-108.211378612042,-199.565260016203,-13.317724120628));
#8967=CARTESIAN_POINT('Ctrl Pts',(-112.1881081074,-199.565260016203,-12.9764321235715));
#8968=CARTESIAN_POINT('Ctrl Pts',(-116.228931436573,-199.565260016203,-12.5984938868182));
#8969=CARTESIAN_POINT('Ctrl Pts',(-120.329149390934,-199.565260016203,-12.1865566684832));
#8970=CARTESIAN_POINT('Origin',(-130.686749441912,-66.741,4.19109191795997E-14));
#8971=CARTESIAN_POINT('',(-114.693249441912,-195.822950146732,-1.14749082880936E-8));
#8972=CARTESIAN_POINT('',(-114.877212655523,-195.716738936012,-2.41879905113947));
#8973=CARTESIAN_POINT('Origin',(-130.686749441912,-186.589098616448,4.19109191795997E-14));
#8974=CARTESIAN_POINT('',(-114.693249441912,-66.741,-1.14749082890408E-8));
#8975=CARTESIAN_POINT('Origin',(-130.686749441912,-199.565260016203,4.19109191795997E-14));
#8976=CARTESIAN_POINT('Origin',(-130.686749441912,-204.844379255575,4.19109191795997E-14));
#8977=CARTESIAN_POINT('Origin',(-102.240487211569,-187.825664339624,-1.30655962298304E-8));
#8978=CARTESIAN_POINT('',(-108.211378610322,-199.565260016203,-1.23028879428069E-8));
#8979=CARTESIAN_POINT('',(-111.881577844777,-197.446269500211,-1.1834064917168E-8));
#8980=CARTESIAN_POINT('',(-82.0843969020456,-199.565260016203,-1.56402900352692E-8));
#8981=CARTESIAN_POINT('Origin',(-61.9283065923786,-199.565260016203,1.12435262030247));
#8982=CARTESIAN_POINT('',(-108.21137861025,-199.565260016203,0.562176306955832));
#8983=CARTESIAN_POINT('Origin',(-114.809713166675,-195.677768088134,-1.14600314728776E-8));
#8984=CARTESIAN_POINT('',(-114.877212655214,-195.716738936012,-1.14514092392029E-8));
#8985=CARTESIAN_POINT('Origin',(-114.946551585259,-195.676706086085,-1.14425520399308E-8));
#8986=CARTESIAN_POINT('Origin',(-114.946551585259,-131.426706086085,-1.14425520399308E-8));
#8987=CARTESIAN_POINT('',(-115.877212655985,-130.889388666822,-6.0390117102278));
#8988=CARTESIAN_POINT('',(-120.329149390936,-128.319061794936,-12.1865566684773));
#8989=CARTESIAN_POINT('Origin',(-130.686749441912,-122.339098616448,4.19109191795997E-14));
#8990=CARTESIAN_POINT('',(-115.877212656826,-130.889388666822,-12.622579287244));
#8991=CARTESIAN_POINT('Ctrl Pts',(-120.329149390934,-128.319061794938,-12.1865566684832));
#8992=CARTESIAN_POINT('Ctrl Pts',(-118.845732420065,-129.1755129824,-12.3355913460082));
#8993=CARTESIAN_POINT('Ctrl Pts',(-117.361111082855,-130.0326592558,-12.4810659962646));
#8994=CARTESIAN_POINT('Ctrl Pts',(-115.877212656826,-130.889388666822,-12.622579287244));
#8995=CARTESIAN_POINT('',(-115.877212655214,-130.889388666822,-1.13236879925487E-8));
#8996=CARTESIAN_POINT('Origin',(-4.02544878037478,-66.3117426843492,-2.56113651475919E-8));
#8997=CARTESIAN_POINT('',(-120.329149390936,-133.459715538708,-12.1865566684773));
#8998=CARTESIAN_POINT('Origin',(-130.686749441912,-139.439678717196,4.19109191795997E-14));
#8999=CARTESIAN_POINT('Ctrl Pts',(-115.877212656826,-130.889388666822,-12.622579287244));
#9000=CARTESIAN_POINT('Ctrl Pts',(-117.361111082855,-131.746118077844,-12.4810659962647));
#9001=CARTESIAN_POINT('Ctrl Pts',(-118.845732420065,-132.603264351244,-12.3355913460083));
#9002=CARTESIAN_POINT('Ctrl Pts',(-120.329149390934,-133.459715538706,-12.1865566684832));
#9003=CARTESIAN_POINT('Ctrl Pts',(-120.329149390931,-66.741,12.1865566684833));
#9004=CARTESIAN_POINT('Ctrl Pts',(-120.329149390931,-209.741,12.1865566684833));
#9005=CARTESIAN_POINT('Ctrl Pts',(-119.989671296327,-66.741,12.2206630656391));
#9006=CARTESIAN_POINT('Ctrl Pts',(-119.989671296327,-209.741,12.2206630656391));
#9007=CARTESIAN_POINT('Ctrl Pts',(-118.446509214199,-66.741,12.3749215462612));
#9008=CARTESIAN_POINT('Ctrl Pts',(-118.446509214199,-209.741,12.3749215462612));
#9009=CARTESIAN_POINT('Ctrl Pts',(-115.69262356605,-66.741,12.6438443115248));
#9010=CARTESIAN_POINT('Ctrl Pts',(-115.69262356605,-209.741,12.6438443115248));
#9011=CARTESIAN_POINT('Ctrl Pts',(-111.719926929456,-66.741,13.0147754432036));
#9012=CARTESIAN_POINT('Ctrl Pts',(-111.719926929456,-209.741,13.0147754432036));
#9013=CARTESIAN_POINT('Ctrl Pts',(-106.866620430091,-66.741,13.4385252573424));
#9014=CARTESIAN_POINT('Ctrl Pts',(-106.866620430091,-209.741,13.4385252573424));
#9015=CARTESIAN_POINT('Ctrl Pts',(-102.007598650055,-66.741,13.8311577996323));
#9016=CARTESIAN_POINT('Ctrl Pts',(-102.007598650055,-209.741,13.8311577996323));
#9017=CARTESIAN_POINT('Ctrl Pts',(-97.1542405405345,-66.741,14.1893232404221));
#9018=CARTESIAN_POINT('Ctrl Pts',(-97.1542405405345,-209.741,14.1893232404221));
#9019=CARTESIAN_POINT('Ctrl Pts',(-92.3178531362766,-66.741,14.509701374708));
#9020=CARTESIAN_POINT('Ctrl Pts',(-92.3178531362766,-209.741,14.509701374708));
#9021=CARTESIAN_POINT('Ctrl Pts',(-87.5097129949004,-66.741,14.7890708794963));
#9022=CARTESIAN_POINT('Ctrl Pts',(-87.5097129949004,-209.741,14.7890708794963));
#9023=CARTESIAN_POINT('Ctrl Pts',(-82.7410570642514,-66.741,15.0242642647628));
#9024=CARTESIAN_POINT('Ctrl Pts',(-82.7410570642514,-209.741,15.0242642647628));
#9025=CARTESIAN_POINT('Ctrl Pts',(-78.0230105160191,-66.741,15.2122449152599));
#9026=CARTESIAN_POINT('Ctrl Pts',(-78.0230105160191,-209.741,15.2122449152599));
#9027=CARTESIAN_POINT('Ctrl Pts',(-73.366583552918,-66.741,15.3502992349318));
#9028=CARTESIAN_POINT('Ctrl Pts',(-73.366583552918,-209.741,15.3502992349318));
#9029=CARTESIAN_POINT('Ctrl Pts',(-68.7826578443967,-66.741,15.4357856364724));
#9030=CARTESIAN_POINT('Ctrl Pts',(-68.7826578443967,-209.741,15.4357856364724));
#9031=CARTESIAN_POINT('Ctrl Pts',(-64.2818911583195,-66.741,15.4664109789263));
#9032=CARTESIAN_POINT('Ctrl Pts',(-64.2818911583195,-209.741,15.4664109789263));
#9033=CARTESIAN_POINT('Ctrl Pts',(-59.8748212107308,-66.741,15.4401811086771));
#9034=CARTESIAN_POINT('Ctrl Pts',(-59.8748212107308,-209.741,15.4401811086771));
#9035=CARTESIAN_POINT('Ctrl Pts',(-55.5717240219785,-66.741,15.3555314955831));
#9036=CARTESIAN_POINT('Ctrl Pts',(-55.5717240219785,-209.741,15.3555314955831));
#9037=CARTESIAN_POINT('Ctrl Pts',(-51.3826355101091,-66.741,15.2111194301604));
#9038=CARTESIAN_POINT('Ctrl Pts',(-51.3826355101091,-209.741,15.2111194301604));
#9039=CARTESIAN_POINT('Ctrl Pts',(-47.3173103747153,-66.741,15.0061678541715));
#9040=CARTESIAN_POINT('Ctrl Pts',(-47.3173103747153,-209.741,15.0061678541715));
#9041=CARTESIAN_POINT('Ctrl Pts',(-43.3852462782757,-66.741,14.7403053947343));
#9042=CARTESIAN_POINT('Ctrl Pts',(-43.3852462782757,-209.741,14.7403053947343));
#9043=CARTESIAN_POINT('Ctrl Pts',(-39.595615141253,-66.741,14.4134461966524));
#9044=CARTESIAN_POINT('Ctrl Pts',(-39.595615141253,-209.741,14.4134461966524));
#9045=CARTESIAN_POINT('Ctrl Pts',(-35.957221900035,-66.741,14.0261634242659));
#9046=CARTESIAN_POINT('Ctrl Pts',(-35.957221900035,-209.741,14.0261634242659));
#9047=CARTESIAN_POINT('Ctrl Pts',(-32.4785146684526,-66.741,13.5793582714083));
#9048=CARTESIAN_POINT('Ctrl Pts',(-32.4785146684526,-209.741,13.5793582714083));
#9049=CARTESIAN_POINT('Ctrl Pts',(-29.1676058976776,-66.741,13.0742405379132));
#9050=CARTESIAN_POINT('Ctrl Pts',(-29.1676058976776,-209.741,13.0742405379132));
#9051=CARTESIAN_POINT('Ctrl Pts',(-26.0321260946135,-66.741,12.5126777494896));
#9052=CARTESIAN_POINT('Ctrl Pts',(-26.0321260946135,-209.741,12.5126777494896));
#9053=CARTESIAN_POINT('Ctrl Pts',(-23.079348315128,-66.741,11.8964754219637));
#9054=CARTESIAN_POINT('Ctrl Pts',(-23.079348315128,-209.741,11.8964754219637));
#9055=CARTESIAN_POINT('Ctrl Pts',(-20.3159741775578,-66.741,11.2282438140226));
#9056=CARTESIAN_POINT('Ctrl Pts',(-20.3159741775578,-209.741,11.2282438140226));
#9057=CARTESIAN_POINT('Ctrl Pts',(-17.7483647566593,-66.741,10.5102972517248));
#9058=CARTESIAN_POINT('Ctrl Pts',(-17.7483647566593,-209.741,10.5102972517248));
#9059=CARTESIAN_POINT('Ctrl Pts',(-15.3821830956332,-66.741,9.74561380672708));
#9060=CARTESIAN_POINT('Ctrl Pts',(-15.3821830956332,-209.741,9.74561380672708));
#9061=CARTESIAN_POINT('Ctrl Pts',(-13.2226600223335,-66.741,8.93679770693902));
#9062=CARTESIAN_POINT('Ctrl Pts',(-13.2226600223335,-209.741,8.93679770693902));
#9063=CARTESIAN_POINT('Ctrl Pts',(-11.2743704390967,-66.741,8.0867856678485));
#9064=CARTESIAN_POINT('Ctrl Pts',(-11.2743704390967,-209.741,8.0867856678485));
#9065=CARTESIAN_POINT('Ctrl Pts',(-9.54119563328408,-66.741,7.19809541431781));
#9066=CARTESIAN_POINT('Ctrl Pts',(-9.54119563328408,-209.741,7.19809541431781));
#9067=CARTESIAN_POINT('Ctrl Pts',(-8.0264247778305,-66.741,6.27291220544089));
#9068=CARTESIAN_POINT('Ctrl Pts',(-8.0264247778305,-209.741,6.27291220544089));
#9069=CARTESIAN_POINT('Ctrl Pts',(-6.73276332010922,-66.741,5.31274537591564));
#9070=CARTESIAN_POINT('Ctrl Pts',(-6.73276332010922,-209.741,5.31274537591564));
#9071=CARTESIAN_POINT('Ctrl Pts',(-5.66277352507489,-66.741,4.31788306682411));
#9072=CARTESIAN_POINT('Ctrl Pts',(-5.66277352507489,-209.741,4.31788306682411));
#9073=CARTESIAN_POINT('Ctrl Pts',(-4.81983697186665,-66.741,3.28806952090833));
#9074=CARTESIAN_POINT('Ctrl Pts',(-4.81983697186665,-209.741,3.28806952090833));
#9075=CARTESIAN_POINT('Ctrl Pts',(-4.20985766894965,-66.741,2.22194218141347));
#9076=CARTESIAN_POINT('Ctrl Pts',(-4.20985766894965,-209.741,2.22194218141347));
#9077=CARTESIAN_POINT('Ctrl Pts',(-3.84088490933865,-66.741,1.12499790198429));
#9078=CARTESIAN_POINT('Ctrl Pts',(-3.84088490933865,-209.741,1.12499790198429));
#9079=CARTESIAN_POINT('Ctrl Pts',(-3.71932932355691,-66.741,9.03524777420113E-15));
#9080=CARTESIAN_POINT('Ctrl Pts',(-3.71932932355691,-209.741,9.03524777420113E-15));
#9081=CARTESIAN_POINT('Ctrl Pts',(-3.84088490933867,-66.741,-1.1249979019843));
#9082=CARTESIAN_POINT('Ctrl Pts',(-3.84088490933867,-209.741,-1.1249979019843));
#9083=CARTESIAN_POINT('Ctrl Pts',(-4.2098576689496,-66.741,-2.22194218141346));
#9084=CARTESIAN_POINT('Ctrl Pts',(-4.2098576689496,-209.741,-2.22194218141346));
#9085=CARTESIAN_POINT('Ctrl Pts',(-4.81983697186664,-66.741,-3.28806952090832));
#9086=CARTESIAN_POINT('Ctrl Pts',(-4.81983697186664,-209.741,-3.28806952090832));
#9087=CARTESIAN_POINT('Ctrl Pts',(-5.66277352507481,-66.741,-4.3178830668241));
#9088=CARTESIAN_POINT('Ctrl Pts',(-5.66277352507481,-209.741,-4.3178830668241));
#9089=CARTESIAN_POINT('Ctrl Pts',(-6.73276332010932,-66.741,-5.31274537591565));
#9090=CARTESIAN_POINT('Ctrl Pts',(-6.73276332010932,-209.741,-5.31274537591565));
#9091=CARTESIAN_POINT('Ctrl Pts',(-8.02642477783035,-66.741,-6.2729122054409));
#9092=CARTESIAN_POINT('Ctrl Pts',(-8.02642477783035,-209.741,-6.2729122054409));
#9093=CARTESIAN_POINT('Ctrl Pts',(-9.54119563328407,-66.741,-7.19809541431784));
#9094=CARTESIAN_POINT('Ctrl Pts',(-9.54119563328407,-209.741,-7.19809541431784));
#9095=CARTESIAN_POINT('Ctrl Pts',(-11.2743704390964,-66.741,-8.0867856678485));
#9096=CARTESIAN_POINT('Ctrl Pts',(-11.2743704390964,-209.741,-8.0867856678485));
#9097=CARTESIAN_POINT('Ctrl Pts',(-13.222660022334,-66.741,-8.93679770693902));
#9098=CARTESIAN_POINT('Ctrl Pts',(-13.222660022334,-209.741,-8.93679770693902));
#9099=CARTESIAN_POINT('Ctrl Pts',(-15.3821830956327,-66.741,-9.74561380672707));
#9100=CARTESIAN_POINT('Ctrl Pts',(-15.3821830956327,-209.741,-9.74561380672707));
#9101=CARTESIAN_POINT('Ctrl Pts',(-17.7483647566594,-66.741,-10.5102972517248));
#9102=CARTESIAN_POINT('Ctrl Pts',(-17.7483647566594,-209.741,-10.5102972517248));
#9103=CARTESIAN_POINT('Ctrl Pts',(-20.3159741775577,-66.741,-11.2282438140226));
#9104=CARTESIAN_POINT('Ctrl Pts',(-20.3159741775577,-209.741,-11.2282438140226));
#9105=CARTESIAN_POINT('Ctrl Pts',(-23.0793483151282,-66.741,-11.8964754219637));
#9106=CARTESIAN_POINT('Ctrl Pts',(-23.0793483151282,-209.741,-11.8964754219637));
#9107=CARTESIAN_POINT('Ctrl Pts',(-26.0321260946135,-66.741,-12.5126777494896));
#9108=CARTESIAN_POINT('Ctrl Pts',(-26.0321260946135,-209.741,-12.5126777494896));
#9109=CARTESIAN_POINT('Ctrl Pts',(-29.1676058976776,-66.741,-13.0742405379132));
#9110=CARTESIAN_POINT('Ctrl Pts',(-29.1676058976776,-209.741,-13.0742405379132));
#9111=CARTESIAN_POINT('Ctrl Pts',(-32.4785146684527,-66.741,-13.5793582714083));
#9112=CARTESIAN_POINT('Ctrl Pts',(-32.4785146684527,-209.741,-13.5793582714083));
#9113=CARTESIAN_POINT('Ctrl Pts',(-35.9572219000349,-66.741,-14.0261634242659));
#9114=CARTESIAN_POINT('Ctrl Pts',(-35.9572219000349,-209.741,-14.0261634242659));
#9115=CARTESIAN_POINT('Ctrl Pts',(-39.5956151412533,-66.741,-14.4134461966523));
#9116=CARTESIAN_POINT('Ctrl Pts',(-39.5956151412533,-209.741,-14.4134461966523));
#9117=CARTESIAN_POINT('Ctrl Pts',(-43.3852462782754,-66.741,-14.7403053947343));
#9118=CARTESIAN_POINT('Ctrl Pts',(-43.3852462782754,-209.741,-14.7403053947343));
#9119=CARTESIAN_POINT('Ctrl Pts',(-47.3173103747153,-66.741,-15.0061678541715));
#9120=CARTESIAN_POINT('Ctrl Pts',(-47.3173103747153,-209.741,-15.0061678541715));
#9121=CARTESIAN_POINT('Ctrl Pts',(-51.3826355101091,-66.741,-15.2111194301605));
#9122=CARTESIAN_POINT('Ctrl Pts',(-51.3826355101091,-209.741,-15.2111194301605));
#9123=CARTESIAN_POINT('Ctrl Pts',(-55.5717240219786,-66.741,-15.3555314955831));
#9124=CARTESIAN_POINT('Ctrl Pts',(-55.5717240219786,-209.741,-15.3555314955831));
#9125=CARTESIAN_POINT('Ctrl Pts',(-59.8748212107309,-66.741,-15.4401811086771));
#9126=CARTESIAN_POINT('Ctrl Pts',(-59.8748212107309,-209.741,-15.4401811086771));
#9127=CARTESIAN_POINT('Ctrl Pts',(-64.2818911583194,-66.741,-15.4664109789264));
#9128=CARTESIAN_POINT('Ctrl Pts',(-64.2818911583194,-209.741,-15.4664109789264));
#9129=CARTESIAN_POINT('Ctrl Pts',(-68.7826578443968,-66.741,-15.4357856364722));
#9130=CARTESIAN_POINT('Ctrl Pts',(-68.7826578443968,-209.741,-15.4357856364722));
#9131=CARTESIAN_POINT('Ctrl Pts',(-73.366583552918,-66.741,-15.3502992349322));
#9132=CARTESIAN_POINT('Ctrl Pts',(-73.366583552918,-209.741,-15.3502992349322));
#9133=CARTESIAN_POINT('Ctrl Pts',(-78.0230105160191,-66.741,-15.2122449152598));
#9134=CARTESIAN_POINT('Ctrl Pts',(-78.0230105160191,-209.741,-15.2122449152598));
#9135=CARTESIAN_POINT('Ctrl Pts',(-82.7410570642512,-66.741,-15.0242642647628));
#9136=CARTESIAN_POINT('Ctrl Pts',(-82.7410570642512,-209.741,-15.0242642647628));
#9137=CARTESIAN_POINT('Ctrl Pts',(-87.5097129949004,-66.741,-14.7890708794964));
#9138=CARTESIAN_POINT('Ctrl Pts',(-87.5097129949004,-209.741,-14.7890708794964));
#9139=CARTESIAN_POINT('Ctrl Pts',(-92.3178531362769,-66.741,-14.509701374708));
#9140=CARTESIAN_POINT('Ctrl Pts',(-92.3178531362769,-209.741,-14.509701374708));
#9141=CARTESIAN_POINT('Ctrl Pts',(-97.1542405405341,-66.741,-14.1893232404222));
#9142=CARTESIAN_POINT('Ctrl Pts',(-97.1542405405341,-209.741,-14.1893232404222));
#9143=CARTESIAN_POINT('Ctrl Pts',(-102.007598650056,-66.741,-13.8311577996323));
#9144=CARTESIAN_POINT('Ctrl Pts',(-102.007598650056,-209.741,-13.8311577996323));
#9145=CARTESIAN_POINT('Ctrl Pts',(-106.866620430091,-66.741,-13.4385252573426));
#9146=CARTESIAN_POINT('Ctrl Pts',(-106.866620430091,-209.741,-13.4385252573426));
#9147=CARTESIAN_POINT('Ctrl Pts',(-111.719926929456,-66.741,-13.0147754432037));
#9148=CARTESIAN_POINT('Ctrl Pts',(-111.719926929456,-209.741,-13.0147754432037));
#9149=CARTESIAN_POINT('Ctrl Pts',(-115.692623566051,-66.741,-12.6438443115244));
#9150=CARTESIAN_POINT('Ctrl Pts',(-115.692623566051,-209.741,-12.6438443115244));
#9151=CARTESIAN_POINT('Ctrl Pts',(-118.4465092142,-66.741,-12.3749215462614));
#9152=CARTESIAN_POINT('Ctrl Pts',(-118.4465092142,-209.741,-12.3749215462614));
#9153=CARTESIAN_POINT('Ctrl Pts',(-119.989671296329,-66.741,-12.2206630656391));
#9154=CARTESIAN_POINT('Ctrl Pts',(-119.989671296329,-209.741,-12.2206630656391));
#9155=CARTESIAN_POINT('Ctrl Pts',(-120.329149390934,-66.741,-12.1865566684832));
#9156=CARTESIAN_POINT('Ctrl Pts',(-120.329149390934,-209.741,-12.1865566684832));
#9157=CARTESIAN_POINT('',(-120.329149390936,-66.741,-12.1865566684773));
#9158=CARTESIAN_POINT('Origin',(-130.686749441912,-66.741,4.19109191795997E-14));
#9159=CARTESIAN_POINT('Origin',(-114.44475211129,-194.813066854444,-1.15066507802463E-8));
#9160=CARTESIAN_POINT('',(-106.213712106018,-199.565260016204,13.4865203724514));
#9161=CARTESIAN_POINT('',(-106.213712107742,-199.565260016203,-1.2558065385248E-8));
#9162=CARTESIAN_POINT('',(-106.21371210767,-199.565260016203,0.562176306700662));
#9163=CARTESIAN_POINT('',(-113.893887745731,-195.131108544187,-1.15770169598631E-8));
#9164=CARTESIAN_POINT('',(-306.828329596556,-83.7403566056629,1.30679962926996E-8));
#9165=CARTESIAN_POINT('',(-113.893887744095,-195.131108544187,12.8093813336393));
#9166=CARTESIAN_POINT('',(-113.893887745731,-195.131108544187,-1.15770120100629E-8));
#9167=CARTESIAN_POINT('Ctrl Pts',(-113.893887744095,-195.131108544187,12.8093813336393));
#9168=CARTESIAN_POINT('Ctrl Pts',(-111.334878168993,-196.608553411213,13.0473583755517));
#9169=CARTESIAN_POINT('Ctrl Pts',(-108.773389701976,-198.087429467155,13.273662371382));
#9170=CARTESIAN_POINT('Ctrl Pts',(-106.213712106018,-199.565260016204,13.4865203724514));
#9171=CARTESIAN_POINT('Origin',(-3.53978231440689,-131.418136067231,-2.5673403093618E-8));
#9172=CARTESIAN_POINT('',(-59.5526199161695,-163.757162935821,15.423433460728));
#9173=CARTESIAN_POINT('Ctrl Pts',(-59.5526199161695,-163.757162935821,15.423433460728));
#9174=CARTESIAN_POINT('Ctrl Pts',(-77.2223104408184,-173.958763516742,15.6678448055323));
#9175=CARTESIAN_POINT('Ctrl Pts',(-96.4689105000539,-185.070793241836,14.4298303465204));
#9176=CARTESIAN_POINT('Ctrl Pts',(-113.893887744095,-195.131108544187,12.8093813336393));
#9177=CARTESIAN_POINT('',(-59.5526199181397,-163.757162935821,-1.85184487380603E-8));
#9178=CARTESIAN_POINT('',(102.347355173418,-70.2841687349166,-3.91991887523604E-8));
#9179=CARTESIAN_POINT('',(-59.5526199181397,-163.757162935821,-1.85184462130679E-8));
#9180=CARTESIAN_POINT('Origin',(-59.5526199181397,-195.246079556337,-1.85184487380603E-8));
#9181=CARTESIAN_POINT('',(-59.5526199161692,-199.565260016204,15.423433460728));
#9182=CARTESIAN_POINT('Ctrl Pts',(-59.5526199161695,-199.565260016204,15.423433460728));
#9183=CARTESIAN_POINT('Ctrl Pts',(-59.5526199161695,-187.629227656076,15.423433460728));
#9184=CARTESIAN_POINT('Ctrl Pts',(-59.5526199161695,-175.693195295949,15.423433460728));
#9185=CARTESIAN_POINT('Ctrl Pts',(-59.5526199161695,-163.757162935821,15.423433460728));
#9186=CARTESIAN_POINT('',(-59.5526199181397,-199.565260016203,-1.85184487380603E-8));
#9187=CARTESIAN_POINT('',(-59.5526199181397,-352.166222193725,-1.85184487380603E-8));
#9188=CARTESIAN_POINT('',(-59.5526199180679,-199.565260016203,0.562176300740277));
#9189=CARTESIAN_POINT('Ctrl Pts',(-120.329149390931,-66.741,12.1865566684833));
#9190=CARTESIAN_POINT('Ctrl Pts',(-120.329149390931,-209.741,12.1865566684833));
#9191=CARTESIAN_POINT('Ctrl Pts',(-119.989671296327,-66.741,12.2206630656391));
#9192=CARTESIAN_POINT('Ctrl Pts',(-119.989671296327,-209.741,12.2206630656391));
#9193=CARTESIAN_POINT('Ctrl Pts',(-118.446509214199,-66.741,12.3749215462612));
#9194=CARTESIAN_POINT('Ctrl Pts',(-118.446509214199,-209.741,12.3749215462612));
#9195=CARTESIAN_POINT('Ctrl Pts',(-115.69262356605,-66.741,12.6438443115248));
#9196=CARTESIAN_POINT('Ctrl Pts',(-115.69262356605,-209.741,12.6438443115248));
#9197=CARTESIAN_POINT('Ctrl Pts',(-111.719926929456,-66.741,13.0147754432036));
#9198=CARTESIAN_POINT('Ctrl Pts',(-111.719926929456,-209.741,13.0147754432036));
#9199=CARTESIAN_POINT('Ctrl Pts',(-106.866620430091,-66.741,13.4385252573424));
#9200=CARTESIAN_POINT('Ctrl Pts',(-106.866620430091,-209.741,13.4385252573424));
#9201=CARTESIAN_POINT('Ctrl Pts',(-102.007598650055,-66.741,13.8311577996323));
#9202=CARTESIAN_POINT('Ctrl Pts',(-102.007598650055,-209.741,13.8311577996323));
#9203=CARTESIAN_POINT('Ctrl Pts',(-97.1542405405345,-66.741,14.1893232404221));
#9204=CARTESIAN_POINT('Ctrl Pts',(-97.1542405405345,-209.741,14.1893232404221));
#9205=CARTESIAN_POINT('Ctrl Pts',(-92.3178531362766,-66.741,14.509701374708));
#9206=CARTESIAN_POINT('Ctrl Pts',(-92.3178531362766,-209.741,14.509701374708));
#9207=CARTESIAN_POINT('Ctrl Pts',(-87.5097129949004,-66.741,14.7890708794963));
#9208=CARTESIAN_POINT('Ctrl Pts',(-87.5097129949004,-209.741,14.7890708794963));
#9209=CARTESIAN_POINT('Ctrl Pts',(-82.7410570642514,-66.741,15.0242642647628));
#9210=CARTESIAN_POINT('Ctrl Pts',(-82.7410570642514,-209.741,15.0242642647628));
#9211=CARTESIAN_POINT('Ctrl Pts',(-78.0230105160191,-66.741,15.2122449152599));
#9212=CARTESIAN_POINT('Ctrl Pts',(-78.0230105160191,-209.741,15.2122449152599));
#9213=CARTESIAN_POINT('Ctrl Pts',(-73.366583552918,-66.741,15.3502992349318));
#9214=CARTESIAN_POINT('Ctrl Pts',(-73.366583552918,-209.741,15.3502992349318));
#9215=CARTESIAN_POINT('Ctrl Pts',(-68.7826578443967,-66.741,15.4357856364724));
#9216=CARTESIAN_POINT('Ctrl Pts',(-68.7826578443967,-209.741,15.4357856364724));
#9217=CARTESIAN_POINT('Ctrl Pts',(-64.2818911583195,-66.741,15.4664109789263));
#9218=CARTESIAN_POINT('Ctrl Pts',(-64.2818911583195,-209.741,15.4664109789263));
#9219=CARTESIAN_POINT('Ctrl Pts',(-59.8748212107308,-66.741,15.4401811086771));
#9220=CARTESIAN_POINT('Ctrl Pts',(-59.8748212107308,-209.741,15.4401811086771));
#9221=CARTESIAN_POINT('Ctrl Pts',(-55.5717240219785,-66.741,15.3555314955831));
#9222=CARTESIAN_POINT('Ctrl Pts',(-55.5717240219785,-209.741,15.3555314955831));
#9223=CARTESIAN_POINT('Ctrl Pts',(-51.3826355101091,-66.741,15.2111194301604));
#9224=CARTESIAN_POINT('Ctrl Pts',(-51.3826355101091,-209.741,15.2111194301604));
#9225=CARTESIAN_POINT('Ctrl Pts',(-47.3173103747153,-66.741,15.0061678541715));
#9226=CARTESIAN_POINT('Ctrl Pts',(-47.3173103747153,-209.741,15.0061678541715));
#9227=CARTESIAN_POINT('Ctrl Pts',(-43.3852462782757,-66.741,14.7403053947343));
#9228=CARTESIAN_POINT('Ctrl Pts',(-43.3852462782757,-209.741,14.7403053947343));
#9229=CARTESIAN_POINT('Ctrl Pts',(-39.595615141253,-66.741,14.4134461966524));
#9230=CARTESIAN_POINT('Ctrl Pts',(-39.595615141253,-209.741,14.4134461966524));
#9231=CARTESIAN_POINT('Ctrl Pts',(-35.957221900035,-66.741,14.0261634242659));
#9232=CARTESIAN_POINT('Ctrl Pts',(-35.957221900035,-209.741,14.0261634242659));
#9233=CARTESIAN_POINT('Ctrl Pts',(-32.4785146684526,-66.741,13.5793582714083));
#9234=CARTESIAN_POINT('Ctrl Pts',(-32.4785146684526,-209.741,13.5793582714083));
#9235=CARTESIAN_POINT('Ctrl Pts',(-29.1676058976776,-66.741,13.0742405379132));
#9236=CARTESIAN_POINT('Ctrl Pts',(-29.1676058976776,-209.741,13.0742405379132));
#9237=CARTESIAN_POINT('Ctrl Pts',(-26.0321260946135,-66.741,12.5126777494896));
#9238=CARTESIAN_POINT('Ctrl Pts',(-26.0321260946135,-209.741,12.5126777494896));
#9239=CARTESIAN_POINT('Ctrl Pts',(-23.079348315128,-66.741,11.8964754219637));
#9240=CARTESIAN_POINT('Ctrl Pts',(-23.079348315128,-209.741,11.8964754219637));
#9241=CARTESIAN_POINT('Ctrl Pts',(-20.3159741775578,-66.741,11.2282438140226));
#9242=CARTESIAN_POINT('Ctrl Pts',(-20.3159741775578,-209.741,11.2282438140226));
#9243=CARTESIAN_POINT('Ctrl Pts',(-17.7483647566593,-66.741,10.5102972517248));
#9244=CARTESIAN_POINT('Ctrl Pts',(-17.7483647566593,-209.741,10.5102972517248));
#9245=CARTESIAN_POINT('Ctrl Pts',(-15.3821830956332,-66.741,9.74561380672708));
#9246=CARTESIAN_POINT('Ctrl Pts',(-15.3821830956332,-209.741,9.74561380672708));
#9247=CARTESIAN_POINT('Ctrl Pts',(-13.2226600223335,-66.741,8.93679770693902));
#9248=CARTESIAN_POINT('Ctrl Pts',(-13.2226600223335,-209.741,8.93679770693902));
#9249=CARTESIAN_POINT('Ctrl Pts',(-11.2743704390967,-66.741,8.0867856678485));
#9250=CARTESIAN_POINT('Ctrl Pts',(-11.2743704390967,-209.741,8.0867856678485));
#9251=CARTESIAN_POINT('Ctrl Pts',(-9.54119563328408,-66.741,7.19809541431781));
#9252=CARTESIAN_POINT('Ctrl Pts',(-9.54119563328408,-209.741,7.19809541431781));
#9253=CARTESIAN_POINT('Ctrl Pts',(-8.0264247778305,-66.741,6.27291220544089));
#9254=CARTESIAN_POINT('Ctrl Pts',(-8.0264247778305,-209.741,6.27291220544089));
#9255=CARTESIAN_POINT('Ctrl Pts',(-6.73276332010922,-66.741,5.31274537591564));
#9256=CARTESIAN_POINT('Ctrl Pts',(-6.73276332010922,-209.741,5.31274537591564));
#9257=CARTESIAN_POINT('Ctrl Pts',(-5.66277352507489,-66.741,4.31788306682411));
#9258=CARTESIAN_POINT('Ctrl Pts',(-5.66277352507489,-209.741,4.31788306682411));
#9259=CARTESIAN_POINT('Ctrl Pts',(-4.81983697186665,-66.741,3.28806952090833));
#9260=CARTESIAN_POINT('Ctrl Pts',(-4.81983697186665,-209.741,3.28806952090833));
#9261=CARTESIAN_POINT('Ctrl Pts',(-4.20985766894965,-66.741,2.22194218141347));
#9262=CARTESIAN_POINT('Ctrl Pts',(-4.20985766894965,-209.741,2.22194218141347));
#9263=CARTESIAN_POINT('Ctrl Pts',(-3.84088490933865,-66.741,1.12499790198429));
#9264=CARTESIAN_POINT('Ctrl Pts',(-3.84088490933865,-209.741,1.12499790198429));
#9265=CARTESIAN_POINT('Ctrl Pts',(-3.71932932355691,-66.741,9.03524777420113E-15));
#9266=CARTESIAN_POINT('Ctrl Pts',(-3.71932932355691,-209.741,9.03524777420113E-15));
#9267=CARTESIAN_POINT('Ctrl Pts',(-3.84088490933867,-66.741,-1.1249979019843));
#9268=CARTESIAN_POINT('Ctrl Pts',(-3.84088490933867,-209.741,-1.1249979019843));
#9269=CARTESIAN_POINT('Ctrl Pts',(-4.2098576689496,-66.741,-2.22194218141346));
#9270=CARTESIAN_POINT('Ctrl Pts',(-4.2098576689496,-209.741,-2.22194218141346));
#9271=CARTESIAN_POINT('Ctrl Pts',(-4.81983697186664,-66.741,-3.28806952090832));
#9272=CARTESIAN_POINT('Ctrl Pts',(-4.81983697186664,-209.741,-3.28806952090832));
#9273=CARTESIAN_POINT('Ctrl Pts',(-5.66277352507481,-66.741,-4.3178830668241));
#9274=CARTESIAN_POINT('Ctrl Pts',(-5.66277352507481,-209.741,-4.3178830668241));
#9275=CARTESIAN_POINT('Ctrl Pts',(-6.73276332010932,-66.741,-5.31274537591565));
#9276=CARTESIAN_POINT('Ctrl Pts',(-6.73276332010932,-209.741,-5.31274537591565));
#9277=CARTESIAN_POINT('Ctrl Pts',(-8.02642477783035,-66.741,-6.2729122054409));
#9278=CARTESIAN_POINT('Ctrl Pts',(-8.02642477783035,-209.741,-6.2729122054409));
#9279=CARTESIAN_POINT('Ctrl Pts',(-9.54119563328407,-66.741,-7.19809541431784));
#9280=CARTESIAN_POINT('Ctrl Pts',(-9.54119563328407,-209.741,-7.19809541431784));
#9281=CARTESIAN_POINT('Ctrl Pts',(-11.2743704390964,-66.741,-8.0867856678485));
#9282=CARTESIAN_POINT('Ctrl Pts',(-11.2743704390964,-209.741,-8.0867856678485));
#9283=CARTESIAN_POINT('Ctrl Pts',(-13.222660022334,-66.741,-8.93679770693902));
#9284=CARTESIAN_POINT('Ctrl Pts',(-13.222660022334,-209.741,-8.93679770693902));
#9285=CARTESIAN_POINT('Ctrl Pts',(-15.3821830956327,-66.741,-9.74561380672707));
#9286=CARTESIAN_POINT('Ctrl Pts',(-15.3821830956327,-209.741,-9.74561380672707));
#9287=CARTESIAN_POINT('Ctrl Pts',(-17.7483647566594,-66.741,-10.5102972517248));
#9288=CARTESIAN_POINT('Ctrl Pts',(-17.7483647566594,-209.741,-10.5102972517248));
#9289=CARTESIAN_POINT('Ctrl Pts',(-20.3159741775577,-66.741,-11.2282438140226));
#9290=CARTESIAN_POINT('Ctrl Pts',(-20.3159741775577,-209.741,-11.2282438140226));
#9291=CARTESIAN_POINT('Ctrl Pts',(-23.0793483151282,-66.741,-11.8964754219637));
#9292=CARTESIAN_POINT('Ctrl Pts',(-23.0793483151282,-209.741,-11.8964754219637));
#9293=CARTESIAN_POINT('Ctrl Pts',(-26.0321260946135,-66.741,-12.5126777494896));
#9294=CARTESIAN_POINT('Ctrl Pts',(-26.0321260946135,-209.741,-12.5126777494896));
#9295=CARTESIAN_POINT('Ctrl Pts',(-29.1676058976776,-66.741,-13.0742405379132));
#9296=CARTESIAN_POINT('Ctrl Pts',(-29.1676058976776,-209.741,-13.0742405379132));
#9297=CARTESIAN_POINT('Ctrl Pts',(-32.4785146684527,-66.741,-13.5793582714083));
#9298=CARTESIAN_POINT('Ctrl Pts',(-32.4785146684527,-209.741,-13.5793582714083));
#9299=CARTESIAN_POINT('Ctrl Pts',(-35.9572219000349,-66.741,-14.0261634242659));
#9300=CARTESIAN_POINT('Ctrl Pts',(-35.9572219000349,-209.741,-14.0261634242659));
#9301=CARTESIAN_POINT('Ctrl Pts',(-39.5956151412533,-66.741,-14.4134461966523));
#9302=CARTESIAN_POINT('Ctrl Pts',(-39.5956151412533,-209.741,-14.4134461966523));
#9303=CARTESIAN_POINT('Ctrl Pts',(-43.3852462782754,-66.741,-14.7403053947343));
#9304=CARTESIAN_POINT('Ctrl Pts',(-43.3852462782754,-209.741,-14.7403053947343));
#9305=CARTESIAN_POINT('Ctrl Pts',(-47.3173103747153,-66.741,-15.0061678541715));
#9306=CARTESIAN_POINT('Ctrl Pts',(-47.3173103747153,-209.741,-15.0061678541715));
#9307=CARTESIAN_POINT('Ctrl Pts',(-51.3826355101091,-66.741,-15.2111194301605));
#9308=CARTESIAN_POINT('Ctrl Pts',(-51.3826355101091,-209.741,-15.2111194301605));
#9309=CARTESIAN_POINT('Ctrl Pts',(-55.5717240219786,-66.741,-15.3555314955831));
#9310=CARTESIAN_POINT('Ctrl Pts',(-55.5717240219786,-209.741,-15.3555314955831));
#9311=CARTESIAN_POINT('Ctrl Pts',(-59.8748212107309,-66.741,-15.4401811086771));
#9312=CARTESIAN_POINT('Ctrl Pts',(-59.8748212107309,-209.741,-15.4401811086771));
#9313=CARTESIAN_POINT('Ctrl Pts',(-64.2818911583194,-66.741,-15.4664109789264));
#9314=CARTESIAN_POINT('Ctrl Pts',(-64.2818911583194,-209.741,-15.4664109789264));
#9315=CARTESIAN_POINT('Ctrl Pts',(-68.7826578443968,-66.741,-15.4357856364722));
#9316=CARTESIAN_POINT('Ctrl Pts',(-68.7826578443968,-209.741,-15.4357856364722));
#9317=CARTESIAN_POINT('Ctrl Pts',(-73.366583552918,-66.741,-15.3502992349322));
#9318=CARTESIAN_POINT('Ctrl Pts',(-73.366583552918,-209.741,-15.3502992349322));
#9319=CARTESIAN_POINT('Ctrl Pts',(-78.0230105160191,-66.741,-15.2122449152598));
#9320=CARTESIAN_POINT('Ctrl Pts',(-78.0230105160191,-209.741,-15.2122449152598));
#9321=CARTESIAN_POINT('Ctrl Pts',(-82.7410570642512,-66.741,-15.0242642647628));
#9322=CARTESIAN_POINT('Ctrl Pts',(-82.7410570642512,-209.741,-15.0242642647628));
#9323=CARTESIAN_POINT('Ctrl Pts',(-87.5097129949004,-66.741,-14.7890708794964));
#9324=CARTESIAN_POINT('Ctrl Pts',(-87.5097129949004,-209.741,-14.7890708794964));
#9325=CARTESIAN_POINT('Ctrl Pts',(-92.3178531362769,-66.741,-14.509701374708));
#9326=CARTESIAN_POINT('Ctrl Pts',(-92.3178531362769,-209.741,-14.509701374708));
#9327=CARTESIAN_POINT('Ctrl Pts',(-97.1542405405341,-66.741,-14.1893232404222));
#9328=CARTESIAN_POINT('Ctrl Pts',(-97.1542405405341,-209.741,-14.1893232404222));
#9329=CARTESIAN_POINT('Ctrl Pts',(-102.007598650056,-66.741,-13.8311577996323));
#9330=CARTESIAN_POINT('Ctrl Pts',(-102.007598650056,-209.741,-13.8311577996323));
#9331=CARTESIAN_POINT('Ctrl Pts',(-106.866620430091,-66.741,-13.4385252573426));
#9332=CARTESIAN_POINT('Ctrl Pts',(-106.866620430091,-209.741,-13.4385252573426));
#9333=CARTESIAN_POINT('Ctrl Pts',(-111.719926929456,-66.741,-13.0147754432037));
#9334=CARTESIAN_POINT('Ctrl Pts',(-111.719926929456,-209.741,-13.0147754432037));
#9335=CARTESIAN_POINT('Ctrl Pts',(-115.692623566051,-66.741,-12.6438443115244));
#9336=CARTESIAN_POINT('Ctrl Pts',(-115.692623566051,-209.741,-12.6438443115244));
#9337=CARTESIAN_POINT('Ctrl Pts',(-118.4465092142,-66.741,-12.3749215462614));
#9338=CARTESIAN_POINT('Ctrl Pts',(-118.4465092142,-209.741,-12.3749215462614));
#9339=CARTESIAN_POINT('Ctrl Pts',(-119.989671296329,-66.741,-12.2206630656391));
#9340=CARTESIAN_POINT('Ctrl Pts',(-119.989671296329,-209.741,-12.2206630656391));
#9341=CARTESIAN_POINT('Ctrl Pts',(-120.329149390934,-66.741,-12.1865566684832));
#9342=CARTESIAN_POINT('Ctrl Pts',(-120.329149390934,-209.741,-12.1865566684832));
#9343=CARTESIAN_POINT('Ctrl Pts',(-106.213712106018,-199.565260016203,13.4865203724514));
#9344=CARTESIAN_POINT('Ctrl Pts',(-93.169926054805,-199.565260016203,14.5712172224075));
#9345=CARTESIAN_POINT('Ctrl Pts',(-79.6712724532884,-199.565260016202,15.344957367746));
#9346=CARTESIAN_POINT('Ctrl Pts',(-64.7109051804003,-199.565260016202,15.4607811982744));
#9347=CARTESIAN_POINT('Ctrl Pts',(-62.2304660177201,-199.565260016203,15.4604740623133));
#9348=CARTESIAN_POINT('Ctrl Pts',(-59.5526199161688,-199.565260016203,15.423433460728));
#9349=CARTESIAN_POINT('Ctrl Pts',(-120.329149390931,-66.741,12.1865566684833));
#9350=CARTESIAN_POINT('Ctrl Pts',(-120.329149390931,-209.741,12.1865566684833));
#9351=CARTESIAN_POINT('Ctrl Pts',(-119.989671296327,-66.741,12.2206630656391));
#9352=CARTESIAN_POINT('Ctrl Pts',(-119.989671296327,-209.741,12.2206630656391));
#9353=CARTESIAN_POINT('Ctrl Pts',(-118.446509214199,-66.741,12.3749215462612));
#9354=CARTESIAN_POINT('Ctrl Pts',(-118.446509214199,-209.741,12.3749215462612));
#9355=CARTESIAN_POINT('Ctrl Pts',(-115.69262356605,-66.741,12.6438443115248));
#9356=CARTESIAN_POINT('Ctrl Pts',(-115.69262356605,-209.741,12.6438443115248));
#9357=CARTESIAN_POINT('Ctrl Pts',(-111.719926929456,-66.741,13.0147754432036));
#9358=CARTESIAN_POINT('Ctrl Pts',(-111.719926929456,-209.741,13.0147754432036));
#9359=CARTESIAN_POINT('Ctrl Pts',(-106.866620430091,-66.741,13.4385252573424));
#9360=CARTESIAN_POINT('Ctrl Pts',(-106.866620430091,-209.741,13.4385252573424));
#9361=CARTESIAN_POINT('Ctrl Pts',(-102.007598650055,-66.741,13.8311577996323));
#9362=CARTESIAN_POINT('Ctrl Pts',(-102.007598650055,-209.741,13.8311577996323));
#9363=CARTESIAN_POINT('Ctrl Pts',(-97.1542405405345,-66.741,14.1893232404221));
#9364=CARTESIAN_POINT('Ctrl Pts',(-97.1542405405345,-209.741,14.1893232404221));
#9365=CARTESIAN_POINT('Ctrl Pts',(-92.3178531362766,-66.741,14.509701374708));
#9366=CARTESIAN_POINT('Ctrl Pts',(-92.3178531362766,-209.741,14.509701374708));
#9367=CARTESIAN_POINT('Ctrl Pts',(-87.5097129949004,-66.741,14.7890708794963));
#9368=CARTESIAN_POINT('Ctrl Pts',(-87.5097129949004,-209.741,14.7890708794963));
#9369=CARTESIAN_POINT('Ctrl Pts',(-82.7410570642514,-66.741,15.0242642647628));
#9370=CARTESIAN_POINT('Ctrl Pts',(-82.7410570642514,-209.741,15.0242642647628));
#9371=CARTESIAN_POINT('Ctrl Pts',(-78.0230105160191,-66.741,15.2122449152599));
#9372=CARTESIAN_POINT('Ctrl Pts',(-78.0230105160191,-209.741,15.2122449152599));
#9373=CARTESIAN_POINT('Ctrl Pts',(-73.366583552918,-66.741,15.3502992349318));
#9374=CARTESIAN_POINT('Ctrl Pts',(-73.366583552918,-209.741,15.3502992349318));
#9375=CARTESIAN_POINT('Ctrl Pts',(-68.7826578443967,-66.741,15.4357856364724));
#9376=CARTESIAN_POINT('Ctrl Pts',(-68.7826578443967,-209.741,15.4357856364724));
#9377=CARTESIAN_POINT('Ctrl Pts',(-64.2818911583195,-66.741,15.4664109789263));
#9378=CARTESIAN_POINT('Ctrl Pts',(-64.2818911583195,-209.741,15.4664109789263));
#9379=CARTESIAN_POINT('Ctrl Pts',(-59.8748212107308,-66.741,15.4401811086771));
#9380=CARTESIAN_POINT('Ctrl Pts',(-59.8748212107308,-209.741,15.4401811086771));
#9381=CARTESIAN_POINT('Ctrl Pts',(-55.5717240219785,-66.741,15.3555314955831));
#9382=CARTESIAN_POINT('Ctrl Pts',(-55.5717240219785,-209.741,15.3555314955831));
#9383=CARTESIAN_POINT('Ctrl Pts',(-51.3826355101091,-66.741,15.2111194301604));
#9384=CARTESIAN_POINT('Ctrl Pts',(-51.3826355101091,-209.741,15.2111194301604));
#9385=CARTESIAN_POINT('Ctrl Pts',(-47.3173103747153,-66.741,15.0061678541715));
#9386=CARTESIAN_POINT('Ctrl Pts',(-47.3173103747153,-209.741,15.0061678541715));
#9387=CARTESIAN_POINT('Ctrl Pts',(-43.3852462782757,-66.741,14.7403053947343));
#9388=CARTESIAN_POINT('Ctrl Pts',(-43.3852462782757,-209.741,14.7403053947343));
#9389=CARTESIAN_POINT('Ctrl Pts',(-39.595615141253,-66.741,14.4134461966524));
#9390=CARTESIAN_POINT('Ctrl Pts',(-39.595615141253,-209.741,14.4134461966524));
#9391=CARTESIAN_POINT('Ctrl Pts',(-35.957221900035,-66.741,14.0261634242659));
#9392=CARTESIAN_POINT('Ctrl Pts',(-35.957221900035,-209.741,14.0261634242659));
#9393=CARTESIAN_POINT('Ctrl Pts',(-32.4785146684526,-66.741,13.5793582714083));
#9394=CARTESIAN_POINT('Ctrl Pts',(-32.4785146684526,-209.741,13.5793582714083));
#9395=CARTESIAN_POINT('Ctrl Pts',(-29.1676058976776,-66.741,13.0742405379132));
#9396=CARTESIAN_POINT('Ctrl Pts',(-29.1676058976776,-209.741,13.0742405379132));
#9397=CARTESIAN_POINT('Ctrl Pts',(-26.0321260946135,-66.741,12.5126777494896));
#9398=CARTESIAN_POINT('Ctrl Pts',(-26.0321260946135,-209.741,12.5126777494896));
#9399=CARTESIAN_POINT('Ctrl Pts',(-23.079348315128,-66.741,11.8964754219637));
#9400=CARTESIAN_POINT('Ctrl Pts',(-23.079348315128,-209.741,11.8964754219637));
#9401=CARTESIAN_POINT('Ctrl Pts',(-20.3159741775578,-66.741,11.2282438140226));
#9402=CARTESIAN_POINT('Ctrl Pts',(-20.3159741775578,-209.741,11.2282438140226));
#9403=CARTESIAN_POINT('Ctrl Pts',(-17.7483647566593,-66.741,10.5102972517248));
#9404=CARTESIAN_POINT('Ctrl Pts',(-17.7483647566593,-209.741,10.5102972517248));
#9405=CARTESIAN_POINT('Ctrl Pts',(-15.3821830956332,-66.741,9.74561380672708));
#9406=CARTESIAN_POINT('Ctrl Pts',(-15.3821830956332,-209.741,9.74561380672708));
#9407=CARTESIAN_POINT('Ctrl Pts',(-13.2226600223335,-66.741,8.93679770693902));
#9408=CARTESIAN_POINT('Ctrl Pts',(-13.2226600223335,-209.741,8.93679770693902));
#9409=CARTESIAN_POINT('Ctrl Pts',(-11.2743704390967,-66.741,8.0867856678485));
#9410=CARTESIAN_POINT('Ctrl Pts',(-11.2743704390967,-209.741,8.0867856678485));
#9411=CARTESIAN_POINT('Ctrl Pts',(-9.54119563328408,-66.741,7.19809541431781));
#9412=CARTESIAN_POINT('Ctrl Pts',(-9.54119563328408,-209.741,7.19809541431781));
#9413=CARTESIAN_POINT('Ctrl Pts',(-8.0264247778305,-66.741,6.27291220544089));
#9414=CARTESIAN_POINT('Ctrl Pts',(-8.0264247778305,-209.741,6.27291220544089));
#9415=CARTESIAN_POINT('Ctrl Pts',(-6.73276332010922,-66.741,5.31274537591564));
#9416=CARTESIAN_POINT('Ctrl Pts',(-6.73276332010922,-209.741,5.31274537591564));
#9417=CARTESIAN_POINT('Ctrl Pts',(-5.66277352507489,-66.741,4.31788306682411));
#9418=CARTESIAN_POINT('Ctrl Pts',(-5.66277352507489,-209.741,4.31788306682411));
#9419=CARTESIAN_POINT('Ctrl Pts',(-4.81983697186665,-66.741,3.28806952090833));
#9420=CARTESIAN_POINT('Ctrl Pts',(-4.81983697186665,-209.741,3.28806952090833));
#9421=CARTESIAN_POINT('Ctrl Pts',(-4.20985766894965,-66.741,2.22194218141347));
#9422=CARTESIAN_POINT('Ctrl Pts',(-4.20985766894965,-209.741,2.22194218141347));
#9423=CARTESIAN_POINT('Ctrl Pts',(-3.84088490933865,-66.741,1.12499790198429));
#9424=CARTESIAN_POINT('Ctrl Pts',(-3.84088490933865,-209.741,1.12499790198429));
#9425=CARTESIAN_POINT('Ctrl Pts',(-3.71932932355691,-66.741,9.03524777420113E-15));
#9426=CARTESIAN_POINT('Ctrl Pts',(-3.71932932355691,-209.741,9.03524777420113E-15));
#9427=CARTESIAN_POINT('Ctrl Pts',(-3.84088490933867,-66.741,-1.1249979019843));
#9428=CARTESIAN_POINT('Ctrl Pts',(-3.84088490933867,-209.741,-1.1249979019843));
#9429=CARTESIAN_POINT('Ctrl Pts',(-4.2098576689496,-66.741,-2.22194218141346));
#9430=CARTESIAN_POINT('Ctrl Pts',(-4.2098576689496,-209.741,-2.22194218141346));
#9431=CARTESIAN_POINT('Ctrl Pts',(-4.81983697186664,-66.741,-3.28806952090832));
#9432=CARTESIAN_POINT('Ctrl Pts',(-4.81983697186664,-209.741,-3.28806952090832));
#9433=CARTESIAN_POINT('Ctrl Pts',(-5.66277352507481,-66.741,-4.3178830668241));
#9434=CARTESIAN_POINT('Ctrl Pts',(-5.66277352507481,-209.741,-4.3178830668241));
#9435=CARTESIAN_POINT('Ctrl Pts',(-6.73276332010932,-66.741,-5.31274537591565));
#9436=CARTESIAN_POINT('Ctrl Pts',(-6.73276332010932,-209.741,-5.31274537591565));
#9437=CARTESIAN_POINT('Ctrl Pts',(-8.02642477783035,-66.741,-6.2729122054409));
#9438=CARTESIAN_POINT('Ctrl Pts',(-8.02642477783035,-209.741,-6.2729122054409));
#9439=CARTESIAN_POINT('Ctrl Pts',(-9.54119563328407,-66.741,-7.19809541431784));
#9440=CARTESIAN_POINT('Ctrl Pts',(-9.54119563328407,-209.741,-7.19809541431784));
#9441=CARTESIAN_POINT('Ctrl Pts',(-11.2743704390964,-66.741,-8.0867856678485));
#9442=CARTESIAN_POINT('Ctrl Pts',(-11.2743704390964,-209.741,-8.0867856678485));
#9443=CARTESIAN_POINT('Ctrl Pts',(-13.222660022334,-66.741,-8.93679770693902));
#9444=CARTESIAN_POINT('Ctrl Pts',(-13.222660022334,-209.741,-8.93679770693902));
#9445=CARTESIAN_POINT('Ctrl Pts',(-15.3821830956327,-66.741,-9.74561380672707));
#9446=CARTESIAN_POINT('Ctrl Pts',(-15.3821830956327,-209.741,-9.74561380672707));
#9447=CARTESIAN_POINT('Ctrl Pts',(-17.7483647566594,-66.741,-10.5102972517248));
#9448=CARTESIAN_POINT('Ctrl Pts',(-17.7483647566594,-209.741,-10.5102972517248));
#9449=CARTESIAN_POINT('Ctrl Pts',(-20.3159741775577,-66.741,-11.2282438140226));
#9450=CARTESIAN_POINT('Ctrl Pts',(-20.3159741775577,-209.741,-11.2282438140226));
#9451=CARTESIAN_POINT('Ctrl Pts',(-23.0793483151282,-66.741,-11.8964754219637));
#9452=CARTESIAN_POINT('Ctrl Pts',(-23.0793483151282,-209.741,-11.8964754219637));
#9453=CARTESIAN_POINT('Ctrl Pts',(-26.0321260946135,-66.741,-12.5126777494896));
#9454=CARTESIAN_POINT('Ctrl Pts',(-26.0321260946135,-209.741,-12.5126777494896));
#9455=CARTESIAN_POINT('Ctrl Pts',(-29.1676058976776,-66.741,-13.0742405379132));
#9456=CARTESIAN_POINT('Ctrl Pts',(-29.1676058976776,-209.741,-13.0742405379132));
#9457=CARTESIAN_POINT('Ctrl Pts',(-32.4785146684527,-66.741,-13.5793582714083));
#9458=CARTESIAN_POINT('Ctrl Pts',(-32.4785146684527,-209.741,-13.5793582714083));
#9459=CARTESIAN_POINT('Ctrl Pts',(-35.9572219000349,-66.741,-14.0261634242659));
#9460=CARTESIAN_POINT('Ctrl Pts',(-35.9572219000349,-209.741,-14.0261634242659));
#9461=CARTESIAN_POINT('Ctrl Pts',(-39.5956151412533,-66.741,-14.4134461966523));
#9462=CARTESIAN_POINT('Ctrl Pts',(-39.5956151412533,-209.741,-14.4134461966523));
#9463=CARTESIAN_POINT('Ctrl Pts',(-43.3852462782754,-66.741,-14.7403053947343));
#9464=CARTESIAN_POINT('Ctrl Pts',(-43.3852462782754,-209.741,-14.7403053947343));
#9465=CARTESIAN_POINT('Ctrl Pts',(-47.3173103747153,-66.741,-15.0061678541715));
#9466=CARTESIAN_POINT('Ctrl Pts',(-47.3173103747153,-209.741,-15.0061678541715));
#9467=CARTESIAN_POINT('Ctrl Pts',(-51.3826355101091,-66.741,-15.2111194301605));
#9468=CARTESIAN_POINT('Ctrl Pts',(-51.3826355101091,-209.741,-15.2111194301605));
#9469=CARTESIAN_POINT('Ctrl Pts',(-55.5717240219786,-66.741,-15.3555314955831));
#9470=CARTESIAN_POINT('Ctrl Pts',(-55.5717240219786,-209.741,-15.3555314955831));
#9471=CARTESIAN_POINT('Ctrl Pts',(-59.8748212107309,-66.741,-15.4401811086771));
#9472=CARTESIAN_POINT('Ctrl Pts',(-59.8748212107309,-209.741,-15.4401811086771));
#9473=CARTESIAN_POINT('Ctrl Pts',(-64.2818911583194,-66.741,-15.4664109789264));
#9474=CARTESIAN_POINT('Ctrl Pts',(-64.2818911583194,-209.741,-15.4664109789264));
#9475=CARTESIAN_POINT('Ctrl Pts',(-68.7826578443968,-66.741,-15.4357856364722));
#9476=CARTESIAN_POINT('Ctrl Pts',(-68.7826578443968,-209.741,-15.4357856364722));
#9477=CARTESIAN_POINT('Ctrl Pts',(-73.366583552918,-66.741,-15.3502992349322));
#9478=CARTESIAN_POINT('Ctrl Pts',(-73.366583552918,-209.741,-15.3502992349322));
#9479=CARTESIAN_POINT('Ctrl Pts',(-78.0230105160191,-66.741,-15.2122449152598));
#9480=CARTESIAN_POINT('Ctrl Pts',(-78.0230105160191,-209.741,-15.2122449152598));
#9481=CARTESIAN_POINT('Ctrl Pts',(-82.7410570642512,-66.741,-15.0242642647628));
#9482=CARTESIAN_POINT('Ctrl Pts',(-82.7410570642512,-209.741,-15.0242642647628));
#9483=CARTESIAN_POINT('Ctrl Pts',(-87.5097129949004,-66.741,-14.7890708794964));
#9484=CARTESIAN_POINT('Ctrl Pts',(-87.5097129949004,-209.741,-14.7890708794964));
#9485=CARTESIAN_POINT('Ctrl Pts',(-92.3178531362769,-66.741,-14.509701374708));
#9486=CARTESIAN_POINT('Ctrl Pts',(-92.3178531362769,-209.741,-14.509701374708));
#9487=CARTESIAN_POINT('Ctrl Pts',(-97.1542405405341,-66.741,-14.1893232404222));
#9488=CARTESIAN_POINT('Ctrl Pts',(-97.1542405405341,-209.741,-14.1893232404222));
#9489=CARTESIAN_POINT('Ctrl Pts',(-102.007598650056,-66.741,-13.8311577996323));
#9490=CARTESIAN_POINT('Ctrl Pts',(-102.007598650056,-209.741,-13.8311577996323));
#9491=CARTESIAN_POINT('Ctrl Pts',(-106.866620430091,-66.741,-13.4385252573426));
#9492=CARTESIAN_POINT('Ctrl Pts',(-106.866620430091,-209.741,-13.4385252573426));
#9493=CARTESIAN_POINT('Ctrl Pts',(-111.719926929456,-66.741,-13.0147754432037));
#9494=CARTESIAN_POINT('Ctrl Pts',(-111.719926929456,-209.741,-13.0147754432037));
#9495=CARTESIAN_POINT('Ctrl Pts',(-115.692623566051,-66.741,-12.6438443115244));
#9496=CARTESIAN_POINT('Ctrl Pts',(-115.692623566051,-209.741,-12.6438443115244));
#9497=CARTESIAN_POINT('Ctrl Pts',(-118.4465092142,-66.741,-12.3749215462614));
#9498=CARTESIAN_POINT('Ctrl Pts',(-118.4465092142,-209.741,-12.3749215462614));
#9499=CARTESIAN_POINT('Ctrl Pts',(-119.989671296329,-66.741,-12.2206630656391));
#9500=CARTESIAN_POINT('Ctrl Pts',(-119.989671296329,-209.741,-12.2206630656391));
#9501=CARTESIAN_POINT('Ctrl Pts',(-120.329149390934,-66.741,-12.1865566684832));
#9502=CARTESIAN_POINT('Ctrl Pts',(-120.329149390934,-209.741,-12.1865566684832));
#9503=CARTESIAN_POINT('',(-59.5544193940791,-163.776109353236,-15.4234583463943));
#9504=CARTESIAN_POINT('',(-59.5544193940794,-199.565260016203,-15.4234583463943));
#9505=CARTESIAN_POINT('Ctrl Pts',(-59.5544193940791,-163.776109353236,-15.4234583463943));
#9506=CARTESIAN_POINT('Ctrl Pts',(-59.5544193940791,-175.705826240892,-15.4234583463943));
#9507=CARTESIAN_POINT('Ctrl Pts',(-59.5544193940791,-187.635543128548,-15.4234583463943));
#9508=CARTESIAN_POINT('Ctrl Pts',(-59.5544193940791,-199.565260016204,-15.4234583463943));
#9509=CARTESIAN_POINT('',(-113.87721265685,-195.139388666822,-12.8109318775641));
#9510=CARTESIAN_POINT('Ctrl Pts',(-113.87721265685,-195.139388666822,-12.8109318775641));
#9511=CARTESIAN_POINT('Ctrl Pts',(-96.4577622072524,-185.082264260492,-14.4305148705593));
#9512=CARTESIAN_POINT('Ctrl Pts',(-77.2183629590461,-173.974391925402,-15.6676893210606));
#9513=CARTESIAN_POINT('Ctrl Pts',(-59.5544193940791,-163.776109353236,-15.4234583463943));
#9514=CARTESIAN_POINT('',(-106.21137861207,-199.565260016197,-13.4867144177584));
#9515=CARTESIAN_POINT('Ctrl Pts',(-106.211378612044,-199.565260016204,-13.486714417761));
#9516=CARTESIAN_POINT('Ctrl Pts',(-108.766277108848,-198.090188681306,-13.2742619063318));
#9517=CARTESIAN_POINT('Ctrl Pts',(-111.322977306467,-196.614077133957,-13.0484133150847));
#9518=CARTESIAN_POINT('Ctrl Pts',(-113.87721265685,-195.139388666822,-12.8109318775641));
#9519=CARTESIAN_POINT('Ctrl Pts',(-59.5544193940796,-199.565260016203,-15.4234583463943));
#9520=CARTESIAN_POINT('Ctrl Pts',(-73.6898077690083,-199.565260016203,-15.6189016610425));
#9521=CARTESIAN_POINT('Ctrl Pts',(-89.3615461818683,-199.565260016203,-14.887861751571));
#9522=CARTESIAN_POINT('Ctrl Pts',(-106.211378612074,-199.565260016203,-13.4867144177584));
#9523=CARTESIAN_POINT('Origin',(-61.9283065923786,-199.565260016203,1.12435262030247));
#9524=CARTESIAN_POINT('',(-59.554419392109,-199.565260016203,-1.8518218877288E-8));
#9525=CARTESIAN_POINT('',(-59.5544193920372,-199.565260016203,0.562176300740507));
#9526=CARTESIAN_POINT('',(-106.211378610322,-199.565260016203,-1.25583634609793E-8));
#9527=CARTESIAN_POINT('',(-106.21137861025,-199.565260016203,0.562176306700341));
#9528=CARTESIAN_POINT('',(-46.5410716965785,-199.565260016203,-2.01805147592416E-8));
#9529=CARTESIAN_POINT('',(-46.5410716965785,-199.565260016203,-2.01805147592416E-8));
#9530=CARTESIAN_POINT('Origin',(-31.1538368006349,-275.299520791834,-2.21460456542642E-8));
#9531=CARTESIAN_POINT('',(-113.877212655214,-195.139388666822,-1.15791469985584E-8));
#9532=CARTESIAN_POINT('',(-306.828329596556,-83.7390093602992,1.30679962926996E-8));
#9533=CARTESIAN_POINT('',(-59.554419392109,-163.776109353236,-1.8518218877288E-8));
#9534=CARTESIAN_POINT('',(102.347355173418,-70.302076225551,-3.91991887523604E-8));
#9535=CARTESIAN_POINT('',(-59.554419392109,-352.166222193725,-1.8518218877288E-8));
#9536=CARTESIAN_POINT('Origin',(-3.16228719895872,-259.0606806823,-2.57216234737313E-8));
#9537=CARTESIAN_POINT('',(-113.877212655214,-195.139388666822,-1.15791630714993E-8));
#9538=CARTESIAN_POINT('Origin',(-114.809713166675,-195.677768088134,-1.14600314728776E-8));
#9539=CARTESIAN_POINT('',(-59.554419392109,-163.776109353236,-1.85182292274536E-8));
#9540=CARTESIAN_POINT('Origin',(-59.554419392109,-227.368693384192,-1.8518218877288E-8));
#9541=CARTESIAN_POINT('Origin',(-59.554419392109,-227.368693384192,-1.8518218877288E-8));
#9542=CARTESIAN_POINT('',(-59.5544193940791,-99.5261093532359,-15.4234583463943));
#9543=CARTESIAN_POINT('',(-59.5544193940791,-162.252667980408,-15.4234583463943));
#9544=CARTESIAN_POINT('Ctrl Pts',(-59.5544193940791,-99.5261093532359,-15.4234583463943));
#9545=CARTESIAN_POINT('Ctrl Pts',(-59.5544193940791,-120.43496222896,-15.4234583463943));
#9546=CARTESIAN_POINT('Ctrl Pts',(-59.5544193940791,-141.343815104684,-15.4234583463943));
#9547=CARTESIAN_POINT('Ctrl Pts',(-59.5544193940791,-162.252667980408,-15.4234583463943));
#9548=CARTESIAN_POINT('',(-59.554419392109,-162.252667980408,-1.8518218877288E-8));
#9549=CARTESIAN_POINT('',(-59.554419392109,-162.252667980408,-1.8518208293433E-8));
#9550=CARTESIAN_POINT('',(-59.554419392109,-99.5261093532359,-1.8518218877288E-8));
#9551=CARTESIAN_POINT('',(-59.554419392109,-352.166222193725,-1.8518218877288E-8));
#9552=CARTESIAN_POINT('',(-59.554419392109,-99.5261093532359,-1.85182354239547E-8));
#9553=CARTESIAN_POINT('Origin',(-3.16228719895875,-194.8106806823,-2.57216234737313E-8));
#9554=CARTESIAN_POINT('',(-113.87721265685,-130.889388666822,-12.8109318775641));
#9555=CARTESIAN_POINT('Ctrl Pts',(-59.5544193940791,-162.252667980408,-15.4234583463943));
#9556=CARTESIAN_POINT('Ctrl Pts',(-77.2183629569246,-152.054385409467,-15.6676893210312));
#9557=CARTESIAN_POINT('Ctrl Pts',(-96.4577618235486,-140.946513294684,-14.4305149062344));
#9558=CARTESIAN_POINT('Ctrl Pts',(-113.87721265685,-130.889388666822,-12.8109318775641));
#9559=CARTESIAN_POINT('',(-113.877212655214,-130.889388666822,-1.15791469985584E-8));
#9560=CARTESIAN_POINT('',(-113.877212655214,-130.889388666822,-1.15791630714993E-8));
#9561=CARTESIAN_POINT('',(-306.828329596556,-19.4890093602992,1.30679962926996E-8));
#9562=CARTESIAN_POINT('Origin',(-114.809713166675,-131.427768088134,-1.14600314728776E-8));
#9563=CARTESIAN_POINT('Ctrl Pts',(-113.87721265685,-130.889388666822,-12.8109318775641));
#9564=CARTESIAN_POINT('Ctrl Pts',(-96.4577622072534,-120.832264260492,-14.4305148705592));
#9565=CARTESIAN_POINT('Ctrl Pts',(-77.2183629590467,-109.724391925402,-15.6676893210606));
#9566=CARTESIAN_POINT('Ctrl Pts',(-59.5544193940791,-99.526109353236,-15.4234583463943));
#9567=CARTESIAN_POINT('',(102.347355173418,-6.05207622555092,-3.91991887523604E-8));
#9568=CARTESIAN_POINT('Origin',(-31.1538368006349,-275.299520791834,-2.21460456542642E-8));
#9569=CARTESIAN_POINT('',(-59.5526199181397,-162.255054152552,-1.85184487380603E-8));
#9570=CARTESIAN_POINT('',(-59.5526199181397,-99.507162935821,-1.85184487380603E-8));
#9571=CARTESIAN_POINT('',(-59.5526199181397,-352.166222193725,-1.85184487380603E-8));
#9572=CARTESIAN_POINT('',(-113.893887745731,-130.881108544187,-1.15770169598631E-8));
#9573=CARTESIAN_POINT('',(102.347355173418,-6.03416873491661,-3.91991887523604E-8));
#9574=CARTESIAN_POINT('',(-306.828329596556,-19.4903566056628,1.30679962926996E-8));
#9575=CARTESIAN_POINT('Ctrl Pts',(-120.329149390931,-66.741,12.1865566684833));
#9576=CARTESIAN_POINT('Ctrl Pts',(-120.329149390931,-209.741,12.1865566684833));
#9577=CARTESIAN_POINT('Ctrl Pts',(-119.989671296327,-66.741,12.2206630656391));
#9578=CARTESIAN_POINT('Ctrl Pts',(-119.989671296327,-209.741,12.2206630656391));
#9579=CARTESIAN_POINT('Ctrl Pts',(-118.446509214199,-66.741,12.3749215462612));
#9580=CARTESIAN_POINT('Ctrl Pts',(-118.446509214199,-209.741,12.3749215462612));
#9581=CARTESIAN_POINT('Ctrl Pts',(-115.69262356605,-66.741,12.6438443115248));
#9582=CARTESIAN_POINT('Ctrl Pts',(-115.69262356605,-209.741,12.6438443115248));
#9583=CARTESIAN_POINT('Ctrl Pts',(-111.719926929456,-66.741,13.0147754432036));
#9584=CARTESIAN_POINT('Ctrl Pts',(-111.719926929456,-209.741,13.0147754432036));
#9585=CARTESIAN_POINT('Ctrl Pts',(-106.866620430091,-66.741,13.4385252573424));
#9586=CARTESIAN_POINT('Ctrl Pts',(-106.866620430091,-209.741,13.4385252573424));
#9587=CARTESIAN_POINT('Ctrl Pts',(-102.007598650055,-66.741,13.8311577996323));
#9588=CARTESIAN_POINT('Ctrl Pts',(-102.007598650055,-209.741,13.8311577996323));
#9589=CARTESIAN_POINT('Ctrl Pts',(-97.1542405405345,-66.741,14.1893232404221));
#9590=CARTESIAN_POINT('Ctrl Pts',(-97.1542405405345,-209.741,14.1893232404221));
#9591=CARTESIAN_POINT('Ctrl Pts',(-92.3178531362766,-66.741,14.509701374708));
#9592=CARTESIAN_POINT('Ctrl Pts',(-92.3178531362766,-209.741,14.509701374708));
#9593=CARTESIAN_POINT('Ctrl Pts',(-87.5097129949004,-66.741,14.7890708794963));
#9594=CARTESIAN_POINT('Ctrl Pts',(-87.5097129949004,-209.741,14.7890708794963));
#9595=CARTESIAN_POINT('Ctrl Pts',(-82.7410570642514,-66.741,15.0242642647628));
#9596=CARTESIAN_POINT('Ctrl Pts',(-82.7410570642514,-209.741,15.0242642647628));
#9597=CARTESIAN_POINT('Ctrl Pts',(-78.0230105160191,-66.741,15.2122449152599));
#9598=CARTESIAN_POINT('Ctrl Pts',(-78.0230105160191,-209.741,15.2122449152599));
#9599=CARTESIAN_POINT('Ctrl Pts',(-73.366583552918,-66.741,15.3502992349318));
#9600=CARTESIAN_POINT('Ctrl Pts',(-73.366583552918,-209.741,15.3502992349318));
#9601=CARTESIAN_POINT('Ctrl Pts',(-68.7826578443967,-66.741,15.4357856364724));
#9602=CARTESIAN_POINT('Ctrl Pts',(-68.7826578443967,-209.741,15.4357856364724));
#9603=CARTESIAN_POINT('Ctrl Pts',(-64.2818911583195,-66.741,15.4664109789263));
#9604=CARTESIAN_POINT('Ctrl Pts',(-64.2818911583195,-209.741,15.4664109789263));
#9605=CARTESIAN_POINT('Ctrl Pts',(-59.8748212107308,-66.741,15.4401811086771));
#9606=CARTESIAN_POINT('Ctrl Pts',(-59.8748212107308,-209.741,15.4401811086771));
#9607=CARTESIAN_POINT('Ctrl Pts',(-55.5717240219785,-66.741,15.3555314955831));
#9608=CARTESIAN_POINT('Ctrl Pts',(-55.5717240219785,-209.741,15.3555314955831));
#9609=CARTESIAN_POINT('Ctrl Pts',(-51.3826355101091,-66.741,15.2111194301604));
#9610=CARTESIAN_POINT('Ctrl Pts',(-51.3826355101091,-209.741,15.2111194301604));
#9611=CARTESIAN_POINT('Ctrl Pts',(-47.3173103747153,-66.741,15.0061678541715));
#9612=CARTESIAN_POINT('Ctrl Pts',(-47.3173103747153,-209.741,15.0061678541715));
#9613=CARTESIAN_POINT('Ctrl Pts',(-43.3852462782757,-66.741,14.7403053947343));
#9614=CARTESIAN_POINT('Ctrl Pts',(-43.3852462782757,-209.741,14.7403053947343));
#9615=CARTESIAN_POINT('Ctrl Pts',(-39.595615141253,-66.741,14.4134461966524));
#9616=CARTESIAN_POINT('Ctrl Pts',(-39.595615141253,-209.741,14.4134461966524));
#9617=CARTESIAN_POINT('Ctrl Pts',(-35.957221900035,-66.741,14.0261634242659));
#9618=CARTESIAN_POINT('Ctrl Pts',(-35.957221900035,-209.741,14.0261634242659));
#9619=CARTESIAN_POINT('Ctrl Pts',(-32.4785146684526,-66.741,13.5793582714083));
#9620=CARTESIAN_POINT('Ctrl Pts',(-32.4785146684526,-209.741,13.5793582714083));
#9621=CARTESIAN_POINT('Ctrl Pts',(-29.1676058976776,-66.741,13.0742405379132));
#9622=CARTESIAN_POINT('Ctrl Pts',(-29.1676058976776,-209.741,13.0742405379132));
#9623=CARTESIAN_POINT('Ctrl Pts',(-26.0321260946135,-66.741,12.5126777494896));
#9624=CARTESIAN_POINT('Ctrl Pts',(-26.0321260946135,-209.741,12.5126777494896));
#9625=CARTESIAN_POINT('Ctrl Pts',(-23.079348315128,-66.741,11.8964754219637));
#9626=CARTESIAN_POINT('Ctrl Pts',(-23.079348315128,-209.741,11.8964754219637));
#9627=CARTESIAN_POINT('Ctrl Pts',(-20.3159741775578,-66.741,11.2282438140226));
#9628=CARTESIAN_POINT('Ctrl Pts',(-20.3159741775578,-209.741,11.2282438140226));
#9629=CARTESIAN_POINT('Ctrl Pts',(-17.7483647566593,-66.741,10.5102972517248));
#9630=CARTESIAN_POINT('Ctrl Pts',(-17.7483647566593,-209.741,10.5102972517248));
#9631=CARTESIAN_POINT('Ctrl Pts',(-15.3821830956332,-66.741,9.74561380672708));
#9632=CARTESIAN_POINT('Ctrl Pts',(-15.3821830956332,-209.741,9.74561380672708));
#9633=CARTESIAN_POINT('Ctrl Pts',(-13.2226600223335,-66.741,8.93679770693902));
#9634=CARTESIAN_POINT('Ctrl Pts',(-13.2226600223335,-209.741,8.93679770693902));
#9635=CARTESIAN_POINT('Ctrl Pts',(-11.2743704390967,-66.741,8.0867856678485));
#9636=CARTESIAN_POINT('Ctrl Pts',(-11.2743704390967,-209.741,8.0867856678485));
#9637=CARTESIAN_POINT('Ctrl Pts',(-9.54119563328408,-66.741,7.19809541431781));
#9638=CARTESIAN_POINT('Ctrl Pts',(-9.54119563328408,-209.741,7.19809541431781));
#9639=CARTESIAN_POINT('Ctrl Pts',(-8.0264247778305,-66.741,6.27291220544089));
#9640=CARTESIAN_POINT('Ctrl Pts',(-8.0264247778305,-209.741,6.27291220544089));
#9641=CARTESIAN_POINT('Ctrl Pts',(-6.73276332010922,-66.741,5.31274537591564));
#9642=CARTESIAN_POINT('Ctrl Pts',(-6.73276332010922,-209.741,5.31274537591564));
#9643=CARTESIAN_POINT('Ctrl Pts',(-5.66277352507489,-66.741,4.31788306682411));
#9644=CARTESIAN_POINT('Ctrl Pts',(-5.66277352507489,-209.741,4.31788306682411));
#9645=CARTESIAN_POINT('Ctrl Pts',(-4.81983697186665,-66.741,3.28806952090833));
#9646=CARTESIAN_POINT('Ctrl Pts',(-4.81983697186665,-209.741,3.28806952090833));
#9647=CARTESIAN_POINT('Ctrl Pts',(-4.20985766894965,-66.741,2.22194218141347));
#9648=CARTESIAN_POINT('Ctrl Pts',(-4.20985766894965,-209.741,2.22194218141347));
#9649=CARTESIAN_POINT('Ctrl Pts',(-3.84088490933865,-66.741,1.12499790198429));
#9650=CARTESIAN_POINT('Ctrl Pts',(-3.84088490933865,-209.741,1.12499790198429));
#9651=CARTESIAN_POINT('Ctrl Pts',(-3.71932932355691,-66.741,9.03524777420113E-15));
#9652=CARTESIAN_POINT('Ctrl Pts',(-3.71932932355691,-209.741,9.03524777420113E-15));
#9653=CARTESIAN_POINT('Ctrl Pts',(-3.84088490933867,-66.741,-1.1249979019843));
#9654=CARTESIAN_POINT('Ctrl Pts',(-3.84088490933867,-209.741,-1.1249979019843));
#9655=CARTESIAN_POINT('Ctrl Pts',(-4.2098576689496,-66.741,-2.22194218141346));
#9656=CARTESIAN_POINT('Ctrl Pts',(-4.2098576689496,-209.741,-2.22194218141346));
#9657=CARTESIAN_POINT('Ctrl Pts',(-4.81983697186664,-66.741,-3.28806952090832));
#9658=CARTESIAN_POINT('Ctrl Pts',(-4.81983697186664,-209.741,-3.28806952090832));
#9659=CARTESIAN_POINT('Ctrl Pts',(-5.66277352507481,-66.741,-4.3178830668241));
#9660=CARTESIAN_POINT('Ctrl Pts',(-5.66277352507481,-209.741,-4.3178830668241));
#9661=CARTESIAN_POINT('Ctrl Pts',(-6.73276332010932,-66.741,-5.31274537591565));
#9662=CARTESIAN_POINT('Ctrl Pts',(-6.73276332010932,-209.741,-5.31274537591565));
#9663=CARTESIAN_POINT('Ctrl Pts',(-8.02642477783035,-66.741,-6.2729122054409));
#9664=CARTESIAN_POINT('Ctrl Pts',(-8.02642477783035,-209.741,-6.2729122054409));
#9665=CARTESIAN_POINT('Ctrl Pts',(-9.54119563328407,-66.741,-7.19809541431784));
#9666=CARTESIAN_POINT('Ctrl Pts',(-9.54119563328407,-209.741,-7.19809541431784));
#9667=CARTESIAN_POINT('Ctrl Pts',(-11.2743704390964,-66.741,-8.0867856678485));
#9668=CARTESIAN_POINT('Ctrl Pts',(-11.2743704390964,-209.741,-8.0867856678485));
#9669=CARTESIAN_POINT('Ctrl Pts',(-13.222660022334,-66.741,-8.93679770693902));
#9670=CARTESIAN_POINT('Ctrl Pts',(-13.222660022334,-209.741,-8.93679770693902));
#9671=CARTESIAN_POINT('Ctrl Pts',(-15.3821830956327,-66.741,-9.74561380672707));
#9672=CARTESIAN_POINT('Ctrl Pts',(-15.3821830956327,-209.741,-9.74561380672707));
#9673=CARTESIAN_POINT('Ctrl Pts',(-17.7483647566594,-66.741,-10.5102972517248));
#9674=CARTESIAN_POINT('Ctrl Pts',(-17.7483647566594,-209.741,-10.5102972517248));
#9675=CARTESIAN_POINT('Ctrl Pts',(-20.3159741775577,-66.741,-11.2282438140226));
#9676=CARTESIAN_POINT('Ctrl Pts',(-20.3159741775577,-209.741,-11.2282438140226));
#9677=CARTESIAN_POINT('Ctrl Pts',(-23.0793483151282,-66.741,-11.8964754219637));
#9678=CARTESIAN_POINT('Ctrl Pts',(-23.0793483151282,-209.741,-11.8964754219637));
#9679=CARTESIAN_POINT('Ctrl Pts',(-26.0321260946135,-66.741,-12.5126777494896));
#9680=CARTESIAN_POINT('Ctrl Pts',(-26.0321260946135,-209.741,-12.5126777494896));
#9681=CARTESIAN_POINT('Ctrl Pts',(-29.1676058976776,-66.741,-13.0742405379132));
#9682=CARTESIAN_POINT('Ctrl Pts',(-29.1676058976776,-209.741,-13.0742405379132));
#9683=CARTESIAN_POINT('Ctrl Pts',(-32.4785146684527,-66.741,-13.5793582714083));
#9684=CARTESIAN_POINT('Ctrl Pts',(-32.4785146684527,-209.741,-13.5793582714083));
#9685=CARTESIAN_POINT('Ctrl Pts',(-35.9572219000349,-66.741,-14.0261634242659));
#9686=CARTESIAN_POINT('Ctrl Pts',(-35.9572219000349,-209.741,-14.0261634242659));
#9687=CARTESIAN_POINT('Ctrl Pts',(-39.5956151412533,-66.741,-14.4134461966523));
#9688=CARTESIAN_POINT('Ctrl Pts',(-39.5956151412533,-209.741,-14.4134461966523));
#9689=CARTESIAN_POINT('Ctrl Pts',(-43.3852462782754,-66.741,-14.7403053947343));
#9690=CARTESIAN_POINT('Ctrl Pts',(-43.3852462782754,-209.741,-14.7403053947343));
#9691=CARTESIAN_POINT('Ctrl Pts',(-47.3173103747153,-66.741,-15.0061678541715));
#9692=CARTESIAN_POINT('Ctrl Pts',(-47.3173103747153,-209.741,-15.0061678541715));
#9693=CARTESIAN_POINT('Ctrl Pts',(-51.3826355101091,-66.741,-15.2111194301605));
#9694=CARTESIAN_POINT('Ctrl Pts',(-51.3826355101091,-209.741,-15.2111194301605));
#9695=CARTESIAN_POINT('Ctrl Pts',(-55.5717240219786,-66.741,-15.3555314955831));
#9696=CARTESIAN_POINT('Ctrl Pts',(-55.5717240219786,-209.741,-15.3555314955831));
#9697=CARTESIAN_POINT('Ctrl Pts',(-59.8748212107309,-66.741,-15.4401811086771));
#9698=CARTESIAN_POINT('Ctrl Pts',(-59.8748212107309,-209.741,-15.4401811086771));
#9699=CARTESIAN_POINT('Ctrl Pts',(-64.2818911583194,-66.741,-15.4664109789264));
#9700=CARTESIAN_POINT('Ctrl Pts',(-64.2818911583194,-209.741,-15.4664109789264));
#9701=CARTESIAN_POINT('Ctrl Pts',(-68.7826578443968,-66.741,-15.4357856364722));
#9702=CARTESIAN_POINT('Ctrl Pts',(-68.7826578443968,-209.741,-15.4357856364722));
#9703=CARTESIAN_POINT('Ctrl Pts',(-73.366583552918,-66.741,-15.3502992349322));
#9704=CARTESIAN_POINT('Ctrl Pts',(-73.366583552918,-209.741,-15.3502992349322));
#9705=CARTESIAN_POINT('Ctrl Pts',(-78.0230105160191,-66.741,-15.2122449152598));
#9706=CARTESIAN_POINT('Ctrl Pts',(-78.0230105160191,-209.741,-15.2122449152598));
#9707=CARTESIAN_POINT('Ctrl Pts',(-82.7410570642512,-66.741,-15.0242642647628));
#9708=CARTESIAN_POINT('Ctrl Pts',(-82.7410570642512,-209.741,-15.0242642647628));
#9709=CARTESIAN_POINT('Ctrl Pts',(-87.5097129949004,-66.741,-14.7890708794964));
#9710=CARTESIAN_POINT('Ctrl Pts',(-87.5097129949004,-209.741,-14.7890708794964));
#9711=CARTESIAN_POINT('Ctrl Pts',(-92.3178531362769,-66.741,-14.509701374708));
#9712=CARTESIAN_POINT('Ctrl Pts',(-92.3178531362769,-209.741,-14.509701374708));
#9713=CARTESIAN_POINT('Ctrl Pts',(-97.1542405405341,-66.741,-14.1893232404222));
#9714=CARTESIAN_POINT('Ctrl Pts',(-97.1542405405341,-209.741,-14.1893232404222));
#9715=CARTESIAN_POINT('Ctrl Pts',(-102.007598650056,-66.741,-13.8311577996323));
#9716=CARTESIAN_POINT('Ctrl Pts',(-102.007598650056,-209.741,-13.8311577996323));
#9717=CARTESIAN_POINT('Ctrl Pts',(-106.866620430091,-66.741,-13.4385252573426));
#9718=CARTESIAN_POINT('Ctrl Pts',(-106.866620430091,-209.741,-13.4385252573426));
#9719=CARTESIAN_POINT('Ctrl Pts',(-111.719926929456,-66.741,-13.0147754432037));
#9720=CARTESIAN_POINT('Ctrl Pts',(-111.719926929456,-209.741,-13.0147754432037));
#9721=CARTESIAN_POINT('Ctrl Pts',(-115.692623566051,-66.741,-12.6438443115244));
#9722=CARTESIAN_POINT('Ctrl Pts',(-115.692623566051,-209.741,-12.6438443115244));
#9723=CARTESIAN_POINT('Ctrl Pts',(-118.4465092142,-66.741,-12.3749215462614));
#9724=CARTESIAN_POINT('Ctrl Pts',(-118.4465092142,-209.741,-12.3749215462614));
#9725=CARTESIAN_POINT('Ctrl Pts',(-119.989671296329,-66.741,-12.2206630656391));
#9726=CARTESIAN_POINT('Ctrl Pts',(-119.989671296329,-209.741,-12.2206630656391));
#9727=CARTESIAN_POINT('Ctrl Pts',(-120.329149390934,-66.741,-12.1865566684832));
#9728=CARTESIAN_POINT('Ctrl Pts',(-120.329149390934,-209.741,-12.1865566684832));
#9729=CARTESIAN_POINT('Ctrl Pts',(-120.329149390931,-66.741,12.1865566684833));
#9730=CARTESIAN_POINT('Ctrl Pts',(-120.329149390931,-209.741,12.1865566684833));
#9731=CARTESIAN_POINT('Ctrl Pts',(-119.989671296327,-66.741,12.2206630656391));
#9732=CARTESIAN_POINT('Ctrl Pts',(-119.989671296327,-209.741,12.2206630656391));
#9733=CARTESIAN_POINT('Ctrl Pts',(-118.446509214199,-66.741,12.3749215462612));
#9734=CARTESIAN_POINT('Ctrl Pts',(-118.446509214199,-209.741,12.3749215462612));
#9735=CARTESIAN_POINT('Ctrl Pts',(-115.69262356605,-66.741,12.6438443115248));
#9736=CARTESIAN_POINT('Ctrl Pts',(-115.69262356605,-209.741,12.6438443115248));
#9737=CARTESIAN_POINT('Ctrl Pts',(-111.719926929456,-66.741,13.0147754432036));
#9738=CARTESIAN_POINT('Ctrl Pts',(-111.719926929456,-209.741,13.0147754432036));
#9739=CARTESIAN_POINT('Ctrl Pts',(-106.866620430091,-66.741,13.4385252573424));
#9740=CARTESIAN_POINT('Ctrl Pts',(-106.866620430091,-209.741,13.4385252573424));
#9741=CARTESIAN_POINT('Ctrl Pts',(-102.007598650055,-66.741,13.8311577996323));
#9742=CARTESIAN_POINT('Ctrl Pts',(-102.007598650055,-209.741,13.8311577996323));
#9743=CARTESIAN_POINT('Ctrl Pts',(-97.1542405405345,-66.741,14.1893232404221));
#9744=CARTESIAN_POINT('Ctrl Pts',(-97.1542405405345,-209.741,14.1893232404221));
#9745=CARTESIAN_POINT('Ctrl Pts',(-92.3178531362766,-66.741,14.509701374708));
#9746=CARTESIAN_POINT('Ctrl Pts',(-92.3178531362766,-209.741,14.509701374708));
#9747=CARTESIAN_POINT('Ctrl Pts',(-87.5097129949004,-66.741,14.7890708794963));
#9748=CARTESIAN_POINT('Ctrl Pts',(-87.5097129949004,-209.741,14.7890708794963));
#9749=CARTESIAN_POINT('Ctrl Pts',(-82.7410570642514,-66.741,15.0242642647628));
#9750=CARTESIAN_POINT('Ctrl Pts',(-82.7410570642514,-209.741,15.0242642647628));
#9751=CARTESIAN_POINT('Ctrl Pts',(-78.0230105160191,-66.741,15.2122449152599));
#9752=CARTESIAN_POINT('Ctrl Pts',(-78.0230105160191,-209.741,15.2122449152599));
#9753=CARTESIAN_POINT('Ctrl Pts',(-73.366583552918,-66.741,15.3502992349318));
#9754=CARTESIAN_POINT('Ctrl Pts',(-73.366583552918,-209.741,15.3502992349318));
#9755=CARTESIAN_POINT('Ctrl Pts',(-68.7826578443967,-66.741,15.4357856364724));
#9756=CARTESIAN_POINT('Ctrl Pts',(-68.7826578443967,-209.741,15.4357856364724));
#9757=CARTESIAN_POINT('Ctrl Pts',(-64.2818911583195,-66.741,15.4664109789263));
#9758=CARTESIAN_POINT('Ctrl Pts',(-64.2818911583195,-209.741,15.4664109789263));
#9759=CARTESIAN_POINT('Ctrl Pts',(-59.8748212107308,-66.741,15.4401811086771));
#9760=CARTESIAN_POINT('Ctrl Pts',(-59.8748212107308,-209.741,15.4401811086771));
#9761=CARTESIAN_POINT('Ctrl Pts',(-55.5717240219785,-66.741,15.3555314955831));
#9762=CARTESIAN_POINT('Ctrl Pts',(-55.5717240219785,-209.741,15.3555314955831));
#9763=CARTESIAN_POINT('Ctrl Pts',(-51.3826355101091,-66.741,15.2111194301604));
#9764=CARTESIAN_POINT('Ctrl Pts',(-51.3826355101091,-209.741,15.2111194301604));
#9765=CARTESIAN_POINT('Ctrl Pts',(-47.3173103747153,-66.741,15.0061678541715));
#9766=CARTESIAN_POINT('Ctrl Pts',(-47.3173103747153,-209.741,15.0061678541715));
#9767=CARTESIAN_POINT('Ctrl Pts',(-43.3852462782757,-66.741,14.7403053947343));
#9768=CARTESIAN_POINT('Ctrl Pts',(-43.3852462782757,-209.741,14.7403053947343));
#9769=CARTESIAN_POINT('Ctrl Pts',(-39.595615141253,-66.741,14.4134461966524));
#9770=CARTESIAN_POINT('Ctrl Pts',(-39.595615141253,-209.741,14.4134461966524));
#9771=CARTESIAN_POINT('Ctrl Pts',(-35.957221900035,-66.741,14.0261634242659));
#9772=CARTESIAN_POINT('Ctrl Pts',(-35.957221900035,-209.741,14.0261634242659));
#9773=CARTESIAN_POINT('Ctrl Pts',(-32.4785146684526,-66.741,13.5793582714083));
#9774=CARTESIAN_POINT('Ctrl Pts',(-32.4785146684526,-209.741,13.5793582714083));
#9775=CARTESIAN_POINT('Ctrl Pts',(-29.1676058976776,-66.741,13.0742405379132));
#9776=CARTESIAN_POINT('Ctrl Pts',(-29.1676058976776,-209.741,13.0742405379132));
#9777=CARTESIAN_POINT('Ctrl Pts',(-26.0321260946135,-66.741,12.5126777494896));
#9778=CARTESIAN_POINT('Ctrl Pts',(-26.0321260946135,-209.741,12.5126777494896));
#9779=CARTESIAN_POINT('Ctrl Pts',(-23.079348315128,-66.741,11.8964754219637));
#9780=CARTESIAN_POINT('Ctrl Pts',(-23.079348315128,-209.741,11.8964754219637));
#9781=CARTESIAN_POINT('Ctrl Pts',(-20.3159741775578,-66.741,11.2282438140226));
#9782=CARTESIAN_POINT('Ctrl Pts',(-20.3159741775578,-209.741,11.2282438140226));
#9783=CARTESIAN_POINT('Ctrl Pts',(-17.7483647566593,-66.741,10.5102972517248));
#9784=CARTESIAN_POINT('Ctrl Pts',(-17.7483647566593,-209.741,10.5102972517248));
#9785=CARTESIAN_POINT('Ctrl Pts',(-15.3821830956332,-66.741,9.74561380672708));
#9786=CARTESIAN_POINT('Ctrl Pts',(-15.3821830956332,-209.741,9.74561380672708));
#9787=CARTESIAN_POINT('Ctrl Pts',(-13.2226600223335,-66.741,8.93679770693902));
#9788=CARTESIAN_POINT('Ctrl Pts',(-13.2226600223335,-209.741,8.93679770693902));
#9789=CARTESIAN_POINT('Ctrl Pts',(-11.2743704390967,-66.741,8.0867856678485));
#9790=CARTESIAN_POINT('Ctrl Pts',(-11.2743704390967,-209.741,8.0867856678485));
#9791=CARTESIAN_POINT('Ctrl Pts',(-9.54119563328408,-66.741,7.19809541431781));
#9792=CARTESIAN_POINT('Ctrl Pts',(-9.54119563328408,-209.741,7.19809541431781));
#9793=CARTESIAN_POINT('Ctrl Pts',(-8.0264247778305,-66.741,6.27291220544089));
#9794=CARTESIAN_POINT('Ctrl Pts',(-8.0264247778305,-209.741,6.27291220544089));
#9795=CARTESIAN_POINT('Ctrl Pts',(-6.73276332010922,-66.741,5.31274537591564));
#9796=CARTESIAN_POINT('Ctrl Pts',(-6.73276332010922,-209.741,5.31274537591564));
#9797=CARTESIAN_POINT('Ctrl Pts',(-5.66277352507489,-66.741,4.31788306682411));
#9798=CARTESIAN_POINT('Ctrl Pts',(-5.66277352507489,-209.741,4.31788306682411));
#9799=CARTESIAN_POINT('Ctrl Pts',(-4.81983697186665,-66.741,3.28806952090833));
#9800=CARTESIAN_POINT('Ctrl Pts',(-4.81983697186665,-209.741,3.28806952090833));
#9801=CARTESIAN_POINT('Ctrl Pts',(-4.20985766894965,-66.741,2.22194218141347));
#9802=CARTESIAN_POINT('Ctrl Pts',(-4.20985766894965,-209.741,2.22194218141347));
#9803=CARTESIAN_POINT('Ctrl Pts',(-3.84088490933865,-66.741,1.12499790198429));
#9804=CARTESIAN_POINT('Ctrl Pts',(-3.84088490933865,-209.741,1.12499790198429));
#9805=CARTESIAN_POINT('Ctrl Pts',(-3.71932932355691,-66.741,9.03524777420113E-15));
#9806=CARTESIAN_POINT('Ctrl Pts',(-3.71932932355691,-209.741,9.03524777420113E-15));
#9807=CARTESIAN_POINT('Ctrl Pts',(-3.84088490933867,-66.741,-1.1249979019843));
#9808=CARTESIAN_POINT('Ctrl Pts',(-3.84088490933867,-209.741,-1.1249979019843));
#9809=CARTESIAN_POINT('Ctrl Pts',(-4.2098576689496,-66.741,-2.22194218141346));
#9810=CARTESIAN_POINT('Ctrl Pts',(-4.2098576689496,-209.741,-2.22194218141346));
#9811=CARTESIAN_POINT('Ctrl Pts',(-4.81983697186664,-66.741,-3.28806952090832));
#9812=CARTESIAN_POINT('Ctrl Pts',(-4.81983697186664,-209.741,-3.28806952090832));
#9813=CARTESIAN_POINT('Ctrl Pts',(-5.66277352507481,-66.741,-4.3178830668241));
#9814=CARTESIAN_POINT('Ctrl Pts',(-5.66277352507481,-209.741,-4.3178830668241));
#9815=CARTESIAN_POINT('Ctrl Pts',(-6.73276332010932,-66.741,-5.31274537591565));
#9816=CARTESIAN_POINT('Ctrl Pts',(-6.73276332010932,-209.741,-5.31274537591565));
#9817=CARTESIAN_POINT('Ctrl Pts',(-8.02642477783035,-66.741,-6.2729122054409));
#9818=CARTESIAN_POINT('Ctrl Pts',(-8.02642477783035,-209.741,-6.2729122054409));
#9819=CARTESIAN_POINT('Ctrl Pts',(-9.54119563328407,-66.741,-7.19809541431784));
#9820=CARTESIAN_POINT('Ctrl Pts',(-9.54119563328407,-209.741,-7.19809541431784));
#9821=CARTESIAN_POINT('Ctrl Pts',(-11.2743704390964,-66.741,-8.0867856678485));
#9822=CARTESIAN_POINT('Ctrl Pts',(-11.2743704390964,-209.741,-8.0867856678485));
#9823=CARTESIAN_POINT('Ctrl Pts',(-13.222660022334,-66.741,-8.93679770693902));
#9824=CARTESIAN_POINT('Ctrl Pts',(-13.222660022334,-209.741,-8.93679770693902));
#9825=CARTESIAN_POINT('Ctrl Pts',(-15.3821830956327,-66.741,-9.74561380672707));
#9826=CARTESIAN_POINT('Ctrl Pts',(-15.3821830956327,-209.741,-9.74561380672707));
#9827=CARTESIAN_POINT('Ctrl Pts',(-17.7483647566594,-66.741,-10.5102972517248));
#9828=CARTESIAN_POINT('Ctrl Pts',(-17.7483647566594,-209.741,-10.5102972517248));
#9829=CARTESIAN_POINT('Ctrl Pts',(-20.3159741775577,-66.741,-11.2282438140226));
#9830=CARTESIAN_POINT('Ctrl Pts',(-20.3159741775577,-209.741,-11.2282438140226));
#9831=CARTESIAN_POINT('Ctrl Pts',(-23.0793483151282,-66.741,-11.8964754219637));
#9832=CARTESIAN_POINT('Ctrl Pts',(-23.0793483151282,-209.741,-11.8964754219637));
#9833=CARTESIAN_POINT('Ctrl Pts',(-26.0321260946135,-66.741,-12.5126777494896));
#9834=CARTESIAN_POINT('Ctrl Pts',(-26.0321260946135,-209.741,-12.5126777494896));
#9835=CARTESIAN_POINT('Ctrl Pts',(-29.1676058976776,-66.741,-13.0742405379132));
#9836=CARTESIAN_POINT('Ctrl Pts',(-29.1676058976776,-209.741,-13.0742405379132));
#9837=CARTESIAN_POINT('Ctrl Pts',(-32.4785146684527,-66.741,-13.5793582714083));
#9838=CARTESIAN_POINT('Ctrl Pts',(-32.4785146684527,-209.741,-13.5793582714083));
#9839=CARTESIAN_POINT('Ctrl Pts',(-35.9572219000349,-66.741,-14.0261634242659));
#9840=CARTESIAN_POINT('Ctrl Pts',(-35.9572219000349,-209.741,-14.0261634242659));
#9841=CARTESIAN_POINT('Ctrl Pts',(-39.5956151412533,-66.741,-14.4134461966523));
#9842=CARTESIAN_POINT('Ctrl Pts',(-39.5956151412533,-209.741,-14.4134461966523));
#9843=CARTESIAN_POINT('Ctrl Pts',(-43.3852462782754,-66.741,-14.7403053947343));
#9844=CARTESIAN_POINT('Ctrl Pts',(-43.3852462782754,-209.741,-14.7403053947343));
#9845=CARTESIAN_POINT('Ctrl Pts',(-47.3173103747153,-66.741,-15.0061678541715));
#9846=CARTESIAN_POINT('Ctrl Pts',(-47.3173103747153,-209.741,-15.0061678541715));
#9847=CARTESIAN_POINT('Ctrl Pts',(-51.3826355101091,-66.741,-15.2111194301605));
#9848=CARTESIAN_POINT('Ctrl Pts',(-51.3826355101091,-209.741,-15.2111194301605));
#9849=CARTESIAN_POINT('Ctrl Pts',(-55.5717240219786,-66.741,-15.3555314955831));
#9850=CARTESIAN_POINT('Ctrl Pts',(-55.5717240219786,-209.741,-15.3555314955831));
#9851=CARTESIAN_POINT('Ctrl Pts',(-59.8748212107309,-66.741,-15.4401811086771));
#9852=CARTESIAN_POINT('Ctrl Pts',(-59.8748212107309,-209.741,-15.4401811086771));
#9853=CARTESIAN_POINT('Ctrl Pts',(-64.2818911583194,-66.741,-15.4664109789264));
#9854=CARTESIAN_POINT('Ctrl Pts',(-64.2818911583194,-209.741,-15.4664109789264));
#9855=CARTESIAN_POINT('Ctrl Pts',(-68.7826578443968,-66.741,-15.4357856364722));
#9856=CARTESIAN_POINT('Ctrl Pts',(-68.7826578443968,-209.741,-15.4357856364722));
#9857=CARTESIAN_POINT('Ctrl Pts',(-73.366583552918,-66.741,-15.3502992349322));
#9858=CARTESIAN_POINT('Ctrl Pts',(-73.366583552918,-209.741,-15.3502992349322));
#9859=CARTESIAN_POINT('Ctrl Pts',(-78.0230105160191,-66.741,-15.2122449152598));
#9860=CARTESIAN_POINT('Ctrl Pts',(-78.0230105160191,-209.741,-15.2122449152598));
#9861=CARTESIAN_POINT('Ctrl Pts',(-82.7410570642512,-66.741,-15.0242642647628));
#9862=CARTESIAN_POINT('Ctrl Pts',(-82.7410570642512,-209.741,-15.0242642647628));
#9863=CARTESIAN_POINT('Ctrl Pts',(-87.5097129949004,-66.741,-14.7890708794964));
#9864=CARTESIAN_POINT('Ctrl Pts',(-87.5097129949004,-209.741,-14.7890708794964));
#9865=CARTESIAN_POINT('Ctrl Pts',(-92.3178531362769,-66.741,-14.509701374708));
#9866=CARTESIAN_POINT('Ctrl Pts',(-92.3178531362769,-209.741,-14.509701374708));
#9867=CARTESIAN_POINT('Ctrl Pts',(-97.1542405405341,-66.741,-14.1893232404222));
#9868=CARTESIAN_POINT('Ctrl Pts',(-97.1542405405341,-209.741,-14.1893232404222));
#9869=CARTESIAN_POINT('Ctrl Pts',(-102.007598650056,-66.741,-13.8311577996323));
#9870=CARTESIAN_POINT('Ctrl Pts',(-102.007598650056,-209.741,-13.8311577996323));
#9871=CARTESIAN_POINT('Ctrl Pts',(-106.866620430091,-66.741,-13.4385252573426));
#9872=CARTESIAN_POINT('Ctrl Pts',(-106.866620430091,-209.741,-13.4385252573426));
#9873=CARTESIAN_POINT('Ctrl Pts',(-111.719926929456,-66.741,-13.0147754432037));
#9874=CARTESIAN_POINT('Ctrl Pts',(-111.719926929456,-209.741,-13.0147754432037));
#9875=CARTESIAN_POINT('Ctrl Pts',(-115.692623566051,-66.741,-12.6438443115244));
#9876=CARTESIAN_POINT('Ctrl Pts',(-115.692623566051,-209.741,-12.6438443115244));
#9877=CARTESIAN_POINT('Ctrl Pts',(-118.4465092142,-66.741,-12.3749215462614));
#9878=CARTESIAN_POINT('Ctrl Pts',(-118.4465092142,-209.741,-12.3749215462614));
#9879=CARTESIAN_POINT('Ctrl Pts',(-119.989671296329,-66.741,-12.2206630656391));
#9880=CARTESIAN_POINT('Ctrl Pts',(-119.989671296329,-209.741,-12.2206630656391));
#9881=CARTESIAN_POINT('Ctrl Pts',(-120.329149390934,-66.741,-12.1865566684832));
#9882=CARTESIAN_POINT('Ctrl Pts',(-120.329149390934,-209.741,-12.1865566684832));
#9883=CARTESIAN_POINT('',(-59.5526199161695,-99.507162935821,15.423433460728));
#9884=CARTESIAN_POINT('',(-113.893887744095,-130.881108544187,12.8093813336393));
#9885=CARTESIAN_POINT('Ctrl Pts',(-59.5526199161695,-99.507162935821,15.423433460728));
#9886=CARTESIAN_POINT('Ctrl Pts',(-77.2223104408514,-109.708763516762,15.6678448055327));
#9887=CARTESIAN_POINT('Ctrl Pts',(-96.4689105000784,-120.82079324185,14.4298303465181));
#9888=CARTESIAN_POINT('Ctrl Pts',(-113.893887744095,-130.881108544187,12.8093813336393));
#9889=CARTESIAN_POINT('',(-59.5526199161695,-162.255054152552,15.423433460728));
#9890=CARTESIAN_POINT('Ctrl Pts',(-59.5526199161695,-162.255054152552,15.423433460728));
#9891=CARTESIAN_POINT('Ctrl Pts',(-59.5526199161695,-141.339090413642,15.423433460728));
#9892=CARTESIAN_POINT('Ctrl Pts',(-59.5526199161695,-120.423126674731,15.423433460728));
#9893=CARTESIAN_POINT('Ctrl Pts',(-59.5526199161695,-99.507162935821,15.423433460728));
#9894=CARTESIAN_POINT('Ctrl Pts',(-113.893887744095,-130.881108544187,12.8093813336393));
#9895=CARTESIAN_POINT('Ctrl Pts',(-96.4689108840952,-140.941423624811,14.4298303108062));
#9896=CARTESIAN_POINT('Ctrl Pts',(-77.2223104429786,-152.053453570384,15.6678448055622));
#9897=CARTESIAN_POINT('Ctrl Pts',(-59.5526199161695,-162.255054152552,15.423433460728));
#9898=CARTESIAN_POINT('Origin',(-3.53978231440689,-67.1681360672311,-2.5673403093618E-8));
#9899=CARTESIAN_POINT('',(-113.893887745731,-130.881108544187,-1.15770120100629E-8));
#9900=CARTESIAN_POINT('',(-59.5526199181397,-99.507162935821,-1.85184462130679E-8));
#9901=CARTESIAN_POINT('Origin',(-59.5526199181397,-195.246079556337,-1.85184487380603E-8));
#9902=CARTESIAN_POINT('',(-59.5526199181397,-162.255054152552,-1.85184512125327E-8));
#9903=CARTESIAN_POINT('Origin',(-114.44475211129,-130.563066854444,-1.15066507802463E-8));
#9904=CARTESIAN_POINT('Ctrl Pts',(-83.5999997948176,-234.565260016203,-0.00585717543057918));
#9905=CARTESIAN_POINT('Ctrl Pts',(-83.5998808738774,-234.565260016203,-1.70322661504756));
#9906=CARTESIAN_POINT('Ctrl Pts',(-82.5376228528674,-234.565260016203,-5.06408682849879));
#9907=CARTESIAN_POINT('Ctrl Pts',(-78.879948961743,-234.565260016203,-8.7367505656296));
#9908=CARTESIAN_POINT('Ctrl Pts',(-74.4257126069709,-234.565260016204,-11.2448071893594));
#9909=CARTESIAN_POINT('Ctrl Pts',(-68.0095610329379,-234.565260016203,-13.5243423816942));
#9910=CARTESIAN_POINT('Ctrl Pts',(-59.601905315719,-234.565260016203,-14.9226986824109));
#9911=CARTESIAN_POINT('Ctrl Pts',(-50.5238339032549,-234.565260016203,-14.9256303223627));
#9912=CARTESIAN_POINT('Ctrl Pts',(-42.669879967476,-234.565260016204,-13.8253738165287));
#9913=CARTESIAN_POINT('Ctrl Pts',(-36.1211324947001,-234.565260016203,-11.9781846230957));
#9914=CARTESIAN_POINT('Ctrl Pts',(-31.0273372835897,-234.565260016203,-9.39479781209013));
#9915=CARTESIAN_POINT('Ctrl Pts',(-27.6709221758346,-234.565260016203,-6.31109429747531));
#9916=CARTESIAN_POINT('Ctrl Pts',(-25.8566862489149,-234.565260016203,-3.39266267907031));
#9917=CARTESIAN_POINT('Ctrl Pts',(-25.1719003121763,-234.565260016203,-0.000284762433453792));
#9918=CARTESIAN_POINT('Ctrl Pts',(-25.8570944269557,-234.565260016203,3.39281450955283));
#9919=CARTESIAN_POINT('Ctrl Pts',(-27.673071579472,-234.565260016203,6.30923706629397));
#9920=CARTESIAN_POINT('Ctrl Pts',(-31.0330754361906,-234.565260016203,9.3912565963966));
#9921=CARTESIAN_POINT('Ctrl Pts',(-36.1231260947641,-234.565260016203,11.9750842601797));
#9922=CARTESIAN_POINT('Ctrl Pts',(-41.5807140429603,-234.565260016203,13.5121820994081));
#9923=CARTESIAN_POINT('Ctrl Pts',(-46.0433129931516,-234.565260016203,14.2915804652996));
#9924=CARTESIAN_POINT('Ctrl Pts',(-50.5399614797242,-234.565260016203,14.7938514538055));
#9925=CARTESIAN_POINT('Ctrl Pts',(-56.2070157923309,-234.565260016203,14.9455202565028));
#9926=CARTESIAN_POINT('Ctrl Pts',(-62.977947779445,-234.565260016204,14.3899459964432));
#9927=CARTESIAN_POINT('Ctrl Pts',(-69.0794482381801,-234.565260016203,13.1378251557617));
#9928=CARTESIAN_POINT('Ctrl Pts',(-74.4300696606174,-234.565260016203,11.2322608072481));
#9929=CARTESIAN_POINT('Ctrl Pts',(-78.8808842979772,-234.565260016203,8.72619725465714));
#9930=CARTESIAN_POINT('Ctrl Pts',(-82.5389087434314,-234.565260016203,5.05180116668748));
#9931=CARTESIAN_POINT('Ctrl Pts',(-83.6001187157578,-234.565260016203,1.6915122641864));
#9932=CARTESIAN_POINT('Ctrl Pts',(-83.5999997948176,-234.565260016203,-0.00585717543058112));
#9933=CARTESIAN_POINT('Ctrl Pts',(-82.4032025963874,-234.565260016203,-0.00577332553628197));
#9934=CARTESIAN_POINT('Ctrl Pts',(-82.403100118927,-234.565260016203,-1.46844347654439));
#9935=CARTESIAN_POINT('Ctrl Pts',(-81.5010589605084,-234.565260016203,-4.37885878140501));
#9936=CARTESIAN_POINT('Ctrl Pts',(-78.1756210765499,-234.565260016203,-7.75418522267873));
#9937=CARTESIAN_POINT('Ctrl Pts',(-73.940189180348,-234.565260016204,-10.1443784040272));
#9938=CARTESIAN_POINT('Ctrl Pts',(-67.7360994919914,-234.565260016203,-12.3520489313768));
#9939=CARTESIAN_POINT('Ctrl Pts',(-59.5065049770419,-234.565260016203,-13.7247471323267));
#9940=CARTESIAN_POINT('Ctrl Pts',(-50.5976207249496,-234.565260016203,-13.7268990108001));
#9941=CARTESIAN_POINT('Ctrl Pts',(-42.9096122776621,-234.565260016204,-12.648211230973));
#9942=CARTESIAN_POINT('Ctrl Pts',(-36.541560621427,-234.565260016203,-10.850798210081));
#9943=CARTESIAN_POINT('Ctrl Pts',(-31.6772848063856,-234.565260016203,-8.36946206949412));
#9944=CARTESIAN_POINT('Ctrl Pts',(-28.5912894399638,-234.565260016203,-5.52192414488277));
#9945=CARTESIAN_POINT('Ctrl Pts',(-26.9882032423308,-234.565260016203,-2.92537203824807));
#9946=CARTESIAN_POINT('Ctrl Pts',(-26.403132519216,-234.565260016203,-9.79354749015116E-5));
#9947=CARTESIAN_POINT('Ctrl Pts',(-26.988923513907,-234.565260016203,2.92530643727033));
#9948=CARTESIAN_POINT('Ctrl Pts',(-28.5935378530687,-234.565260016203,5.52014081036502));
#9949=CARTESIAN_POINT('Ctrl Pts',(-31.6833268599089,-234.565260016203,8.366760476888));
#9950=CARTESIAN_POINT('Ctrl Pts',(-36.5431028199854,-234.565260016203,10.8471394098441));
#9951=CARTESIAN_POINT('Ctrl Pts',(-41.8507138632456,-234.565260016203,12.3430352360757));
#9952=CARTESIAN_POINT('Ctrl Pts',(-46.2115655935525,-234.565260016203,13.1053904030352));
#9953=CARTESIAN_POINT('Ctrl Pts',(-50.6152806053458,-234.565260016203,13.5974260567314));
#9954=CARTESIAN_POINT('Ctrl Pts',(-56.175326146229,-234.565260016203,13.746453778171));
#9955=CARTESIAN_POINT('Ctrl Pts',(-62.8122224950378,-234.565260016204,13.2016066864234));
#9956=CARTESIAN_POINT('Ctrl Pts',(-68.7704998441378,-234.565260016203,11.9773743316761));
#9957=CARTESIAN_POINT('Ctrl Pts',(-73.9439114288279,-234.565260016203,10.1321679589342));
#9958=CARTESIAN_POINT('Ctrl Pts',(-78.1763796247887,-234.565260016203,7.74371750974412));
#9959=CARTESIAN_POINT('Ctrl Pts',(-81.5021191322278,-234.565260016203,4.36681896547017));
#9960=CARTESIAN_POINT('Ctrl Pts',(-82.4033050738478,-234.565260016203,1.45689682547182));
#9961=CARTESIAN_POINT('Ctrl Pts',(-82.4032025963874,-234.565260016203,-0.00577332553628452));
#9962=CARTESIAN_POINT('Ctrl Pts',(-80.3314428757739,-233.560533884484,-0.00562817409892017));
#9963=CARTESIAN_POINT('Ctrl Pts',(-80.3313686686748,-233.560533884484,-1.06479287568148));
#9964=CARTESIAN_POINT('Ctrl Pts',(-79.7072250272338,-233.560533884484,-3.19609821891567));
#9965=CARTESIAN_POINT('Ctrl Pts',(-76.9550074307052,-233.560533884484,-6.05766657481242));
#9966=CARTESIAN_POINT('Ctrl Pts',(-73.0982022640736,-233.560533884484,-8.2424916137188));
#9967=CARTESIAN_POINT('Ctrl Pts',(-67.2606104352893,-233.560533884484,-10.3253650274397));
#9968=CARTESIAN_POINT('Ctrl Pts',(-59.3417934747733,-233.560533884484,-11.6516242152356));
#9969=CARTESIAN_POINT('Ctrl Pts',(-50.7256988486779,-233.560533884484,-11.6530278030303));
#9970=CARTESIAN_POINT('Ctrl Pts',(-43.3257330745689,-233.560533884484,-10.6124581433805));
#9971=CARTESIAN_POINT('Ctrl Pts',(-37.269354891068,-233.560533884484,-8.90114503840912));
#9972=CARTESIAN_POINT('Ctrl Pts',(-32.8033433835927,-233.560533884484,-6.60016064181155));
#9973=CARTESIAN_POINT('Ctrl Pts',(-30.1832654501941,-233.560533884484,-4.16067668382445));
#9974=CARTESIAN_POINT('Ctrl Pts',(-28.9438940654137,-233.560533884484,-2.12022936829552));
#9975=CARTESIAN_POINT('Ctrl Pts',(-28.5307116724061,-233.560533884484,-0.000772818861480965));
#9976=CARTESIAN_POINT('Ctrl Pts',(-28.9450994017214,-233.560533884484,2.11844885715842));
#9977=CARTESIAN_POINT('Ctrl Pts',(-30.1859840986331,-233.560533884484,4.15847663899592));
#9978=CARTESIAN_POINT('Ctrl Pts',(-32.8093900580726,-233.560533884484,6.59779986198956));
#9979=CARTESIAN_POINT('Ctrl Pts',(-37.2708342516356,-233.560533884484,8.89672604377366));
#9980=CARTESIAN_POINT('Ctrl Pts',(-42.3189146663105,-233.560533884484,10.3211646014513));
#9981=CARTESIAN_POINT('Ctrl Pts',(-46.5033570877332,-233.560533884484,11.05328349089));
#9982=CARTESIAN_POINT('Ctrl Pts',(-50.7467208758826,-233.560533884484,11.5275577716012));
#9983=CARTESIAN_POINT('Ctrl Pts',(-56.1196301005742,-233.560533884484,11.6718726019553));
#9984=CARTESIAN_POINT('Ctrl Pts',(-62.5249676408367,-233.560533884484,11.145509935089));
#9985=CARTESIAN_POINT('Ctrl Pts',(-68.2349369294293,-233.560533884484,9.9703712837977));
#9986=CARTESIAN_POINT('Ctrl Pts',(-73.1012035445344,-233.560533884484,8.23058411578835));
#9987=CARTESIAN_POINT('Ctrl Pts',(-76.9557657531101,-233.560533884484,6.04712964710434));
#9988=CARTESIAN_POINT('Ctrl Pts',(-79.7079842851173,-233.560533884484,3.18441756314314));
#9989=CARTESIAN_POINT('Ctrl Pts',(-80.3315170828729,-233.560533884484,1.0535365274836));
#9990=CARTESIAN_POINT('Ctrl Pts',(-80.3314428757739,-233.560533884484,-0.00562817409892375));
#9991=CARTESIAN_POINT('Ctrl Pts',(-79.5999998046349,-231.462857917229,-0.00557692780232117));
#9992=CARTESIAN_POINT('Ctrl Pts',(-79.5999356601689,-231.462857917229,-0.921116749559489));
#9993=CARTESIAN_POINT('Ctrl Pts',(-79.0736749211615,-231.462857917229,-2.7770819118947));
#9994=CARTESIAN_POINT('Ctrl Pts',(-76.524635696471,-231.462857917229,-5.45686390033431));
#9995=CARTESIAN_POINT('Ctrl Pts',(-72.8015660872797,-231.462857917229,-7.56974333794667));
#9996=CARTESIAN_POINT('Ctrl Pts',(-67.0936192895997,-231.462857917229,-9.60872151616575));
#9997=CARTESIAN_POINT('Ctrl Pts',(-59.2834590828224,-231.462857917229,-10.9194335076884));
#9998=CARTESIAN_POINT('Ctrl Pts',(-50.770771922168,-231.462857917229,-10.9203206216202));
#9999=CARTESIAN_POINT('Ctrl Pts',(-43.4721750444813,-231.462857917229,-9.89288125663716));
#10000=CARTESIAN_POINT('Ctrl Pts',(-37.5263069464185,-231.462857917229,
-8.21199415269927));
#10001=CARTESIAN_POINT('Ctrl Pts',(-33.2005073580756,-231.462857917229,
-5.97313474471333));
#10002=CARTESIAN_POINT('Ctrl Pts',(-30.7458472034287,-231.462857917229,
-3.67803845397767));
#10003=CARTESIAN_POINT('Ctrl Pts',(-29.635643250537,-231.462857917229,-1.83438605623886));
#10004=CARTESIAN_POINT('Ctrl Pts',(-29.2834517712183,-231.462857917229,
-0.000592404581390528));
#10005=CARTESIAN_POINT('Ctrl Pts',(-29.637042990127,-231.462857917229,1.83256146178167));
#10006=CARTESIAN_POINT('Ctrl Pts',(-30.7486065366347,-231.462857917229,
3.67591970583387));
#10007=CARTESIAN_POINT('Ctrl Pts',(-33.2067743628052,-231.462857917229,
5.97136093324716));
#10008=CARTESIAN_POINT('Ctrl Pts',(-37.5274627514005,-231.462857917229,
8.20722015875266));
#10009=CARTESIAN_POINT('Ctrl Pts',(-42.4838760861452,-231.462857917229,
9.6064862263212));
#10010=CARTESIAN_POINT('Ctrl Pts',(-46.6061522688363,-231.462857917229,
10.3282375055258));
#10011=CARTESIAN_POINT('Ctrl Pts',(-50.7926833651429,-231.462857917229,
10.7962591472104));
#10012=CARTESIAN_POINT('Ctrl Pts',(-56.1003180629714,-231.462857917229,
10.9389691869196));
#10013=CARTESIAN_POINT('Ctrl Pts',(-62.4237063483557,-231.462857917229,
10.4191682671872));
#10014=CARTESIAN_POINT('Ctrl Pts',(-68.0461673593914,-231.462857917229,
9.26101998261182));
#10015=CARTESIAN_POINT('Ctrl Pts',(-72.8041543217131,-231.462857917229,
7.55805963658882));
#10016=CARTESIAN_POINT('Ctrl Pts',(-76.5252656830072,-231.462857917229,
5.44639371017974));
#10017=CARTESIAN_POINT('Ctrl Pts',(-79.0742902676909,-231.462857917229,
2.76555591567719));
#10018=CARTESIAN_POINT('Ctrl Pts',(-79.600063949101,-231.462857917229,0.909962893954803));
#10019=CARTESIAN_POINT('Ctrl Pts',(-79.5999998046349,-231.462857917229,
-0.00557692780232512));
#10020=CARTESIAN_POINT('Ctrl Pts',(-79.5999998046349,-230.565260016204,
-0.00557692780232111));
#10021=CARTESIAN_POINT('Ctrl Pts',(-79.5999356220294,-230.565260016204,
-0.921661118362084));
#10022=CARTESIAN_POINT('Ctrl Pts',(-79.073782260831,-230.565260016203,-2.77775343957603));
#10023=CARTESIAN_POINT('Ctrl Pts',(-76.5243691289215,-230.565260016204,
-5.45772317110644));
#10024=CARTESIAN_POINT('Ctrl Pts',(-72.8012715586782,-230.565260016204,
-7.57034087943442));
#10025=CARTESIAN_POINT('Ctrl Pts',(-67.0932073128813,-230.565260016204,
-9.60924205558129));
#10026=CARTESIAN_POINT('Ctrl Pts',(-59.2835442343412,-230.565260016203,
-10.9195578960542));
#10027=CARTESIAN_POINT('Ctrl Pts',(-50.7708398343851,-230.565260016204,
-10.920562828743));
#10028=CARTESIAN_POINT('Ctrl Pts',(-43.4723950706386,-230.565260016203,
-9.89327638881109));
#10029=CARTESIAN_POINT('Ctrl Pts',(-37.5263063056437,-230.565260016204,
-8.21237617109434));
#10030=CARTESIAN_POINT('Ctrl Pts',(-33.2006920664475,-230.565260016203,
-5.97424011241206));
#10031=CARTESIAN_POINT('Ctrl Pts',(-30.7456005119898,-230.565260016203,
-3.67899317615624));
#10032=CARTESIAN_POINT('Ctrl Pts',(-29.6350432899815,-230.565260016203,
-1.83512600696299));
#10033=CARTESIAN_POINT('Ctrl Pts',(-29.2827093513571,-230.565260016203,
-0.000787931604746312));
#10034=CARTESIAN_POINT('Ctrl Pts',(-29.6364322188051,-230.565260016203,
1.83303924972344));
#10035=CARTESIAN_POINT('Ctrl Pts',(-30.7484183764333,-230.565260016203,
3.67676775611259));
#10036=CARTESIAN_POINT('Ctrl Pts',(-33.2068569381406,-230.565260016203,
5.97224837716324));
#10037=CARTESIAN_POINT('Ctrl Pts',(-37.5276028515524,-230.565260016203,
8.20764262412167));
#10038=CARTESIAN_POINT('Ctrl Pts',(-42.4840342833893,-230.565260016204,
9.60688263996853));
#10039=CARTESIAN_POINT('Ctrl Pts',(-46.6062563989449,-230.565260016203,
10.32849034899));
#10040=CARTESIAN_POINT('Ctrl Pts',(-50.7928902592033,-230.565260016204,
10.7965035449792));
#10041=CARTESIAN_POINT('Ctrl Pts',(-56.100153829863,-230.565260016203,10.9391859780578));
#10042=CARTESIAN_POINT('Ctrl Pts',(-62.4236338765336,-230.565260016204,
10.4193683644279));
#10043=CARTESIAN_POINT('Ctrl Pts',(-68.0460211579458,-230.565260016203,
9.26137996400187));
#10044=CARTESIAN_POINT('Ctrl Pts',(-72.803933815628,-230.565260016203,7.5586026134889));
#10045=CARTESIAN_POINT('Ctrl Pts',(-76.5250590114818,-230.565260016204,
5.44721040235403));
#10046=CARTESIAN_POINT('Ctrl Pts',(-79.0744152005464,-230.565260016204,
2.76621443422811));
#10047=CARTESIAN_POINT('Ctrl Pts',(-79.6000639872405,-230.565260016204,
0.910507262757397));
#10048=CARTESIAN_POINT('Ctrl Pts',(-79.5999998046349,-230.565260016204,
-0.00557692780232506));
#10049=CARTESIAN_POINT('',(-34.6671349685219,-234.565260016203,11.1206292336678));
#10050=CARTESIAN_POINT('',(-74.3344234538012,-234.565260016203,11.1178500485899));
#10051=CARTESIAN_POINT('Ctrl Pts',(-34.6671349702808,-234.565260016203,
11.120629234067));
#10052=CARTESIAN_POINT('Ctrl Pts',(-36.3297085261278,-234.565260016203,
11.1205127509927));
#10053=CARTESIAN_POINT('Ctrl Pts',(-38.4340992783199,-234.388061961005,
11.2975633689965));
#10054=CARTESIAN_POINT('Ctrl Pts',(-43.3102762200552,-233.989000609094,
11.6962830876306));
#10055=CARTESIAN_POINT('Ctrl Pts',(-46.0299885654637,-233.77044435374,11.9146487952867));
#10056=CARTESIAN_POINT('Ctrl Pts',(-50.1197693676611,-233.599456599705,
12.0853500118981));
#10057=CARTESIAN_POINT('Ctrl Pts',(-51.1090332721642,-233.568884196531,
12.1158531054291));
#10058=CARTESIAN_POINT('Ctrl Pts',(-52.6986083021346,-233.538512814531,
12.1461131188454));
#10059=CARTESIAN_POINT('Ctrl Pts',(-53.2934498751169,-233.531337413491,
12.1532468441696));
#10060=CARTESIAN_POINT('Ctrl Pts',(-54.4121335531989,-233.525855201373,
12.1586506791897));
#10061=CARTESIAN_POINT('Ctrl Pts',(-54.934673950689,-233.526579124097,12.157890146284));
#10062=CARTESIAN_POINT('Ctrl Pts',(-56.0986198882452,-233.535496129905,
12.148891592182));
#10063=CARTESIAN_POINT('Ctrl Pts',(-56.7384958889786,-233.545322955413,
12.1390199356992));
#10064=CARTESIAN_POINT('Ctrl Pts',(-58.5678714436386,-233.587176188784,
12.0970385326856));
#10065=CARTESIAN_POINT('Ctrl Pts',(-59.7474388728951,-233.630708494426,
12.0534235842123));
#10066=CARTESIAN_POINT('Ctrl Pts',(-62.3495853815706,-233.759153950971,
11.9247958160049));
#10067=CARTESIAN_POINT('Ctrl Pts',(-63.7238038745409,-233.847553536206,
11.8362999501851));
#10068=CARTESIAN_POINT('Ctrl Pts',(-69.0139837300838,-234.239446604014,
11.4440362413246));
#10069=CARTESIAN_POINT('Ctrl Pts',(-72.0799766532122,-234.565260016203,
11.1180080190235));
#10070=CARTESIAN_POINT('Ctrl Pts',(-74.3344233675157,-234.565260016203,
11.117850068187));
#10071=CARTESIAN_POINT('',(-83.5999997948176,-234.565260016203,-0.00585717543057918));
#10072=CARTESIAN_POINT('Ctrl Pts',(-74.3333496425305,-234.565260016203,
11.1167561540529));
#10073=CARTESIAN_POINT('Ctrl Pts',(-74.3453296997479,-234.565260016203,
11.1113180830056));
#10074=CARTESIAN_POINT('Ctrl Pts',(-75.9021730471129,-234.565260016203,
10.403382288791));
#10075=CARTESIAN_POINT('Ctrl Pts',(-78.8808842979772,-234.565260016203,
8.72619725465714));
#10076=CARTESIAN_POINT('Ctrl Pts',(-82.5389087434314,-234.565260016203,
5.05180116668748));
#10077=CARTESIAN_POINT('Ctrl Pts',(-83.6001187157578,-234.565260016203,
1.6915122641864));
#10078=CARTESIAN_POINT('Ctrl Pts',(-83.5999997948176,-234.565260016203,
-0.00585717543058112));
#10079=CARTESIAN_POINT('',(-79.5999998046349,-230.565260016204,-0.00557692780232329));
#10080=CARTESIAN_POINT('Origin',(-83.5999997948176,-230.565260016204,-0.0058571754305789));
#10081=CARTESIAN_POINT('',(-29.4003852327858,-230.565260016203,-0.00175815947226176));
#10082=CARTESIAN_POINT('Ctrl Pts',(-79.5999998046349,-230.565260016204,
-0.00557692780232506));
#10083=CARTESIAN_POINT('Ctrl Pts',(-79.6000639872405,-230.565260016204,
0.910507262757397));
#10084=CARTESIAN_POINT('Ctrl Pts',(-79.0744152005464,-230.565260016204,
2.76621443422811));
#10085=CARTESIAN_POINT('Ctrl Pts',(-76.5250590114818,-230.565260016204,
5.44721040235403));
#10086=CARTESIAN_POINT('Ctrl Pts',(-72.803933815628,-230.565260016203,7.5586026134889));
#10087=CARTESIAN_POINT('Ctrl Pts',(-68.0460211579458,-230.565260016203,
9.26137996400187));
#10088=CARTESIAN_POINT('Ctrl Pts',(-62.4236338765336,-230.565260016204,
10.4193683644279));
#10089=CARTESIAN_POINT('Ctrl Pts',(-56.100153829863,-230.565260016203,10.9391859780578));
#10090=CARTESIAN_POINT('Ctrl Pts',(-50.7928902592033,-230.565260016204,
10.7965035449792));
#10091=CARTESIAN_POINT('Ctrl Pts',(-46.6062563989449,-230.565260016203,
10.32849034899));
#10092=CARTESIAN_POINT('Ctrl Pts',(-42.4840342833893,-230.565260016204,
9.60688263996853));
#10093=CARTESIAN_POINT('Ctrl Pts',(-37.5276028515524,-230.565260016203,
8.20764262412167));
#10094=CARTESIAN_POINT('Ctrl Pts',(-33.2068569381406,-230.565260016203,
5.97224837716324));
#10095=CARTESIAN_POINT('Ctrl Pts',(-30.7484183764333,-230.565260016203,
3.67676775611259));
#10096=CARTESIAN_POINT('Ctrl Pts',(-29.6364322188051,-230.565260016203,
1.83303924972344));
#10097=CARTESIAN_POINT('Ctrl Pts',(-29.4005600748017,-230.565260016203,
0.610192810327647));
#10098=CARTESIAN_POINT('Ctrl Pts',(-29.4003852896867,-230.565260016203,
-0.0014631331648178));
#10099=CARTESIAN_POINT('Ctrl Pts',(-29.4003852327858,-230.565260016203,
-0.00175815947226134));
#10100=CARTESIAN_POINT('Ctrl Pts',(-29.4003852327858,-230.565260016203,
-0.00175815947226134));
#10101=CARTESIAN_POINT('Ctrl Pts',(-29.4002673782305,-230.565260016203,
-0.612824091810471));
#10102=CARTESIAN_POINT('Ctrl Pts',(-29.6352219316343,-230.565260016203,
-1.8354226071491));
#10103=CARTESIAN_POINT('Ctrl Pts',(-30.7456005119898,-230.565260016203,
-3.67899317615624));
#10104=CARTESIAN_POINT('Ctrl Pts',(-33.2006920664475,-230.565260016203,
-5.97424011241206));
#10105=CARTESIAN_POINT('Ctrl Pts',(-37.5263063056437,-230.565260016204,
-8.21237617109434));
#10106=CARTESIAN_POINT('Ctrl Pts',(-43.4723950706386,-230.565260016203,
-9.89327638881109));
#10107=CARTESIAN_POINT('Ctrl Pts',(-50.7708398343851,-230.565260016204,
-10.920562828743));
#10108=CARTESIAN_POINT('Ctrl Pts',(-59.2835442343412,-230.565260016203,
-10.9195578960542));
#10109=CARTESIAN_POINT('Ctrl Pts',(-67.0932073128813,-230.565260016204,
-9.60924205558129));
#10110=CARTESIAN_POINT('Ctrl Pts',(-72.8012715586782,-230.565260016204,
-7.57034087943442));
#10111=CARTESIAN_POINT('Ctrl Pts',(-76.5243691289215,-230.565260016204,
-5.45772317110644));
#10112=CARTESIAN_POINT('Ctrl Pts',(-79.073782260831,-230.565260016203,-2.77775343957603));
#10113=CARTESIAN_POINT('Ctrl Pts',(-79.5999356220294,-230.565260016204,
-0.921661118362084));
#10114=CARTESIAN_POINT('Ctrl Pts',(-79.5999998046349,-230.565260016204,
-0.00557692780232111));
#10115=CARTESIAN_POINT('',(-74.3909284837055,-234.565260016203,-11.1018280059142));
#10116=CARTESIAN_POINT('Ctrl Pts',(-83.5999997948176,-234.565260016203,
-0.00585717543057918));
#10117=CARTESIAN_POINT('Ctrl Pts',(-83.5998808738774,-234.565260016203,
-1.70322661504756));
#10118=CARTESIAN_POINT('Ctrl Pts',(-82.5376228528674,-234.565260016203,
-5.06408682849879));
#10119=CARTESIAN_POINT('Ctrl Pts',(-78.8861766813256,-234.565260016203,
-8.73049732366298));
#10120=CARTESIAN_POINT('Ctrl Pts',(-75.925622559815,-234.565260016204,-10.4002425911445));
#10121=CARTESIAN_POINT('Ctrl Pts',(-74.3897276622111,-234.565260016204,
-11.1009573391858));
#10122=CARTESIAN_POINT('',(-34.6075163582901,-234.565260016203,-11.0990407063944));
#10123=CARTESIAN_POINT('Ctrl Pts',(-74.3909284739595,-234.565260016203,
-11.1018280081392));
#10124=CARTESIAN_POINT('Ctrl Pts',(-72.7328735544761,-234.565260016203,
-11.1017118416492));
#10125=CARTESIAN_POINT('Ctrl Pts',(-70.6342207955284,-234.387329809862,
-11.2794950128123));
#10126=CARTESIAN_POINT('Ctrl Pts',(-67.6914057281309,-234.144207962111,
-11.5224106819236));
#10127=CARTESIAN_POINT('Ctrl Pts',(-67.3129094458586,-234.113058902015,
-11.5535332239249));
#10128=CARTESIAN_POINT('Ctrl Pts',(-64.1926010320814,-233.860863497859,
-11.8055100139409));
#10129=CARTESIAN_POINT('Ctrl Pts',(-62.0459398754487,-233.714513997021,
-11.9517091159636));
#10130=CARTESIAN_POINT('Ctrl Pts',(-58.6019951962349,-233.578253709876,
-12.0877281141104));
#10131=CARTESIAN_POINT('Ctrl Pts',(-57.6684560571829,-233.551091963665,
-12.1148244548552));
#10132=CARTESIAN_POINT('Ctrl Pts',(-56.1488049374085,-233.523903590761,
-12.1419063581701));
#10133=CARTESIAN_POINT('Ctrl Pts',(-55.5671882236511,-233.517533727551,
-12.1482354722195));
#10134=CARTESIAN_POINT('Ctrl Pts',(-54.4595998569821,-233.513201617802,
-12.152489982226));
#10135=CARTESIAN_POINT('Ctrl Pts',(-53.9348676999574,-233.514480073011,
-12.1511747632788));
#10136=CARTESIAN_POINT('Ctrl Pts',(-52.7479888641351,-233.524884100245,
-12.1406875810242));
#10137=CARTESIAN_POINT('Ctrl Pts',(-52.0874838814432,-233.535945693179,
-12.1295797117986));
#10138=CARTESIAN_POINT('Ctrl Pts',(-50.1458272696471,-233.583566661456,
-12.0818227072391));
#10139=CARTESIAN_POINT('Ctrl Pts',(-48.8774286131208,-233.633893353689,
-12.0314071484788));
#10140=CARTESIAN_POINT('Ctrl Pts',(-46.0573792436252,-233.782964641977,
-11.8821382817883));
#10141=CARTESIAN_POINT('Ctrl Pts',(-44.5853572744322,-233.884410242377,
-11.7805895484728));
#10142=CARTESIAN_POINT('Ctrl Pts',(-39.515273249647,-234.279691828114,-11.384952742009));
#10143=CARTESIAN_POINT('Ctrl Pts',(-36.7079986097985,-234.565260016203,
-11.0991878702027));
#10144=CARTESIAN_POINT('Ctrl Pts',(-34.6075163583589,-234.565260016203,
-11.0990407064101));
#10145=CARTESIAN_POINT('Ctrl Pts',(-34.6056162859533,-234.565260016203,
-11.0998722591361));
#10146=CARTESIAN_POINT('Ctrl Pts',(-33.0659041113677,-234.565260016203,
-10.3990878297381));
#10147=CARTESIAN_POINT('Ctrl Pts',(-30.6018768478712,-234.565260016203,
-9.00390640002272));
#10148=CARTESIAN_POINT('Ctrl Pts',(-27.6709221758346,-234.565260016203,
-6.31109429747531));
#10149=CARTESIAN_POINT('Ctrl Pts',(-25.8566862489149,-234.565260016203,
-3.39266267907031));
#10150=CARTESIAN_POINT('Ctrl Pts',(-25.1719003121763,-234.565260016203,
-0.000284762433453792));
#10151=CARTESIAN_POINT('Ctrl Pts',(-25.8570944269557,-234.565260016203,
3.39281450955283));
#10152=CARTESIAN_POINT('Ctrl Pts',(-27.673071579472,-234.565260016203,6.30923706629397));
#10153=CARTESIAN_POINT('Ctrl Pts',(-30.622032799513,-234.565260016203,9.01422088811545));
#10154=CARTESIAN_POINT('Ctrl Pts',(-33.105016078446,-234.565260016203,10.4155567315415));
#10155=CARTESIAN_POINT('Ctrl Pts',(-34.6638326909749,-234.565260016203,
11.1212983900596));
#10156=CARTESIAN_POINT('Origin',(-147.063959914809,-233.565260016204,12.1127545005984));
#10157=CARTESIAN_POINT('',(-29.400779230502,-234.565260016203,11.1209982049943));
#10158=CARTESIAN_POINT('',(-147.063889852902,-234.565260016203,11.1127545030527));
#10159=CARTESIAN_POINT('',(-29.4009193543162,-232.565260016204,13.1209982000856));
#10160=CARTESIAN_POINT('',(-29.4008492924091,-233.565260016203,12.1209982025399));
#10161=CARTESIAN_POINT('',(-79.6009192311086,-232.565260016204,13.117481092351));
#10162=CARTESIAN_POINT('',(-147.064029976716,-232.565260016204,13.112754498144));
#10163=CARTESIAN_POINT('',(-79.6007791072944,-234.565260016203,11.1174810972596));
#10164=CARTESIAN_POINT('',(-79.6009020219782,-232.810887505448,12.8718536037092));
#10165=CARTESIAN_POINT('',(-147.063889852902,-234.565260016203,11.1127545030527));
#10166=CARTESIAN_POINT('Origin',(-214.525031296466,-234.565260016203,-16.9999999987226));
#10167=CARTESIAN_POINT('',(-29.3992224777629,-234.565260016203,-11.0986758034074));
#10168=CARTESIAN_POINT('',(-121.962333161767,-234.565260016203,-11.1051609514814));
#10169=CARTESIAN_POINT('',(-29.3990013624835,-234.565260016203,-14.2546743782716));
#10170=CARTESIAN_POINT('',(-29.3989056454708,-234.565260016203,-15.6208520404231));
#10171=CARTESIAN_POINT('',(-29.4009988025532,-234.565260016203,14.2549701418135));
#10172=CARTESIAN_POINT('Ctrl Pts',(-29.3990013624835,-234.565260016204,
-14.2546743782716));
#10173=CARTESIAN_POINT('Ctrl Pts',(-28.6412098966214,-234.565260016204,
-14.1424619068153));
#10174=CARTESIAN_POINT('Ctrl Pts',(-27.8900106105444,-234.565260016204,
-14.0252050137398));
#10175=CARTESIAN_POINT('Ctrl Pts',(-27.1458589135817,-234.565260016204,
-13.9027130370582));
#10176=CARTESIAN_POINT('Ctrl Pts',(-26.4130319850149,-234.565260016204,
-13.7820851873711));
#10177=CARTESIAN_POINT('Ctrl Pts',(-25.6870397759578,-234.565260016204,
-13.6563804751144));
#10178=CARTESIAN_POINT('Ctrl Pts',(-24.9683614576717,-234.565260016204,
-13.5253877132531));
#10179=CARTESIAN_POINT('Ctrl Pts',(-24.2476045560217,-234.565260016204,
-13.3940160901285));
#10180=CARTESIAN_POINT('Ctrl Pts',(-23.5342033701342,-234.565260016204,
-13.2573240689141));
#10181=CARTESIAN_POINT('Ctrl Pts',(-22.8286903370592,-234.565260016204,
-13.1150834531519));
#10182=CARTESIAN_POINT('Ctrl Pts',(-22.2003864585225,-234.565260016204,
-12.9884092084829));
#10183=CARTESIAN_POINT('Ctrl Pts',(-21.5783387617847,-234.565260016204,
-12.8573353308779));
#10184=CARTESIAN_POINT('Ctrl Pts',(-20.9629602182213,-234.565260016204,
-12.721692030852));
#10185=CARTESIAN_POINT('Ctrl Pts',(-20.3693578615718,-234.565260016204,
-12.5908486932004));
#10186=CARTESIAN_POINT('Ctrl Pts',(-19.7819610008539,-234.565260016204,
-12.4557538904738));
#10187=CARTESIAN_POINT('Ctrl Pts',(-19.2011835035701,-234.565260016204,
-12.31622715679));
#10188=CARTESIAN_POINT('Ctrl Pts',(-18.6212776895407,-234.565260016204,
-12.1769098374135));
#10189=CARTESIAN_POINT('Ctrl Pts',(-18.0479708264304,-234.565260016204,
-12.0331726812799));
#10190=CARTESIAN_POINT('Ctrl Pts',(-17.4817208579383,-234.565260016204,
-11.884813000697));
#10191=CARTESIAN_POINT('Ctrl Pts',(-16.9402835025086,-234.565260016204,
-11.7429543206495));
#10192=CARTESIAN_POINT('Ctrl Pts',(-16.4052984224567,-234.565260016204,
-11.5968693022248));
#10193=CARTESIAN_POINT('Ctrl Pts',(-15.8772091919233,-234.565260016204,
-11.4463690084574));
#10194=CARTESIAN_POINT('Ctrl Pts',(-15.3974600352096,-234.565260016204,
-11.3096451655055));
#10195=CARTESIAN_POINT('Ctrl Pts',(-14.9234014507605,-234.565260016204,
-11.1692785135837));
#10196=CARTESIAN_POINT('Ctrl Pts',(-14.4554074246084,-234.565260016204,
-11.0251063511385));
#10197=CARTESIAN_POINT('Ctrl Pts',(-13.9989685826519,-234.565260016204,
-10.8844939262111));
#10198=CARTESIAN_POINT('Ctrl Pts',(-13.5482985678782,-234.565260016204,
-10.7402614439696));
#10199=CARTESIAN_POINT('Ctrl Pts',(-13.1037859441481,-234.565260016204,
-10.5922339353768));
#10200=CARTESIAN_POINT('Ctrl Pts',(-12.6704047722944,-234.565260016204,
-10.4479133205826));
#10201=CARTESIAN_POINT('Ctrl Pts',(-12.2428760139665,-234.565260016204,
-10.299985039791));
#10202=CARTESIAN_POINT('Ctrl Pts',(-11.8216071640553,-234.565260016204,
-10.1482690060809));
#10203=CARTESIAN_POINT('Ctrl Pts',(-11.4284329573968,-234.565260016204,
-10.0066709952051));
#10204=CARTESIAN_POINT('Ctrl Pts',(-11.0407117299187,-234.565260016204,
-9.86177364296159));
#10205=CARTESIAN_POINT('Ctrl Pts',(-10.6588145339989,-234.565260016204,
-9.71341671628705));
#10206=CARTESIAN_POINT('Ctrl Pts',(-10.2897237473827,-234.565260016204,
-9.57003473979891));
#10207=CARTESIAN_POINT('Ctrl Pts',(-9.9260726300039,-234.565260016204,-9.42342161631941));
#10208=CARTESIAN_POINT('Ctrl Pts',(-9.5682422568422,-234.565260016204,-9.27341225012274));
#10209=CARTESIAN_POINT('Ctrl Pts',(-9.23155217732959,-234.565260016204,
-9.13226530111971));
#10210=CARTESIAN_POINT('Ctrl Pts',(-8.90001552703107,-234.565260016204,
-8.9881113830712));
#10211=CARTESIAN_POINT('Ctrl Pts',(-8.57398900415946,-234.565260016204,
-8.84079544112901));
#10212=CARTESIAN_POINT('Ctrl Pts',(-8.25773621782225,-234.565260016204,
-8.69789578774881));
#10213=CARTESIAN_POINT('Ctrl Pts',(-7.94666767473596,-234.565260016204,
-8.55202081511316));
#10214=CARTESIAN_POINT('Ctrl Pts',(-7.64115660129825,-234.565260016204,
-8.40301287571657));
#10215=CARTESIAN_POINT('Ctrl Pts',(-7.35076126466702,-234.565260016204,
-8.26137738527462));
#10216=CARTESIAN_POINT('Ctrl Pts',(-7.06538734144131,-234.565260016203,
-8.11691116690356));
#10217=CARTESIAN_POINT('Ctrl Pts',(-6.7853971825644,-234.565260016203,-7.96946537540238));
#10218=CARTESIAN_POINT('Ctrl Pts',(-6.51593443287274,-234.565260016203,
-7.82756342939206));
#10219=CARTESIAN_POINT('Ctrl Pts',(-6.25145751339511,-234.565260016204,
-7.68290174457613));
#10220=CARTESIAN_POINT('Ctrl Pts',(-5.99233685571066,-234.565260016204,
-7.5353353801285));
#10221=CARTESIAN_POINT('Ctrl Pts',(-5.74201374302959,-234.565260016204,
-7.3927791207949));
#10222=CARTESIAN_POINT('Ctrl Pts',(-5.4966896222288,-234.565260016204,-7.24751200635923));
#10223=CARTESIAN_POINT('Ctrl Pts',(-5.25674335661046,-234.565260016204,
-7.09939245963397));
#10224=CARTESIAN_POINT('Ctrl Pts',(-5.02983878155196,-234.565260016204,
-6.95932358745985));
#10225=CARTESIAN_POINT('Ctrl Pts',(-4.80774234473635,-234.565260016204,
-6.81670371013511));
#10226=CARTESIAN_POINT('Ctrl Pts',(-4.5908196077826,-234.565260016204,-6.67140518013252));
#10227=CARTESIAN_POINT('Ctrl Pts',(-4.37606246961916,-234.565260016204,
-6.52755720494603));
#10228=CARTESIAN_POINT('Ctrl Pts',(-4.16637632988553,-234.565260016204,
-6.38108378231517));
#10229=CARTESIAN_POINT('Ctrl Pts',(-3.96216579485984,-234.565260016204,
-6.23185436433988));
#10230=CARTESIAN_POINT('Ctrl Pts',(-3.77069944715918,-234.565260016204,
-6.09193792160773));
#10231=CARTESIAN_POINT('Ctrl Pts',(-3.58404623266026,-234.565260016204,
-5.9495978449257));
#10232=CARTESIAN_POINT('Ctrl Pts',(-3.40258261577734,-234.565260016204,
-5.8047246945367));
#10233=CARTESIAN_POINT('Ctrl Pts',(-3.22216100266228,-234.565260016204,
-5.66068343745589));
#10234=CARTESIAN_POINT('Ctrl Pts',(-3.04686952566826,-234.565260016204,
-5.51413803745839));
#10235=CARTESIAN_POINT('Ctrl Pts',(-2.87712936363792,-234.565260016204,
-5.36498996819106));
#10236=CARTESIAN_POINT('Ctrl Pts',(-2.7117716335523,-234.565260016204,-5.21969267445871));
#10237=CARTESIAN_POINT('Ctrl Pts',(-2.55168242186126,-234.565260016204,
-5.07192529950899));
#10238=CARTESIAN_POINT('Ctrl Pts',(-2.39729808955631,-234.565260016204,
-4.92160559320713));
#10239=CARTESIAN_POINT('Ctrl Pts',(-2.24501852706961,-234.565260016204,
-4.77333524240779));
#10240=CARTESIAN_POINT('Ctrl Pts',(-2.09828921504304,-234.565260016204,
-4.62258119022628));
#10241=CARTESIAN_POINT('Ctrl Pts',(-1.95757697595179,-234.565260016204,
-4.46928110688386));
#10242=CARTESIAN_POINT('Ctrl Pts',(-1.82125211705123,-234.565260016204,
-4.32076089026259));
#10243=CARTESIAN_POINT('Ctrl Pts',(-1.69057519232928,-234.565260016204,
-4.16985102593347));
#10244=CARTESIAN_POINT('Ctrl Pts',(-1.56601430933826,-234.565260016204,
-4.01651145373133));
#10245=CARTESIAN_POINT('Ctrl Pts',(-1.45549634601597,-234.565260016204,
-3.88045929345793));
#10246=CARTESIAN_POINT('Ctrl Pts',(-1.34979493831646,-234.565260016204,
-3.74249126065452));
#10247=CARTESIAN_POINT('Ctrl Pts',(-1.24925855637769,-234.565260016204,
-3.6026088634704));
#10248=CARTESIAN_POINT('Ctrl Pts',(-1.14808344420953,-234.565260016204,
-3.46183776197927));
#10249=CARTESIAN_POINT('Ctrl Pts',(-1.05213918297245,-234.565260016204,
-3.31912783854289));
#10250=CARTESIAN_POINT('Ctrl Pts',(-0.961793052952815,-234.565260016204,
-3.17453257780959));
#10251=CARTESIAN_POINT('Ctrl Pts',(-0.862108677959364,-234.565260016204,
-3.01499184053526));
#10252=CARTESIAN_POINT('Ctrl Pts',(-0.769240328292716,-234.565260016204,
-2.85315552895291));
#10253=CARTESIAN_POINT('Ctrl Pts',(-0.683694726009742,-234.565260016204,
-2.68916636057695));
#10254=CARTESIAN_POINT('Ctrl Pts',(-0.599780095244878,-234.565260016204,
-2.52830373121366));
#10255=CARTESIAN_POINT('Ctrl Pts',(-0.522913849336043,-234.565260016204,
-2.36537133456592));
#10256=CARTESIAN_POINT('Ctrl Pts',(-0.453538271227201,-234.565260016204,
-2.20053795617078));
#10257=CARTESIAN_POINT('Ctrl Pts',(-0.397565024745073,-234.565260016204,
-2.0675479390942));
#10258=CARTESIAN_POINT('Ctrl Pts',(-0.3464669919985,-234.565260016204,-1.93332099915686));
#10259=CARTESIAN_POINT('Ctrl Pts',(-0.300455460633232,-234.565260016204,
-1.79795885191822));
#10260=CARTESIAN_POINT('Ctrl Pts',(-0.261652405199706,-234.565260016204,
-1.68380344897793));
#10261=CARTESIAN_POINT('Ctrl Pts',(-0.226468341829386,-234.565260016204,
-1.56883803980498));
#10262=CARTESIAN_POINT('Ctrl Pts',(-0.195011094841546,-234.565260016204,
-1.45314401176547));
#10263=CARTESIAN_POINT('Ctrl Pts',(-0.163755646297347,-234.565260016204,
-1.33819216166689));
#10264=CARTESIAN_POINT('Ctrl Pts',(-0.136179331563299,-234.565260016204,
-1.22252103483086));
#10265=CARTESIAN_POINT('Ctrl Pts',(-0.112356572925465,-234.565260016204,
-1.1062522330971));
#10266=CARTESIAN_POINT('Ctrl Pts',(-0.0885338142875821,-234.565260016204,
-0.989983431363104));
#10267=CARTESIAN_POINT('Ctrl Pts',(-0.0684646117459313,-234.565260016204,
-0.873116954731396));
#10268=CARTESIAN_POINT('Ctrl Pts',(-0.0521921084649043,-234.565260016204,
-0.755816106200353));
#10269=CARTESIAN_POINT('Ctrl Pts',(-0.0306255975119025,-234.565260016204,
-0.600353237891042));
#10270=CARTESIAN_POINT('Ctrl Pts',(-0.0157281467833233,-234.565260016204,
-0.444128683716419));
#10271=CARTESIAN_POINT('Ctrl Pts',(-0.0075287052332278,-234.565260016204,
-0.287612231154463));
#10272=CARTESIAN_POINT('Ctrl Pts',(0.00246842443069249,-234.565260016204,
-0.0967802993407051));
#10273=CARTESIAN_POINT('Ctrl Pts',(0.00250834758679674,-234.565260016204,
0.0944834391876685));
#10274=CARTESIAN_POINT('Ctrl Pts',(-0.00740904017698048,-234.565260016204,
0.285318816790773));
#10275=CARTESIAN_POINT('Ctrl Pts',(-0.0141577252959583,-234.565260016204,
0.415180419833918));
#10276=CARTESIAN_POINT('Ctrl Pts',(-0.0255163320611061,-234.565260016204,
0.544843485613319));
#10277=CARTESIAN_POINT('Ctrl Pts',(-0.0414707697391558,-234.565260016204,
0.674037531863751));
#10278=CARTESIAN_POINT('Ctrl Pts',(-0.0559799561062963,-234.565260016204,
0.791528385029417));
#10279=CARTESIAN_POINT('Ctrl Pts',(-0.0742913848287242,-234.565260016204,
0.908628750643843));
#10280=CARTESIAN_POINT('Ctrl Pts',(-0.0963691757040941,-234.565260016204,
1.02516564276524));
#10281=CARTESIAN_POINT('Ctrl Pts',(-0.119529665580885,-234.565260016204,
1.14741752591273));
#10282=CARTESIAN_POINT('Ctrl Pts',(-0.14683526994088,-234.565260016204,
1.26904893047065));
#10283=CARTESIAN_POINT('Ctrl Pts',(-0.178207571051363,-234.565260016204,
1.38990947473216));
#10284=CARTESIAN_POINT('Ctrl Pts',(-0.208168898636761,-234.565260016204,
1.50533429951681));
#10285=CARTESIAN_POINT('Ctrl Pts',(-0.241839095292479,-234.565260016204,
1.62005638134379));
#10286=CARTESIAN_POINT('Ctrl Pts',(-0.2791176006722,-234.565260016204,1.7339877313756));
#10287=CARTESIAN_POINT('Ctrl Pts',(-0.334024429018356,-234.565260016204,
1.90179513179904));
#10288=CARTESIAN_POINT('Ctrl Pts',(-0.396757096795825,-234.565260016203,
2.0678923101303));
#10289=CARTESIAN_POINT('Ctrl Pts',(-0.466917595154102,-234.565260016203,
2.23208611528686));
#10290=CARTESIAN_POINT('Ctrl Pts',(-0.53724747081215,-234.565260016203,
2.39667630735639));
#10291=CARTESIAN_POINT('Ctrl Pts',(-0.615041099132411,-234.565260016204,
2.55935391834195));
#10292=CARTESIAN_POINT('Ctrl Pts',(-0.699853371683361,-234.565260016204,
2.71995192143702));
#10293=CARTESIAN_POINT('Ctrl Pts',(-0.780572240691839,-234.565260016204,
2.87279877702701));
#10294=CARTESIAN_POINT('Ctrl Pts',(-0.867646169355232,-234.565260016204,
3.02376058865131));
#10295=CARTESIAN_POINT('Ctrl Pts',(-0.960662403483061,-234.565260016204,
3.17272245350337));
#10296=CARTESIAN_POINT('Ctrl Pts',(-1.05037095292105,-234.565260016204,
3.31638719055445));
#10297=CARTESIAN_POINT('Ctrl Pts',(-1.14560616450414,-234.565260016203,
3.45819156582705));
#10298=CARTESIAN_POINT('Ctrl Pts',(-1.24600783166706,-234.565260016203,
3.5980827573141));
#10299=CARTESIAN_POINT('Ctrl Pts',(-1.35014913514551,-234.565260016203,
3.74318444176097));
#10300=CARTESIAN_POINT('Ctrl Pts',(-1.45984884712565,-234.565260016204,
3.88622742699178));
#10301=CARTESIAN_POINT('Ctrl Pts',(-1.57471846644086,-234.565260016204,
4.02721045951185));
#10302=CARTESIAN_POINT('Ctrl Pts',(-1.70358177967445,-234.565260016204,
4.18536838489332));
#10303=CARTESIAN_POINT('Ctrl Pts',(-1.83894876575685,-234.565260016204,
4.34093839393555));
#10304=CARTESIAN_POINT('Ctrl Pts',(-1.98030650865018,-234.565260016204,
4.49396524833356));
#10305=CARTESIAN_POINT('Ctrl Pts',(-2.12166425154407,-234.565260016204,
4.64699210273218));
#10306=CARTESIAN_POINT('Ctrl Pts',(-2.26901275124893,-234.565260016203,
4.79747580248656));
#10307=CARTESIAN_POINT('Ctrl Pts',(-2.42188780204242,-234.565260016203,
4.94547967472324));
#10308=CARTESIAN_POINT('Ctrl Pts',(-2.58759535855921,-234.565260016203,
5.10590716041213));
#10309=CARTESIAN_POINT('Ctrl Pts',(-2.75979578982085,-234.565260016203,
5.26342157714216));
#10310=CARTESIAN_POINT('Ctrl Pts',(-2.93796082485316,-234.565260016203,
5.41812454446041));
#10311=CARTESIAN_POINT('Ctrl Pts',(-3.11055820254071,-234.565260016203,
5.56799304404997));
#10312=CARTESIAN_POINT('Ctrl Pts',(-3.28875354424193,-234.565260016204,
5.7152231867871));
#10313=CARTESIAN_POINT('Ctrl Pts',(-3.47212068939256,-234.565260016204,
5.85991736508838));
#10314=CARTESIAN_POINT('Ctrl Pts',(-3.66560134158659,-234.565260016204,
6.012592065692));
#10315=CARTESIAN_POINT('Ctrl Pts',(-3.86483980802012,-234.565260016204,
6.1624436012099));
#10316=CARTESIAN_POINT('Ctrl Pts',(-4.06939842676191,-234.565260016204,
6.30960264355062));
#10317=CARTESIAN_POINT('Ctrl Pts',(-4.27758380409394,-234.565260016204,
6.45937076843317));
#10318=CARTESIAN_POINT('Ctrl Pts',(-4.4912801244716,-234.565260016204,6.60635074055229));
#10319=CARTESIAN_POINT('Ctrl Pts',(-4.71007958733338,-234.565260016204,
6.75067586818814));
#10320=CARTESIAN_POINT('Ctrl Pts',(-4.93779001203258,-234.565260016204,
6.90087886996371));
#10321=CARTESIAN_POINT('Ctrl Pts',(-5.17102735276226,-234.565260016203,
7.04820643299694));
#10322=CARTESIAN_POINT('Ctrl Pts',(-5.40939126049238,-234.565260016203,
7.19280085216275));
#10323=CARTESIAN_POINT('Ctrl Pts',(-5.66010357382059,-234.565260016203,
7.34488596298605));
#10324=CARTESIAN_POINT('Ctrl Pts',(-5.91648848920806,-234.565260016204,
7.49394766580509));
#10325=CARTESIAN_POINT('Ctrl Pts',(-6.17813696782903,-234.565260016204,
7.64014027833011));
#10326=CARTESIAN_POINT('Ctrl Pts',(-6.44341392495176,-234.565260016204,
7.78836025502883));
#10327=CARTESIAN_POINT('Ctrl Pts',(-6.71410132405575,-234.565260016204,
7.93363104338267));
#10328=CARTESIAN_POINT('Ctrl Pts',(-6.98982603044898,-234.565260016204,
8.07610055957514));
#10329=CARTESIAN_POINT('Ctrl Pts',(-7.28709333205878,-234.565260016204,
8.22970133476207));
#10330=CARTESIAN_POINT('Ctrl Pts',(-7.59021687768489,-234.565260016204,
8.38004608414588));
#10331=CARTESIAN_POINT('Ctrl Pts',(-7.89878779720375,-234.565260016204,
8.52730397982323));
#10332=CARTESIAN_POINT('Ctrl Pts',(-8.20750365593968,-234.565260016204,
8.67463104418355));
#10333=CARTESIAN_POINT('Ctrl Pts',(-8.52167200331154,-234.565260016204,
8.81886835555132));
#10334=CARTESIAN_POINT('Ctrl Pts',(-8.84093305864796,-234.565260016204,
8.96016925602518));
#10335=CARTESIAN_POINT('Ctrl Pts',(-9.1950789702602,-234.565260016204,9.11690975215997));
#10336=CARTESIAN_POINT('Ctrl Pts',(-9.55549212997556,-234.565260016204,
9.27003732528358));
#10337=CARTESIAN_POINT('Ctrl Pts',(-9.9217430857905,-234.565260016204,9.41973876301967));
#10338=CARTESIAN_POINT('Ctrl Pts',(-10.2960752671504,-234.565260016204,
9.57274332137167));
#10339=CARTESIAN_POINT('Ctrl Pts',(-10.67650552237,-234.565260016204,9.72216897050711));
#10340=CARTESIAN_POINT('Ctrl Pts',(-11.0626292659186,-234.565260016204,
9.86819058733731));
#10341=CARTESIAN_POINT('Ctrl Pts',(-11.4759179625536,-234.565260016204,
10.0244852589513));
#10342=CARTESIAN_POINT('Ctrl Pts',(-11.895730492219,-234.565260016204,10.1768791306445));
#10343=CARTESIAN_POINT('Ctrl Pts',(-12.3216301279957,-234.565260016204,
10.3255621187068));
#10344=CARTESIAN_POINT('Ctrl Pts',(-12.7541151891152,-234.565260016204,
10.4765441007935));
#10345=CARTESIAN_POINT('Ctrl Pts',(-13.1928769253526,-234.565260016204,
10.6236995978308));
#10346=CARTESIAN_POINT('Ctrl Pts',(-13.6375100253118,-234.565260016204,
10.7672098672181));
#10347=CARTESIAN_POINT('Ctrl Pts',(-14.0982391790699,-234.565260016204,
10.9159153166695));
#10348=CARTESIAN_POINT('Ctrl Pts',(-14.5652733947208,-234.565260016204,
11.0607074411543));
#10349=CARTESIAN_POINT('Ctrl Pts',(-15.0382122945775,-234.565260016204,
11.2017644362857));
#10350=CARTESIAN_POINT('Ctrl Pts',(-15.5247519606732,-234.565260016204,
11.3468779453088));
#10351=CARTESIAN_POINT('Ctrl Pts',(-16.0175406420891,-234.565260016204,
11.4880384668003));
#10352=CARTESIAN_POINT('Ctrl Pts',(-16.5161918538891,-234.565260016204,
11.6254111110182));
#10353=CARTESIAN_POINT('Ctrl Pts',(-17.0746591017372,-234.565260016204,
11.779262381667));
#10354=CARTESIAN_POINT('Ctrl Pts',(-17.6404803196824,-234.565260016204,
11.9283610784597));
#10355=CARTESIAN_POINT('Ctrl Pts',(-18.2131675141238,-234.565260016204,
12.0729181830015));
#10356=CARTESIAN_POINT('Ctrl Pts',(-18.7871413437275,-234.565260016204,
12.2178000586495));
#10357=CARTESIAN_POINT('Ctrl Pts',(-19.3680122553514,-234.565260016204,
12.358120418415));
#10358=CARTESIAN_POINT('Ctrl Pts',(-19.9553390636926,-234.565260016204,
12.4940761273065));
#10359=CARTESIAN_POINT('Ctrl Pts',(-20.5430902162036,-234.565260016204,
12.6301300643252));
#10360=CARTESIAN_POINT('Ctrl Pts',(-21.1373067445098,-234.565260016204,
12.7618133640416));
#10361=CARTESIAN_POINT('Ctrl Pts',(-21.7375907712288,-234.565260016203,
12.8892950851165));
#10362=CARTESIAN_POINT('Ctrl Pts',(-22.4327855469182,-234.565260016203,
13.0369329074514));
#10363=CARTESIAN_POINT('Ctrl Pts',(-23.136118562834,-234.565260016204,13.1789331663805));
#10364=CARTESIAN_POINT('Ctrl Pts',(-23.8470351918686,-234.565260016204,
13.3155257948366));
#10365=CARTESIAN_POINT('Ctrl Pts',(-24.5620044352738,-234.565260016204,
13.4528970761283));
#10366=CARTESIAN_POINT('Ctrl Pts',(-25.2846440431459,-234.565260016204,
13.584799091352));
#10367=CARTESIAN_POINT('Ctrl Pts',(-26.0144418101455,-234.565260016204,
13.7114578966285));
#10368=CARTESIAN_POINT('Ctrl Pts',(-26.745881803015,-234.565260016204,13.8384017156117));
#10369=CARTESIAN_POINT('Ctrl Pts',(-27.4845125306028,-234.565260016204,
13.9600798439156));
#10370=CARTESIAN_POINT('Ctrl Pts',(-28.2298652870823,-234.565260016204,
14.0766939097703));
#10371=CARTESIAN_POINT('Ctrl Pts',(-28.618435971501,-234.565260016204,14.1374876842456));
#10372=CARTESIAN_POINT('Ctrl Pts',(-29.0088343577892,-234.565260016204,
14.1969045747792));
#10373=CARTESIAN_POINT('Ctrl Pts',(-29.4009988025532,-234.565260016204,
14.2549701418135));
#10374=CARTESIAN_POINT('',(-29.3998646413871,-234.565260016203,-1.93301575124427));
#10375=CARTESIAN_POINT('Origin',(-121.962263099859,-233.565260016204,-12.105160949027));
#10376=CARTESIAN_POINT('',(-79.5992223545553,-234.565260016203,-11.1021929111419));
#10377=CARTESIAN_POINT('',(-121.962333161767,-234.565260016203,-11.1051609514814));
#10378=CARTESIAN_POINT('',(-79.5990822307411,-232.565260016204,-13.1021929062332));
#10379=CARTESIAN_POINT('',(-79.5991522926482,-233.565260016203,-12.1021929086875));
#10380=CARTESIAN_POINT('',(-29.3990823539488,-232.565260016204,-13.0986757984987));
#10381=CARTESIAN_POINT('',(-121.962193037952,-232.565260016204,-13.1051609465727));
#10382=CARTESIAN_POINT('',(-29.3991321679895,-233.276260370551,-12.3876754458963));
#10383=CARTESIAN_POINT('Ctrl Pts',(-29.3999999278425,-230.565260016204,
-0.00205982006769222));
#10384=CARTESIAN_POINT('Ctrl Pts',(-29.4007600995342,-230.565260016204,
10.8479401533028));
#10385=CARTESIAN_POINT('Ctrl Pts',(-54.5007600379304,-230.565260016204,
10.8461815994355));
#10386=CARTESIAN_POINT('Ctrl Pts',(-79.6007599763266,-230.565260016204,
10.8444230455681));
#10387=CARTESIAN_POINT('Ctrl Pts',(-79.5999998046349,-230.565260016204,
-0.00557692780232314));
#10388=CARTESIAN_POINT('Ctrl Pts',(-79.5992396329433,-230.565260016204,
-10.8555769011728));
#10389=CARTESIAN_POINT('Ctrl Pts',(-54.4992396945471,-230.565260016204,
-10.8538183473055));
#10390=CARTESIAN_POINT('Ctrl Pts',(-29.3992397561509,-230.565260016204,
-10.8520597934382));
#10391=CARTESIAN_POINT('Ctrl Pts',(-29.3999999278425,-230.565260016204,
-0.00205982006769222));
#10392=CARTESIAN_POINT('Ctrl Pts',(-29.3999999278425,-208.615260016204,
-0.00205982006769222));
#10393=CARTESIAN_POINT('Ctrl Pts',(-29.4007600995342,-208.615260016204,
10.8479401533028));
#10394=CARTESIAN_POINT('Ctrl Pts',(-54.5007600379304,-208.615260016204,
10.8461815994355));
#10395=CARTESIAN_POINT('Ctrl Pts',(-79.6007599763266,-208.615260016204,
10.8444230455681));
#10396=CARTESIAN_POINT('Ctrl Pts',(-79.5999998046349,-208.615260016204,
-0.00557692780232314));
#10397=CARTESIAN_POINT('Ctrl Pts',(-79.5992396329433,-208.615260016204,
-10.8555769011728));
#10398=CARTESIAN_POINT('Ctrl Pts',(-54.4992396945471,-208.615260016204,
-10.8538183473055));
#10399=CARTESIAN_POINT('Ctrl Pts',(-29.3992397561509,-208.615260016204,
-10.8520597934382));
#10400=CARTESIAN_POINT('Ctrl Pts',(-29.3999999278425,-208.615260016204,
-0.00205982006769222));
#10401=CARTESIAN_POINT('',(-29.4000423951835,-208.615260016204,-0.00206149885043154));
#10402=CARTESIAN_POINT('',(-29.3999999278425,-234.565260016203,-0.00205982006769089));
#10403=CARTESIAN_POINT('',(-33.7909406359816,-208.615260016204,-6.13334459713989));
#10404=CARTESIAN_POINT('Ctrl Pts',(-29.4000378289158,-208.615260016204,
-0.00206131834062578));
#10405=CARTESIAN_POINT('Ctrl Pts',(-29.4000281039085,-208.615260016204,
-0.312327834196261));
#10406=CARTESIAN_POINT('Ctrl Pts',(-29.4922474781282,-208.615260016204,
-1.2431349344444));
#10407=CARTESIAN_POINT('Ctrl Pts',(-30.1070048861649,-208.615260016203,
-2.77737093546105));
#10408=CARTESIAN_POINT('Ctrl Pts',(-31.5613118734959,-208.615260016204,
-4.53698588035035));
#10409=CARTESIAN_POINT('Ctrl Pts',(-32.9798140116969,-208.615260016204,
-5.62132124420707));
#10410=CARTESIAN_POINT('Ctrl Pts',(-33.7909406359816,-208.615260016204,
-6.1333445971399));
#10411=CARTESIAN_POINT('',(-75.2082000005968,-208.615260016204,-6.13624636932349));
#10412=CARTESIAN_POINT('Ctrl Pts',(-33.7909406359816,-208.615260016204,
-6.13334459713989));
#10413=CARTESIAN_POINT('Ctrl Pts',(-34.3937747668294,-208.615260016204,
-6.51388339798524));
#10414=CARTESIAN_POINT('Ctrl Pts',(-35.5160941881524,-208.615260016203,
-7.12746191425261));
#10415=CARTESIAN_POINT('Ctrl Pts',(-37.6304709440219,-208.615260016203,
-8.07964458739845));
#10416=CARTESIAN_POINT('Ctrl Pts',(-41.1357498932385,-208.615260016204,
-9.29082184474096));
#10417=CARTESIAN_POINT('Ctrl Pts',(-47.8941839768356,-208.615260016204,
-10.715939169199));
#10418=CARTESIAN_POINT('Ctrl Pts',(-55.4350243285441,-208.615260016203,
-11.0570775508868));
#10419=CARTESIAN_POINT('Ctrl Pts',(-63.0427372888618,-208.615260016204,
-10.319534162162));
#10420=CARTESIAN_POINT('Ctrl Pts',(-67.8537836975148,-208.615260016204,
-9.29033130189453));
#10421=CARTESIAN_POINT('Ctrl Pts',(-71.3702987167745,-208.615260016204,
-8.08195671115154));
#10422=CARTESIAN_POINT('Ctrl Pts',(-73.4836117707994,-208.615260016204,
-7.12929051507718));
#10423=CARTESIAN_POINT('Ctrl Pts',(-74.6054731570078,-208.615260016204,
-6.51659934534495));
#10424=CARTESIAN_POINT('Ctrl Pts',(-75.2082000005968,-208.615260016204,
-6.13624636932348));
#10425=CARTESIAN_POINT('',(-75.2090590964958,-208.615260016204,6.12570784926989));
#10426=CARTESIAN_POINT('Ctrl Pts',(-75.2082000005968,-208.615260016204,
-6.13624636932349));
#10427=CARTESIAN_POINT('Ctrl Pts',(-76.0193983635833,-208.615260016204,
-5.62433667957342));
#10428=CARTESIAN_POINT('Ctrl Pts',(-77.4381439420445,-208.615260016203,
-4.5402073293013));
#10429=CARTESIAN_POINT('Ctrl Pts',(-78.8924505633037,-208.615260016203,
-2.78076908321308));
#10430=CARTESIAN_POINT('Ctrl Pts',(-79.6307185700864,-208.615260016203,
-0.939806748038745));
#10431=CARTESIAN_POINT('Ctrl Pts',(-79.6307030829689,-208.615260016203,
0.928651102307769));
#10432=CARTESIAN_POINT('Ctrl Pts',(-78.8929945039949,-208.615260016204,
2.76973426381135));
#10433=CARTESIAN_POINT('Ctrl Pts',(-77.438687497831,-208.615260016203,4.52934915628315));
#10434=CARTESIAN_POINT('Ctrl Pts',(-76.0201857207805,-208.615260016204,
5.61368449633705));
#10435=CARTESIAN_POINT('Ctrl Pts',(-75.2090590964958,-208.615260016204,
6.12570784926989));
#10436=CARTESIAN_POINT('',(-33.7917997318807,-208.615260016204,6.12860962145347));
#10437=CARTESIAN_POINT('Ctrl Pts',(-75.2090590964958,-208.615260016204,
6.12570784926989));
#10438=CARTESIAN_POINT('Ctrl Pts',(-74.6085117736014,-208.615260016204,
6.50480310352121));
#10439=CARTESIAN_POINT('Ctrl Pts',(-73.4879472540762,-208.615260016204,
7.11775564027328));
#10440=CARTESIAN_POINT('Ctrl Pts',(-71.3746142749035,-208.615260016204,
8.07036828200892));
#10441=CARTESIAN_POINT('Ctrl Pts',(-67.8856796245732,-208.615260016204,
9.27466280732437));
#10442=CARTESIAN_POINT('Ctrl Pts',(-63.0437277929265,-208.615260016204,
10.3086468742968));
#10443=CARTESIAN_POINT('Ctrl Pts',(-55.4356454807935,-208.615260016204,
11.0520068597335));
#10444=CARTESIAN_POINT('Ctrl Pts',(-47.8682175771026,-208.615260016204,
10.7038632634531));
#10445=CARTESIAN_POINT('Ctrl Pts',(-41.1369876749193,-208.615260016203,
9.28530746865126));
#10446=CARTESIAN_POINT('Ctrl Pts',(-37.6213595629712,-208.615260016203,
8.07063547484745));
#10447=CARTESIAN_POINT('Ctrl Pts',(-35.5087467226466,-208.615260016203,
7.11821247436355));
#10448=CARTESIAN_POINT('Ctrl Pts',(-34.3920795893072,-208.615260016204,
6.50741841791983));
#10449=CARTESIAN_POINT('Ctrl Pts',(-33.7917997318807,-208.615260016204,
6.12860962145347));
#10450=CARTESIAN_POINT('Ctrl Pts',(-33.7917997318807,-208.615260016204,
6.12860962145347));
#10451=CARTESIAN_POINT('Ctrl Pts',(-32.9806013688941,-208.615260016204,
5.6166999317034));
#10452=CARTESIAN_POINT('Ctrl Pts',(-31.56185538404,-208.615260016204,4.53257069335769));
#10453=CARTESIAN_POINT('Ctrl Pts',(-30.1075485267063,-208.615260016204,
2.77313249100075));
#10454=CARTESIAN_POINT('Ctrl Pts',(-29.4923252781868,-208.615260016204,
1.23899719240066));
#10455=CARTESIAN_POINT('Ctrl Pts',(-29.4000475539231,-208.615260016204,
0.308205197515005));
#10456=CARTESIAN_POINT('Ctrl Pts',(-29.4000378289158,-208.615260016204,
-0.00206131834062578));
#10457=CARTESIAN_POINT('',(-57.7771392499331,-219.712373838201,10.7531186485179));
#10458=CARTESIAN_POINT('',(-54.5271392499212,-216.462373838201,10.8461737591987));
#10459=CARTESIAN_POINT('Ctrl Pts',(-57.7771392499331,-219.712373838201,
10.7531186485179));
#10460=CARTESIAN_POINT('Ctrl Pts',(-57.7771392499331,-219.304203244693,
10.7531186485179));
#10461=CARTESIAN_POINT('Ctrl Pts',(-57.6955484713875,-218.868886262996,
10.7579514651726));
#10462=CARTESIAN_POINT('Ctrl Pts',(-57.3638485036841,-218.068181349832,
10.7754050509373));
#10463=CARTESIAN_POINT('Ctrl Pts',(-57.1137440976852,-217.70278592452,10.7877720092434));
#10464=CARTESIAN_POINT('Ctrl Pts',(-56.5367369769812,-217.125776171284,
10.8110110353919));
#10465=CARTESIAN_POINT('Ctrl Pts',(-56.1713403335314,-216.875669208583,
10.8233927287381));
#10466=CARTESIAN_POINT('Ctrl Pts',(-55.3706317886679,-216.543965609488,
10.8409874552906));
#10467=CARTESIAN_POINT('Ctrl Pts',(-54.9353125994853,-216.462373838201,
10.8459597279423));
#10468=CARTESIAN_POINT('Ctrl Pts',(-54.5271392499212,-216.462373838201,
10.8461737591987));
#10469=CARTESIAN_POINT('Ctrl Pts',(-54.5271392499212,-216.462373838201,
10.8461737591987));
#10470=CARTESIAN_POINT('Ctrl Pts',(-54.1189745765364,-216.462373838201,
10.8463877859056));
#10471=CARTESIAN_POINT('Ctrl Pts',(-53.6836590519389,-216.543962528782,
10.8418722646052));
#10472=CARTESIAN_POINT('Ctrl Pts',(-52.8829518343977,-216.875661514864,
10.825120236322));
#10473=CARTESIAN_POINT('Ctrl Pts',(-52.5175531802232,-217.12576712704,10.8131245942063));
#10474=CARTESIAN_POINT('Ctrl Pts',(-51.9405386169701,-217.702779096607,
10.7904973580699));
#10475=CARTESIAN_POINT('Ctrl Pts',(-51.6904313043014,-218.068178461487,
10.7783969637833));
#10476=CARTESIAN_POINT('Ctrl Pts',(-51.3587293118109,-218.868887723592,
10.7612979148061));
#10477=CARTESIAN_POINT('Ctrl Pts',(-51.2771392499326,-219.304204928159,
10.7565528043368));
#10478=CARTESIAN_POINT('Ctrl Pts',(-51.2771392499326,-220.120542748243,
10.7565528043368));
#10479=CARTESIAN_POINT('Ctrl Pts',(-51.3587293118109,-220.55585995281,10.7612979148061));
#10480=CARTESIAN_POINT('Ctrl Pts',(-51.6904313043014,-221.356569214915,
10.7783969637833));
#10481=CARTESIAN_POINT('Ctrl Pts',(-51.9405386169701,-221.721968579795,
10.7904973580699));
#10482=CARTESIAN_POINT('Ctrl Pts',(-52.5175531802232,-222.298980549362,
10.8131245942063));
#10483=CARTESIAN_POINT('Ctrl Pts',(-52.8829518343977,-222.549086161539,
10.825120236322));
#10484=CARTESIAN_POINT('Ctrl Pts',(-53.6836590519389,-222.880785147621,
10.8418722646052));
#10485=CARTESIAN_POINT('Ctrl Pts',(-54.1189745765364,-222.962373838201,
10.8463877859056));
#10486=CARTESIAN_POINT('Ctrl Pts',(-54.9353125994853,-222.962373838201,
10.8459597279423));
#10487=CARTESIAN_POINT('Ctrl Pts',(-55.3706317886679,-222.880782066914,
10.8409874552906));
#10488=CARTESIAN_POINT('Ctrl Pts',(-56.1713403335314,-222.54907846782,10.8233927287381));
#10489=CARTESIAN_POINT('Ctrl Pts',(-56.5367369769812,-222.298971505118,
10.8110110353919));
#10490=CARTESIAN_POINT('Ctrl Pts',(-57.1137440976852,-221.721961751882,
10.7877720092434));
#10491=CARTESIAN_POINT('Ctrl Pts',(-57.3638485036841,-221.35656632657,10.7754050509373));
#10492=CARTESIAN_POINT('Ctrl Pts',(-57.6955484713875,-220.555861413406,
10.7579514651726));
#10493=CARTESIAN_POINT('Ctrl Pts',(-57.7771392499331,-220.120544431709,
10.7531186485179));
#10494=CARTESIAN_POINT('Ctrl Pts',(-57.7771392499331,-219.712373838201,
10.7531186485179));
#10495=CARTESIAN_POINT('',(-57.7771392526812,-219.712373838201,-10.7611287952572));
#10496=CARTESIAN_POINT('',(-54.5271392526931,-216.462373838201,-10.8538135993435));
#10497=CARTESIAN_POINT('Ctrl Pts',(-57.7771392526812,-219.712373838201,
-10.7611287952572));
#10498=CARTESIAN_POINT('Ctrl Pts',(-57.7771392526812,-220.120543983763,
-10.7611287952572));
#10499=CARTESIAN_POINT('Ctrl Pts',(-57.6955486574271,-220.555860721812,
-10.7659523049953));
#10500=CARTESIAN_POINT('Ctrl Pts',(-57.3638488705696,-221.356565696719,
-10.7833680888071));
#10501=CARTESIAN_POINT('Ctrl Pts',(-57.1137444443178,-221.721961408005,
-10.7957065546031));
#10502=CARTESIAN_POINT('Ctrl Pts',(-56.5367368056073,-222.298971679256,
-10.8188798570811));
#10503=CARTESIAN_POINT('Ctrl Pts',(-56.1713398094364,-222.54907878899,-10.8312199260376));
#10504=CARTESIAN_POINT('Ctrl Pts',(-55.3706310008254,-222.880782291524,
-10.8487234161125));
#10505=CARTESIAN_POINT('Ctrl Pts',(-54.9353119358979,-222.962373838201,
-10.8536460758323));
#10506=CARTESIAN_POINT('Ctrl Pts',(-54.118973903951,-222.962373838201,-10.8539811198445));
#10507=CARTESIAN_POINT('Ctrl Pts',(-53.683658249327,-222.880784919192,-10.8494159859205));
#10508=CARTESIAN_POINT('Ctrl Pts',(-52.8829512956689,-222.549085832013,
-10.8325727208958));
#10509=CARTESIAN_POINT('Ctrl Pts',(-52.5175530000097,-222.298980366386,
-10.8205354539324));
#10510=CARTESIAN_POINT('Ctrl Pts',(-51.9405389546185,-221.721968914684,
-10.7978424928404));
#10511=CARTESIAN_POINT('Ctrl Pts',(-51.6904316626482,-221.356569829822,
-10.7857136056236));
#10512=CARTESIAN_POINT('Ctrl Pts',(-51.3587294939323,-220.555860629274,
-10.768576754816));
#10513=CARTESIAN_POINT('Ctrl Pts',(-51.2771392526816,-220.120543186952,
-10.7638223378873));
#10514=CARTESIAN_POINT('Ctrl Pts',(-51.2771392526816,-219.304204489451,
-10.7638223378873));
#10515=CARTESIAN_POINT('Ctrl Pts',(-51.3587294939323,-218.868887047128,
-10.768576754816));
#10516=CARTESIAN_POINT('Ctrl Pts',(-51.6904316626482,-218.06817784658,-10.7857136056236));
#10517=CARTESIAN_POINT('Ctrl Pts',(-51.9405389546185,-217.702778761718,
-10.7978424928404));
#10518=CARTESIAN_POINT('Ctrl Pts',(-52.5175530000097,-217.125767310016,
-10.8205354539324));
#10519=CARTESIAN_POINT('Ctrl Pts',(-52.8829512956689,-216.87566184439,-10.8325727208958));
#10520=CARTESIAN_POINT('Ctrl Pts',(-53.683658249327,-216.54396275721,-10.8494159859205));
#10521=CARTESIAN_POINT('Ctrl Pts',(-54.118973903951,-216.462373838201,-10.8539811198445));
#10522=CARTESIAN_POINT('Ctrl Pts',(-54.5271392526931,-216.462373838201,
-10.8538135993435));
#10523=CARTESIAN_POINT('Ctrl Pts',(-54.5271392526931,-216.462373838201,
-10.8538135993435));
#10524=CARTESIAN_POINT('Ctrl Pts',(-54.9353119358979,-216.462373838201,
-10.8536460758323));
#10525=CARTESIAN_POINT('Ctrl Pts',(-55.3706310008254,-216.543965384878,
-10.8487234161125));
#10526=CARTESIAN_POINT('Ctrl Pts',(-56.1713398094364,-216.875668887412,
-10.8312199260376));
#10527=CARTESIAN_POINT('Ctrl Pts',(-56.5367368056073,-217.125775997146,
-10.8188798570811));
#10528=CARTESIAN_POINT('Ctrl Pts',(-57.1137444443178,-217.702786268397,
-10.7957065546031));
#10529=CARTESIAN_POINT('Ctrl Pts',(-57.3638488705696,-218.068181979684,
-10.7833680888071));
#10530=CARTESIAN_POINT('Ctrl Pts',(-57.6955486574271,-218.86888695459,-10.7659523049953));
#10531=CARTESIAN_POINT('Ctrl Pts',(-57.7771392526812,-219.304203692639,
-10.7611287952572));
#10532=CARTESIAN_POINT('Ctrl Pts',(-57.7771392526812,-219.712373838201,
-10.7611287952572));
#10533=CARTESIAN_POINT('Origin',(-143.030414579427,-64.5479999648124,0.));
#10534=CARTESIAN_POINT('',(-145.280414579427,-64.5479999648124,-1.68543680041915E-16));
#10535=CARTESIAN_POINT('',(-143.030414579427,-64.5479999648124,2.25));
#10536=CARTESIAN_POINT('Origin',(-143.030414579427,-64.5479999648124,0.));
#10537=CARTESIAN_POINT('',(-143.030414579427,-66.5479999648124,4.25));
#10538=CARTESIAN_POINT('Origin',(-143.030414579427,-64.5479999648124,4.25));
#10539=CARTESIAN_POINT('Origin',(-143.030414579427,-66.5479999648124,-4.44089209850068E-16));
#10540=CARTESIAN_POINT('Origin',(-143.030414579427,-64.5479999648124,0.));
#10541=CARTESIAN_POINT('Origin',(-204.525031291484,-66.5479999648124,22.0000000000869));
#10542=CARTESIAN_POINT('',(-204.52503129455,-66.5479999648124,-1.99999999994898));
#10543=CARTESIAN_POINT('',(-148.514958581589,-66.5479999648124,-10.1875444326826));
#10544=CARTESIAN_POINT('Ctrl Pts',(-204.525031294541,-66.5479999648124,
-1.99999999995038));
#10545=CARTESIAN_POINT('Ctrl Pts',(-204.081091771842,-66.5479999648124,
-2.07549434983018));
#10546=CARTESIAN_POINT('Ctrl Pts',(-203.629689524119,-66.5479999648124,
-2.15197247069613));
#10547=CARTESIAN_POINT('Ctrl Pts',(-203.171368588909,-66.5479999648124,
-2.22931992347212));
#10548=CARTESIAN_POINT('Ctrl Pts',(-202.750540199015,-66.5479999648124,
-2.30034003517445));
#10549=CARTESIAN_POINT('Ctrl Pts',(-202.32387936838,-66.5479999648124,-2.37209410031069));
#10550=CARTESIAN_POINT('Ctrl Pts',(-201.891765884081,-66.5479999648124,
-2.44450609252671));
#10551=CARTESIAN_POINT('Ctrl Pts',(-201.46279513144,-66.5479999648124,-2.51639143730246));
#10552=CARTESIAN_POINT('Ctrl Pts',(-201.02845076899,-66.5479999648124,-2.5889252344392));
#10553=CARTESIAN_POINT('Ctrl Pts',(-200.58905234598,-66.5479999648124,-2.66203540190936));
#10554=CARTESIAN_POINT('Ctrl Pts',(-200.064333342139,-66.5479999648124,
-2.74934180137894));
#10555=CARTESIAN_POINT('Ctrl Pts',(-199.532404808301,-66.5479999648124,
-2.83746844930383));
#10556=CARTESIAN_POINT('Ctrl Pts',(-198.993738281588,-66.5479999648124,
-2.9263046612917));
#10557=CARTESIAN_POINT('Ctrl Pts',(-198.439242580703,-66.5479999648124,
-3.01775140094858));
#10558=CARTESIAN_POINT('Ctrl Pts',(-197.877607285762,-66.5479999648124,
-3.10995008761663));
#10559=CARTESIAN_POINT('Ctrl Pts',(-197.309296024328,-66.5479999648124,
-3.20280600655311));
#10560=CARTESIAN_POINT('Ctrl Pts',(-196.734904883752,-66.5479999648124,
-3.29665531204218));
#10561=CARTESIAN_POINT('Ctrl Pts',(-196.153694219607,-66.5479999648124,
-3.39117749117708));
#10562=CARTESIAN_POINT('Ctrl Pts',(-195.566089989576,-66.5479999648124,
-3.48628058495938));
#10563=CARTESIAN_POINT('Ctrl Pts',(-194.929259967626,-66.5479999648124,
-3.58935081863987));
#10564=CARTESIAN_POINT('Ctrl Pts',(-194.284919699376,-66.5479999648124,
-3.69310226350454));
#10565=CARTESIAN_POINT('Ctrl Pts',(-193.633547494822,-66.5479999648124,
-3.79742194303374));
#10566=CARTESIAN_POINT('Ctrl Pts',(-192.961480086015,-66.5479999648124,
-3.90505603644245));
#10567=CARTESIAN_POINT('Ctrl Pts',(-192.28192685617,-66.5479999648124,-4.01329481694211));
#10568=CARTESIAN_POINT('Ctrl Pts',(-191.595361624725,-66.5479999648124,
-4.12203581023737));
#10569=CARTESIAN_POINT('Ctrl Pts',(-190.867359902709,-66.5479999648124,
-4.23733968341216));
#10570=CARTESIAN_POINT('Ctrl Pts',(-190.131473882324,-66.5479999648124,
-4.35320992550143));
#10571=CARTESIAN_POINT('Ctrl Pts',(-189.388213714085,-66.5479999648124,
-4.46953412729028));
#10572=CARTESIAN_POINT('Ctrl Pts',(-188.603419235801,-66.5479999648124,
-4.59235867131362));
#10573=CARTESIAN_POINT('Ctrl Pts',(-187.810403083954,-66.5479999648124,
-4.71568837623335));
#10574=CARTESIAN_POINT('Ctrl Pts',(-187.009706499512,-66.5479999648124,
-4.83939649959279));
#10575=CARTESIAN_POINT('Ctrl Pts',(-186.164233461926,-66.5479999648124,
-4.97002261298328));
#10576=CARTESIAN_POINT('Ctrl Pts',(-185.31019724917,-66.5479999648124,-5.10107050235661));
#10577=CARTESIAN_POINT('Ctrl Pts',(-184.448175929491,-66.5479999648124,
-5.23241207379026));
#10578=CARTESIAN_POINT('Ctrl Pts',(-183.551175718023,-66.5479999648124,
-5.36908319161629));
#10579=CARTESIAN_POINT('Ctrl Pts',(-182.645528742568,-66.5479999648124,
-5.50607319439308));
#10580=CARTESIAN_POINT('Ctrl Pts',(-181.731830286101,-66.5479999648124,
-5.64324795114258));
#10581=CARTESIAN_POINT('Ctrl Pts',(-180.798741820074,-66.5479999648124,
-5.78333375565198));
#10582=CARTESIAN_POINT('Ctrl Pts',(-179.857255881544,-66.5479999648124,
-5.92361116994571));
#10583=CARTESIAN_POINT('Ctrl Pts',(-178.907953544377,-66.5479999648124,
-6.06395036353448));
#10584=CARTESIAN_POINT('Ctrl Pts',(-177.909028283969,-66.5479999648124,
-6.21162551402402));
#10585=CARTESIAN_POINT('Ctrl Pts',(-176.901448113855,-66.5479999648124,
-6.35937072216617));
#10586=CARTESIAN_POINT('Ctrl Pts',(-175.885834122435,-66.5479999648124,
-6.50705074839339));
#10587=CARTESIAN_POINT('Ctrl Pts',(-174.804860104514,-66.5479999648124,
-6.66423475005748));
#10588=CARTESIAN_POINT('Ctrl Pts',(-173.714785085933,-66.5479999648124,
-6.82134455729767));
#10589=CARTESIAN_POINT('Ctrl Pts',(-172.616296791459,-66.5479999648124,
-6.97820490142949));
#10590=CARTESIAN_POINT('Ctrl Pts',(-171.487515668623,-66.5479999648124,
-7.13939095709181));
#10591=CARTESIAN_POINT('Ctrl Pts',(-170.34985002421,-66.5479999648124,-7.30031111595115));
#10592=CARTESIAN_POINT('Ctrl Pts',(-169.203999470352,-66.5479999648124,
-7.46081115436828));
#10593=CARTESIAN_POINT('Ctrl Pts',(-168.053148295675,-66.5479999648124,
-7.62201163302237));
#10594=CARTESIAN_POINT('Ctrl Pts',(-166.894041620393,-66.5479999648124,
-7.78279264004402));
#10595=CARTESIAN_POINT('Ctrl Pts',(-165.72733510401,-66.5479999648124,-7.94300252535637));
#10596=CARTESIAN_POINT('Ctrl Pts',(-164.331111734499,-66.5479999648124,
-8.13472922162389));
#10597=CARTESIAN_POINT('Ctrl Pts',(-162.924001319688,-66.5479999648124,
-8.32563546528535));
#10598=CARTESIAN_POINT('Ctrl Pts',(-161.507052667767,-66.5479999648124,
-8.51545146537595));
#10599=CARTESIAN_POINT('Ctrl Pts',(-160.23215216358,-66.5479999648124,-8.68623853933964));
#10600=CARTESIAN_POINT('Ctrl Pts',(-158.949288628477,-66.5479999648124,
-8.85614221771558));
#10601=CARTESIAN_POINT('Ctrl Pts',(-157.659182768619,-66.5479999648124,
-9.02497676901693));
#10602=CARTESIAN_POINT('Ctrl Pts',(-156.149292474347,-66.5479999648124,
-9.22257423623241));
#10603=CARTESIAN_POINT('Ctrl Pts',(-154.629479859111,-66.5479999648124,
-9.41871094549117));
#10604=CARTESIAN_POINT('Ctrl Pts',(-153.10082182215,-66.5479999648124,-9.61309909849164));
#10605=CARTESIAN_POINT('Ctrl Pts',(-151.700793362686,-66.5479999648124,
-9.79113037808662));
#10606=CARTESIAN_POINT('Ctrl Pts',(-150.293346399573,-66.5479999648124,
-9.96769157585796));
#10607=CARTESIAN_POINT('Ctrl Pts',(-148.879273454221,-66.5479999648124,
-10.1425504386271));
#10608=CARTESIAN_POINT('Ctrl Pts',(-148.757883860576,-66.5479999648124,
-10.1575610124215));
#10609=CARTESIAN_POINT('Ctrl Pts',(-148.636445408384,-66.5479999648124,
-10.1725590564463));
#10610=CARTESIAN_POINT('Ctrl Pts',(-148.514958581607,-66.5479999648124,
-10.1875444327052));
#10611=CARTESIAN_POINT('',(-134.9036312958,-66.5479999648124,-11.786245399679));
#10612=CARTESIAN_POINT('Ctrl Pts',(-148.514958581618,-66.5479999648124,
-10.1875444327039));
#10613=CARTESIAN_POINT('Ctrl Pts',(-143.924850103326,-66.5479999648124,
-10.753733413363));
#10614=CARTESIAN_POINT('Ctrl Pts',(-139.377408121531,-66.5479999648124,
-11.2881176894675));
#10615=CARTESIAN_POINT('Ctrl Pts',(-134.9036312958,-66.5479999648124,-11.786245399679));
#10616=CARTESIAN_POINT('',(-123.894408547568,-66.5479999648124,-12.9533646964149));
#10617=CARTESIAN_POINT('Ctrl Pts',(-134.9036312958,-66.5479999648124,-11.786245399679));
#10618=CARTESIAN_POINT('Ctrl Pts',(-131.230993534734,-66.5479999648124,
-12.1951711708158));
#10619=CARTESIAN_POINT('Ctrl Pts',(-127.555009162885,-66.5479999648124,
-12.5855933137275));
#10620=CARTESIAN_POINT('Ctrl Pts',(-123.894408547568,-66.5479999648124,
-12.9533646964149));
#10621=CARTESIAN_POINT('',(-123.896223609663,-66.5479999648124,12.9531823399021));
#10622=CARTESIAN_POINT('Origin',(-134.904980185443,-66.5479999648124,-0.000862536321740159));
#10623=CARTESIAN_POINT('',(-134.903631292789,-66.5479999648124,11.786245399976));
#10624=CARTESIAN_POINT('Ctrl Pts',(-123.896223609663,-66.5479999648124,
12.9531823399021));
#10625=CARTESIAN_POINT('Ctrl Pts',(-127.556224040105,-66.5479999648124,
12.5854642868841));
#10626=CARTESIAN_POINT('Ctrl Pts',(-131.231600374025,-66.5479999648124,
12.1951036029205));
#10627=CARTESIAN_POINT('Ctrl Pts',(-134.903631292788,-66.5479999648124,
11.786245399976));
#10628=CARTESIAN_POINT('',(-148.513535855887,-66.5479999648124,10.1877199247287));
#10629=CARTESIAN_POINT('Ctrl Pts',(-134.903631292789,-66.5479999648124,
11.786245399976));
#10630=CARTESIAN_POINT('Ctrl Pts',(-139.376945912463,-66.5479999648124,
11.2881691535969));
#10631=CARTESIAN_POINT('Ctrl Pts',(-143.923910449403,-66.5479999648124,
10.7538438222809));
#10632=CARTESIAN_POINT('Ctrl Pts',(-148.513535855916,-66.5479999648124,
10.18771992475));
#10633=CARTESIAN_POINT('',(-204.525031294039,-66.5479999648124,2.00000000007936));
#10634=CARTESIAN_POINT('Ctrl Pts',(-148.513535855906,-66.5479999648124,
10.1877199247513));
#10635=CARTESIAN_POINT('Ctrl Pts',(-149.929546697778,-66.5479999648124,
10.0130569608394));
#10636=CARTESIAN_POINT('Ctrl Pts',(-151.33899013661,-66.5479999648124,9.83667076356088));
#10637=CARTESIAN_POINT('Ctrl Pts',(-152.741076479577,-66.5479999648124,
9.65879212101505));
#10638=CARTESIAN_POINT('Ctrl Pts',(-154.169964091795,-66.5479999648124,
9.47751327889049));
#10639=CARTESIAN_POINT('Ctrl Pts',(-155.591208876426,-66.5479999648124,
9.29468835983401));
#10640=CARTESIAN_POINT('Ctrl Pts',(-157.003937599629,-66.5479999648124,
9.11055443780831));
#10641=CARTESIAN_POINT('Ctrl Pts',(-158.308753959936,-66.5479999648124,
8.94048572610134));
#10642=CARTESIAN_POINT('Ctrl Pts',(-159.606308346243,-66.5479999648124,
8.76929713897093));
#10643=CARTESIAN_POINT('Ctrl Pts',(-160.895868908547,-66.5479999648124,
8.59717689472501));
#10644=CARTESIAN_POINT('Ctrl Pts',(-162.283498004318,-66.5479999648124,
8.41196724589694));
#10645=CARTESIAN_POINT('Ctrl Pts',(-163.661869147841,-66.5479999648124,
8.2256798401454));
#10646=CARTESIAN_POINT('Ctrl Pts',(-165.030009861236,-66.5479999648124,
8.03856529083958));
#10647=CARTESIAN_POINT('Ctrl Pts',(-166.172987199238,-66.5479999648124,
7.88224533970214));
#10648=CARTESIAN_POINT('Ctrl Pts',(-167.308825953189,-66.5479999648124,
7.72534952684715));
#10649=CARTESIAN_POINT('Ctrl Pts',(-168.436925586796,-66.5479999648124,
7.56802224877529));
#10650=CARTESIAN_POINT('Ctrl Pts',(-169.559108662648,-66.5479999648124,
7.41152010697647));
#10651=CARTESIAN_POINT('Ctrl Pts',(-170.673633124624,-66.5479999648124,
7.2545889837932));
#10652=CARTESIAN_POINT('Ctrl Pts',(-171.779858050206,-66.5479999648124,
7.09736519171054));
#10653=CARTESIAN_POINT('Ctrl Pts',(-172.87634192938,-66.5479999648124,6.94152585971348));
#10654=CARTESIAN_POINT('Ctrl Pts',(-173.964671767538,-66.5479999648124,
6.78539866830749));
#10655=CARTESIAN_POINT('Ctrl Pts',(-175.044184036865,-66.5479999648124,
6.62915214534419));
#10656=CARTESIAN_POINT('Ctrl Pts',(-176.063347243654,-66.5479999648124,
6.48164042925017));
#10657=CARTESIAN_POINT('Ctrl Pts',(-177.074651783983,-66.5479999648124,
6.33402472353957));
#10658=CARTESIAN_POINT('Ctrl Pts',(-178.077492142142,-66.5479999648124,
6.18644248806339));
#10659=CARTESIAN_POINT('Ctrl Pts',(-179.031204411323,-66.5479999648124,
6.04609015028441));
#10660=CARTESIAN_POINT('Ctrl Pts',(-179.977261747413,-66.5479999648124,
5.90576549334397));
#10661=CARTESIAN_POINT('Ctrl Pts',(-180.915097305264,-66.5479999648124,
5.76559261531471));
#10662=CARTESIAN_POINT('Ctrl Pts',(-181.829645246249,-66.5479999648124,
5.62890040322005));
#10663=CARTESIAN_POINT('Ctrl Pts',(-182.736374983754,-66.5479999648124,
5.49235324848033));
#10664=CARTESIAN_POINT('Ctrl Pts',(-183.634714455598,-66.5479999648124,
5.35608145978332));
#10665=CARTESIAN_POINT('Ctrl Pts',(-184.497871314928,-66.5479999648124,
5.22514662631164));
#10666=CARTESIAN_POINT('Ctrl Pts',(-185.353282132015,-66.5479999648124,
5.09446592820547));
#10667=CARTESIAN_POINT('Ctrl Pts',(-186.200393165583,-66.5479999648124,
4.96416128416714));
#10668=CARTESIAN_POINT('Ctrl Pts',(-187.045916386489,-66.5479999648124,
4.8341008812678));
#10669=CARTESIAN_POINT('Ctrl Pts',(-187.883171571319,-66.5479999648124,
4.70441435727655));
#10670=CARTESIAN_POINT('Ctrl Pts',(-188.711551374851,-66.5479999648124,
4.57524196673827));
#10671=CARTESIAN_POINT('Ctrl Pts',(-189.451506019024,-66.5479999648124,
4.45985804517223));
#10672=CARTESIAN_POINT('Ctrl Pts',(-190.184379172301,-66.5479999648124,
4.34488570773785));
#10673=CARTESIAN_POINT('Ctrl Pts',(-190.909691880885,-66.5479999648124,
4.23043350084185));
#10674=CARTESIAN_POINT('Ctrl Pts',(-191.598127939131,-66.5479999648124,
4.12180032064169));
#10675=CARTESIAN_POINT('Ctrl Pts',(-192.279752676006,-66.5479999648124,
4.01363521224341));
#10676=CARTESIAN_POINT('Ctrl Pts',(-192.954113964236,-66.5479999648124,
3.9060339775421));
#10677=CARTESIAN_POINT('Ctrl Pts',(-193.601790574983,-66.5479999648124,
3.80269055581853));
#10678=CARTESIAN_POINT('Ctrl Pts',(-194.242767154619,-66.5479999648124,
3.69986686486504));
#10679=CARTESIAN_POINT('Ctrl Pts',(-194.876599850131,-66.5479999648124,
3.59766522119005));
#10680=CARTESIAN_POINT('Ctrl Pts',(-195.467557455784,-66.5479999648124,
3.50237692339827));
#10681=CARTESIAN_POINT('Ctrl Pts',(-196.052306149137,-66.5479999648124,
3.40763073492782));
#10682=CARTESIAN_POINT('Ctrl Pts',(-196.630443818999,-66.5479999648124,
3.31351803101736));
#10683=CARTESIAN_POINT('Ctrl Pts',(-197.204427322859,-66.5479999648124,
3.22008156706699));
#10684=CARTESIAN_POINT('Ctrl Pts',(-197.771894414012,-66.5479999648124,
3.12726932648638));
#10685=CARTESIAN_POINT('Ctrl Pts',(-198.332400629343,-66.5479999648124,
3.03517098853516));
#10686=CARTESIAN_POINT('Ctrl Pts',(-198.87740938504,-66.5479999648124,2.94561908135632));
#10687=CARTESIAN_POINT('Ctrl Pts',(-199.41583668709,-66.5479999648124,2.85674084602618));
#10688=CARTESIAN_POINT('Ctrl Pts',(-199.947227334756,-66.5479999648124,
2.76863769771003));
#10689=CARTESIAN_POINT('Ctrl Pts',(-200.398759713056,-66.5479999648124,
2.69377483689452));
#10690=CARTESIAN_POINT('Ctrl Pts',(-200.845212093091,-66.5479999648124,
2.61947246903505));
#10691=CARTESIAN_POINT('Ctrl Pts',(-201.286273638048,-66.5479999648124,
2.54580480799792));
#10692=CARTESIAN_POINT('Ctrl Pts',(-201.72050032534,-66.5479999648124,2.4732787290904));
#10693=CARTESIAN_POINT('Ctrl Pts',(-202.149502195313,-66.5479999648124,
2.40136796691519));
#10694=CARTESIAN_POINT('Ctrl Pts',(-202.572931242936,-66.5479999648124,
2.33014587478979));
#10695=CARTESIAN_POINT('Ctrl Pts',(-203.031856271076,-66.5479999648124,
2.25295324755659));
#10696=CARTESIAN_POINT('Ctrl Pts',(-203.48423415859,-66.5479999648124,2.17656835339112));
#10697=CARTESIAN_POINT('Ctrl Pts',(-203.929560254681,-66.5479999648124,
2.10109279152563));
#10698=CARTESIAN_POINT('Ctrl Pts',(-204.129488819997,-66.5479999648124,
2.067208137263));
#10699=CARTESIAN_POINT('Ctrl Pts',(-204.327995420354,-66.5479999648124,
2.03350703071926));
#10700=CARTESIAN_POINT('Ctrl Pts',(-204.525031294038,-66.5479999648124,
2.00000000007953));
#10701=CARTESIAN_POINT('',(-204.525031293017,-66.5479999648124,10.0000000000434));
#10702=CARTESIAN_POINT('Origin',(-143.030414579427,-453.491,0.));
#10703=CARTESIAN_POINT('',(-145.280414579427,-7.66578282787995,4.08410168104541E-15));
#10704=CARTESIAN_POINT('',(-145.280414579427,-453.491,-2.75545529808154E-16));
#10705=CARTESIAN_POINT('Origin',(-143.030414579427,-7.66578282801397,0.));
#10706=CARTESIAN_POINT('Origin',(-79.6009192311086,-234.565260016203,13.117481092351));
#10707=CARTESIAN_POINT('',(-29.4009193543162,-226.565260016203,13.1209982000856));
#10708=CARTESIAN_POINT('',(-29.4009193543162,-234.565260016203,13.1209982000856));
#10709=CARTESIAN_POINT('',(-34.6009193415536,-226.565260016203,13.1206338781689));
#10710=CARTESIAN_POINT('',(-29.4009193543162,-226.565260016203,13.1209982000856));
#10711=CARTESIAN_POINT('',(-34.6009193415536,-230.565260016203,13.1206338781689));
#10712=CARTESIAN_POINT('',(-34.6009193415536,-232.565260016204,13.1206338781689));
#10713=CARTESIAN_POINT('',(-39.600919329282,-230.565260016203,13.1202835686335));
#10714=CARTESIAN_POINT('',(-59.6009192801953,-230.565260016203,13.1188823304922));
#10715=CARTESIAN_POINT('',(-39.600919329282,-226.565260016203,13.1202835686335));
#10716=CARTESIAN_POINT('',(-39.600919329282,-230.565260016203,13.1202835686335));
#10717=CARTESIAN_POINT('',(-44.6009193170103,-226.565260016203,13.1199332590982));
#10718=CARTESIAN_POINT('',(-29.4009193543162,-226.565260016203,13.1209982000856));
#10719=CARTESIAN_POINT('',(-44.6009193170103,-230.565260016203,13.1199332590982));
#10720=CARTESIAN_POINT('',(-44.6009193170103,-232.565260016204,13.1199332590982));
#10721=CARTESIAN_POINT('',(-49.6009193047386,-230.565260016203,13.1195829495629));
#10722=CARTESIAN_POINT('',(-64.6009192679236,-230.565260016203,13.1185320209569));
#10723=CARTESIAN_POINT('',(-49.6009193047386,-226.565260016203,13.1195829495629));
#10724=CARTESIAN_POINT('',(-49.6009193047386,-230.565260016203,13.1195829495629));
#10725=CARTESIAN_POINT('',(-54.6009192924669,-226.565260016203,13.1192326400276));
#10726=CARTESIAN_POINT('',(-29.4009193543162,-226.565260016203,13.1209982000856));
#10727=CARTESIAN_POINT('',(-54.6009192924669,-230.565260016203,13.1192326400276));
#10728=CARTESIAN_POINT('',(-54.6009192924669,-232.565260016204,13.1192326400276));
#10729=CARTESIAN_POINT('',(-59.6009192801953,-230.565260016203,13.1188823304922));
#10730=CARTESIAN_POINT('',(-69.6009192556519,-230.565260016203,13.1181817114216));
#10731=CARTESIAN_POINT('',(-59.6009192801953,-226.565260016203,13.1188823304922));
#10732=CARTESIAN_POINT('',(-59.6009192801953,-230.565260016203,13.1188823304922));
#10733=CARTESIAN_POINT('',(-64.6009192679236,-226.565260016203,13.1185320209569));
#10734=CARTESIAN_POINT('',(-29.4009193543162,-226.565260016203,13.1209982000856));
#10735=CARTESIAN_POINT('',(-64.6009192679236,-230.565260016203,13.1185320209569));
#10736=CARTESIAN_POINT('',(-64.6009192679236,-232.565260016204,13.1185320209569));
#10737=CARTESIAN_POINT('',(-69.6009192556519,-230.565260016203,13.1181817114216));
#10738=CARTESIAN_POINT('',(-74.6009192433802,-230.565260016203,13.1178314018863));
#10739=CARTESIAN_POINT('',(-69.6009192556519,-226.565260016203,13.1181817114216));
#10740=CARTESIAN_POINT('',(-69.6009192556519,-230.565260016203,13.1181817114216));
#10741=CARTESIAN_POINT('',(-74.6009192433802,-226.565260016203,13.1178314018863));
#10742=CARTESIAN_POINT('',(-29.4009193543162,-226.565260016203,13.1209982000856));
#10743=CARTESIAN_POINT('',(-74.6009192433802,-230.565260016203,13.1178314018863));
#10744=CARTESIAN_POINT('',(-74.6009192433802,-232.565260016204,13.1178314018863));
#10745=CARTESIAN_POINT('',(-79.6009192311086,-230.565260016203,13.117481092351));
#10746=CARTESIAN_POINT('',(-79.6009192311086,-230.565260016203,13.117481092351));
#10747=CARTESIAN_POINT('',(-79.6009192311086,-234.565260016203,13.117481092351));
#10748=CARTESIAN_POINT('Origin',(-29.3990823539488,-234.565260016203,-13.0986757984987));
#10749=CARTESIAN_POINT('',(-79.5990822307411,-226.565260016203,-13.1021929062332));
#10750=CARTESIAN_POINT('',(-79.5990822307411,-234.565260016203,-13.1021929062332));
#10751=CARTESIAN_POINT('',(-74.3990822435037,-226.565260016203,-13.1018285843165));
#10752=CARTESIAN_POINT('',(-79.5990822307411,-226.565260016203,-13.1021929062332));
#10753=CARTESIAN_POINT('',(-74.3990822435037,-230.565260016203,-13.1018285843165));
#10754=CARTESIAN_POINT('',(-74.3990822435037,-232.565260016204,-13.1018285843165));
#10755=CARTESIAN_POINT('',(-69.3990822557753,-230.565260016203,-13.1014782747812));
#10756=CARTESIAN_POINT('',(-49.399082304862,-230.565260016203,-13.1000770366399));
#10757=CARTESIAN_POINT('',(-69.3990822557753,-226.565260016203,-13.1014782747812));
#10758=CARTESIAN_POINT('',(-69.3990822557753,-230.565260016203,-13.1014782747812));
#10759=CARTESIAN_POINT('',(-64.399082268047,-226.565260016203,-13.1011279652459));
#10760=CARTESIAN_POINT('',(-79.5990822307411,-226.565260016203,-13.1021929062332));
#10761=CARTESIAN_POINT('',(-64.399082268047,-230.565260016203,-13.1011279652459));
#10762=CARTESIAN_POINT('',(-64.399082268047,-232.565260016204,-13.1011279652459));
#10763=CARTESIAN_POINT('',(-59.3990822803187,-230.565260016203,-13.1007776557106));
#10764=CARTESIAN_POINT('',(-44.3990823171337,-230.565260016203,-13.0997267271046));
#10765=CARTESIAN_POINT('',(-59.3990822803187,-226.565260016203,-13.1007776557106));
#10766=CARTESIAN_POINT('',(-59.3990822803187,-230.565260016203,-13.1007776557106));
#10767=CARTESIAN_POINT('',(-54.3990822925904,-226.565260016203,-13.1004273461752));
#10768=CARTESIAN_POINT('',(-79.5990822307411,-226.565260016203,-13.1021929062332));
#10769=CARTESIAN_POINT('',(-54.3990822925904,-230.565260016203,-13.1004273461752));
#10770=CARTESIAN_POINT('',(-54.3990822925904,-232.565260016204,-13.1004273461752));
#10771=CARTESIAN_POINT('',(-49.399082304862,-230.565260016203,-13.1000770366399));
#10772=CARTESIAN_POINT('',(-39.3990823294054,-230.565260016203,-13.0993764175693));
#10773=CARTESIAN_POINT('',(-49.399082304862,-226.565260016203,-13.1000770366399));
#10774=CARTESIAN_POINT('',(-49.399082304862,-230.565260016203,-13.1000770366399));
#10775=CARTESIAN_POINT('',(-44.3990823171337,-226.565260016203,-13.0997267271046));
#10776=CARTESIAN_POINT('',(-79.5990822307411,-226.565260016203,-13.1021929062332));
#10777=CARTESIAN_POINT('',(-44.3990823171337,-230.565260016203,-13.0997267271046));
#10778=CARTESIAN_POINT('',(-44.3990823171337,-232.565260016204,-13.0997267271046));
#10779=CARTESIAN_POINT('',(-39.3990823294054,-230.565260016203,-13.0993764175693));
#10780=CARTESIAN_POINT('',(-34.3990823416771,-230.565260016203,-13.099026108034));
#10781=CARTESIAN_POINT('',(-39.3990823294054,-226.565260016203,-13.0993764175693));
#10782=CARTESIAN_POINT('',(-39.3990823294054,-230.565260016203,-13.0993764175693));
#10783=CARTESIAN_POINT('',(-34.3990823416771,-226.565260016203,-13.099026108034));
#10784=CARTESIAN_POINT('',(-79.5990822307411,-226.565260016203,-13.1021929062332));
#10785=CARTESIAN_POINT('',(-34.3990823416771,-230.565260016203,-13.099026108034));
#10786=CARTESIAN_POINT('',(-34.3990823416771,-232.565260016204,-13.099026108034));
#10787=CARTESIAN_POINT('',(-29.3990823539488,-230.565260016203,-13.0986757984987));
#10788=CARTESIAN_POINT('',(-29.3990823539488,-230.565260016203,-13.0986757984987));
#10789=CARTESIAN_POINT('',(-29.3990823539488,-234.565260016203,-13.0986757984987));
#10790=CARTESIAN_POINT('Origin',(-49.399082304862,-230.565260016203,-13.1000770366399));
#10791=CARTESIAN_POINT('',(-54.3991698699742,-230.565260016203,-11.8504273492432));
#10792=CARTESIAN_POINT('',(-54.3990822925904,-230.565260016203,-13.1004273461752));
#10793=CARTESIAN_POINT('',(-49.3991698822459,-230.565260016203,-11.8500770397079));
#10794=CARTESIAN_POINT('',(-54.3991698699742,-230.565260016203,-11.8504273492432));
#10795=CARTESIAN_POINT('',(-49.399082304862,-230.565260016203,-13.1000770366399));
#10796=CARTESIAN_POINT('Origin',(-49.399082304862,-226.565260016203,-13.1000770366399));
#10797=CARTESIAN_POINT('',(-49.3991698822459,-226.565260016203,-11.8500770397079));
#10798=CARTESIAN_POINT('',(-49.3991698822459,-230.565260016203,-11.8500770397079));
#10799=CARTESIAN_POINT('',(-49.399082304862,-226.565260016203,-13.1000770366399));
#10800=CARTESIAN_POINT('Origin',(-54.3990822925904,-230.565260016203,-13.1004273461752));
#10801=CARTESIAN_POINT('',(-54.3991698699742,-226.565260016203,-11.8504273492432));
#10802=CARTESIAN_POINT('',(-54.3990822925904,-226.565260016203,-13.1004273461752));
#10803=CARTESIAN_POINT('',(-54.3991698699742,-226.565260016203,-11.8504273492432));
#10804=CARTESIAN_POINT('Origin',(-51.89916987611,-228.565260016203,-11.8502521944755));
#10805=CARTESIAN_POINT('',(-49.3991698822459,-226.565260016203,-11.8500770397079));
#10806=CARTESIAN_POINT('Origin',(-39.3990823294054,-230.565260016203,-13.0993764175693));
#10807=CARTESIAN_POINT('',(-44.3991698945176,-230.565260016203,-11.8497267301725));
#10808=CARTESIAN_POINT('',(-44.3990823171337,-230.565260016203,-13.0997267271046));
#10809=CARTESIAN_POINT('',(-39.3991699067892,-230.565260016203,-11.8493764206372));
#10810=CARTESIAN_POINT('',(-44.3991698945175,-230.565260016203,-11.8497267301725));
#10811=CARTESIAN_POINT('',(-39.3990823294054,-230.565260016203,-13.0993764175693));
#10812=CARTESIAN_POINT('Origin',(-39.3990823294054,-226.565260016203,-13.0993764175693));
#10813=CARTESIAN_POINT('',(-39.3991699067892,-226.565260016203,-11.8493764206372));
#10814=CARTESIAN_POINT('',(-39.3991699067892,-230.565260016203,-11.8493764206372));
#10815=CARTESIAN_POINT('',(-39.3990823294054,-226.565260016203,-13.0993764175693));
#10816=CARTESIAN_POINT('Origin',(-44.3990823171337,-230.565260016203,-13.0997267271046));
#10817=CARTESIAN_POINT('',(-44.3991698945176,-226.565260016203,-11.8497267301725));
#10818=CARTESIAN_POINT('',(-44.3990823171337,-226.565260016203,-13.0997267271046));
#10819=CARTESIAN_POINT('',(-44.3991698945175,-226.565260016203,-11.8497267301725));
#10820=CARTESIAN_POINT('Origin',(-41.8991699006534,-228.565260016203,-11.8495515754049));
#10821=CARTESIAN_POINT('',(-39.3991699067892,-226.565260016203,-11.8493764206372));
#10822=CARTESIAN_POINT('Origin',(-59.3990822803187,-230.565260016203,-13.1007776557106));
#10823=CARTESIAN_POINT('',(-64.3991698454308,-230.565260016203,-11.8511279683138));
#10824=CARTESIAN_POINT('',(-64.399082268047,-230.565260016203,-13.1011279652459));
#10825=CARTESIAN_POINT('',(-59.3991698577025,-230.565260016203,-11.8507776587785));
#10826=CARTESIAN_POINT('',(-64.3991698454308,-230.565260016203,-11.8511279683138));
#10827=CARTESIAN_POINT('',(-59.3990822803187,-230.565260016203,-13.1007776557106));
#10828=CARTESIAN_POINT('Origin',(-59.3990822803187,-226.565260016203,-13.1007776557106));
#10829=CARTESIAN_POINT('',(-59.3991698577025,-226.565260016203,-11.8507776587785));
#10830=CARTESIAN_POINT('',(-59.3991698577025,-230.565260016203,-11.8507776587785));
#10831=CARTESIAN_POINT('',(-59.3990822803187,-226.565260016203,-13.1007776557106));
#10832=CARTESIAN_POINT('Origin',(-64.399082268047,-230.565260016203,-13.1011279652459));
#10833=CARTESIAN_POINT('',(-64.3991698454308,-226.565260016203,-11.8511279683138));
#10834=CARTESIAN_POINT('',(-64.399082268047,-226.565260016203,-13.1011279652459));
#10835=CARTESIAN_POINT('',(-64.3991698454308,-226.565260016203,-11.8511279683138));
#10836=CARTESIAN_POINT('Origin',(-61.8991698515667,-228.565260016203,-11.8509528135461));
#10837=CARTESIAN_POINT('',(-59.3991698577025,-226.565260016203,-11.8507776587785));
#10838=CARTESIAN_POINT('Origin',(-29.3990823539488,-230.565260016203,-13.0986757984987));
#10839=CARTESIAN_POINT('',(-34.3991699190609,-230.565260016203,-11.8490261111019));
#10840=CARTESIAN_POINT('',(-34.3990823416771,-230.565260016203,-13.099026108034));
#10841=CARTESIAN_POINT('',(-29.3991699313326,-230.565260016203,-11.8486758015666));
#10842=CARTESIAN_POINT('',(-34.3991699190609,-230.565260016203,-11.8490261111019));
#10843=CARTESIAN_POINT('',(-29.3990823539488,-230.565260016203,-13.0986757984987));
#10844=CARTESIAN_POINT('Origin',(-34.3990823416771,-230.565260016203,-13.099026108034));
#10845=CARTESIAN_POINT('',(-34.3991699190609,-226.565260016203,-11.8490261111019));
#10846=CARTESIAN_POINT('',(-34.3990823416771,-226.565260016203,-13.099026108034));
#10847=CARTESIAN_POINT('',(-34.3991699190609,-226.565260016203,-11.8490261111019));
#10848=CARTESIAN_POINT('Origin',(-31.8991699251968,-228.565260016203,-11.8488509563343));
#10849=CARTESIAN_POINT('',(-29.3991699313326,-226.565260016203,-11.8486758015666));
#10850=CARTESIAN_POINT('',(-29.3991699313326,-226.565260016203,-11.8486758015666));
#10851=CARTESIAN_POINT('',(-29.3991699313326,-230.565260016203,-11.8486758015666));
#10852=CARTESIAN_POINT('Origin',(-69.3990822557753,-230.565260016203,-13.1014782747812));
#10853=CARTESIAN_POINT('',(-74.3991698208875,-230.565260016203,-11.8518285873844));
#10854=CARTESIAN_POINT('',(-74.3990822435037,-230.565260016203,-13.1018285843165));
#10855=CARTESIAN_POINT('',(-69.3991698331592,-230.565260016203,-11.8514782778491));
#10856=CARTESIAN_POINT('',(-74.3991698208875,-230.565260016203,-11.8518285873844));
#10857=CARTESIAN_POINT('',(-69.3990822557753,-230.565260016203,-13.1014782747812));
#10858=CARTESIAN_POINT('Origin',(-69.3990822557753,-226.565260016203,-13.1014782747812));
#10859=CARTESIAN_POINT('',(-69.3991698331592,-226.565260016203,-11.8514782778491));
#10860=CARTESIAN_POINT('',(-69.3991698331592,-230.565260016203,-11.8514782778491));
#10861=CARTESIAN_POINT('',(-69.3990822557753,-226.565260016203,-13.1014782747812));
#10862=CARTESIAN_POINT('Origin',(-74.3990822435037,-230.565260016203,-13.1018285843165));
#10863=CARTESIAN_POINT('',(-74.3991698208875,-226.565260016203,-11.8518285873844));
#10864=CARTESIAN_POINT('',(-74.3990822435037,-226.565260016203,-13.1018285843165));
#10865=CARTESIAN_POINT('',(-74.3991698208875,-226.565260016203,-11.8518285873844));
#10866=CARTESIAN_POINT('Origin',(-71.8991698270233,-228.565260016203,-11.8516534326167));
#10867=CARTESIAN_POINT('',(-69.3991698331592,-226.565260016203,-11.8514782778491));
#10868=CARTESIAN_POINT('Origin',(-59.6009192801953,-230.565260016203,13.1188823304922));
#10869=CARTESIAN_POINT('',(-54.6008317150831,-230.565260016203,11.8692326430955));
#10870=CARTESIAN_POINT('',(-54.6009192924669,-230.565260016203,13.1192326400276));
#10871=CARTESIAN_POINT('',(-59.6008317028114,-230.565260016203,11.8688823335602));
#10872=CARTESIAN_POINT('',(-54.6008317150831,-230.565260016203,11.8692326430955));
#10873=CARTESIAN_POINT('',(-59.6009192801953,-230.565260016203,13.1188823304922));
#10874=CARTESIAN_POINT('Origin',(-59.6009192801953,-226.565260016203,13.1188823304922));
#10875=CARTESIAN_POINT('',(-59.6008317028114,-226.565260016203,11.8688823335602));
#10876=CARTESIAN_POINT('',(-59.6008317028114,-230.565260016203,11.8688823335602));
#10877=CARTESIAN_POINT('',(-59.6009192801953,-226.565260016203,13.1188823304922));
#10878=CARTESIAN_POINT('Origin',(-54.6009192924669,-230.565260016203,13.1192326400276));
#10879=CARTESIAN_POINT('',(-54.6008317150831,-226.565260016203,11.8692326430955));
#10880=CARTESIAN_POINT('',(-54.6009192924669,-226.565260016203,13.1192326400276));
#10881=CARTESIAN_POINT('',(-54.6008317150831,-226.565260016203,11.8692326430955));
#10882=CARTESIAN_POINT('Origin',(-57.1008317089473,-228.565260016203,11.8690574883278));
#10883=CARTESIAN_POINT('',(-59.6008317028114,-226.565260016203,11.8688823335602));
#10884=CARTESIAN_POINT('Origin',(-49.6009193047386,-230.565260016203,13.1195829495629));
#10885=CARTESIAN_POINT('',(-44.6008317396265,-230.565260016203,11.8699332621661));
#10886=CARTESIAN_POINT('',(-44.6009193170103,-230.565260016203,13.1199332590982));
#10887=CARTESIAN_POINT('',(-49.6008317273548,-230.565260016203,11.8695829526308));
#10888=CARTESIAN_POINT('',(-44.6008317396265,-230.565260016203,11.8699332621661));
#10889=CARTESIAN_POINT('',(-49.6009193047386,-230.565260016203,13.1195829495629));
#10890=CARTESIAN_POINT('Origin',(-49.6009193047386,-226.565260016203,13.1195829495629));
#10891=CARTESIAN_POINT('',(-49.6008317273548,-226.565260016203,11.8695829526308));
#10892=CARTESIAN_POINT('',(-49.6008317273548,-230.565260016203,11.8695829526308));
#10893=CARTESIAN_POINT('',(-49.6009193047386,-226.565260016203,13.1195829495629));
#10894=CARTESIAN_POINT('Origin',(-44.6009193170103,-230.565260016203,13.1199332590982));
#10895=CARTESIAN_POINT('',(-44.6008317396265,-226.565260016203,11.8699332621661));
#10896=CARTESIAN_POINT('',(-44.6009193170103,-226.565260016203,13.1199332590982));
#10897=CARTESIAN_POINT('',(-44.6008317396265,-226.565260016203,11.8699332621661));
#10898=CARTESIAN_POINT('Origin',(-47.1008317334906,-228.565260016203,11.8697581073985));
#10899=CARTESIAN_POINT('',(-49.6008317273548,-226.565260016203,11.8695829526308));
#10900=CARTESIAN_POINT('Origin',(-69.6009192556519,-230.565260016203,13.1181817114216));
#10901=CARTESIAN_POINT('',(-64.6008316905398,-230.565260016203,11.8685320240248));
#10902=CARTESIAN_POINT('',(-64.6009192679236,-230.565260016203,13.1185320209569));
#10903=CARTESIAN_POINT('',(-69.6008316782681,-230.565260016203,11.8681817144895));
#10904=CARTESIAN_POINT('',(-64.6008316905398,-230.565260016203,11.8685320240248));
#10905=CARTESIAN_POINT('',(-69.6009192556519,-230.565260016203,13.1181817114216));
#10906=CARTESIAN_POINT('Origin',(-69.6009192556519,-226.565260016203,13.1181817114216));
#10907=CARTESIAN_POINT('',(-69.6008316782681,-226.565260016203,11.8681817144895));
#10908=CARTESIAN_POINT('',(-69.6008316782681,-230.565260016203,11.8681817144895));
#10909=CARTESIAN_POINT('',(-69.6009192556519,-226.565260016203,13.1181817114216));
#10910=CARTESIAN_POINT('Origin',(-64.6009192679236,-230.565260016203,13.1185320209569));
#10911=CARTESIAN_POINT('',(-64.6008316905398,-226.565260016203,11.8685320240248));
#10912=CARTESIAN_POINT('',(-64.6009192679236,-226.565260016203,13.1185320209569));
#10913=CARTESIAN_POINT('',(-64.6008316905398,-226.565260016203,11.8685320240248));
#10914=CARTESIAN_POINT('Origin',(-67.1008316844039,-228.565260016203,11.8683568692572));
#10915=CARTESIAN_POINT('',(-69.6008316782681,-226.565260016203,11.8681817144895));
#10916=CARTESIAN_POINT('Origin',(-39.600919329282,-230.565260016203,13.1202835686335));
#10917=CARTESIAN_POINT('',(-34.6008317641698,-230.565260016203,11.8706338812368));
#10918=CARTESIAN_POINT('',(-34.6009193415536,-230.565260016203,13.1206338781689));
#10919=CARTESIAN_POINT('',(-39.6008317518981,-230.565260016203,11.8702835717015));
#10920=CARTESIAN_POINT('',(-34.6008317641698,-230.565260016203,11.8706338812368));
#10921=CARTESIAN_POINT('',(-39.600919329282,-230.565260016203,13.1202835686335));
#10922=CARTESIAN_POINT('Origin',(-39.600919329282,-226.565260016203,13.1202835686335));
#10923=CARTESIAN_POINT('',(-39.6008317518981,-226.565260016203,11.8702835717015));
#10924=CARTESIAN_POINT('',(-39.6008317518981,-230.565260016203,11.8702835717015));
#10925=CARTESIAN_POINT('',(-39.600919329282,-226.565260016203,13.1202835686335));
#10926=CARTESIAN_POINT('Origin',(-34.6009193415536,-230.565260016203,13.1206338781689));
#10927=CARTESIAN_POINT('',(-34.6008317641698,-226.565260016203,11.8706338812368));
#10928=CARTESIAN_POINT('',(-34.6009193415536,-226.565260016203,13.1206338781689));
#10929=CARTESIAN_POINT('',(-34.6008317641698,-226.565260016203,11.8706338812368));
#10930=CARTESIAN_POINT('Origin',(-37.100831758034,-228.565260016203,11.8704587264691));
#10931=CARTESIAN_POINT('',(-39.6008317518981,-226.565260016203,11.8702835717015));
#10932=CARTESIAN_POINT('Origin',(-79.6009192311086,-230.565260016203,13.117481092351));
#10933=CARTESIAN_POINT('',(-74.6008316659964,-230.565260016203,11.8678314049542));
#10934=CARTESIAN_POINT('',(-74.6009192433802,-230.565260016203,13.1178314018863));
#10935=CARTESIAN_POINT('',(-79.6008316537247,-230.565260016203,11.8674810954189));
#10936=CARTESIAN_POINT('',(-74.6008316659964,-230.565260016203,11.8678314049542));
#10937=CARTESIAN_POINT('',(-79.6009192311086,-230.565260016203,13.117481092351));
#10938=CARTESIAN_POINT('Origin',(-74.6009192433802,-230.565260016203,13.1178314018863));
#10939=CARTESIAN_POINT('',(-74.6008316659964,-226.565260016203,11.8678314049542));
#10940=CARTESIAN_POINT('',(-74.6009192433802,-226.565260016203,13.1178314018863));
#10941=CARTESIAN_POINT('',(-74.6008316659964,-226.565260016203,11.8678314049542));
#10942=CARTESIAN_POINT('Origin',(-77.1008316598606,-228.565260016203,11.8676562501865));
#10943=CARTESIAN_POINT('',(-79.6008316537247,-226.565260016203,11.8674810954189));
#10944=CARTESIAN_POINT('',(-79.6008316537247,-226.565260016203,11.8674810954189));
#10945=CARTESIAN_POINT('',(-79.6008316537247,-230.565260016203,11.8674810954189));
#10946=CARTESIAN_POINT('Origin',(-29.4009193543162,-234.565260016203,13.1209982000856));
#10947=CARTESIAN_POINT('',(-29.4009988025532,-226.565260016203,14.2549701418135));
#10948=CARTESIAN_POINT('Ctrl Pts',(-29.4009988025532,-234.565260016204,
14.2549701418135));
#10949=CARTESIAN_POINT('Ctrl Pts',(-29.4009988025532,-231.898593349537,
14.2549701418135));
#10950=CARTESIAN_POINT('Ctrl Pts',(-29.4009988025532,-229.23192668287,14.2549701418135));
#10951=CARTESIAN_POINT('Ctrl Pts',(-29.4009988025532,-226.565260016203,
14.2549701418135));
#10952=CARTESIAN_POINT('',(-29.4009988025532,-226.565260016203,14.2549701418135));
#10953=CARTESIAN_POINT('Origin',(-79.6011306422155,-234.565260016203,16.1349711279665));
#10954=CARTESIAN_POINT('',(-79.6011306422155,-234.565260016203,16.1349711279665));
#10955=CARTESIAN_POINT('',(-79.599970223733,-234.565260016203,-0.427787841171153));
#10956=CARTESIAN_POINT('',(-79.6011306422155,-226.565260016203,16.1349711279665));
#10957=CARTESIAN_POINT('',(-79.6009192311086,-226.565260016203,13.117481092351));
#10958=CARTESIAN_POINT('Ctrl Pts',(-79.6011306422155,-226.565260016203,
16.1349711279665));
#10959=CARTESIAN_POINT('Ctrl Pts',(-79.6011306422155,-229.23192668287,16.1349711279665));
#10960=CARTESIAN_POINT('Ctrl Pts',(-79.6011306422155,-231.898593349537,
16.1349711279665));
#10961=CARTESIAN_POINT('Ctrl Pts',(-79.6011306422155,-234.565260016203,
16.1349711279665));
#10962=CARTESIAN_POINT('Origin',(-54.5009378462624,-226.565260016203,14.9224615706353));
#10963=CARTESIAN_POINT('Ctrl Pts',(-29.4009988025796,-226.565260016203,
14.2549701418174));
#10964=CARTESIAN_POINT('Ctrl Pts',(-30.2508409904877,-226.565260016203,
14.3808014587286));
#10965=CARTESIAN_POINT('Ctrl Pts',(-31.1089735179093,-226.565260016204,
14.5002871947393));
#10966=CARTESIAN_POINT('Ctrl Pts',(-31.9748072112316,-226.565260016204,
14.6136804113716));
#10967=CARTESIAN_POINT('Ctrl Pts',(-32.8747781246285,-226.565260016204,
14.7315443817076));
#10968=CARTESIAN_POINT('Ctrl Pts',(-33.7830696152445,-226.565260016203,
14.8428270510466));
#10969=CARTESIAN_POINT('Ctrl Pts',(-34.6990762931509,-226.565260016203,
14.9477979521865));
#10970=CARTESIAN_POINT('Ctrl Pts',(-35.6407765351648,-226.565260016203,
15.0557132386054));
#10971=CARTESIAN_POINT('Ctrl Pts',(-36.5906309638902,-226.565260016203,
15.1569576596298));
#10972=CARTESIAN_POINT('Ctrl Pts',(-37.5480388339102,-226.565260016203,
15.2517990124183));
#10973=CARTESIAN_POINT('Ctrl Pts',(-38.5601244427672,-226.565260016203,
15.3520567722379));
#10974=CARTESIAN_POINT('Ctrl Pts',(-39.5806508012468,-226.565260016203,
15.4451592150173));
#10975=CARTESIAN_POINT('Ctrl Pts',(-40.6089646867494,-226.565260016203,
15.5313982105484));
#10976=CARTESIAN_POINT('Ctrl Pts',(-41.6869592308481,-226.565260016203,
15.6218036480143));
#10977=CARTESIAN_POINT('Ctrl Pts',(-42.7735125273233,-226.565260016203,
15.7046646369637));
#10978=CARTESIAN_POINT('Ctrl Pts',(-43.8679285950857,-226.565260016203,
15.7803073011855));
#10979=CARTESIAN_POINT('Ctrl Pts',(-44.9727943432755,-226.565260016203,
15.8566722150992));
#10980=CARTESIAN_POINT('Ctrl Pts',(-46.0856743620607,-226.565260016203,
15.9256821218173));
#10981=CARTESIAN_POINT('Ctrl Pts',(-47.2059037289022,-226.565260016203,
15.9876616340767));
#10982=CARTESIAN_POINT('Ctrl Pts',(-48.371082952869,-226.565260016203,16.0521281104375));
#10983=CARTESIAN_POINT('Ctrl Pts',(-49.5442131166703,-226.565260016203,
16.1089881698213));
#10984=CARTESIAN_POINT('Ctrl Pts',(-50.7245978270753,-226.565260016203,
16.1585820459514));
#10985=CARTESIAN_POINT('Ctrl Pts',(-51.9952214375522,-226.565260016203,
16.2119673104253));
#10986=CARTESIAN_POINT('Ctrl Pts',(-53.2742508584832,-226.565260016203,
16.2569325854139));
#10987=CARTESIAN_POINT('Ctrl Pts',(-54.560878415223,-226.565260016203,16.2938849560949));
#10988=CARTESIAN_POINT('Ctrl Pts',(-55.8779716987609,-226.565260016203,
16.3317123125663));
#10989=CARTESIAN_POINT('Ctrl Pts',(-57.2030275602133,-226.565260016203,
16.3611423880424));
#10990=CARTESIAN_POINT('Ctrl Pts',(-58.5352342930856,-226.565260016203,
16.3826093155874));
#10991=CARTESIAN_POINT('Ctrl Pts',(-59.8902353903498,-226.565260016203,
16.4044435472127));
#10992=CARTESIAN_POINT('Ctrl Pts',(-61.2526344500719,-226.565260016203,
16.4180415239525));
#10993=CARTESIAN_POINT('Ctrl Pts',(-62.6216280163699,-226.565260016203,
16.4238355108661));
#10994=CARTESIAN_POINT('Ctrl Pts',(-64.0832346321614,-226.565260016203,
16.4300214636809));
#10995=CARTESIAN_POINT('Ctrl Pts',(-65.5523587531303,-226.565260016203,
16.4273096876224));
#10996=CARTESIAN_POINT('Ctrl Pts',(-67.028073855481,-226.565260016203,16.4162087417988));
#10997=CARTESIAN_POINT('Ctrl Pts',(-68.5095992851674,-226.565260016203,
16.4050640882643));
#10998=CARTESIAN_POINT('Ctrl Pts',(-69.9977671921326,-226.565260016203,
16.3854650337753));
#10999=CARTESIAN_POINT('Ctrl Pts',(-71.4916916147104,-226.565260016203,
16.3579125229139));
#11000=CARTESIAN_POINT('Ctrl Pts',(-73.1432424461814,-226.565260016203,
16.3274529015739));
#11001=CARTESIAN_POINT('Ctrl Pts',(-74.8018304120994,-226.565260016203,
16.2872719023401));
#11002=CARTESIAN_POINT('Ctrl Pts',(-76.4663176386408,-226.565260016203,
16.2380283507373));
#11003=CARTESIAN_POINT('Ctrl Pts',(-77.5090295564068,-226.565260016203,
16.20717990846));
#11004=CARTESIAN_POINT('Ctrl Pts',(-78.5540574069492,-226.565260016203,
16.1727753331668));
#11005=CARTESIAN_POINT('Ctrl Pts',(-79.6011306422283,-226.565260016203,
16.134971127966));
#11006=CARTESIAN_POINT('Origin',(-29.3990013624835,-234.565260016203,-14.2546743782716));
#11007=CARTESIAN_POINT('',(-29.3990013624835,-226.565260016203,-14.2546743782716));
#11008=CARTESIAN_POINT('',(-29.3990823539488,-226.565260016203,-13.0986757984987));
#11009=CARTESIAN_POINT('Ctrl Pts',(-29.3990013624835,-226.565260016203,
-14.2546743782716));
#11010=CARTESIAN_POINT('Ctrl Pts',(-29.3990013624835,-229.23192668287,-14.2546743782716));
#11011=CARTESIAN_POINT('Ctrl Pts',(-29.3990013624835,-231.898593349537,
-14.2546743782716));
#11012=CARTESIAN_POINT('Ctrl Pts',(-29.3990013624835,-234.565260016204,
-14.2546743782716));
#11013=CARTESIAN_POINT('Origin',(-79.5990822307411,-234.565260016203,-13.1021929062332));
#11014=CARTESIAN_POINT('',(-79.598869742796,-234.565260016203,-16.1350527518021));
#11015=CARTESIAN_POINT('',(-79.5989460179959,-234.565260016203,-15.0463698582711));
#11016=CARTESIAN_POINT('',(-79.598869742796,-226.565260016203,-16.1350527518021));
#11017=CARTESIAN_POINT('Ctrl Pts',(-79.598869742796,-234.565260016204,-16.1350527518021));
#11018=CARTESIAN_POINT('Ctrl Pts',(-79.598869742796,-231.898593349537,-16.1350527518021));
#11019=CARTESIAN_POINT('Ctrl Pts',(-79.598869742796,-229.23192668287,-16.1350527518021));
#11020=CARTESIAN_POINT('Ctrl Pts',(-79.598869742796,-226.565260016203,-16.1350527518021));
#11021=CARTESIAN_POINT('',(-79.598869742796,-226.565260016203,-16.1350527518021));
#11022=CARTESIAN_POINT('Origin',(-54.4989355526396,-226.565260016203,-14.7901508386932));
#11023=CARTESIAN_POINT('Ctrl Pts',(-79.5988697428091,-226.565260016203,
-16.1350527518017));
#11024=CARTESIAN_POINT('Ctrl Pts',(-77.9506386781996,-226.565260016203,
-16.1945540079724));
#11025=CARTESIAN_POINT('Ctrl Pts',(-76.3074741484445,-226.565260016203,
-16.245633075881));
#11026=CARTESIAN_POINT('Ctrl Pts',(-74.6704395749309,-226.565260016203,
-16.2876718601862));
#11027=CARTESIAN_POINT('Ctrl Pts',(-73.0950778650924,-226.565260016203,
-16.3281268952809));
#11028=CARTESIAN_POINT('Ctrl Pts',(-71.5253930263427,-226.565260016203,
-16.360208347619));
#11029=CARTESIAN_POINT('Ctrl Pts',(-69.9623711527812,-226.565260016203,
-16.3833497432523));
#11030=CARTESIAN_POINT('Ctrl Pts',(-68.4866742395205,-226.565260016203,
-16.4051982449798));
#11031=CARTESIAN_POINT('Ctrl Pts',(-67.0169158357364,-226.565260016203,
-16.4190781214214));
#11032=CARTESIAN_POINT('Ctrl Pts',(-65.553974470893,-226.565260016203,-16.4244966615248));
#11033=CARTESIAN_POINT('Ctrl Pts',(-64.077604222445,-226.565260016203,-16.4299649404258));
#11034=CARTESIAN_POINT('Ctrl Pts',(-62.6081769889451,-226.565260016203,
-16.4268151965132));
#11035=CARTESIAN_POINT('Ctrl Pts',(-61.1466452452793,-226.565260016203,
-16.4145310402625));
#11036=CARTESIAN_POINT('Ctrl Pts',(-59.8216367821137,-226.565260016203,
-16.4033943604978));
#11037=CARTESIAN_POINT('Ctrl Pts',(-58.5031174606234,-226.565260016203,
-16.3847516049746));
#11038=CARTESIAN_POINT('Ctrl Pts',(-57.1918391373017,-226.565260016203,
-16.3581966708992));
#11039=CARTESIAN_POINT('Ctrl Pts',(-55.9095964540922,-226.565260016203,
-16.3322297428141));
#11040=CARTESIAN_POINT('Ctrl Pts',(-54.6342772587375,-226.565260016203,
-16.298694864965));
#11041=CARTESIAN_POINT('Ctrl Pts',(-53.3666286659598,-226.565260016203,
-16.2572001299361));
#11042=CARTESIAN_POINT('Ctrl Pts',(-52.1665917166728,-226.565260016203,
-16.2179185691633));
#11043=CARTESIAN_POINT('Ctrl Pts',(-50.9734284514755,-226.565260016203,
-16.1715046973307));
#11044=CARTESIAN_POINT('Ctrl Pts',(-49.7878153114352,-226.565260016203,
-16.1176213322568));
#11045=CARTESIAN_POINT('Ctrl Pts',(-48.6473075408197,-226.565260016203,
-16.0657879015211));
#11046=CARTESIAN_POINT('Ctrl Pts',(-47.5137864039609,-226.565260016203,
-16.0070429288423));
#11047=CARTESIAN_POINT('Ctrl Pts',(-46.3878978261451,-226.565260016203,
-15.9410718291108));
#11048=CARTESIAN_POINT('Ctrl Pts',(-45.2720092083163,-226.565260016203,
-15.8756866740017));
#11049=CARTESIAN_POINT('Ctrl Pts',(-44.16361807376,-226.565260016203,-15.803203138272));
#11050=CARTESIAN_POINT('Ctrl Pts',(-43.0633995518916,-226.565260016203,
-15.7232920076373));
#11051=CARTESIAN_POINT('Ctrl Pts',(-41.9826415104437,-226.565260016203,
-15.6447943316593));
#11052=CARTESIAN_POINT('Ctrl Pts',(-40.9097692486335,-226.565260016203,
-15.5591283979426));
#11053=CARTESIAN_POINT('Ctrl Pts',(-39.8454727006118,-226.565260016203,
-15.465976404373));
#11054=CARTESIAN_POINT('Ctrl Pts',(-38.8787015328402,-226.565260016203,
-15.3813602682305));
#11055=CARTESIAN_POINT('Ctrl Pts',(-37.9190062447587,-226.565260016203,
-15.290568651888));
#11056=CARTESIAN_POINT('Ctrl Pts',(-36.9669462758702,-226.565260016203,
-15.1933517971074));
#11057=CARTESIAN_POINT('Ctrl Pts',(-36.055620706742,-226.565260016203,-15.1002944179433));
#11058=CARTESIAN_POINT('Ctrl Pts',(-35.1512907649479,-226.565260016203,
-15.0013500001426));
#11059=CARTESIAN_POINT('Ctrl Pts',(-34.2544880192762,-226.565260016203,
-14.8962816445493));
#11060=CARTESIAN_POINT('Ctrl Pts',(-33.3703025937273,-226.565260016203,
-14.7926915193513));
#11061=CARTESIAN_POINT('Ctrl Pts',(-32.4934340388964,-226.565260016203,
-14.6831484978401));
#11062=CARTESIAN_POINT('Ctrl Pts',(-31.6244384303192,-226.565260016203,
-14.5674052413318));
#11063=CARTESIAN_POINT('Ctrl Pts',(-30.8766677146829,-226.565260016203,
-14.4678081698449));
#11064=CARTESIAN_POINT('Ctrl Pts',(-30.1347271717774,-226.565260016203,
-14.3636194048313));
#11065=CARTESIAN_POINT('Ctrl Pts',(-29.3990013625092,-226.565260016203,
-14.2546743782754));
#11066=CARTESIAN_POINT('Origin',(-214.525031296466,-234.565260016203,-16.9999999987226));
#11067=CARTESIAN_POINT('',(-123.896223609663,-234.565260016204,12.9531823399021));
#11068=CARTESIAN_POINT('Ctrl Pts',(-79.6011306422155,-234.565260016204,
16.1349711279665));
#11069=CARTESIAN_POINT('Ctrl Pts',(-81.4382010549837,-234.565260016204,
16.0686443568175));
#11070=CARTESIAN_POINT('Ctrl Pts',(-83.2815644991224,-234.565260016204,
15.9918533206867));
#11071=CARTESIAN_POINT('Ctrl Pts',(-85.1298110498404,-234.565260016204,
15.9053981325397));
#11072=CARTESIAN_POINT('Ctrl Pts',(-86.9595637147055,-234.565260016204,
15.8198080304822));
#11073=CARTESIAN_POINT('Ctrl Pts',(-88.7941035058554,-234.565260016204,
15.7247478975296));
#11074=CARTESIAN_POINT('Ctrl Pts',(-90.6321095941067,-234.565260016204,
15.6209813390146));
#11075=CARTESIAN_POINT('Ctrl Pts',(-92.4591075749493,-234.565260016204,
15.5178362547314));
#11076=CARTESIAN_POINT('Ctrl Pts',(-94.2895305363834,-234.565260016204,
15.4060894241009));
#11077=CARTESIAN_POINT('Ctrl Pts',(-96.1221153493914,-234.565260016204,
15.2864513326446));
#11078=CARTESIAN_POINT('Ctrl Pts',(-98.1789064796065,-234.565260016204,
15.152176201913));
#11079=CARTESIAN_POINT('Ctrl Pts',(-100.238421572565,-234.565260016204,
15.0079595875816));
#11080=CARTESIAN_POINT('Ctrl Pts',(-102.298917081606,-234.565260016204,
14.85475064301));
#11081=CARTESIAN_POINT('Ctrl Pts',(-104.277317035227,-234.565260016204,
14.7076459453753));
#11082=CARTESIAN_POINT('Ctrl Pts',(-106.25662356895,-234.565260016204,14.5522518210343));
#11083=CARTESIAN_POINT('Ctrl Pts',(-108.235303362757,-234.565260016204,
14.3893666056267));
#11084=CARTESIAN_POINT('Ctrl Pts',(-110.312672847612,-234.565260016204,
14.2183572401491));
#11085=CARTESIAN_POINT('Ctrl Pts',(-112.389350161183,-234.565260016204,
14.0390915842527));
#11086=CARTESIAN_POINT('Ctrl Pts',(-114.463569872994,-234.565260016204,
13.8524316659803));
#11087=CARTESIAN_POINT('Ctrl Pts',(-116.187683242831,-234.565260016204,
13.6972779670382));
#11088=CARTESIAN_POINT('Ctrl Pts',(-117.910100000299,-234.565260016204,
13.5370144909449));
#11089=CARTESIAN_POINT('Ctrl Pts',(-119.629810584721,-234.565260016204,
13.3721232717533));
#11090=CARTESIAN_POINT('Ctrl Pts',(-121.054002098148,-234.565260016204,
13.2355673435996));
#11091=CARTESIAN_POINT('Ctrl Pts',(-122.47633765879,-234.565260016204,13.0958374316939));
#11092=CARTESIAN_POINT('Ctrl Pts',(-123.896223609663,-234.565260016204,
12.9531823399021));
#11093=CARTESIAN_POINT('',(-123.894408547568,-234.565260016203,-12.9533646964149));
#11094=CARTESIAN_POINT('Origin',(-134.904980185443,-234.565260016204,-0.000862536321777467));
#11095=CARTESIAN_POINT('Ctrl Pts',(-123.894408547568,-234.565260016204,
-12.9533646964149));
#11096=CARTESIAN_POINT('Ctrl Pts',(-122.23441191721,-234.565260016204,-13.1201404035074));
#11097=CARTESIAN_POINT('Ctrl Pts',(-120.571068321156,-234.565260016204,
-13.2829188361157));
#11098=CARTESIAN_POINT('Ctrl Pts',(-118.905323722296,-234.565260016204,
-13.4412991361323));
#11099=CARTESIAN_POINT('Ctrl Pts',(-116.520452499979,-234.565260016204,
-13.6680545582722));
#11100=CARTESIAN_POINT('Ctrl Pts',(-114.130654611434,-234.565260016204,
-13.885791154758));
#11101=CARTESIAN_POINT('Ctrl Pts',(-111.738617405747,-234.565260016204,
-14.0932145492119));
#11102=CARTESIAN_POINT('Ctrl Pts',(-109.776350468227,-234.565260016204,
-14.2633707942892));
#11103=CARTESIAN_POINT('Ctrl Pts',(-107.812576760222,-234.565260016203,
-14.426590420322));
#11104=CARTESIAN_POINT('Ctrl Pts',(-105.848792217486,-234.565260016203,
-14.5821233796159));
#11105=CARTESIAN_POINT('Ctrl Pts',(-103.764623939731,-234.565260016203,
-14.7471908057268));
#11106=CARTESIAN_POINT('Ctrl Pts',(-101.680444312458,-234.565260016204,
-14.9035996883696));
#11107=CARTESIAN_POINT('Ctrl Pts',(-99.5980440385014,-234.565260016204,
-15.0503950773379));
#11108=CARTESIAN_POINT('Ctrl Pts',(-97.7544287281131,-234.565260016204,
-15.1803577122747));
#11109=CARTESIAN_POINT('Ctrl Pts',(-95.9122068608104,-234.565260016203,
-15.3027845511578));
#11110=CARTESIAN_POINT('Ctrl Pts',(-94.0726395973573,-234.565260016203,
-15.4169816075826));
#11111=CARTESIAN_POINT('Ctrl Pts',(-92.2394945216884,-234.565260016203,
-15.5307799860383));
#11112=CARTESIAN_POINT('Ctrl Pts',(-90.408985173496,-234.565260016204,-15.6364062379116));
#11113=CARTESIAN_POINT('Ctrl Pts',(-88.5823922611754,-234.565260016204,
-15.733131070015));
#11114=CARTESIAN_POINT('Ctrl Pts',(-86.7465051485108,-234.565260016204,
-15.8303480643083));
#11115=CARTESIAN_POINT('Ctrl Pts',(-84.914573724032,-234.565260016204,-15.9185711103391));
#11116=CARTESIAN_POINT('Ctrl Pts',(-83.0879354985458,-234.565260016204,
-15.9970272328643));
#11117=CARTESIAN_POINT('Ctrl Pts',(-81.922639132837,-234.565260016204,-16.0470779945152));
#11118=CARTESIAN_POINT('Ctrl Pts',(-80.7594978254989,-234.565260016204,
-16.0931539972218));
#11119=CARTESIAN_POINT('Ctrl Pts',(-79.598869742796,-234.565260016204,-16.1350527518021));
#11120=CARTESIAN_POINT('Origin',(-60.3626348226285,-219.712517313851,16.499999981585));
#11121=CARTESIAN_POINT('',(-60.3626348231395,-219.712517313851,12.499999981585));
#11122=CARTESIAN_POINT('',(-57.4471348231396,-224.762311443318,12.4999999812126));
#11123=CARTESIAN_POINT('',(-57.4471348231396,-224.762311443318,12.4999999812126));
#11124=CARTESIAN_POINT('',(-60.3626348226404,-219.712517313851,16.4070540129454));
#11125=CARTESIAN_POINT('',(-60.3626348226285,-219.712517313851,16.499999981585));
#11126=CARTESIAN_POINT('',(-57.4471348226461,-224.762311443318,16.3632650474712));
#11127=CARTESIAN_POINT('Ctrl Pts',(-60.3626348226404,-219.712517313851,
16.4070540129454));
#11128=CARTESIAN_POINT('Ctrl Pts',(-59.3909340385605,-221.395552798127,
16.3966811327885));
#11129=CARTESIAN_POINT('Ctrl Pts',(-58.4188072264698,-223.079325813985,
16.3821694208585));
#11130=CARTESIAN_POINT('Ctrl Pts',(-57.4471348226461,-224.762311443318,
16.3632650474712));
#11131=CARTESIAN_POINT('',(-57.4471348226287,-224.762311443318,16.4999999812126));
#11132=CARTESIAN_POINT('Origin',(-51.6161348226286,-224.762311443318,16.4999999804678));
#11133=CARTESIAN_POINT('',(-51.6161348226676,-224.762311443318,16.1946101577896));
#11134=CARTESIAN_POINT('',(-48.700634822684,-219.712517313851,16.0660018760573));
#11135=CARTESIAN_POINT('Ctrl Pts',(-51.6161348226676,-224.762311443318,
16.1946101577896));
#11136=CARTESIAN_POINT('Ctrl Pts',(-50.6444182312815,-223.079248198009,
16.1568893686842));
#11137=CARTESIAN_POINT('Ctrl Pts',(-49.6722379109639,-221.395382504884,
16.1141260550823));
#11138=CARTESIAN_POINT('Ctrl Pts',(-48.700634822684,-219.712517313851,16.0660018760573));
#11139=CARTESIAN_POINT('',(-48.7006348231395,-219.712517313851,12.4999999800953));
#11140=CARTESIAN_POINT('',(-48.7006348226285,-219.712517313851,16.4999999800953));
#11141=CARTESIAN_POINT('',(-51.6161348231396,-224.762311443318,12.4999999804678));
#11142=CARTESIAN_POINT('',(-48.7006348231395,-219.712517313851,12.4999999800953));
#11143=CARTESIAN_POINT('',(-51.6161348226286,-224.762311443318,16.4999999804678));
#11144=CARTESIAN_POINT('Origin',(-54.5316348231395,-219.712517313851,12.4999999808402));
#11145=CARTESIAN_POINT('',(-51.6161348231392,-214.662723184384,12.4999999804678));
#11146=CARTESIAN_POINT('',(-51.6161348231387,-214.662723184384,12.4999999804678));
#11147=CARTESIAN_POINT('',(-57.4471348231393,-214.662723184384,12.4999999812126));
#11148=CARTESIAN_POINT('',(-57.4471348231393,-214.662723184384,12.4999999812126));
#11149=CARTESIAN_POINT('',(-60.3626348231395,-219.712517313851,12.499999981585));
#11150=CARTESIAN_POINT('',(-51.6161348231396,-224.762311443318,12.4999999804678));
#11151=CARTESIAN_POINT('',(-54.5271392497099,-216.462373838201,12.4999999808396));
#11152=CARTESIAN_POINT('Origin',(-54.5271392497099,-219.712373838201,12.4999999808396));
#11153=CARTESIAN_POINT('Origin',(-54.4999998662387,-201.365260016204,-0.00381837393500728));
#11154=CARTESIAN_POINT('',(-71.3390534183651,-201.365260016204,-0.00499815014292415));
#11155=CARTESIAN_POINT('',(-37.6609463141124,-201.365260016204,-0.00263859772709263));
#11156=CARTESIAN_POINT('Ctrl Pts',(-71.3390534183651,-201.365260016204,
-0.0049981501429212));
#11157=CARTESIAN_POINT('Ctrl Pts',(-70.9885677787426,-201.365260016204,
-0.226173393125978));
#11158=CARTESIAN_POINT('Ctrl Pts',(-70.2616660554218,-201.365260016204,
-0.626462547113067));
#11159=CARTESIAN_POINT('Ctrl Pts',(-68.7494447982694,-201.365260016204,
-1.31030361745974));
#11160=CARTESIAN_POINT('Ctrl Pts',(-65.9996291209768,-201.365260016204,
-2.26296261661962));
#11161=CARTESIAN_POINT('Ctrl Pts',(-61.9485818930275,-201.365260016204,
-3.13648829004711));
#11162=CARTESIAN_POINT('Ctrl Pts',(-55.3372693574767,-201.365260016203,
-3.78269041522386));
#11163=CARTESIAN_POINT('Ctrl Pts',(-48.6865874638657,-201.365260016204,
-3.47725920780233));
#11164=CARTESIAN_POINT('Ctrl Pts',(-42.9915534891058,-201.365260016203,
-2.26218412552836));
#11165=CARTESIAN_POINT('Ctrl Pts',(-40.2518655636771,-201.365260016204,
-1.30837530403858));
#11166=CARTESIAN_POINT('Ctrl Pts',(-38.7385700389987,-201.365260016203,
-0.6247654043429));
#11167=CARTESIAN_POINT('Ctrl Pts',(-38.0114943412723,-201.365260016204,
-0.223921897839091));
#11168=CARTESIAN_POINT('Ctrl Pts',(-37.6609463141123,-201.365260016204,
-0.00263859772708634));
#11169=CARTESIAN_POINT('Ctrl Pts',(-37.6609463141124,-201.365260016204,
-0.00263859772709225));
#11170=CARTESIAN_POINT('Ctrl Pts',(-38.0100090313623,-201.365260016204,
0.217638704895719));
#11171=CARTESIAN_POINT('Ctrl Pts',(-38.733023646394,-201.365260016203,0.616402431969246));
#11172=CARTESIAN_POINT('Ctrl Pts',(-40.2441470817383,-201.365260016204,
1.29981591597165));
#11173=CARTESIAN_POINT('Ctrl Pts',(-42.9916537009728,-201.365260016204,
2.25617669458817));
#11174=CARTESIAN_POINT('Ctrl Pts',(-48.6636559836093,-201.365260016204,
3.46600664687834));
#11175=CARTESIAN_POINT('Ctrl Pts',(-55.3367598516234,-201.365260016204,
3.77696172680487));
#11176=CARTESIAN_POINT('Ctrl Pts',(-61.9475566646802,-201.365260016204,
3.12694061345631));
#11177=CARTESIAN_POINT('Ctrl Pts',(-66.0260259579242,-201.365260016204,
2.24801993860495));
#11178=CARTESIAN_POINT('Ctrl Pts',(-68.7519200444735,-201.365260016204,
1.29941674460741));
#11179=CARTESIAN_POINT('Ctrl Pts',(-70.2642698706289,-201.365260016204,
0.615685221119341));
#11180=CARTESIAN_POINT('Ctrl Pts',(-70.9898351699544,-201.365260016204,
0.215445727672374));
#11181=CARTESIAN_POINT('Ctrl Pts',(-71.3390534183651,-201.365260016204,
-0.00499815014292267));
#11182=CARTESIAN_POINT('Ctrl Pts',(-33.7917997318807,-208.615260016204,
6.12860962145347));
#11183=CARTESIAN_POINT('Ctrl Pts',(-34.3920795893072,-208.615260016204,
6.50741841791983));
#11184=CARTESIAN_POINT('Ctrl Pts',(-35.5087467226466,-208.615260016203,
7.11821247436355));
#11185=CARTESIAN_POINT('Ctrl Pts',(-37.6213595629712,-208.615260016203,
8.07063547484745));
#11186=CARTESIAN_POINT('Ctrl Pts',(-41.1369876749193,-208.615260016203,
9.28530746865126));
#11187=CARTESIAN_POINT('Ctrl Pts',(-47.8682175771026,-208.615260016204,
10.7038632634531));
#11188=CARTESIAN_POINT('Ctrl Pts',(-55.4356454807935,-208.615260016204,
11.0520068597335));
#11189=CARTESIAN_POINT('Ctrl Pts',(-63.0437277929265,-208.615260016204,
10.3086468742968));
#11190=CARTESIAN_POINT('Ctrl Pts',(-67.8856796245732,-208.615260016204,
9.27466280732437));
#11191=CARTESIAN_POINT('Ctrl Pts',(-71.3746142749035,-208.615260016204,
8.07036828200892));
#11192=CARTESIAN_POINT('Ctrl Pts',(-73.4879472540762,-208.615260016204,
7.11775564027328));
#11193=CARTESIAN_POINT('Ctrl Pts',(-74.6085117736014,-208.615260016204,
6.50480310352121));
#11194=CARTESIAN_POINT('Ctrl Pts',(-75.2090590964958,-208.615260016204,
6.12570784926989));
#11195=CARTESIAN_POINT('Ctrl Pts',(-33.7917997318807,-207.530662552464,
6.12860962145347));
#11196=CARTESIAN_POINT('Ctrl Pts',(-34.3921217418821,-207.530662552464,
6.50744501845619));
#11197=CARTESIAN_POINT('Ctrl Pts',(-35.5088247067202,-207.530662552464,
7.11826262563544));
#11198=CARTESIAN_POINT('Ctrl Pts',(-37.6215057079526,-207.530662552464,
8.07071893849798));
#11199=CARTESIAN_POINT('Ctrl Pts',(-41.1371461679302,-207.530662552464,
9.28539364345021));
#11200=CARTESIAN_POINT('Ctrl Pts',(-47.8683374149774,-207.530662552464,
10.703929496926));
#11201=CARTESIAN_POINT('Ctrl Pts',(-55.4355796901344,-207.530662552464,
11.0520536967232));
#11202=CARTESIAN_POINT('Ctrl Pts',(-63.0436298204525,-207.530662552464,
10.3087115052884));
#11203=CARTESIAN_POINT('Ctrl Pts',(-67.8855317250313,-207.530662552464,
9.27474400648297));
#11204=CARTESIAN_POINT('Ctrl Pts',(-71.3744711805552,-207.530662552464,
8.0704509480577));
#11205=CARTESIAN_POINT('Ctrl Pts',(-73.4878703819728,-207.530662552464,
7.11780537153948));
#11206=CARTESIAN_POINT('Ctrl Pts',(-74.6084696022446,-207.530662552464,
6.50482972417308));
#11207=CARTESIAN_POINT('Ctrl Pts',(-75.2090590964958,-207.530662552464,
6.12570784926989));
#11208=CARTESIAN_POINT('Ctrl Pts',(-34.0569049394254,-205.367316815126,
5.70851030572352));
#11209=CARTESIAN_POINT('Ctrl Pts',(-34.6400244868449,-205.367316815126,
6.07649002588431));
#11210=CARTESIAN_POINT('Ctrl Pts',(-35.7297640828203,-205.367316815126,
6.67278558625182));
#11211=CARTESIAN_POINT('Ctrl Pts',(-37.8012491532614,-205.367316815126,
7.60681816821846));
#11212=CARTESIAN_POINT('Ctrl Pts',(-41.2642626966855,-205.367316815126,
8.803794637588));
#11213=CARTESIAN_POINT('Ctrl Pts',(-47.9228685439025,-205.367316815126,
10.2080241607908));
#11214=CARTESIAN_POINT('Ctrl Pts',(-55.4287880844681,-205.367316815126,
10.5535955155068));
#11215=CARTESIAN_POINT('Ctrl Pts',(-62.9684985420077,-205.367316815126,
9.81665307080915));
#11216=CARTESIAN_POINT('Ctrl Pts',(-67.7580760604715,-205.367316815126,
8.79331424223588));
#11217=CARTESIAN_POINT('Ctrl Pts',(-71.1947348776375,-205.367316815126,
7.60654093868938));
#11218=CARTESIAN_POINT('Ctrl Pts',(-73.2669723585785,-205.367316815126,
6.67231038840151));
#11219=CARTESIAN_POINT('Ctrl Pts',(-74.3605156588322,-205.367316815126,
6.07390367414163));
#11220=CARTESIAN_POINT('Ctrl Pts',(-74.9438950256353,-205.367316815126,
5.70564568521693));
#11221=CARTESIAN_POINT('Ctrl Pts',(-35.350948827796,-202.315946381949,3.65790195644325));
#11222=CARTESIAN_POINT('Ctrl Pts',(-35.850007752228,-202.315946381949,3.97283491344829));
#11223=CARTESIAN_POINT('Ctrl Pts',(-36.8080550050699,-202.315946381949,
4.49819385042808));
#11224=CARTESIAN_POINT('Ctrl Pts',(-38.6783051708818,-202.315946381949,
5.34222361588023));
#11225=CARTESIAN_POINT('Ctrl Pts',(-41.8844070532481,-202.315946381949,
6.45280477002582));
#11226=CARTESIAN_POINT('Ctrl Pts',(-48.1887892631517,-202.315946381949,
7.78724469359607));
#11227=CARTESIAN_POINT('Ctrl Pts',(-55.3957788647337,-202.315946381949,
8.12039692980191));
#11228=CARTESIAN_POINT('Ctrl Pts',(-62.6019761260892,-202.315946381949,
7.41465474478383));
#11229=CARTESIAN_POINT('Ctrl Pts',(-67.1362533884487,-202.315946381949,
6.44316124530126));
#11230=CARTESIAN_POINT('Ctrl Pts',(-70.3177071263358,-202.315946381949,
5.34190301301448));
#11231=CARTESIAN_POINT('Ctrl Pts',(-72.1888808842801,-202.315946381949,
4.49763197301374));
#11232=CARTESIAN_POINT('Ctrl Pts',(-73.1502825218105,-202.315946381949,
3.97038979387934));
#11233=CARTESIAN_POINT('Ctrl Pts',(-73.6495638109064,-202.315946381949,
3.65521868243303));
#11234=CARTESIAN_POINT('Ctrl Pts',(-36.7927118513694,-201.365260016204,
1.37321028532385));
#11235=CARTESIAN_POINT('Ctrl Pts',(-37.1982177828225,-201.365260016204,
1.62910628442045));
#11236=CARTESIAN_POINT('Ctrl Pts',(-38.0096275062173,-201.365260016203,
2.07548873808291));
#11237=CARTESIAN_POINT('Ctrl Pts',(-39.6558383941064,-201.365260016204,
2.81932330977379));
#11238=CARTESIAN_POINT('Ctrl Pts',(-42.5757316431764,-201.365260016204,
3.83365350589168));
#11239=CARTESIAN_POINT('Ctrl Pts',(-48.4853596542447,-201.365260016204,
5.09028820850083));
#11240=CARTESIAN_POINT('Ctrl Pts',(-55.3588401376981,-201.365260016204,
5.40955606039475));
#11241=CARTESIAN_POINT('Ctrl Pts',(-62.1933736834244,-201.365260016204,
4.73861939522665));
#11242=CARTESIAN_POINT('Ctrl Pts',(-66.4430848867595,-201.365260016204,
3.82493017659557));
#11243=CARTESIAN_POINT('Ctrl Pts',(-69.3402128801417,-201.365260016204,
2.81895242563839));
#11244=CARTESIAN_POINT('Ctrl Pts',(-70.9875333266498,-201.365260016204,
2.07482925597571));
#11245=CARTESIAN_POINT('Ctrl Pts',(-71.8017940498756,-201.365260016204,
1.62681856846596));
#11246=CARTESIAN_POINT('Ctrl Pts',(-72.207480661777,-201.365260016204,1.37072905907666));
#11247=CARTESIAN_POINT('Ctrl Pts',(-37.6609463141124,-201.365260016204,
-0.00263859772709225));
#11248=CARTESIAN_POINT('Ctrl Pts',(-38.0100090313623,-201.365260016204,
0.217638704895719));
#11249=CARTESIAN_POINT('Ctrl Pts',(-38.733023646394,-201.365260016203,0.616402431969246));
#11250=CARTESIAN_POINT('Ctrl Pts',(-40.2441470817383,-201.365260016204,
1.29981591597165));
#11251=CARTESIAN_POINT('Ctrl Pts',(-42.9916537009728,-201.365260016204,
2.25617669458817));
#11252=CARTESIAN_POINT('Ctrl Pts',(-48.6636559836093,-201.365260016204,
3.46600664687834));
#11253=CARTESIAN_POINT('Ctrl Pts',(-55.3367598516234,-201.365260016204,
3.77696172680487));
#11254=CARTESIAN_POINT('Ctrl Pts',(-61.9475566646802,-201.365260016204,
3.12694061345631));
#11255=CARTESIAN_POINT('Ctrl Pts',(-66.0260259579242,-201.365260016204,
2.24801993860495));
#11256=CARTESIAN_POINT('Ctrl Pts',(-68.7519200444735,-201.365260016204,
1.29941674460741));
#11257=CARTESIAN_POINT('Ctrl Pts',(-70.2642698706289,-201.365260016204,
0.615685221119341));
#11258=CARTESIAN_POINT('Ctrl Pts',(-70.9898351699544,-201.365260016204,
0.215445727672374));
#11259=CARTESIAN_POINT('Ctrl Pts',(-71.3390534183651,-201.365260016204,
-0.00499815014292267));
#11260=CARTESIAN_POINT('Ctrl Pts',(-33.7917997318807,-208.615260016204,
6.12860962145347));
#11261=CARTESIAN_POINT('Ctrl Pts',(-33.7917997318807,-207.530662552464,
6.12860962145347));
#11262=CARTESIAN_POINT('Ctrl Pts',(-34.0569049394254,-205.367316815126,
5.70851030572352));
#11263=CARTESIAN_POINT('Ctrl Pts',(-35.350948827796,-202.315946381949,3.65790195644325));
#11264=CARTESIAN_POINT('Ctrl Pts',(-36.7927118513694,-201.365260016204,
1.37321028532385));
#11265=CARTESIAN_POINT('Ctrl Pts',(-37.6609463141124,-201.365260016204,
-0.00263859772709225));
#11266=CARTESIAN_POINT('Ctrl Pts',(-71.3390534183651,-201.365260016204,
-0.00499815014292267));
#11267=CARTESIAN_POINT('Ctrl Pts',(-72.207480661777,-201.365260016204,1.37072905907666));
#11268=CARTESIAN_POINT('Ctrl Pts',(-73.6495638109064,-202.315946381949,
3.65521868243303));
#11269=CARTESIAN_POINT('Ctrl Pts',(-74.9438950256353,-205.367316815126,
5.70564568521693));
#11270=CARTESIAN_POINT('Ctrl Pts',(-75.2090590964958,-207.530662552464,
6.12570784926989));
#11271=CARTESIAN_POINT('Ctrl Pts',(-75.2090590964958,-208.615260016204,
6.12570784926989));
#11272=CARTESIAN_POINT('Origin',(-57.4471348226287,-224.762311443318,16.4999999812126));
#11273=CARTESIAN_POINT('Ctrl Pts',(-57.4471348226461,-224.762311443318,
16.3632650474712));
#11274=CARTESIAN_POINT('Ctrl Pts',(-56.1391745235389,-224.762311443318,
16.3378180246138));
#11275=CARTESIAN_POINT('Ctrl Pts',(-54.838357998979,-224.762311443318,16.3045347008151));
#11276=CARTESIAN_POINT('Ctrl Pts',(-53.5454737251553,-224.762311443318,
16.2629999720062));
#11277=CARTESIAN_POINT('Ctrl Pts',(-52.9003507658905,-224.762311443318,
16.2422749870219));
#11278=CARTESIAN_POINT('Ctrl Pts',(-52.2572035293091,-224.762311443318,
16.2194956209993));
#11279=CARTESIAN_POINT('Ctrl Pts',(-51.6161348226676,-224.762311443318,
16.1946101577896));
#11280=CARTESIAN_POINT('Origin',(-48.7006348226285,-219.712517313851,16.4999999800953));
#11281=CARTESIAN_POINT('',(-51.6161348226673,-214.662723184384,16.1946101577895));
#11282=CARTESIAN_POINT('Ctrl Pts',(-48.700634822684,-219.712517313851,16.0660018760573));
#11283=CARTESIAN_POINT('Ctrl Pts',(-49.6722379148621,-218.029652122819,
16.1141260552754));
#11284=CARTESIAN_POINT('Ctrl Pts',(-50.6444182273577,-216.345786429692,
16.1568893685319));
#11285=CARTESIAN_POINT('Ctrl Pts',(-51.6161348226673,-214.662723184384,
16.1946101577895));
#11286=CARTESIAN_POINT('',(-51.6161348226283,-214.662723184384,16.4999999804678));
#11287=CARTESIAN_POINT('Origin',(-57.4471348226283,-214.662723184384,16.4999999812126));
#11288=CARTESIAN_POINT('',(-57.4471348226458,-214.662723184384,16.3632650474712));
#11289=CARTESIAN_POINT('Ctrl Pts',(-57.4471348226458,-214.662723184384,
16.3632650474712));
#11290=CARTESIAN_POINT('Ctrl Pts',(-58.418807228373,-216.345708813713,16.3821694208955));
#11291=CARTESIAN_POINT('Ctrl Pts',(-59.3909340367216,-218.029481829571,
16.3966811327688));
#11292=CARTESIAN_POINT('Ctrl Pts',(-60.3626348226403,-219.712517313851,
16.4070540129454));
#11293=CARTESIAN_POINT('',(-57.4471348226283,-214.662723184384,16.4999999812126));
#11294=CARTESIAN_POINT('Origin',(-51.6161348226283,-214.662723184384,16.4999999804678));
#11295=CARTESIAN_POINT('Ctrl Pts',(-51.6161348226673,-214.662723184384,
16.1946101577895));
#11296=CARTESIAN_POINT('Ctrl Pts',(-52.9008940105974,-214.662723184384,
16.244482858131));
#11297=CARTESIAN_POINT('Ctrl Pts',(-54.1939980029942,-214.662723184384,
16.2858968958928));
#11298=CARTESIAN_POINT('Ctrl Pts',(-55.4946327860064,-214.662723184384,
16.3192675811176));
#11299=CARTESIAN_POINT('Ctrl Pts',(-56.1436230917275,-214.662723184384,
16.3359188743854));
#11300=CARTESIAN_POINT('Ctrl Pts',(-56.79448923337,-214.662723184384,16.3505675005813));
#11301=CARTESIAN_POINT('Ctrl Pts',(-57.4471348226457,-214.662723184384,
16.3632650474712));
#11302=CARTESIAN_POINT('Origin',(-54.5271392534782,-219.712373838201,-17.0000000191604));
#11303=CARTESIAN_POINT('',(-54.5271392528076,-216.462373838201,-11.7500000191604));
#11304=CARTESIAN_POINT('Origin',(-54.5271392528076,-219.712373838201,-11.7500000191604));
#11305=CARTESIAN_POINT('',(-54.5271392534782,-216.462373838201,-17.0000000191604));
#11306=CARTESIAN_POINT('Origin',(-54.5271392534782,-219.712373838201,-17.0000000191604));
#11307=CARTESIAN_POINT('',(-54.5271392534782,-216.462373838201,-17.0000000191604));
#11308=CARTESIAN_POINT('Ctrl Pts',(-75.2082000005968,-208.615260016204,
-6.13624636932348));
#11309=CARTESIAN_POINT('Ctrl Pts',(-74.6054731570078,-208.615260016204,
-6.51659934534495));
#11310=CARTESIAN_POINT('Ctrl Pts',(-73.4836117707994,-208.615260016204,
-7.12929051507718));
#11311=CARTESIAN_POINT('Ctrl Pts',(-71.3702987167745,-208.615260016204,
-8.08195671115154));
#11312=CARTESIAN_POINT('Ctrl Pts',(-67.8537836975148,-208.615260016204,
-9.29033130189453));
#11313=CARTESIAN_POINT('Ctrl Pts',(-63.0427372888618,-208.615260016204,
-10.319534162162));
#11314=CARTESIAN_POINT('Ctrl Pts',(-55.4350243285441,-208.615260016203,
-11.0570775508868));
#11315=CARTESIAN_POINT('Ctrl Pts',(-47.8941839768356,-208.615260016204,
-10.715939169199));
#11316=CARTESIAN_POINT('Ctrl Pts',(-41.1357498932385,-208.615260016204,
-9.29082184474096));
#11317=CARTESIAN_POINT('Ctrl Pts',(-37.6304709440219,-208.615260016203,
-8.07964458739845));
#11318=CARTESIAN_POINT('Ctrl Pts',(-35.5160941881524,-208.615260016203,
-7.12746191425261));
#11319=CARTESIAN_POINT('Ctrl Pts',(-34.3937747668294,-208.615260016204,
-6.51388339798524));
#11320=CARTESIAN_POINT('Ctrl Pts',(-33.7909406359816,-208.615260016204,
-6.13334459713989));
#11321=CARTESIAN_POINT('Ctrl Pts',(-75.2082000005968,-207.530662552464,
-6.13624636932348));
#11322=CARTESIAN_POINT('Ctrl Pts',(-74.6054308326018,-207.530662552464,
-6.51662605431597));
#11323=CARTESIAN_POINT('Ctrl Pts',(-73.4835419885364,-207.530662552464,
-7.12933641831736));
#11324=CARTESIAN_POINT('Ctrl Pts',(-71.3701566710147,-207.530662552464,
-8.08203564189796));
#11325=CARTESIAN_POINT('Ctrl Pts',(-67.8536822416945,-207.530662552464,
-9.29039308006084));
#11326=CARTESIAN_POINT('Ctrl Pts',(-63.0426846850804,-207.530662552464,
-10.3195688907353));
#11327=CARTESIAN_POINT('Ctrl Pts',(-55.4349568483716,-207.530662552464,
-11.0571081231395));
#11328=CARTESIAN_POINT('Ctrl Pts',(-47.8942846110397,-207.530662552464,
-10.7159809367476));
#11329=CARTESIAN_POINT('Ctrl Pts',(-41.1358770565528,-207.530662552464,
-9.29089057607081));
#11330=CARTESIAN_POINT('Ctrl Pts',(-37.6306059516166,-207.530662552464,
-8.07972072971576));
#11331=CARTESIAN_POINT('Ctrl Pts',(-35.5161658030046,-207.530662552464,
-7.12750824609654));
#11332=CARTESIAN_POINT('Ctrl Pts',(-34.3938170987694,-207.530662552464,
-6.51391012000517));
#11333=CARTESIAN_POINT('Ctrl Pts',(-33.7909406359816,-207.530662552464,
-6.13334459713989));
#11334=CARTESIAN_POINT('Ctrl Pts',(-74.9430947911819,-205.367316821988,
-5.71614705063012));
#11335=CARTESIAN_POINT('Ctrl Pts',(-74.3575982100407,-205.367316821988,
-6.08562680660282));
#11336=CARTESIAN_POINT('Ctrl Pts',(-73.2627643575465,-205.367316821988,
-6.68378858490027));
#11337=CARTESIAN_POINT('Ctrl Pts',(-71.190546718411,-205.367316821988,-7.61807664150792));
#11338=CARTESIAN_POINT('Ctrl Pts',(-67.7266147868053,-205.367316821988,
-8.80890880353295));
#11339=CARTESIAN_POINT('Ctrl Pts',(-62.9677026805247,-205.367316821988,
-9.82741130946115));
#11340=CARTESIAN_POINT('Ctrl Pts',(-55.4282422969735,-205.367316821988,
-10.5586910217072));
#11341=CARTESIAN_POINT('Ctrl Pts',(-47.9486030705083,-205.367316821988,
-10.220013164654));
#11342=CARTESIAN_POINT('Ctrl Pts',(-41.2630638228919,-205.367316821988,
-8.80932105875942));
#11343=CARTESIAN_POINT('Ctrl Pts',(-37.8102512203701,-205.367316821988,
-7.61578734115738));
#11344=CARTESIAN_POINT('Ctrl Pts',(-35.7369802085223,-205.367316821988,
-6.68196952533104));
#11345=CARTESIAN_POINT('Ctrl Pts',(-34.6417055100721,-205.367316821988,
-6.08294269871216));
#11346=CARTESIAN_POINT('Ctrl Pts',(-34.0561047087126,-205.367316821988,
-5.71328243012378));
#11347=CARTESIAN_POINT('Ctrl Pts',(-73.6490509020198,-202.315946395782,
-3.66553870009555));
#11348=CARTESIAN_POINT('Ctrl Pts',(-73.147957609339,-202.315946395782,-3.98175545261423));
#11349=CARTESIAN_POINT('Ctrl Pts',(-72.1852452232501,-202.315946395782,
-4.50886048637336));
#11350=CARTESIAN_POINT('Ctrl Pts',(-70.3141334538885,-202.315946395782,
-5.35320767030724));
#11351=CARTESIAN_POINT('Ctrl Pts',(-67.1065866256611,-202.315946395782,
-6.45853173388499));
#11352=CARTESIAN_POINT('Ctrl Pts',(-62.6018107936648,-202.315946395782,
-7.42499370699959));
#11353=CARTESIAN_POINT('Ctrl Pts',(-55.3956128530273,-202.315946395782,
-8.1257281467841));
#11354=CARTESIAN_POINT('Ctrl Pts',(-48.2135272255321,-202.315946395782,
-7.79898185845946));
#11355=CARTESIAN_POINT('Ctrl Pts',(-41.88361877598,-202.315946395782,-6.45851287047786));
#11356=CARTESIAN_POINT('Ctrl Pts',(-38.6868520929104,-202.315946395782,
-5.35104941805558));
#11357=CARTESIAN_POINT('Ctrl Pts',(-36.8146748850817,-202.315946395782,
-4.50708498097763));
#11358=CARTESIAN_POINT('Ctrl Pts',(-35.8516184130837,-202.315946395782,
-3.97922666910675));
#11359=CARTESIAN_POINT('Ctrl Pts',(-35.3504359242333,-202.315946395782,
-3.66285542608569));
#11360=CARTESIAN_POINT('Ctrl Pts',(-72.207287881108,-201.365260016204,-1.38084703319386));
#11361=CARTESIAN_POINT('Ctrl Pts',(-71.8001289416607,-201.365260016204,
-1.63778616902256));
#11362=CARTESIAN_POINT('Ctrl Pts',(-70.9845527366314,-201.365260016204,
-2.08577019861639));
#11363=CARTESIAN_POINT('Ctrl Pts',(-69.3373264156961,-201.365260016204,
-2.82999050490907));
#11364=CARTESIAN_POINT('Ctrl Pts',(-66.415531425046,-201.365260016204,-3.84000337504811));
#11365=CARTESIAN_POINT('Ctrl Pts',(-62.1940221598108,-201.365260016204,
-4.74841786700805));
#11366=CARTESIAN_POINT('Ctrl Pts',(-55.3590931099944,-201.365260016203,
-5.41510999999705));
#11367=CARTESIAN_POINT('Ctrl Pts',(-48.5089401784474,-201.365260016204,
-5.10168477106586));
#11368=CARTESIAN_POINT('Ctrl Pts',(-42.5753239707353,-201.365260016203,
-3.83952123741836));
#11369=CARTESIAN_POINT('Ctrl Pts',(-39.6638508886846,-201.365260016204,
-2.82797141955248));
#11370=CARTESIAN_POINT('Ctrl Pts',(-38.0155674484828,-201.365260016203,
-2.08404427071637));
#11371=CARTESIAN_POINT('Ctrl Pts',(-37.1997504857094,-201.365260016204,
-1.63543047267175));
#11372=CARTESIAN_POINT('Ctrl Pts',(-36.7925190707005,-201.365260016204,
-1.37836580694667));
#11373=CARTESIAN_POINT('Ctrl Pts',(-71.3390534183651,-201.365260016204,
-0.0049981501429212));
#11374=CARTESIAN_POINT('Ctrl Pts',(-70.9885677787426,-201.365260016204,
-0.226173393125978));
#11375=CARTESIAN_POINT('Ctrl Pts',(-70.2616660554218,-201.365260016204,
-0.626462547113067));
#11376=CARTESIAN_POINT('Ctrl Pts',(-68.7494447982694,-201.365260016204,
-1.31030361745974));
#11377=CARTESIAN_POINT('Ctrl Pts',(-65.9996291209768,-201.365260016204,
-2.26296261661962));
#11378=CARTESIAN_POINT('Ctrl Pts',(-61.9485818930275,-201.365260016204,
-3.13648829004711));
#11379=CARTESIAN_POINT('Ctrl Pts',(-55.3372693574767,-201.365260016203,
-3.78269041522386));
#11380=CARTESIAN_POINT('Ctrl Pts',(-48.6865874638657,-201.365260016204,
-3.47725920780233));
#11381=CARTESIAN_POINT('Ctrl Pts',(-42.9915534891058,-201.365260016203,
-2.26218412552836));
#11382=CARTESIAN_POINT('Ctrl Pts',(-40.2518655636771,-201.365260016204,
-1.30837530403858));
#11383=CARTESIAN_POINT('Ctrl Pts',(-38.7385700389987,-201.365260016203,
-0.6247654043429));
#11384=CARTESIAN_POINT('Ctrl Pts',(-38.0114943412723,-201.365260016204,
-0.223921897839091));
#11385=CARTESIAN_POINT('Ctrl Pts',(-37.6609463141123,-201.365260016204,
-0.00263859772708634));
#11386=CARTESIAN_POINT('Origin',(-37.6609463141123,-208.615260016204,-0.00263859772708597));
#11387=CARTESIAN_POINT('Origin',(-71.3390534183651,-208.615260016204,-0.00499815014292415));
#11388=CARTESIAN_POINT('Ctrl Pts',(-33.7909406359816,-208.615260016204,
-6.1333445971399));
#11389=CARTESIAN_POINT('Ctrl Pts',(-32.9798140116969,-208.615260016204,
-5.62132124420707));
#11390=CARTESIAN_POINT('Ctrl Pts',(-31.5613118734959,-208.615260016204,
-4.53698588035035));
#11391=CARTESIAN_POINT('Ctrl Pts',(-30.1070048861649,-208.615260016203,
-2.77737093546105));
#11392=CARTESIAN_POINT('Ctrl Pts',(-29.3692959965209,-208.615260016204,
-0.936287734241077));
#11393=CARTESIAN_POINT('Ctrl Pts',(-29.3692806284828,-208.615260016204,
0.93217013268064));
#11394=CARTESIAN_POINT('Ctrl Pts',(-30.1075485267063,-208.615260016204,
2.77313249100075));
#11395=CARTESIAN_POINT('Ctrl Pts',(-31.56185538404,-208.615260016204,4.53257069335769));
#11396=CARTESIAN_POINT('Ctrl Pts',(-32.9806013688941,-208.615260016204,
5.6166999317034));
#11397=CARTESIAN_POINT('Ctrl Pts',(-33.7917997318807,-208.615260016204,
6.12860962145347));
#11398=CARTESIAN_POINT('Ctrl Pts',(-33.7909406359816,-207.530662552464,
-6.1333445971399));
#11399=CARTESIAN_POINT('Ctrl Pts',(-33.0327735913356,-207.531842360589,
-5.6529619190426));
#11400=CARTESIAN_POINT('Ctrl Pts',(-31.6848679213203,-207.533085482184,
-4.63613986992216));
#11401=CARTESIAN_POINT('Ctrl Pts',(-30.2125707316211,-207.534942300932,
-2.94124307582292));
#11402=CARTESIAN_POINT('Ctrl Pts',(-29.3702624363946,-207.535494611569,
-1.02893187607324));
#11403=CARTESIAN_POINT('Ctrl Pts',(-29.3690257136248,-207.53567095018,1.02694295856619));
#11404=CARTESIAN_POINT('Ctrl Pts',(-30.2115529286711,-207.534788189816,
2.93710456547861));
#11405=CARTESIAN_POINT('Ctrl Pts',(-31.6849416467715,-207.533065999707,
4.6318876845215));
#11406=CARTESIAN_POINT('Ctrl Pts',(-33.0335653816249,-207.531842360589,
5.64833318533003));
#11407=CARTESIAN_POINT('Ctrl Pts',(-33.7917997318807,-207.530662552464,
6.12860962145347));
#11408=CARTESIAN_POINT('Ctrl Pts',(-34.05523914857,-205.362227674351,-5.71465361538815));
#11409=CARTESIAN_POINT('Ctrl Pts',(-33.4566281165476,-205.355734311657,
-5.34217878706963));
#11410=CARTESIAN_POINT('Ctrl Pts',(-32.3243838092352,-205.344636799892,
-4.52288011070551));
#11411=CARTESIAN_POINT('Ctrl Pts',(-30.9388325503731,-205.333512542734,
-3.00848107996281));
#11412=CARTESIAN_POINT('Ctrl Pts',(-30.0432014482785,-205.327966804827,
-1.09225444080619));
#11413=CARTESIAN_POINT('Ctrl Pts',(-30.0404695240248,-205.327959119855,
1.09190678096472));
#11414=CARTESIAN_POINT('Ctrl Pts',(-30.9369018947733,-205.333519259015,
3.00395803571079));
#11415=CARTESIAN_POINT('Ctrl Pts',(-32.3239161632364,-205.344637648954,
4.51870682114361));
#11416=CARTESIAN_POINT('Ctrl Pts',(-33.457376354558,-205.355734311657,5.33749066429556));
#11417=CARTESIAN_POINT('Ctrl Pts',(-34.0560395732971,-205.362227674351,
5.70988160929659));
#11418=CARTESIAN_POINT('Ctrl Pts',(-35.1655964192171,-202.752797225713,
-3.95567067148301));
#11419=CARTESIAN_POINT('Ctrl Pts',(-34.8989760263402,-202.706923392148,
-3.73551907323394));
#11420=CARTESIAN_POINT('Ctrl Pts',(-34.2725966426405,-202.627739851015,
-3.23963867179722));
#11421=CARTESIAN_POINT('Ctrl Pts',(-33.357407461891,-202.548983613637,-2.20276998182407));
#11422=CARTESIAN_POINT('Ctrl Pts',(-32.7331348900781,-202.509343625715,
-0.805467206866782));
#11423=CARTESIAN_POINT('Ctrl Pts',(-32.7309334131343,-202.50946640639,0.803291433328362));
#11424=CARTESIAN_POINT('Ctrl Pts',(-33.3567436090048,-202.548876309475,
2.19754584492542));
#11425=CARTESIAN_POINT('Ctrl Pts',(-34.2720098869664,-202.627726285797,
3.23523199048227));
#11426=CARTESIAN_POINT('Ctrl Pts',(-34.8994991189041,-202.706923392148,
3.73062885894307));
#11427=CARTESIAN_POINT('Ctrl Pts',(-35.166150357645,-202.752797225713,3.95074309516456));
#11428=CARTESIAN_POINT('Ctrl Pts',(-36.5028820653492,-201.546925953831,
-1.83719700101781));
#11429=CARTESIAN_POINT('Ctrl Pts',(-36.4648472216125,-201.52857018721,-1.72488818177241));
#11430=CARTESIAN_POINT('Ctrl Pts',(-36.2666286849494,-201.497325084388,
-1.49218950821442));
#11431=CARTESIAN_POINT('Ctrl Pts',(-35.887704091531,-201.465905239462,-1.00338932642678));
#11432=CARTESIAN_POINT('Ctrl Pts',(-35.6304155470284,-201.450302406113,
-0.360536275098646));
#11433=CARTESIAN_POINT('Ctrl Pts',(-35.6295491981984,-201.450252196039,
0.355923219379823));
#11434=CARTESIAN_POINT('Ctrl Pts',(-35.8882148126452,-201.465949120553,
0.99782801903473));
#11435=CARTESIAN_POINT('Ctrl Pts',(-36.2663101397697,-201.497330631764,
1.48733468172173));
#11436=CARTESIAN_POINT('Ctrl Pts',(-36.465088561535,-201.52857018721,1.71977857137682));
#11437=CARTESIAN_POINT('Ctrl Pts',(-36.5031391420384,-201.546925953831,
1.83208205993229));
#11438=CARTESIAN_POINT('Ctrl Pts',(-37.3714705663084,-201.365260016204,
-0.461214334133614));
#11439=CARTESIAN_POINT('Ctrl Pts',(-37.3710202780568,-201.366349373895,
-0.434150068724933));
#11440=CARTESIAN_POINT('Ctrl Pts',(-37.3301493665876,-201.367497191107,
-0.377966459917152));
#11441=CARTESIAN_POINT('Ctrl Pts',(-37.238280654133,-201.369211656148,-0.253946854469014));
#11442=CARTESIAN_POINT('Ctrl Pts',(-37.1776350793225,-201.369721623682,
-0.0913959641746392));
#11443=CARTESIAN_POINT('Ctrl Pts',(-37.1773745541846,-201.369884443227,
0.0861656558021721));
#11444=CARTESIAN_POINT('Ctrl Pts',(-37.2385985002664,-201.369069360018,
0.248502896357279));
#11445=CARTESIAN_POINT('Ctrl Pts',(-37.3300765135871,-201.367479202261,
0.372817115146337));
#11446=CARTESIAN_POINT('Ctrl Pts',(-37.3710807459362,-201.366349373895,
0.428913494576346));
#11447=CARTESIAN_POINT('Ctrl Pts',(-37.3715348265314,-201.365260016204,
0.455977696623221));
#11448=CARTESIAN_POINT('Ctrl Pts',(-37.6609463141123,-201.365260016204,
-0.00263859772708597));
#11449=CARTESIAN_POINT('Ctrl Pts',(-37.6609463141123,-201.365260016204,
-0.00263859772708597));
#11450=CARTESIAN_POINT('Ctrl Pts',(-37.6609463141123,-201.365260016204,
-0.00263859772708622));
#11451=CARTESIAN_POINT('Ctrl Pts',(-37.6609463141123,-201.365260016204,
-0.00263859772708716));
#11452=CARTESIAN_POINT('Ctrl Pts',(-37.6609463141124,-201.365260016204,
-0.00263859772708842));
#11453=CARTESIAN_POINT('Ctrl Pts',(-37.6609463141124,-201.365260016204,
-0.0026385977270898));
#11454=CARTESIAN_POINT('Ctrl Pts',(-37.6609463141124,-201.365260016204,
-0.00263859772709106));
#11455=CARTESIAN_POINT('Ctrl Pts',(-37.6609463141124,-201.365260016204,
-0.002638597727092));
#11456=CARTESIAN_POINT('Ctrl Pts',(-37.6609463141124,-201.365260016204,
-0.00263859772709225));
#11457=CARTESIAN_POINT('Ctrl Pts',(-37.6609463141124,-201.365260016204,
-0.00263859772709225));
#11458=CARTESIAN_POINT('Ctrl Pts',(-75.2090590964958,-208.615260016204,
6.12570784926989));
#11459=CARTESIAN_POINT('Ctrl Pts',(-76.0201857207805,-208.615260016204,
5.61368449633705));
#11460=CARTESIAN_POINT('Ctrl Pts',(-77.438687497831,-208.615260016203,4.52934915628315));
#11461=CARTESIAN_POINT('Ctrl Pts',(-78.8929945039949,-208.615260016204,
2.76973426381135));
#11462=CARTESIAN_POINT('Ctrl Pts',(-79.6307030829689,-208.615260016203,
0.928651102307769));
#11463=CARTESIAN_POINT('Ctrl Pts',(-79.6307185700864,-208.615260016203,
-0.939806748038745));
#11464=CARTESIAN_POINT('Ctrl Pts',(-78.8924505633037,-208.615260016203,
-2.78076908321308));
#11465=CARTESIAN_POINT('Ctrl Pts',(-77.4381439420445,-208.615260016203,
-4.5402073293013));
#11466=CARTESIAN_POINT('Ctrl Pts',(-76.0193983635833,-208.615260016204,
-5.62433667957342));
#11467=CARTESIAN_POINT('Ctrl Pts',(-75.2082000005968,-208.615260016204,
-6.13624636932349));
#11468=CARTESIAN_POINT('Ctrl Pts',(-75.2090590964958,-207.530662552464,
6.12570784926989));
#11469=CARTESIAN_POINT('Ctrl Pts',(-75.9672261411418,-207.531842360589,
5.64532517117258));
#11470=CARTESIAN_POINT('Ctrl Pts',(-77.3150635390384,-207.533177564577,
4.62846866523412));
#11471=CARTESIAN_POINT('Ctrl Pts',(-78.7873487632692,-207.535053772825,
2.93357917281555));
#11472=CARTESIAN_POINT('Ctrl Pts',(-79.6296187546739,-207.535659938809,
1.02126311997694));
#11473=CARTESIAN_POINT('Ctrl Pts',(-79.6308760773071,-207.535815562282,
-1.0345871303963));
#11474=CARTESIAN_POINT('Ctrl Pts',(-78.7883642089113,-207.534917494429,
-2.9447287468764));
#11475=CARTESIAN_POINT('Ctrl Pts',(-77.3149969644527,-207.533160010727,
-4.63951356400165));
#11476=CARTESIAN_POINT('Ctrl Pts',(-75.9664343508526,-207.531842360589,
-5.65596993320005));
#11477=CARTESIAN_POINT('Ctrl Pts',(-75.2082000005968,-207.530662552464,
-6.13624636932349));
#11478=CARTESIAN_POINT('Ctrl Pts',(-74.9447547897754,-205.36222570725,5.7070076886892));
#11479=CARTESIAN_POINT('Ctrl Pts',(-75.5433658217978,-205.355732344556,
5.33453286037068));
#11480=CARTESIAN_POINT('Ctrl Pts',(-76.6756092369033,-205.344622594425,
4.51522405233236));
#11481=CARTESIAN_POINT('Ctrl Pts',(-78.0611648693472,-205.333495741218,
3.00081955234718));
#11482=CARTESIAN_POINT('Ctrl Pts',(-78.956798439483,-205.327942808364,1.08457981850772));
#11483=CARTESIAN_POINT('Ctrl Pts',(-78.9595402926117,-205.32793788855,-1.09957256163648));
#11484=CARTESIAN_POINT('Ctrl Pts',(-78.0631153784414,-205.333500049464,
-3.01161463535257));
#11485=CARTESIAN_POINT('Ctrl Pts',(-76.6760927789717,-205.344623149365,
-4.52635626798203));
#11486=CARTESIAN_POINT('Ctrl Pts',(-75.5426175850736,-205.355732344556,
-5.34511823252484));
#11487=CARTESIAN_POINT('Ctrl Pts',(-74.9439543663345,-205.36222570725,-5.71750917752587));
#11488=CARTESIAN_POINT('Ctrl Pts',(-73.8343998731242,-202.752794701482,
3.9480284738888));
#11489=CARTESIAN_POINT('Ctrl Pts',(-74.1010202660011,-202.706920867917,
3.72787687563973));
#11490=CARTESIAN_POINT('Ctrl Pts',(-74.7273766698147,-202.627795227309,
3.23198181641877));
#11491=CARTESIAN_POINT('Ctrl Pts',(-75.6425643089845,-202.549051167468,
2.19511448909552));
#11492=CARTESIAN_POINT('Ctrl Pts',(-76.2668250328446,-202.509445015159,
0.797805458993226));
#11493=CARTESIAN_POINT('Ctrl Pts',(-76.2690379655463,-202.509554779403,
-0.810940535696136));
#11494=CARTESIAN_POINT('Ctrl Pts',(-75.6432356064882,-202.54895504768,-2.20518331403269));
#11495=CARTESIAN_POINT('Ctrl Pts',(-74.7279729358423,-202.62778284624,-3.24286764196743));
#11496=CARTESIAN_POINT('Ctrl Pts',(-74.1004971742009,-202.706920867917,
-3.73826015660691));
#11497=CARTESIAN_POINT('Ctrl Pts',(-73.8338459354599,-202.752794701482,
-3.95837439282839));
#11498=CARTESIAN_POINT('Ctrl Pts',(-72.4971160293588,-201.546923710049,
1.82955765865991));
#11499=CARTESIAN_POINT('Ctrl Pts',(-72.5351508730955,-201.528567943428,
1.7172488394145));
#11500=CARTESIAN_POINT('Ctrl Pts',(-72.7333525399134,-201.497292474312,
1.48454379683284));
#11501=CARTESIAN_POINT('Ctrl Pts',(-73.1122745696052,-201.465866225644,
0.995747490808561));
#11502=CARTESIAN_POINT('Ctrl Pts',(-73.3695532196201,-201.450245613491,
0.35289544909721));
#11503=CARTESIAN_POINT('Ctrl Pts',(-73.3704245893042,-201.45020224075,-0.363557215516204));
#11504=CARTESIAN_POINT('Ctrl Pts',(-73.1117618621655,-201.465904206852,
-1.00545579193126));
#11505=CARTESIAN_POINT('Ctrl Pts',(-72.7336723895771,-201.497297366623,
-1.49496390057349));
#11506=CARTESIAN_POINT('Ctrl Pts',(-72.5349095335366,-201.528567943428,
-1.72741272452948));
#11507=CARTESIAN_POINT('Ctrl Pts',(-72.4968589530332,-201.546923710049,
-1.83971621308495));
#11508=CARTESIAN_POINT('Ctrl Pts',(-71.628529166169,-201.365260016204,0.453577586263605));
#11509=CARTESIAN_POINT('Ctrl Pts',(-71.6289794544206,-201.366349373895,
0.426513320854925));
#11510=CARTESIAN_POINT('Ctrl Pts',(-71.6698850347568,-201.367582213968,
0.37034462384747));
#11511=CARTESIAN_POINT('Ctrl Pts',(-71.7617612007616,-201.369314582006,
0.246319162228166));
#11512=CARTESIAN_POINT('Ctrl Pts',(-71.822426925304,-201.369874276047,0.0837664104085149));
#11513=CARTESIAN_POINT('Ctrl Pts',(-71.8226796855657,-201.370017968588,
-0.0938065539777384));
#11514=CARTESIAN_POINT('Ctrl Pts',(-71.7614497209048,-201.369188751445,
-0.25615280412865));
#11515=CARTESIAN_POINT('Ctrl Pts',(-71.669958551152,-201.367566005891,-0.380464516903161));
#11516=CARTESIAN_POINT('Ctrl Pts',(-71.6289189865413,-201.366349373895,
-0.436550242446364));
#11517=CARTESIAN_POINT('Ctrl Pts',(-71.6284649059461,-201.365260016204,
-0.463614444493238));
#11518=CARTESIAN_POINT('Ctrl Pts',(-71.3390534183651,-201.365260016204,
-0.00499815014292267));
#11519=CARTESIAN_POINT('Ctrl Pts',(-71.3390534183651,-201.365260016204,
-0.00499815014292267));
#11520=CARTESIAN_POINT('Ctrl Pts',(-71.3390534183651,-201.365260016203,
-0.00499815014292274));
#11521=CARTESIAN_POINT('Ctrl Pts',(-71.3390534183651,-201.365260016204,
-0.00499815014292302));
#11522=CARTESIAN_POINT('Ctrl Pts',(-71.3390534183651,-201.365260016203,
-0.00499815014292339));
#11523=CARTESIAN_POINT('Ctrl Pts',(-71.3390534183651,-201.365260016203,
-0.0049981501429238));
#11524=CARTESIAN_POINT('Ctrl Pts',(-71.3390534183651,-201.365260016203,
-0.00499815014292417));
#11525=CARTESIAN_POINT('Ctrl Pts',(-71.3390534183651,-201.365260016203,
-0.00499815014292445));
#11526=CARTESIAN_POINT('Ctrl Pts',(-71.3390534183651,-201.365260016204,
-0.00499815014292453));
#11527=CARTESIAN_POINT('Ctrl Pts',(-71.3390534183651,-201.365260016204,
-0.00499815014292453));
#11528=CARTESIAN_POINT('Origin',(-29.7513266608586,5.22306195566896,6.24939633415675));
#11529=CARTESIAN_POINT('',(-35.251326662136,-12.0974461200198,-3.75060366514069));
#11530=CARTESIAN_POINT('Origin',(-29.751326662136,-12.0974461200198,-3.75060366584325));
#11531=CARTESIAN_POINT('',(-35.2513266635743,-31.5996687497873,-15.0102171500874));
#11532=CARTESIAN_POINT('',(-35.2513266608586,5.22306195566896,6.24939633485931));
#11533=CARTESIAN_POINT('',(-31.8040652498796,-41.0791051920187,-14.5912270626369));
#11534=CARTESIAN_POINT('Ctrl Pts',(-35.2513266635743,-31.5996687498503,
-15.0102171499782));
#11535=CARTESIAN_POINT('Ctrl Pts',(-35.2513266636087,-30.0991527053489,
-15.010217149982));
#11536=CARTESIAN_POINT('Ctrl Pts',(-35.0975548996335,-28.5795090539849,
-14.9932653681157));
#11537=CARTESIAN_POINT('Ctrl Pts',(-34.3661841745603,-25.0600338336486,
-14.9098651132386));
#11538=CARTESIAN_POINT('Ctrl Pts',(-33.6574325922468,-23.2580413313991,
-14.827632939221));
#11539=CARTESIAN_POINT('Ctrl Pts',(-32.3731867892188,-21.2850135001204,
-14.665859844523));
#11540=CARTESIAN_POINT('Ctrl Pts',(-31.893409915459,-20.7002225485906,-14.6039616754836));
#11541=CARTESIAN_POINT('Ctrl Pts',(-30.9812147777246,-19.9342135837941,
-14.4808305141723));
#11542=CARTESIAN_POINT('Ctrl Pts',(-30.5802832494112,-19.678655517597,-14.4254116845451));
#11543=CARTESIAN_POINT('Ctrl Pts',(-29.7999676958699,-19.3713494217127,
-14.3139135869506));
#11544=CARTESIAN_POINT('Ctrl Pts',(-29.4369745705787,-19.29476967294,-14.260765532425));
#11545=CARTESIAN_POINT('Ctrl Pts',(-28.979190971766,-19.2897144050086,-14.1919195218993));
#11546=CARTESIAN_POINT('Ctrl Pts',(-28.8893016940953,-19.2932337746855,
-14.1783121820109));
#11547=CARTESIAN_POINT('Ctrl Pts',(-28.6122525325224,-19.3173496987836,
-14.1361143226024));
#11548=CARTESIAN_POINT('Ctrl Pts',(-28.4296829101387,-19.352882388681,-14.1079237743009));
#11549=CARTESIAN_POINT('Ctrl Pts',(-27.8235653443855,-19.5319190821627,
-14.013198745547));
#11550=CARTESIAN_POINT('Ctrl Pts',(-27.4400061240277,-19.7540504888698,
-13.9512399436601));
#11551=CARTESIAN_POINT('Ctrl Pts',(-26.5678772552217,-20.4639293246603,
-13.807383171253));
#11552=CARTESIAN_POINT('Ctrl Pts',(-26.094955756316,-21.0734506830344,-13.7260588804659));
#11553=CARTESIAN_POINT('Ctrl Pts',(-25.0733158347637,-22.9925667113742,
-13.5460831703537));
#11554=CARTESIAN_POINT('Ctrl Pts',(-24.6413634333695,-24.479591277058,-13.4655392902975));
#11555=CARTESIAN_POINT('Ctrl Pts',(-24.1044051099137,-28.529527389358,-13.36511993429));
#11556=CARTESIAN_POINT('Ctrl Pts',(-24.2400000286495,-31.1380250083276,
-13.3914587412583));
#11557=CARTESIAN_POINT('Ctrl Pts',(-25.2040248342981,-35.6695945688806,
-13.5689978719223));
#11558=CARTESIAN_POINT('Ctrl Pts',(-25.9411338889991,-37.5485872281078,
-13.7019650193538));
#11559=CARTESIAN_POINT('Ctrl Pts',(-27.2390836546396,-39.537788539481,-13.9186206027461));
#11560=CARTESIAN_POINT('Ctrl Pts',(-27.7026691980403,-40.1071118800628,
-13.9942113952919));
#11561=CARTESIAN_POINT('Ctrl Pts',(-28.5722746265672,-40.8434297213346,
-14.1302655957615));
#11562=CARTESIAN_POINT('Ctrl Pts',(-28.9487693073643,-41.087387960695,-14.1878609873975));
#11563=CARTESIAN_POINT('Ctrl Pts',(-29.6790424698201,-41.381762319879,-14.2962450268334));
#11564=CARTESIAN_POINT('Ctrl Pts',(-30.0173418908236,-41.4567567777571,
-14.3453083198293));
#11565=CARTESIAN_POINT('Ctrl Pts',(-30.402854911811,-41.4653763498007,-14.399853850884));
#11566=CARTESIAN_POINT('Ctrl Pts',(-30.4450417014851,-41.4652679675909,
-14.40580427113));
#11567=CARTESIAN_POINT('Ctrl Pts',(-30.5727053856579,-41.4619237530486,
-14.4237587564971));
#11568=CARTESIAN_POINT('Ctrl Pts',(-30.6572105049398,-41.4554280469059,
-14.4355690741438));
#11569=CARTESIAN_POINT('Ctrl Pts',(-31.1233483434335,-41.3972315397794,
-14.5003392782384));
#11570=CARTESIAN_POINT('Ctrl Pts',(-31.4783861011453,-41.2666569118034,
-14.5482223942651));
#11571=CARTESIAN_POINT('Ctrl Pts',(-31.8040652498796,-41.0791051920187,
-14.5912270626369));
#11572=CARTESIAN_POINT('Ctrl Pts',(-31.8040652498796,-41.0791051920187,
-14.5912270626369));
#11573=CARTESIAN_POINT('Ctrl Pts',(-31.9252088566305,-41.0093411562328,
-14.6072236060261));
#11574=CARTESIAN_POINT('Ctrl Pts',(-32.0418890702865,-40.9318808831404,
-14.6224910483054));
#11575=CARTESIAN_POINT('Ctrl Pts',(-32.6677994987424,-40.4646878988187,
-14.7037567261803));
#11576=CARTESIAN_POINT('Ctrl Pts',(-33.1310558938979,-39.9170998674982,
-14.7614295525721));
#11577=CARTESIAN_POINT('Ctrl Pts',(-34.2144304811647,-38.0934461319789,
-14.8929577706842));
#11578=CARTESIAN_POINT('Ctrl Pts',(-34.7109007007433,-36.5899093899009,
-14.9493736560373));
#11579=CARTESIAN_POINT('Ctrl Pts',(-35.1652838960829,-33.8375170285965,
-15.0006922782993));
#11580=CARTESIAN_POINT('Ctrl Pts',(-35.2513266635485,-32.7239620812455,
-15.0102171499753));
#11581=CARTESIAN_POINT('Ctrl Pts',(-35.2513266635743,-31.5996687498503,
-15.0102171499782));
#11582=CARTESIAN_POINT('Origin',(-121.251326660859,5.22306195566896,6.24939634584475));
#11583=CARTESIAN_POINT('',(-126.751326662136,-12.0974461200198,-3.75060365345269));
#11584=CARTESIAN_POINT('Origin',(-121.251326662136,-12.0974461200198,-3.75060365415525));
#11585=CARTESIAN_POINT('',(-126.751326663274,-27.5326128229056,-12.6621013043495));
#11586=CARTESIAN_POINT('',(-126.751326660859,5.22306195566896,6.24939634654731));
#11587=CARTESIAN_POINT('',(-126.652091526357,-25.470245965309,-12.6723589074759));
#11588=CARTESIAN_POINT('Ctrl Pts',(-126.751326663274,-27.5326128229061,
-12.6621013043487));
#11589=CARTESIAN_POINT('Ctrl Pts',(-126.751326663274,-26.8343915065785,
-12.6621013043487));
#11590=CARTESIAN_POINT('Ctrl Pts',(-126.718067014969,-26.1436228476096,
-12.6655425704844));
#11591=CARTESIAN_POINT('Ctrl Pts',(-126.652091526357,-25.470245965309,-12.6723589074759));
#11592=CARTESIAN_POINT('Ctrl Pts',(-126.652091526357,-25.470245965309,-12.6723589074759));
#11593=CARTESIAN_POINT('Ctrl Pts',(-126.45092125586,-23.4170075216118,-12.693143056032));
#11594=CARTESIAN_POINT('Ctrl Pts',(-125.951068018521,-21.5788983845416,
-12.7448158078795));
#11595=CARTESIAN_POINT('Ctrl Pts',(-124.904458861888,-19.5892904243753,
-12.8514037524472));
#11596=CARTESIAN_POINT('Ctrl Pts',(-124.526037059561,-19.0269104990553,
-12.8898042624205));
#11597=CARTESIAN_POINT('Ctrl Pts',(-123.711431962199,-18.1944100085235,
-12.971799478839));
#11598=CARTESIAN_POINT('Ctrl Pts',(-123.294884817849,-17.882842617559,-13.0135226847667));
#11599=CARTESIAN_POINT('Ctrl Pts',(-122.493397288733,-17.5402898935572,
-13.0931461397143));
#11600=CARTESIAN_POINT('Ctrl Pts',(-122.143668813635,-17.4610751275166,
-13.1277072615254));
#11601=CARTESIAN_POINT('Ctrl Pts',(-121.744437915722,-17.4509677454076,
-13.1669235151509));
#11602=CARTESIAN_POINT('Ctrl Pts',(-121.70309045361,-17.4508843161286,-13.1709822353904));
#11603=CARTESIAN_POINT('Ctrl Pts',(-121.619927769651,-17.4525533547746,
-13.1791401743683));
#11604=CARTESIAN_POINT('Ctrl Pts',(-121.578170878228,-17.4543701518064,
-13.1832334779865));
#11605=CARTESIAN_POINT('Ctrl Pts',(-121.345063080436,-17.4696787441352,
-13.2060690147888));
#11606=CARTESIAN_POINT('Ctrl Pts',(-121.158168739738,-17.5019805805155,
-13.2243178560722));
#11607=CARTESIAN_POINT('Ctrl Pts',(-120.5053217726,-17.6773310036386,-13.2878762790132));
#11608=CARTESIAN_POINT('Ctrl Pts',(-120.07648805195,-17.9126582916375,-13.3292646847493));
#11609=CARTESIAN_POINT('Ctrl Pts',(-119.043471848227,-18.6938677971128,
-13.428387739926));
#11610=CARTESIAN_POINT('Ctrl Pts',(-118.442202100612,-19.4089128060009,
-13.4853699249363));
#11611=CARTESIAN_POINT('Ctrl Pts',(-116.959157636137,-21.9136895053026,
-13.6247340809508));
#11612=CARTESIAN_POINT('Ctrl Pts',(-116.280849012859,-24.046054397116,-13.6870196765035));
#11613=CARTESIAN_POINT('Ctrl Pts',(-115.637931062563,-28.6778610671923,
-13.746000849258));
#11614=CARTESIAN_POINT('Ctrl Pts',(-115.693323844002,-31.0548267216482,
-13.7409699193506));
#11615=CARTESIAN_POINT('Ctrl Pts',(-116.348613279474,-34.496998370807,-13.6807538373703));
#11616=CARTESIAN_POINT('Ctrl Pts',(-116.738035508917,-35.6851069826574,
-13.6448671931959));
#11617=CARTESIAN_POINT('Ctrl Pts',(-117.539733352333,-37.2734195105521,
-13.5701512274145));
#11618=CARTESIAN_POINT('Ctrl Pts',(-117.920624081,-37.8626643695978,-13.5345006896038));
#11619=CARTESIAN_POINT('Ctrl Pts',(-118.741277038923,-38.7341082026761,
-13.456955778499));
#11620=CARTESIAN_POINT('Ctrl Pts',(-119.16087875977,-39.0622550739388,-13.417086595516));
#11621=CARTESIAN_POINT('Ctrl Pts',(-119.964759724906,-39.4243615680217,
-13.3400068210343));
#11622=CARTESIAN_POINT('Ctrl Pts',(-120.312251896618,-39.5109077361423,
-13.3065019261506));
#11623=CARTESIAN_POINT('Ctrl Pts',(-120.752570056831,-39.5307307690666,
-13.2637817816124));
#11624=CARTESIAN_POINT('Ctrl Pts',(-120.835466810617,-39.5305422123951,
-13.2557275619958));
#11625=CARTESIAN_POINT('Ctrl Pts',(-121.002253038318,-39.5227291860304,
-13.2395007073803));
#11626=CARTESIAN_POINT('Ctrl Pts',(-121.085808778955,-39.5148444853403,
-13.2313597275926));
#11627=CARTESIAN_POINT('Ctrl Pts',(-121.584543254114,-39.4456777429327,
-13.1827017214501));
#11628=CARTESIAN_POINT('Ctrl Pts',(-121.97375286596,-39.2970773233237,-13.1444473815107));
#11629=CARTESIAN_POINT('Ctrl Pts',(-122.884021845774,-38.7768103920352,
-13.0545010919557));
#11630=CARTESIAN_POINT('Ctrl Pts',(-123.410320329676,-38.2989503811563,
-13.0020007843994));
#11631=CARTESIAN_POINT('Ctrl Pts',(-124.777973962174,-36.5606648753163,
-12.8645933503602));
#11632=CARTESIAN_POINT('Ctrl Pts',(-125.50023316992,-35.0125162020106,-12.7908139135409));
#11633=CARTESIAN_POINT('Ctrl Pts',(-126.503429828187,-31.4073490473812,
-12.6878376340971));
#11634=CARTESIAN_POINT('Ctrl Pts',(-126.751326663274,-29.4421111668339,
-12.6621013043487));
#11635=CARTESIAN_POINT('Ctrl Pts',(-126.751326663274,-27.5326128229061,
-12.6621013043487));
#11636=CARTESIAN_POINT('Origin',(-29.751326662136,-12.0974461200198,-3.75060366584325));
#11637=CARTESIAN_POINT('',(-26.501326662136,-12.0974461200198,-3.7506036662584));
#11638=CARTESIAN_POINT('Origin',(-29.751326662136,-12.0974461200198,-3.75060366584325));
#11639=CARTESIAN_POINT('Origin',(-29.7513266608586,5.22306195566896,6.24939633415675));
#11640=CARTESIAN_POINT('',(-26.5013266617769,-7.22785329178154,-0.939142936031159));
#11641=CARTESIAN_POINT('',(-26.5013266608586,5.22306195566896,6.2493963337416));
#11642=CARTESIAN_POINT('Origin',(-29.7513266617769,-7.22785329178154,-0.939142935616011));
#11643=CARTESIAN_POINT('Origin',(-121.251326662136,-12.0974461200198,-3.75060365415525));
#11644=CARTESIAN_POINT('',(-118.001326662136,-12.0974461200198,-3.75060365457039));
#11645=CARTESIAN_POINT('Origin',(-121.251326662136,-12.0974461200198,-3.75060365415525));
#11646=CARTESIAN_POINT('Origin',(-121.251326660859,5.22306195566896,6.24939634584475));
#11647=CARTESIAN_POINT('',(-118.001326661777,-7.22785329178153,-0.939142924343155));
#11648=CARTESIAN_POINT('',(-118.001326660859,5.22306195566896,6.2493963454296));
#11649=CARTESIAN_POINT('Origin',(-121.251326661777,-7.22785329178153,-0.939142923928007));
#11650=CARTESIAN_POINT('Origin',(7.88950517338009E-9,-15.6368756844059,
17.0940637762864));
#11651=CARTESIAN_POINT('',(5.70594672612219E-9,-7.66578283620609,-7.02315983147628E-10));
#11652=CARTESIAN_POINT('',(-204.52503129455,-6.73316750804103,-2.));
#11653=CARTESIAN_POINT('Ctrl Pts',(5.70594672691283E-9,-7.66578283620609,
-7.02312218797685E-10));
#11654=CARTESIAN_POINT('Ctrl Pts',(5.63214633712612E-9,-7.39687270699938,
-0.57667963378123));
#11655=CARTESIAN_POINT('Ctrl Pts',(-0.0866349640101604,-7.04664973785004,
-1.3277352148828));
#11656=CARTESIAN_POINT('Ctrl Pts',(-0.858521893433105,-6.19041771248301,
-3.16393071874572));
#11657=CARTESIAN_POINT('Ctrl Pts',(-1.50673864127277,-5.78654412153263,
-4.03004042827279));
#11658=CARTESIAN_POINT('Ctrl Pts',(-3.3948358161156,-4.90326087539369,-5.9242474621467));
#11659=CARTESIAN_POINT('Ctrl Pts',(-4.81274329324998,-4.4565796880763,-6.88215836057298));
#11660=CARTESIAN_POINT('Ctrl Pts',(-11.6994643182429,-2.67358956998352,
-10.7057930071434));
#11661=CARTESIAN_POINT('Ctrl Pts',(-19.329791672337,-1.86024565544501,-12.4500146582123));
#11662=CARTESIAN_POINT('Ctrl Pts',(-46.8025656856224,0.594361713091883,
-17.7139371436641));
#11663=CARTESIAN_POINT('Ctrl Pts',(-77.1118145028649,0.0404637388531027,
-16.5260991022198));
#11664=CARTESIAN_POINT('Ctrl Pts',(-130.261239366085,-1.57567930132491,
-13.0602691612354));
#11665=CARTESIAN_POINT('Ctrl Pts',(-171.543409701553,-4.11778514364027,
-7.60870558444908));
#11666=CARTESIAN_POINT('Ctrl Pts',(-204.525031294541,-6.73316750806417,
-1.99999999995038));
#11667=CARTESIAN_POINT('',(-204.525031294039,-8.59839814070156,2.00000000008691));
#11668=CARTESIAN_POINT('',(-204.525031293495,-10.5837288812414,6.25755551267496));
#11669=CARTESIAN_POINT('Ctrl Pts',(-204.525031294038,-8.59839814069811,
2.00000000007953));
#11670=CARTESIAN_POINT('Ctrl Pts',(-172.374761347522,-11.1478558419536,
7.46732967986156));
#11671=CARTESIAN_POINT('Ctrl Pts',(-126.23280045415,-14.0839522424646,13.7638087244778));
#11672=CARTESIAN_POINT('Ctrl Pts',(-74.852174427919,-15.3372244411368,16.4514596212493));
#11673=CARTESIAN_POINT('Ctrl Pts',(-60.6149492924745,-15.4661923295775,
16.7280321483812));
#11674=CARTESIAN_POINT('Ctrl Pts',(-32.9584687896581,-14.7541271442367,
15.2010034270311));
#11675=CARTESIAN_POINT('Ctrl Pts',(-23.1385612477515,-13.9390095985734,
13.452978208069));
#11676=CARTESIAN_POINT('Ctrl Pts',(-13.0294645504194,-12.6381124946617,
10.6631953645682));
#11677=CARTESIAN_POINT('Ctrl Pts',(-9.29218363135604,-12.0359331447203,
9.37181758075999));
#11678=CARTESIAN_POINT('Ctrl Pts',(-4.8042294444404,-10.8722172988289,6.87622089516599));
#11679=CARTESIAN_POINT('Ctrl Pts',(-3.39349925418263,-10.4272989320105,
5.92209037828236));
#11680=CARTESIAN_POINT('Ctrl Pts',(-1.58756579876167,-9.58306694677865,
4.11162904320644));
#11681=CARTESIAN_POINT('Ctrl Pts',(-0.993103102696228,-9.22413261960187,
3.34189189447226));
#11682=CARTESIAN_POINT('Ctrl Pts',(-0.162519406716978,-8.41775923622498,
1.61261859319971));
#11683=CARTESIAN_POINT('Ctrl Pts',(-0.0259466380646659,-8.05637448942377,
0.837626502719554));
#11684=CARTESIAN_POINT('Ctrl Pts',(-0.00120324607488088,-7.72665515458878,
0.130541107336957));
#11685=CARTESIAN_POINT('Ctrl Pts',(5.71444774948766E-9,-7.69675843248131,
0.0664273798768056));
#11686=CARTESIAN_POINT('Ctrl Pts',(5.70594672691283E-9,-7.66578283620609,
-7.02312218797685E-10));
#11687=CARTESIAN_POINT('Ctrl Pts',(-204.525031294038,0.,2.00000000007953));
#11688=CARTESIAN_POINT('Ctrl Pts',(-204.525031294038,-453.491,2.00000000007953));
#11689=CARTESIAN_POINT('Ctrl Pts',(-204.113999746501,0.,2.06989816836585));
#11690=CARTESIAN_POINT('Ctrl Pts',(-204.113999746501,-453.491,2.06989816836585));
#11691=CARTESIAN_POINT('Ctrl Pts',(-203.125561548954,0.,2.23747381881825));
#11692=CARTESIAN_POINT('Ctrl Pts',(-203.125561548954,-453.491,2.23747381881825));
#11693=CARTESIAN_POINT('Ctrl Pts',(-201.491000729931,0.,2.51254030883364));
#11694=CARTESIAN_POINT('Ctrl Pts',(-201.491000729931,-453.491,2.51254030883364));
#11695=CARTESIAN_POINT('Ctrl Pts',(-199.118547361238,0.,2.90704490322465));
#11696=CARTESIAN_POINT('Ctrl Pts',(-199.118547361238,-453.491,2.90704490322465));
#11697=CARTESIAN_POINT('Ctrl Pts',(-196.393610433233,0.,3.35351010937274));
#11698=CARTESIAN_POINT('Ctrl Pts',(-196.393610433233,-453.491,3.35351010937274));
#11699=CARTESIAN_POINT('Ctrl Pts',(-193.459904030726,0.,3.82690775499489));
#11700=CARTESIAN_POINT('Ctrl Pts',(-193.459904030726,-453.491,3.82690775499489));
#11701=CARTESIAN_POINT('Ctrl Pts',(-190.324230294411,0.,4.32451885701716));
#11702=CARTESIAN_POINT('Ctrl Pts',(-190.324230294411,-453.491,4.32451885701716));
#11703=CARTESIAN_POINT('Ctrl Pts',(-186.993932207618,0.,4.84389165939789));
#11704=CARTESIAN_POINT('Ctrl Pts',(-186.993932207618,-453.491,4.84389165939789));
#11705=CARTESIAN_POINT('Ctrl Pts',(-183.476787916127,0.,5.38225977329451));
#11706=CARTESIAN_POINT('Ctrl Pts',(-183.476787916127,-453.491,5.38225977329451));
#11707=CARTESIAN_POINT('Ctrl Pts',(-179.781005678233,0.,5.93700029958514));
#11708=CARTESIAN_POINT('Ctrl Pts',(-179.781005678233,-453.491,5.93700029958514));
#11709=CARTESIAN_POINT('Ctrl Pts',(-175.915242477809,0.,6.50535740272464));
#11710=CARTESIAN_POINT('Ctrl Pts',(-175.915242477809,-453.491,6.50535740272464));
#11711=CARTESIAN_POINT('Ctrl Pts',(-171.888535639771,0.,7.08473769700798));
#11712=CARTESIAN_POINT('Ctrl Pts',(-171.888535639771,-453.491,7.08473769700798));
#11713=CARTESIAN_POINT('Ctrl Pts',(-167.710236450948,0.,7.67213073728374));
#11714=CARTESIAN_POINT('Ctrl Pts',(-167.710236450948,-453.491,7.67213073728374));
#11715=CARTESIAN_POINT('Ctrl Pts',(-163.390187291856,0.,8.26496150270238));
#11716=CARTESIAN_POINT('Ctrl Pts',(-163.390187291856,-453.491,8.26496150270238));
#11717=CARTESIAN_POINT('Ctrl Pts',(-158.938382364567,0.,8.86032995191706));
#11718=CARTESIAN_POINT('Ctrl Pts',(-158.938382364567,-453.491,8.86032995191706));
#11719=CARTESIAN_POINT('Ctrl Pts',(-154.36532232343,0.,9.45528484127329));
#11720=CARTESIAN_POINT('Ctrl Pts',(-154.36532232343,-453.491,9.45528484127329));
#11721=CARTESIAN_POINT('Ctrl Pts',(-149.681604234116,0.,10.0469812283821));
#11722=CARTESIAN_POINT('Ctrl Pts',(-149.681604234116,-453.491,10.0469812283821));
#11723=CARTESIAN_POINT('Ctrl Pts',(-144.898237980228,0.,10.6322903814693));
#11724=CARTESIAN_POINT('Ctrl Pts',(-144.898237980228,-453.491,10.6322903814693));
#11725=CARTESIAN_POINT('Ctrl Pts',(-140.026323391296,0.,11.2082928277056));
#11726=CARTESIAN_POINT('Ctrl Pts',(-140.026323391296,-453.491,11.2082928277056));
#11727=CARTESIAN_POINT('Ctrl Pts',(-135.077308932784,0.,11.7717120075108));
#11728=CARTESIAN_POINT('Ctrl Pts',(-135.077308932784,-453.491,11.7717120075108));
#11729=CARTESIAN_POINT('Ctrl Pts',(-130.062687350677,0.,12.3193341107916));
#11730=CARTESIAN_POINT('Ctrl Pts',(-130.062687350677,-453.491,12.3193341107916));
#11731=CARTESIAN_POINT('Ctrl Pts',(-124.994248393012,0.,12.8478325590572));
#11732=CARTESIAN_POINT('Ctrl Pts',(-124.994248393012,-453.491,12.8478325590572));
#11733=CARTESIAN_POINT('Ctrl Pts',(-119.883704023688,0.,13.3537554565308));
#11734=CARTESIAN_POINT('Ctrl Pts',(-119.883704023688,-453.491,13.3537554565308));
#11735=CARTESIAN_POINT('Ctrl Pts',(-114.743119609321,0.,13.8337324013452));
#11736=CARTESIAN_POINT('Ctrl Pts',(-114.743119609321,-453.491,13.8337324013452));
#11737=CARTESIAN_POINT('Ctrl Pts',(-109.584417973091,0.,14.2841467446038));
#11738=CARTESIAN_POINT('Ctrl Pts',(-109.584417973091,-453.491,14.2841467446038));
#11739=CARTESIAN_POINT('Ctrl Pts',(-104.419641421182,0.,14.701485756397));
#11740=CARTESIAN_POINT('Ctrl Pts',(-104.419641421182,-453.491,14.701485756397));
#11741=CARTESIAN_POINT('Ctrl Pts',(-99.2608849272179,0.,15.0821888184443));
#11742=CARTESIAN_POINT('Ctrl Pts',(-99.2608849272179,-453.491,15.0821888184443));
#11743=CARTESIAN_POINT('Ctrl Pts',(-94.120167023033,0.,15.422726801363));
#11744=CARTESIAN_POINT('Ctrl Pts',(-94.120167023033,-453.491,15.422726801363));
#11745=CARTESIAN_POINT('Ctrl Pts',(-89.0094738455476,0.,15.7196756796233));
#11746=CARTESIAN_POINT('Ctrl Pts',(-89.0094738455476,-453.491,15.7196756796233));
#11747=CARTESIAN_POINT('Ctrl Pts',(-83.9407494294729,0.,15.9696686490073));
#11748=CARTESIAN_POINT('Ctrl Pts',(-83.9407494294729,-453.491,15.9696686490073));
#11749=CARTESIAN_POINT('Ctrl Pts',(-78.9258189997834,0.,16.1694780129549));
#11750=CARTESIAN_POINT('Ctrl Pts',(-78.9258189997834,-453.491,16.1694780129549));
#11751=CARTESIAN_POINT('Ctrl Pts',(-73.976385578165,0.,16.3162194267394));
#11752=CARTESIAN_POINT('Ctrl Pts',(-73.976385578165,-453.491,16.3162194267394));
#11753=CARTESIAN_POINT('Ctrl Pts',(-69.1040155647001,0.,16.4070850678676));
#11754=CARTESIAN_POINT('Ctrl Pts',(-69.1040155647001,-453.491,16.4070850678676));
#11755=CARTESIAN_POINT('Ctrl Pts',(-64.3200373696643,0.,16.439637523502));
#11756=CARTESIAN_POINT('Ctrl Pts',(-64.3200373696643,-453.491,16.439637523502));
#11757=CARTESIAN_POINT('Ctrl Pts',(-59.6356517956358,0.,16.4117571571964));
#11758=CARTESIAN_POINT('Ctrl Pts',(-59.6356517956358,-453.491,16.4117571571964));
#11759=CARTESIAN_POINT('Ctrl Pts',(-55.0617814851945,0.,16.3217809108042));
#11760=CARTESIAN_POINT('Ctrl Pts',(-55.0617814851945,-453.491,16.3217809108042));
#11761=CARTESIAN_POINT('Ctrl Pts',(-50.6090938657654,0.,16.1682817145854));
#11762=CARTESIAN_POINT('Ctrl Pts',(-50.6090938657654,-453.491,16.1682817145854));
#11763=CARTESIAN_POINT('Ctrl Pts',(-46.2879574551168,0.,15.950433515892));
#11764=CARTESIAN_POINT('Ctrl Pts',(-46.2879574551168,-453.491,15.950433515892));
#11765=CARTESIAN_POINT('Ctrl Pts',(-42.1084675565932,0.,15.6678416194043));
#11766=CARTESIAN_POINT('Ctrl Pts',(-42.1084675565932,-453.491,15.6678416194043));
#11767=CARTESIAN_POINT('Ctrl Pts',(-38.0803732358136,0.,15.3204147495286));
#11768=CARTESIAN_POINT('Ctrl Pts',(-38.0803732358136,-453.491,15.3204147495286));
#11769=CARTESIAN_POINT('Ctrl Pts',(-34.2130334811059,0.,14.9087621432198));
#11770=CARTESIAN_POINT('Ctrl Pts',(-34.2130334811059,-453.491,14.9087621432198));
#11771=CARTESIAN_POINT('Ctrl Pts',(-30.515428005363,0.,14.4338416999995));
#11772=CARTESIAN_POINT('Ctrl Pts',(-30.515428005363,-453.491,14.4338416999995));
#11773=CARTESIAN_POINT('Ctrl Pts',(-26.9961797371065,0.,13.8969393472614));
#11774=CARTESIAN_POINT('Ctrl Pts',(-26.9961797371065,-453.491,13.8969393472614));
#11775=CARTESIAN_POINT('Ctrl Pts',(-23.6633993341892,0.,13.3000401248651));
#11776=CARTESIAN_POINT('Ctrl Pts',(-23.6633993341892,-453.491,13.3000401248651));
#11777=CARTESIAN_POINT('Ctrl Pts',(-20.5248175107589,0.,12.6450631610692));
#11778=CARTESIAN_POINT('Ctrl Pts',(-20.5248175107589,-453.491,12.6450631610692));
#11779=CARTESIAN_POINT('Ctrl Pts',(-17.5875575856147,0.,11.9347829655985));
#11780=CARTESIAN_POINT('Ctrl Pts',(-17.5875575856147,-453.491,11.9347829655985));
#11781=CARTESIAN_POINT('Ctrl Pts',(-14.858380905244,0.,11.1716594937249));
#11782=CARTESIAN_POINT('Ctrl Pts',(-14.858380905244,-453.491,11.1716594937249));
#11783=CARTESIAN_POINT('Ctrl Pts',(-12.3433068607818,0.,10.3588582129168));
#11784=CARTESIAN_POINT('Ctrl Pts',(-12.3433068607818,-453.491,10.3588582129168));
#11785=CARTESIAN_POINT('Ctrl Pts',(-10.0478954308349,0.,9.49914722249101));
#11786=CARTESIAN_POINT('Ctrl Pts',(-10.0478954308349,-453.491,9.49914722249101));
#11787=CARTESIAN_POINT('Ctrl Pts',(-7.97700939421836,0.,8.59564803128232));
#11788=CARTESIAN_POINT('Ctrl Pts',(-7.97700939421836,-453.491,8.59564803128232));
#11789=CARTESIAN_POINT('Ctrl Pts',(-6.134774269022,0.,7.65103679240927));
#11790=CARTESIAN_POINT('Ctrl Pts',(-6.134774269022,-453.491,7.65103679240927));
#11791=CARTESIAN_POINT('Ctrl Pts',(-4.5246861998042,0.,6.66763627277172));
#11792=CARTESIAN_POINT('Ctrl Pts',(-4.5246861998042,-453.491,6.66763627277172));
#11793=CARTESIAN_POINT('Ctrl Pts',(-3.14962087501255,0.,5.64705078219967));
#11794=CARTESIAN_POINT('Ctrl Pts',(-3.14962087501255,-453.491,5.64705078219967));
#11795=CARTESIAN_POINT('Ctrl Pts',(-2.01230178976348,0.,4.58958659312588));
#11796=CARTESIAN_POINT('Ctrl Pts',(-2.01230178976348,-453.491,4.58958659312588));
#11797=CARTESIAN_POINT('Ctrl Pts',(-1.11632331150354,0.,3.49497185465549));
#11798=CARTESIAN_POINT('Ctrl Pts',(-1.11632331150354,-453.491,3.49497185465549));
#11799=CARTESIAN_POINT('Ctrl Pts',(-0.467960954959944,0.,2.36175827103294));
#11800=CARTESIAN_POINT('Ctrl Pts',(-0.467960954959944,-453.491,2.36175827103294));
#11801=CARTESIAN_POINT('Ctrl Pts',(-0.0757705272716197,0.,1.19578858602313));
#11802=CARTESIAN_POINT('Ctrl Pts',(-0.0757705272716197,-453.491,1.19578858602313));
#11803=CARTESIAN_POINT('Ctrl Pts',(0.0534339786604656,0.,3.16944645207811E-11));
#11804=CARTESIAN_POINT('Ctrl Pts',(0.0534339786604656,-453.491,3.16944645207811E-11));
#11805=CARTESIAN_POINT('Ctrl Pts',(-0.0757705272695864,0.,-1.19578858608951));
#11806=CARTESIAN_POINT('Ctrl Pts',(-0.0757705272695864,-453.491,-1.19578858608951));
#11807=CARTESIAN_POINT('Ctrl Pts',(-0.467960954957522,0.,-2.36175827105246));
#11808=CARTESIAN_POINT('Ctrl Pts',(-0.467960954957522,-453.491,-2.36175827105246));
#11809=CARTESIAN_POINT('Ctrl Pts',(-1.11632331150161,0.,-3.4949718546974));
#11810=CARTESIAN_POINT('Ctrl Pts',(-1.11632331150161,-453.491,-3.4949718546974));
#11811=CARTESIAN_POINT('Ctrl Pts',(-2.01230178976369,0.,-4.58958659316172));
#11812=CARTESIAN_POINT('Ctrl Pts',(-2.01230178976369,-453.491,-4.58958659316172));
#11813=CARTESIAN_POINT('Ctrl Pts',(-3.14962087501224,0.,-5.64705078223899));
#11814=CARTESIAN_POINT('Ctrl Pts',(-3.14962087501224,-453.491,-5.64705078223899));
#11815=CARTESIAN_POINT('Ctrl Pts',(-4.52468619980433,0.,-6.66763627280956));
#11816=CARTESIAN_POINT('Ctrl Pts',(-4.52468619980433,-453.491,-6.66763627280956));
#11817=CARTESIAN_POINT('Ctrl Pts',(-6.13477426902176,0.,-7.65103679244774));
#11818=CARTESIAN_POINT('Ctrl Pts',(-6.13477426902176,-453.491,-7.65103679244774));
#11819=CARTESIAN_POINT('Ctrl Pts',(-7.97700939421829,0.,-8.59564803132051));
#11820=CARTESIAN_POINT('Ctrl Pts',(-7.97700939421829,-453.491,-8.59564803132051));
#11821=CARTESIAN_POINT('Ctrl Pts',(-10.0478954308349,0.,-9.49914722252931));
#11822=CARTESIAN_POINT('Ctrl Pts',(-10.0478954308349,-453.491,-9.49914722252931));
#11823=CARTESIAN_POINT('Ctrl Pts',(-12.3433068607819,0.,-10.3588582129551));
#11824=CARTESIAN_POINT('Ctrl Pts',(-12.3433068607819,-453.491,-10.3588582129551));
#11825=CARTESIAN_POINT('Ctrl Pts',(-14.8583809052441,0.,-11.1716594937632));
#11826=CARTESIAN_POINT('Ctrl Pts',(-14.8583809052441,-453.491,-11.1716594937632));
#11827=CARTESIAN_POINT('Ctrl Pts',(-17.5875575856145,0.,-11.9347829656367));
#11828=CARTESIAN_POINT('Ctrl Pts',(-17.5875575856145,-453.491,-11.9347829656367));
#11829=CARTESIAN_POINT('Ctrl Pts',(-20.5248175107589,0.,-12.6450631611075));
#11830=CARTESIAN_POINT('Ctrl Pts',(-20.5248175107589,-453.491,-12.6450631611075));
#11831=CARTESIAN_POINT('Ctrl Pts',(-23.6633993341894,0.,-13.3000401249034));
#11832=CARTESIAN_POINT('Ctrl Pts',(-23.6633993341894,-453.491,-13.3000401249034));
#11833=CARTESIAN_POINT('Ctrl Pts',(-26.9961797371064,0.,-13.8969393472997));
#11834=CARTESIAN_POINT('Ctrl Pts',(-26.9961797371064,-453.491,-13.8969393472997));
#11835=CARTESIAN_POINT('Ctrl Pts',(-30.515428005363,0.,-14.4338417000375));
#11836=CARTESIAN_POINT('Ctrl Pts',(-30.515428005363,-453.491,-14.4338417000375));
#11837=CARTESIAN_POINT('Ctrl Pts',(-34.2130334811062,0.,-14.9087621432589));
#11838=CARTESIAN_POINT('Ctrl Pts',(-34.2130334811062,-453.491,-14.9087621432589));
#11839=CARTESIAN_POINT('Ctrl Pts',(-38.0803732358127,0.,-15.3204147495645));
#11840=CARTESIAN_POINT('Ctrl Pts',(-38.0803732358127,-453.491,-15.3204147495645));
#11841=CARTESIAN_POINT('Ctrl Pts',(-42.1084675565952,0.,-15.6678416194496));
#11842=CARTESIAN_POINT('Ctrl Pts',(-42.1084675565952,-453.491,-15.6678416194496));
#11843=CARTESIAN_POINT('Ctrl Pts',(-46.2879574551136,0.,-15.9504335159093));
#11844=CARTESIAN_POINT('Ctrl Pts',(-46.2879574551136,-453.491,-15.9504335159093));
#11845=CARTESIAN_POINT('Ctrl Pts',(-50.6090938657789,0.,-16.168281714683));
#11846=CARTESIAN_POINT('Ctrl Pts',(-50.6090938657789,-453.491,-16.168281714683));
#11847=CARTESIAN_POINT('Ctrl Pts',(-55.0617814851749,0.,-16.3217809108705));
#11848=CARTESIAN_POINT('Ctrl Pts',(-55.0617814851749,-453.491,-16.3217809108705));
#11849=CARTESIAN_POINT('Ctrl Pts',(-59.6356517956816,0.,-16.411757157276));
#11850=CARTESIAN_POINT('Ctrl Pts',(-59.6356517956816,-453.491,-16.411757157276));
#11851=CARTESIAN_POINT('Ctrl Pts',(-64.320037369675,0.,-16.4396375235697));
#11852=CARTESIAN_POINT('Ctrl Pts',(-64.320037369675,-453.491,-16.4396375235697));
#11853=CARTESIAN_POINT('Ctrl Pts',(-69.1040155646968,0.,-16.4070850679644));
#11854=CARTESIAN_POINT('Ctrl Pts',(-69.1040155646968,-453.491,-16.4070850679644));
#11855=CARTESIAN_POINT('Ctrl Pts',(-73.9763855781708,0.,-16.3162194267553));
#11856=CARTESIAN_POINT('Ctrl Pts',(-73.9763855781708,-453.491,-16.3162194267553));
#11857=CARTESIAN_POINT('Ctrl Pts',(-78.9258189997821,0.,-16.1694780130016));
#11858=CARTESIAN_POINT('Ctrl Pts',(-78.9258189997821,-453.491,-16.1694780130016));
#11859=CARTESIAN_POINT('Ctrl Pts',(-83.9407494294739,0.,-15.9696686490428));
#11860=CARTESIAN_POINT('Ctrl Pts',(-83.9407494294739,-453.491,-15.9696686490428));
#11861=CARTESIAN_POINT('Ctrl Pts',(-89.0094738455472,0.,-15.7196756796628));
#11862=CARTESIAN_POINT('Ctrl Pts',(-89.0094738455472,-453.491,-15.7196756796628));
#11863=CARTESIAN_POINT('Ctrl Pts',(-94.1201670230332,0.,-15.4227268014011));
#11864=CARTESIAN_POINT('Ctrl Pts',(-94.1201670230332,-453.491,-15.4227268014011));
#11865=CARTESIAN_POINT('Ctrl Pts',(-99.2608849272178,0.,-15.0821888184829));
#11866=CARTESIAN_POINT('Ctrl Pts',(-99.2608849272178,-453.491,-15.0821888184829));
#11867=CARTESIAN_POINT('Ctrl Pts',(-104.419641421182,0.,-14.7014857564354));
#11868=CARTESIAN_POINT('Ctrl Pts',(-104.419641421182,-453.491,-14.7014857564354));
#11869=CARTESIAN_POINT('Ctrl Pts',(-109.584417973091,0.,-14.2841467446421));
#11870=CARTESIAN_POINT('Ctrl Pts',(-109.584417973091,-453.491,-14.2841467446421));
#11871=CARTESIAN_POINT('Ctrl Pts',(-114.743119609321,0.,-13.8337324013836));
#11872=CARTESIAN_POINT('Ctrl Pts',(-114.743119609321,-453.491,-13.8337324013836));
#11873=CARTESIAN_POINT('Ctrl Pts',(-119.883704023688,0.,-13.3537554565692));
#11874=CARTESIAN_POINT('Ctrl Pts',(-119.883704023688,-453.491,-13.3537554565692));
#11875=CARTESIAN_POINT('Ctrl Pts',(-124.994248393012,0.,-12.8478325590956));
#11876=CARTESIAN_POINT('Ctrl Pts',(-124.994248393012,-453.491,-12.8478325590956));
#11877=CARTESIAN_POINT('Ctrl Pts',(-130.062687350677,0.,-12.31933411083));
#11878=CARTESIAN_POINT('Ctrl Pts',(-130.062687350677,-453.491,-12.31933411083));
#11879=CARTESIAN_POINT('Ctrl Pts',(-135.077308932784,0.,-11.7717120075492));
#11880=CARTESIAN_POINT('Ctrl Pts',(-135.077308932784,-453.491,-11.7717120075492));
#11881=CARTESIAN_POINT('Ctrl Pts',(-140.026323391296,0.,-11.2082928277439));
#11882=CARTESIAN_POINT('Ctrl Pts',(-140.026323391296,-453.491,-11.2082928277439));
#11883=CARTESIAN_POINT('Ctrl Pts',(-144.898237980228,0.,-10.6322903815076));
#11884=CARTESIAN_POINT('Ctrl Pts',(-144.898237980228,-453.491,-10.6322903815076));
#11885=CARTESIAN_POINT('Ctrl Pts',(-149.681604234116,0.,-10.0469812284204));
#11886=CARTESIAN_POINT('Ctrl Pts',(-149.681604234116,-453.491,-10.0469812284204));
#11887=CARTESIAN_POINT('Ctrl Pts',(-154.365322323429,0.,-9.45528484131164));
#11888=CARTESIAN_POINT('Ctrl Pts',(-154.365322323429,-453.491,-9.45528484131164));
#11889=CARTESIAN_POINT('Ctrl Pts',(-158.938382364567,0.,-8.86032995195539));
#11890=CARTESIAN_POINT('Ctrl Pts',(-158.938382364567,-453.491,-8.86032995195539));
#11891=CARTESIAN_POINT('Ctrl Pts',(-163.390187291855,0.,-8.26496150274076));
#11892=CARTESIAN_POINT('Ctrl Pts',(-163.390187291855,-453.491,-8.26496150274076));
#11893=CARTESIAN_POINT('Ctrl Pts',(-167.710236450948,0.,-7.67213073732207));
#11894=CARTESIAN_POINT('Ctrl Pts',(-167.710236450948,-453.491,-7.67213073732207));
#11895=CARTESIAN_POINT('Ctrl Pts',(-171.888535639771,0.,-7.08473769704633));
#11896=CARTESIAN_POINT('Ctrl Pts',(-171.888535639771,-453.491,-7.08473769704633));
#11897=CARTESIAN_POINT('Ctrl Pts',(-175.915242477809,0.,-6.50535740276302));
#11898=CARTESIAN_POINT('Ctrl Pts',(-175.915242477809,-453.491,-6.50535740276302));
#11899=CARTESIAN_POINT('Ctrl Pts',(-179.781005678232,0.,-5.93700029962351));
#11900=CARTESIAN_POINT('Ctrl Pts',(-179.781005678232,-453.491,-5.93700029962351));
#11901=CARTESIAN_POINT('Ctrl Pts',(-183.476787916129,0.,-5.38225977333297));
#11902=CARTESIAN_POINT('Ctrl Pts',(-183.476787916129,-453.491,-5.38225977333297));
#11903=CARTESIAN_POINT('Ctrl Pts',(-186.993932207611,0.,-4.84389165943614));
#11904=CARTESIAN_POINT('Ctrl Pts',(-186.993932207611,-453.491,-4.84389165943614));
#11905=CARTESIAN_POINT('Ctrl Pts',(-190.324230294425,0.,-4.32451885705595));
#11906=CARTESIAN_POINT('Ctrl Pts',(-190.324230294425,-453.491,-4.32451885705595));
#11907=CARTESIAN_POINT('Ctrl Pts',(-193.459904030687,0.,-3.82690775503258));
#11908=CARTESIAN_POINT('Ctrl Pts',(-193.459904030687,-453.491,-3.82690775503258));
#11909=CARTESIAN_POINT('Ctrl Pts',(-196.393610433289,0.,-3.35351010941843));
#11910=CARTESIAN_POINT('Ctrl Pts',(-196.393610433289,-453.491,-3.35351010941843));
#11911=CARTESIAN_POINT('Ctrl Pts',(-199.118547360943,0.,-2.90704490327248));
#11912=CARTESIAN_POINT('Ctrl Pts',(-199.118547360943,-453.491,-2.90704490327248));
#11913=CARTESIAN_POINT('Ctrl Pts',(-201.491000730625,0.,-2.51254030883848));
#11914=CARTESIAN_POINT('Ctrl Pts',(-201.491000730625,-453.491,-2.51254030883848));
#11915=CARTESIAN_POINT('Ctrl Pts',(-203.125561548808,0.,-2.23747381878747));
#11916=CARTESIAN_POINT('Ctrl Pts',(-203.125561548808,-453.491,-2.23747381878747));
#11917=CARTESIAN_POINT('Ctrl Pts',(-204.113999746653,0.,-2.06989816828476));
#11918=CARTESIAN_POINT('Ctrl Pts',(-204.113999746653,-453.491,-2.06989816828476));
#11919=CARTESIAN_POINT('Ctrl Pts',(-204.525031294541,0.,-1.99999999995038));
#11920=CARTESIAN_POINT('Ctrl Pts',(-204.525031294541,-453.491,-1.99999999995038));
#11921=CARTESIAN_POINT('Ctrl Pts',(-123.894408547568,-66.5479999648124,
-12.9533646964149));
#11922=CARTESIAN_POINT('Ctrl Pts',(-123.894408547568,-122.553753315276,
-12.9533646964149));
#11923=CARTESIAN_POINT('Ctrl Pts',(-123.894408547568,-178.55950666574,-12.9533646964149));
#11924=CARTESIAN_POINT('Ctrl Pts',(-123.894408547568,-234.565260016203,
-12.9533646964149));
#11925=CARTESIAN_POINT('',(-204.52503129455,0.,-2.));
#11926=CARTESIAN_POINT('',(-204.525031294039,0.,2.00000000008691));
#11927=CARTESIAN_POINT('Ctrl Pts',(-123.896223609663,-234.565260016204,
12.9531823399021));
#11928=CARTESIAN_POINT('Ctrl Pts',(-123.896223609663,-186.39232292133,12.9531823399021));
#11929=CARTESIAN_POINT('Ctrl Pts',(-123.896223609663,-138.219385826456,
12.9531823399021));
#11930=CARTESIAN_POINT('Ctrl Pts',(-123.896223609663,-82.2136324759926,
12.9531823399021));
#11931=CARTESIAN_POINT('Ctrl Pts',(-123.896223609663,-74.3808162204025,
12.9531823399021));
#11932=CARTESIAN_POINT('Ctrl Pts',(-123.896223609663,-66.5479999648124,
12.9531823399021));
#11933=CARTESIAN_POINT('',(-56.7839093866851,-214.970021729247,-16.3496747734319));
#11934=CARTESIAN_POINT('',(-54.5313840631189,-214.462239529706,-16.2930364263236));
#11935=CARTESIAN_POINT('Ctrl Pts',(-56.7839093866851,-214.970021729247,
-16.3496747734319));
#11936=CARTESIAN_POINT('Ctrl Pts',(-56.4563347387366,-214.814425714705,
-16.3426214518245));
#11937=CARTESIAN_POINT('Ctrl Pts',(-56.1135354712944,-214.693197204367,
-16.3347280659265));
#11938=CARTESIAN_POINT('Ctrl Pts',(-55.3916981034698,-214.519295735987,
-16.3168300060044));
#11939=CARTESIAN_POINT('Ctrl Pts',(-55.0138429967939,-214.470674299689,
-16.30679328677));
#11940=CARTESIAN_POINT('Ctrl Pts',(-54.599852814983,-214.462574378448,-16.2950037362595));
#11941=CARTESIAN_POINT('Ctrl Pts',(-54.5656181198709,-214.462239529705,
-16.2940229882322));
#11942=CARTESIAN_POINT('Ctrl Pts',(-54.5313840630594,-214.462239529706,
-16.2930364263236));
#11943=CARTESIAN_POINT('Ctrl Pts',(-54.5313840630594,-214.462239529706,
-16.2930364263236));
#11944=CARTESIAN_POINT('Ctrl Pts',(-54.4774522455984,-214.462239529707,
-16.2914822115527));
#11945=CARTESIAN_POINT('Ctrl Pts',(-54.4235220123548,-214.463070569924,
-16.2899135656203));
#11946=CARTESIAN_POINT('Ctrl Pts',(-54.2795886011263,-214.467507786149,
-16.2856882885828));
#11947=CARTESIAN_POINT('Ctrl Pts',(-54.189652057407,-214.472599192716,-16.283007629456));
#11948=CARTESIAN_POINT('Ctrl Pts',(-53.6962992034579,-214.513284982846,
-16.2680804643809));
#11949=CARTESIAN_POINT('Ctrl Pts',(-53.2979256640773,-214.593152696567,
-16.2551978158872));
#11950=CARTESIAN_POINT('Ctrl Pts',(-52.3918616743593,-214.886813518161,
-16.2241307474404));
#11951=CARTESIAN_POINT('Ctrl Pts',(-51.9005989478615,-215.136075987056,
-16.20585896426));
#11952=CARTESIAN_POINT('Ctrl Pts',(-50.8988767035518,-215.859822282151,
-16.1664060307439));
#11953=CARTESIAN_POINT('Ctrl Pts',(-50.4255866554657,-216.368757477512,
-16.1460967174836));
#11954=CARTESIAN_POINT('Ctrl Pts',(-49.6996078851332,-217.544840909154,
-16.1138431628758));
#11955=CARTESIAN_POINT('Ctrl Pts',(-49.4557752788357,-218.201575528578,
-16.1023483133181));
#11956=CARTESIAN_POINT('Ctrl Pts',(-49.2405541587674,-219.553381453921,
-16.0922132730561));
#11957=CARTESIAN_POINT('Ctrl Pts',(-49.2639710354696,-220.234208567373,
-16.0933462471198));
#11958=CARTESIAN_POINT('Ctrl Pts',(-49.5601974216974,-221.518806073754,
-16.1072194768042));
#11959=CARTESIAN_POINT('Ctrl Pts',(-49.8187363823243,-222.113724356669,
-16.1192628187431));
#11960=CARTESIAN_POINT('Ctrl Pts',(-50.5682656226702,-223.225486228403,
-16.1522477129928));
#11961=CARTESIAN_POINT('Ctrl Pts',(-51.0696285319933,-223.720387911852,
-16.1734692249093));
#11962=CARTESIAN_POINT('Ctrl Pts',(-52.0971548760906,-224.394029739781,
-16.2132223516878));
#11963=CARTESIAN_POINT('Ctrl Pts',(-52.582997859161,-224.616158785858,-16.2309458877957));
#11964=CARTESIAN_POINT('Ctrl Pts',(-53.4722001991564,-224.869309678716,
-16.2608815279941));
#11965=CARTESIAN_POINT('Ctrl Pts',(-53.8614658404383,-224.934162388683,
-16.2732408262106));
#11966=CARTESIAN_POINT('Ctrl Pts',(-54.4323317250146,-224.964330902406,
-16.2902184537033));
#11967=CARTESIAN_POINT('Ctrl Pts',(-54.6107072731845,-224.964666226708,
-16.2953642914701));
#11968=CARTESIAN_POINT('Ctrl Pts',(-54.9803123998596,-224.946525048664,
-16.3057009749827));
#11969=CARTESIAN_POINT('Ctrl Pts',(-55.1712133791369,-224.926633479212,
-16.3108578279329));
#11970=CARTESIAN_POINT('Ctrl Pts',(-55.793548064877,-224.827088495191,-16.3270963792619));
#11971=CARTESIAN_POINT('Ctrl Pts',(-56.21614426437,-224.703869426809,-16.3371962024316));
#11972=CARTESIAN_POINT('Ctrl Pts',(-57.2047025518384,-224.275571045346,
-16.3589984360862));
#11973=CARTESIAN_POINT('Ctrl Pts',(-57.7396825434232,-223.91670716152,-16.3691448664168));
#11974=CARTESIAN_POINT('Ctrl Pts',(-58.6914562181881,-222.988399134469,
-16.3854619331192));
#11975=CARTESIAN_POINT('Ctrl Pts',(-59.0858866978614,-222.41334741234,-16.3911344873231));
#11976=CARTESIAN_POINT('Ctrl Pts',(-59.6327054925573,-221.136071377894,
-16.3985929465752));
#11977=CARTESIAN_POINT('Ctrl Pts',(-59.7767213390767,-220.44519834257,-16.4002963223045));
#11978=CARTESIAN_POINT('Ctrl Pts',(-59.7855832790061,-219.084637608135,
-16.4004060545201));
#11979=CARTESIAN_POINT('Ctrl Pts',(-59.6647160583721,-218.427955439153,
-16.3989746974945));
#11980=CARTESIAN_POINT('Ctrl Pts',(-59.1964068458141,-217.222511542892,
-16.392681083676));
#11981=CARTESIAN_POINT('Ctrl Pts',(-58.8634453343381,-216.68001412879,-16.388003941131));
#11982=CARTESIAN_POINT('Ctrl Pts',(-57.9771977556278,-215.690461189963,
-16.3734726749643));
#11983=CARTESIAN_POINT('Ctrl Pts',(-57.4134337287238,-215.269042057259,
-16.3632296613693));
#11984=CARTESIAN_POINT('Ctrl Pts',(-56.7839093866851,-214.970021729247,
-16.3496747734319));
#11985=CARTESIAN_POINT('Origin',(-54.5313840625981,-219.712239529706,-11.7500000191598));
#11986=CARTESIAN_POINT('',(-54.5313840625981,-214.462239529706,-11.7500000191598));
#11987=CARTESIAN_POINT('Origin',(-54.5313840625981,-219.712239529706,-11.7500000191598));
#11988=CARTESIAN_POINT('Origin',(-54.5313840632687,-219.712239529706,-17.0000000191599));
#11989=CARTESIAN_POINT('',(-54.5313840632687,-214.462239529706,-17.0000000191599));
#11990=CARTESIAN_POINT('Origin',(-134.904980185443,-66.5479999648124,-0.000862536321740159));
#11991=CARTESIAN_POINT('Origin',(-204.52503129455,0.,-2.));
#11992=CARTESIAN_POINT('',(256.627906244695,289.143848201402,-519.601071074926));
#11993=CARTESIAN_POINT('',(256.627906245446,301.72914841976,-513.722076668882));
#11994=UNCERTAINTY_MEASURE_WITH_UNIT(LENGTH_MEASURE(0.01),#12002,
'DISTANCE_ACCURACY_VALUE',
'Maximum model space distance between geometric entities at asserted c
onnectivities');
#11995=UNCERTAINTY_MEASURE_WITH_UNIT(LENGTH_MEASURE(0.01),#12002,
'DISTANCE_ACCURACY_VALUE',
'Maximum model space distance between geometric entities at asserted c
onnectivities');
#11996=UNCERTAINTY_MEASURE_WITH_UNIT(LENGTH_MEASURE(0.01),#12002,
'DISTANCE_ACCURACY_VALUE',
'Maximum model space distance between geometric entities at asserted c
onnectivities');
#11997=UNCERTAINTY_MEASURE_WITH_UNIT(LENGTH_MEASURE(0.01),#12002,
'DISTANCE_ACCURACY_VALUE',
'Maximum model space distance between geometric entities at asserted c
onnectivities');
#11998=(
GEOMETRIC_REPRESENTATION_CONTEXT(3)
GLOBAL_UNCERTAINTY_ASSIGNED_CONTEXT((#11994))
GLOBAL_UNIT_ASSIGNED_CONTEXT((#12002,#12004,#12005))
REPRESENTATION_CONTEXT('','3D')
);
#11999=(
GEOMETRIC_REPRESENTATION_CONTEXT(3)
GLOBAL_UNCERTAINTY_ASSIGNED_CONTEXT((#11995))
GLOBAL_UNIT_ASSIGNED_CONTEXT((#12002,#12004,#12005))
REPRESENTATION_CONTEXT('','3D')
);
#12000=(
GEOMETRIC_REPRESENTATION_CONTEXT(3)
GLOBAL_UNCERTAINTY_ASSIGNED_CONTEXT((#11996))
GLOBAL_UNIT_ASSIGNED_CONTEXT((#12002,#12004,#12005))
REPRESENTATION_CONTEXT('','3D')
);
#12001=(
GEOMETRIC_REPRESENTATION_CONTEXT(3)
GLOBAL_UNCERTAINTY_ASSIGNED_CONTEXT((#11997))
GLOBAL_UNIT_ASSIGNED_CONTEXT((#12002,#12004,#12005))
REPRESENTATION_CONTEXT('','3D')
);
#12002=(
LENGTH_UNIT()
NAMED_UNIT(*)
SI_UNIT(.MILLI.,.METRE.)
);
#12003=(
LENGTH_UNIT()
NAMED_UNIT(*)
SI_UNIT(.CENTI.,.METRE.)
);
#12004=(
NAMED_UNIT(*)
PLANE_ANGLE_UNIT()
SI_UNIT($,.RADIAN.)
);
#12005=(
NAMED_UNIT(*)
SI_UNIT($,.STERADIAN.)
SOLID_ANGLE_UNIT()
);
#12006=SHAPE_DEFINITION_REPRESENTATION(#12009,#12014);
#12007=SHAPE_DEFINITION_REPRESENTATION(#12010,#12015);
#12008=SHAPE_DEFINITION_REPRESENTATION(#12011,#12016);
#12009=PRODUCT_DEFINITION_SHAPE('',$,#12018);
#12010=PRODUCT_DEFINITION_SHAPE('',$,#12019);
#12011=PRODUCT_DEFINITION_SHAPE('',$,#12020);
#12012=PRODUCT_DEFINITION_SHAPE($,$,#17);
#12013=PRODUCT_DEFINITION_SHAPE($,$,#18);
#12014=SHAPE_REPRESENTATION('',(#3696,#3928,#3929),#11998);
#12015=SHAPE_REPRESENTATION('',(#3697),#11999);
#12016=SHAPE_REPRESENTATION('',(#3710),#12000);
#12017=PRODUCT_DEFINITION_CONTEXT('part definition',#12028,'design');
#12018=PRODUCT_DEFINITION('Delb_Tail_Male(fr)','Delb_Tail_Male(fr)',#12021,
#12017);
#12019=PRODUCT_DEFINITION('connector','connector',#12022,#12017);
#12020=PRODUCT_DEFINITION('Male_Tail_Female_Connector',
'Male_Tail_Female_Connector',#12023,#12017);
#12021=PRODUCT_DEFINITION_FORMATION('',$,#12030);
#12022=PRODUCT_DEFINITION_FORMATION('',$,#12031);
#12023=PRODUCT_DEFINITION_FORMATION('',$,#12032);
#12024=PRODUCT_RELATED_PRODUCT_CATEGORY('Delb_Tail_Male(fr)',
'Delb_Tail_Male(fr)',(#12030));
#12025=PRODUCT_RELATED_PRODUCT_CATEGORY('connector','connector',(#12031));
#12026=PRODUCT_RELATED_PRODUCT_CATEGORY('Male_Tail_Female_Connector',
'Male_Tail_Female_Connector',(#12032));
#12027=APPLICATION_PROTOCOL_DEFINITION('international standard',
'automotive_design',2009,#12028);
#12028=APPLICATION_CONTEXT(
'Core Data for Automotive Mechanical Design Process');
#12029=PRODUCT_CONTEXT('part definition',#12028,'mechanical');
#12030=PRODUCT('Delb_Tail_Male(fr)','Delb_Tail_Male(fr)',$,(#12029));
#12031=PRODUCT('connector','connector',$,(#12029));
#12032=PRODUCT('Male_Tail_Female_Connector',
'Male_Tail_Female_Connector',$,(#12029));
ENDSEC;
END-ISO-10303-21;
