ISO-10303-21;
HEADER;
/* Generated by software containing ST-Developer
 * from STEP Tools, Inc. (www.steptools.com) 
 */

FILE_DESCRIPTION(
/* description */ (''),
/* implementation_level */ '2;1');

FILE_NAME(
/* name */ 'TJoint.stp',
/* time_stamp */ '2026-09-21T16:16:17-04:00',
/* author */ ('mateo'),
/* organization */ (''),
/* preprocessor_version */ 'ST-DEVELOPER v20.1',
/* originating_system */ 'Autodesk Inventor 2027',
/* authorisation */ '');

FILE_SCHEMA (('AUTOMOTIVE_DESIGN { 1 0 10303 214 3 1 1 }'));
ENDSEC;

DATA;
#10=MECHANICAL_DESIGN_GEOMETRIC_PRESENTATION_REPRESENTATION('',(#15,#16),
#3134);
#11=SHAPE_REPRESENTATION_RELATIONSHIP('SRR','None',#3141,#12);
#12=ADVANCED_BREP_SHAPE_REPRESENTATION('',(#17,#18),#3133);
#13=FACE_BOUND('',#200,.T.);
#14=FACE_BOUND('',#202,.T.);
#15=STYLED_ITEM('',(#3150),#17);
#16=STYLED_ITEM('',(#3150),#18);
#17=MANIFOLD_SOLID_BREP('Solid2',#1044);
#18=MANIFOLD_SOLID_BREP('Solid3',#1045);
#19=TOROIDAL_SURFACE('',#1082,7.8,5.2);
#20=TOROIDAL_SURFACE('',#1087,7.8,5.2);
#21=TOROIDAL_SURFACE('',#1092,7.8,5.2);
#22=TOROIDAL_SURFACE('',#1096,7.8,5.2);
#23=TOROIDAL_SURFACE('',#1103,6.45,5.2);
#24=TOROIDAL_SURFACE('',#1136,7.8,5.2);
#25=TOROIDAL_SURFACE('',#1143,7.8,5.2);
#26=TOROIDAL_SURFACE('',#1146,6.45,5.2);
#27=TOROIDAL_SURFACE('',#1151,6.45,5.2);
#28=B_SPLINE_SURFACE_WITH_KNOTS('',3,3,((#1714,#1715,#1716,#1717,#1718,
#1719,#1720,#1721,#1722,#1723,#1724,#1725,#1726,#1727,#1728,#1729,#1730,
#1731,#1732,#1733,#1734,#1735,#1736,#1737,#1738,#1739,#1740,#1741,#1742,
#1743,#1744,#1745,#1746),(#1747,#1748,#1749,#1750,#1751,#1752,#1753,#1754,
#1755,#1756,#1757,#1758,#1759,#1760,#1761,#1762,#1763,#1764,#1765,#1766,
#1767,#1768,#1769,#1770,#1771,#1772,#1773,#1774,#1775,#1776,#1777,#1778,
#1779),(#1780,#1781,#1782,#1783,#1784,#1785,#1786,#1787,#1788,#1789,#1790,
#1791,#1792,#1793,#1794,#1795,#1796,#1797,#1798,#1799,#1800,#1801,#1802,
#1803,#1804,#1805,#1806,#1807,#1808,#1809,#1810,#1811,#1812),(#1813,#1814,
#1815,#1816,#1817,#1818,#1819,#1820,#1821,#1822,#1823,#1824,#1825,#1826,
#1827,#1828,#1829,#1830,#1831,#1832,#1833,#1834,#1835,#1836,#1837,#1838,
#1839,#1840,#1841,#1842,#1843,#1844,#1845),(#1846,#1847,#1848,#1849,#1850,
#1851,#1852,#1853,#1854,#1855,#1856,#1857,#1858,#1859,#1860,#1861,#1862,
#1863,#1864,#1865,#1866,#1867,#1868,#1869,#1870,#1871,#1872,#1873,#1874,
#1875,#1876,#1877,#1878),(#1879,#1880,#1881,#1882,#1883,#1884,#1885,#1886,
#1887,#1888,#1889,#1890,#1891,#1892,#1893,#1894,#1895,#1896,#1897,#1898,
#1899,#1900,#1901,#1902,#1903,#1904,#1905,#1906,#1907,#1908,#1909,#1910,
#1911),(#1912,#1913,#1914,#1915,#1916,#1917,#1918,#1919,#1920,#1921,#1922,
#1923,#1924,#1925,#1926,#1927,#1928,#1929,#1930,#1931,#1932,#1933,#1934,
#1935,#1936,#1937,#1938,#1939,#1940,#1941,#1942,#1943,#1944),(#1945,#1946,
#1947,#1948,#1949,#1950,#1951,#1952,#1953,#1954,#1955,#1956,#1957,#1958,
#1959,#1960,#1961,#1962,#1963,#1964,#1965,#1966,#1967,#1968,#1969,#1970,
#1971,#1972,#1973,#1974,#1975,#1976,#1977),(#1978,#1979,#1980,#1981,#1982,
#1983,#1984,#1985,#1986,#1987,#1988,#1989,#1990,#1991,#1992,#1993,#1994,
#1995,#1996,#1997,#1998,#1999,#2000,#2001,#2002,#2003,#2004,#2005,#2006,
#2007,#2008,#2009,#2010),(#2011,#2012,#2013,#2014,#2015,#2016,#2017,#2018,
#2019,#2020,#2021,#2022,#2023,#2024,#2025,#2026,#2027,#2028,#2029,#2030,
#2031,#2032,#2033,#2034,#2035,#2036,#2037,#2038,#2039,#2040,#2041,#2042,
#2043)),.UNSPECIFIED.,.F.,.F.,.F.,(4,1,1,1,1,1,1,4),(4,1,1,1,1,1,1,1,1,
1,1,1,1,1,1,1,1,1,1,1,1,1,1,1,1,1,1,1,1,1,4),(0.,0.142857142857143,0.285714285714286,
0.428571428571429,0.571428571428571,0.714285714285714,0.857142857142857,
1.),(0.803052162905883,0.901689975973577,1.00032778904127,1.09896560210896,
1.19760341517666,1.29624122824435,1.39487904131205,1.49351685437974,1.59215466744743,
1.69079248051513,1.78943029358282,1.88806810665052,1.98670591971821,2.0853437327859,
2.13466263931975,2.1839815458536,2.23330045238744,2.28261935892129,2.38125717198898,
2.47989498505668,2.57853279812437,2.67717061119207,2.77580842425976,2.87444623732745,
2.97308405039515,3.07172186346284,3.17035967653054,3.26899748959823,3.36763530266592,
3.46627311573362,3.56491092880131),.UNSPECIFIED.);
#29=B_SPLINE_SURFACE_WITH_KNOTS('',3,3,((#2594,#2595,#2596,#2597,#2598,
#2599,#2600,#2601,#2602,#2603,#2604,#2605,#2606,#2607,#2608,#2609,#2610,
#2611,#2612,#2613,#2614,#2615,#2616,#2617,#2618,#2619,#2620,#2621,#2622,
#2623,#2624,#2625,#2626),(#2627,#2628,#2629,#2630,#2631,#2632,#2633,#2634,
#2635,#2636,#2637,#2638,#2639,#2640,#2641,#2642,#2643,#2644,#2645,#2646,
#2647,#2648,#2649,#2650,#2651,#2652,#2653,#2654,#2655,#2656,#2657,#2658,
#2659),(#2660,#2661,#2662,#2663,#2664,#2665,#2666,#2667,#2668,#2669,#2670,
#2671,#2672,#2673,#2674,#2675,#2676,#2677,#2678,#2679,#2680,#2681,#2682,
#2683,#2684,#2685,#2686,#2687,#2688,#2689,#2690,#2691,#2692),(#2693,#2694,
#2695,#2696,#2697,#2698,#2699,#2700,#2701,#2702,#2703,#2704,#2705,#2706,
#2707,#2708,#2709,#2710,#2711,#2712,#2713,#2714,#2715,#2716,#2717,#2718,
#2719,#2720,#2721,#2722,#2723,#2724,#2725),(#2726,#2727,#2728,#2729,#2730,
#2731,#2732,#2733,#2734,#2735,#2736,#2737,#2738,#2739,#2740,#2741,#2742,
#2743,#2744,#2745,#2746,#2747,#2748,#2749,#2750,#2751,#2752,#2753,#2754,
#2755,#2756,#2757,#2758),(#2759,#2760,#2761,#2762,#2763,#2764,#2765,#2766,
#2767,#2768,#2769,#2770,#2771,#2772,#2773,#2774,#2775,#2776,#2777,#2778,
#2779,#2780,#2781,#2782,#2783,#2784,#2785,#2786,#2787,#2788,#2789,#2790,
#2791),(#2792,#2793,#2794,#2795,#2796,#2797,#2798,#2799,#2800,#2801,#2802,
#2803,#2804,#2805,#2806,#2807,#2808,#2809,#2810,#2811,#2812,#2813,#2814,
#2815,#2816,#2817,#2818,#2819,#2820,#2821,#2822,#2823,#2824),(#2825,#2826,
#2827,#2828,#2829,#2830,#2831,#2832,#2833,#2834,#2835,#2836,#2837,#2838,
#2839,#2840,#2841,#2842,#2843,#2844,#2845,#2846,#2847,#2848,#2849,#2850,
#2851,#2852,#2853,#2854,#2855,#2856,#2857),(#2858,#2859,#2860,#2861,#2862,
#2863,#2864,#2865,#2866,#2867,#2868,#2869,#2870,#2871,#2872,#2873,#2874,
#2875,#2876,#2877,#2878,#2879,#2880,#2881,#2882,#2883,#2884,#2885,#2886,
#2887,#2888,#2889,#2890),(#2891,#2892,#2893,#2894,#2895,#2896,#2897,#2898,
#2899,#2900,#2901,#2902,#2903,#2904,#2905,#2906,#2907,#2908,#2909,#2910,
#2911,#2912,#2913,#2914,#2915,#2916,#2917,#2918,#2919,#2920,#2921,#2922,
#2923)),.UNSPECIFIED.,.F.,.F.,.F.,(4,1,1,1,1,1,1,4),(4,1,1,1,1,1,1,1,1,
1,1,1,1,1,1,1,1,1,1,1,1,1,1,1,1,1,1,1,1,1,4),(0.,0.142857142857143,0.285714285714286,
0.428571428571429,0.571428571428571,0.714285714285714,0.857142857142857,
1.),(0.803052162905885,0.901689975973578,1.00032778904127,1.09896560210897,
1.19760341517666,1.29624122824435,1.39487904131205,1.49351685437974,1.59215466744744,
1.69079248051513,1.78943029358282,1.88806810665052,1.98670591971821,2.0853437327859,
2.13466263931975,2.1839815458536,2.23330045238745,2.28261935892129,2.38125717198899,
2.47989498505668,2.57853279812437,2.67717061119207,2.77580842425976,2.87444623732746,
2.97308405039515,3.07172186346284,3.17035967653054,3.26899748959823,3.36763530266592,
3.46627311573362,3.56491092880131),.UNSPECIFIED.);
#30=PLANE('',#1072);
#31=PLANE('',#1076);
#32=PLANE('',#1090);
#33=PLANE('',#1100);
#34=PLANE('',#1101);
#35=PLANE('',#1110);
#36=PLANE('',#1111);
#37=PLANE('',#1112);
#38=PLANE('',#1115);
#39=PLANE('',#1116);
#40=PLANE('',#1117);
#41=PLANE('',#1123);
#42=PLANE('',#1125);
#43=PLANE('',#1130);
#44=PLANE('',#1133);
#45=PLANE('',#1141);
#46=PLANE('',#1156);
#47=PLANE('',#1157);
#48=PLANE('',#1160);
#49=PLANE('',#1161);
#50=PLANE('',#1164);
#51=PLANE('',#1165);
#52=PLANE('',#1169);
#53=PLANE('',#1172);
#54=PLANE('',#1173);
#55=PLANE('',#1177);
#56=CIRCLE('',#1070,4.5);
#57=CIRCLE('',#1071,4.5);
#58=CIRCLE('',#1073,5.2);
#59=CIRCLE('',#1074,1.74987045042718);
#60=CIRCLE('',#1075,5.2);
#61=CIRCLE('',#1077,5.2);
#62=CIRCLE('',#1078,1.74987045042718);
#63=CIRCLE('',#1079,5.2);
#64=CIRCLE('',#1081,3.);
#65=CIRCLE('',#1083,5.2);
#66=CIRCLE('',#1084,2.6);
#67=CIRCLE('',#1085,5.2);
#68=CIRCLE('',#1086,3.5);
#69=CIRCLE('',#1088,3.5);
#70=CIRCLE('',#1089,2.6);
#71=CIRCLE('',#1091,5.2);
#72=CIRCLE('',#1093,2.6);
#73=CIRCLE('',#1094,5.2);
#74=CIRCLE('',#1095,3.5);
#75=CIRCLE('',#1097,5.2);
#76=CIRCLE('',#1098,3.5);
#77=CIRCLE('',#1099,2.6);
#78=CIRCLE('',#1102,5.2);
#79=CIRCLE('',#1104,2.);
#80=CIRCLE('',#1105,1.25);
#81=CIRCLE('',#1107,1.25);
#82=CIRCLE('',#1109,1.74987045042718);
#83=CIRCLE('',#1114,1.74987045042718);
#84=CIRCLE('',#1118,2.6);
#85=CIRCLE('',#1122,2.6);
#86=CIRCLE('',#1128,3.5);
#87=CIRCLE('',#1129,3.5);
#88=CIRCLE('',#1131,5.2);
#89=CIRCLE('',#1132,1.49987045042718);
#90=CIRCLE('',#1134,5.2);
#91=CIRCLE('',#1135,1.49987045042718);
#92=CIRCLE('',#1137,5.2);
#93=CIRCLE('',#1138,2.6);
#94=CIRCLE('',#1140,2.6);
#95=CIRCLE('',#1142,5.2);
#96=CIRCLE('',#1144,5.2);
#97=CIRCLE('',#1145,2.6);
#98=CIRCLE('',#1147,5.2);
#99=CIRCLE('',#1148,1.25);
#100=CIRCLE('',#1149,5.2);
#101=CIRCLE('',#1150,2.);
#102=CIRCLE('',#1152,2.);
#103=CIRCLE('',#1153,1.25);
#104=CIRCLE('',#1155,3.);
#105=CIRCLE('',#1159,1.49987045042718);
#106=CIRCLE('',#1163,1.49987045042718);
#107=CIRCLE('',#1167,4.5);
#108=CIRCLE('',#1168,4.5);
#109=CIRCLE('',#1171,2.6);
#110=CIRCLE('',#1176,1.25);
#111=FACE_OUTER_BOUND('',#168,.T.);
#112=FACE_OUTER_BOUND('',#169,.T.);
#113=FACE_OUTER_BOUND('',#170,.T.);
#114=FACE_OUTER_BOUND('',#171,.T.);
#115=FACE_OUTER_BOUND('',#172,.T.);
#116=FACE_OUTER_BOUND('',#173,.T.);
#117=FACE_OUTER_BOUND('',#174,.T.);
#118=FACE_OUTER_BOUND('',#175,.T.);
#119=FACE_OUTER_BOUND('',#176,.T.);
#120=FACE_OUTER_BOUND('',#177,.T.);
#121=FACE_OUTER_BOUND('',#178,.T.);
#122=FACE_OUTER_BOUND('',#179,.T.);
#123=FACE_OUTER_BOUND('',#180,.T.);
#124=FACE_OUTER_BOUND('',#181,.T.);
#125=FACE_OUTER_BOUND('',#182,.T.);
#126=FACE_OUTER_BOUND('',#183,.T.);
#127=FACE_OUTER_BOUND('',#184,.T.);
#128=FACE_OUTER_BOUND('',#185,.T.);
#129=FACE_OUTER_BOUND('',#186,.T.);
#130=FACE_OUTER_BOUND('',#187,.T.);
#131=FACE_OUTER_BOUND('',#188,.T.);
#132=FACE_OUTER_BOUND('',#189,.T.);
#133=FACE_OUTER_BOUND('',#190,.T.);
#134=FACE_OUTER_BOUND('',#191,.T.);
#135=FACE_OUTER_BOUND('',#192,.T.);
#136=FACE_OUTER_BOUND('',#193,.T.);
#137=FACE_OUTER_BOUND('',#194,.T.);
#138=FACE_OUTER_BOUND('',#195,.T.);
#139=FACE_OUTER_BOUND('',#196,.T.);
#140=FACE_OUTER_BOUND('',#197,.T.);
#141=FACE_OUTER_BOUND('',#198,.T.);
#142=FACE_OUTER_BOUND('',#199,.T.);
#143=FACE_OUTER_BOUND('',#201,.T.);
#144=FACE_OUTER_BOUND('',#203,.T.);
#145=FACE_OUTER_BOUND('',#204,.T.);
#146=FACE_OUTER_BOUND('',#205,.T.);
#147=FACE_OUTER_BOUND('',#206,.T.);
#148=FACE_OUTER_BOUND('',#207,.T.);
#149=FACE_OUTER_BOUND('',#208,.T.);
#150=FACE_OUTER_BOUND('',#209,.T.);
#151=FACE_OUTER_BOUND('',#210,.T.);
#152=FACE_OUTER_BOUND('',#211,.T.);
#153=FACE_OUTER_BOUND('',#212,.T.);
#154=FACE_OUTER_BOUND('',#213,.T.);
#155=FACE_OUTER_BOUND('',#214,.T.);
#156=FACE_OUTER_BOUND('',#215,.T.);
#157=FACE_OUTER_BOUND('',#216,.T.);
#158=FACE_OUTER_BOUND('',#217,.T.);
#159=FACE_OUTER_BOUND('',#218,.T.);
#160=FACE_OUTER_BOUND('',#219,.T.);
#161=FACE_OUTER_BOUND('',#220,.T.);
#162=FACE_OUTER_BOUND('',#221,.T.);
#163=FACE_OUTER_BOUND('',#222,.T.);
#164=FACE_OUTER_BOUND('',#223,.T.);
#165=FACE_OUTER_BOUND('',#224,.T.);
#166=FACE_OUTER_BOUND('',#225,.T.);
#167=FACE_OUTER_BOUND('',#226,.T.);
#168=EDGE_LOOP('',(#659,#660,#661,#662));
#169=EDGE_LOOP('',(#663,#664,#665,#666,#667,#668));
#170=EDGE_LOOP('',(#669,#670,#671,#672,#673,#674,#675,#676,#677,#678));
#171=EDGE_LOOP('',(#679,#680,#681,#682,#683,#684,#685,#686,#687,#688));
#172=EDGE_LOOP('',(#689,#690,#691,#692,#693,#694));
#173=EDGE_LOOP('',(#695,#696,#697,#698));
#174=EDGE_LOOP('',(#699,#700,#701,#702));
#175=EDGE_LOOP('',(#703,#704,#705,#706,#707,#708,#709));
#176=EDGE_LOOP('',(#710,#711,#712,#713,#714,#715,#716,#717,#718,#719));
#177=EDGE_LOOP('',(#720,#721,#722,#723,#724,#725,#726));
#178=EDGE_LOOP('',(#727,#728,#729,#730));
#179=EDGE_LOOP('',(#731,#732,#733,#734,#735));
#180=EDGE_LOOP('',(#736,#737,#738,#739,#740,#741,#742,#743,#744,#745));
#181=EDGE_LOOP('',(#746,#747,#748,#749));
#182=EDGE_LOOP('',(#750,#751,#752,#753));
#183=EDGE_LOOP('',(#754,#755,#756,#757));
#184=EDGE_LOOP('',(#758,#759,#760,#761,#762));
#185=EDGE_LOOP('',(#763,#764,#765));
#186=EDGE_LOOP('',(#766,#767,#768,#769,#770));
#187=EDGE_LOOP('',(#771,#772,#773,#774));
#188=EDGE_LOOP('',(#775,#776,#777,#778,#779));
#189=EDGE_LOOP('',(#780,#781,#782));
#190=EDGE_LOOP('',(#783,#784,#785,#786,#787));
#191=EDGE_LOOP('',(#788,#789,#790,#791,#792));
#192=EDGE_LOOP('',(#793,#794,#795,#796,#797,#798,#799,#800,#801,#802,#803));
#193=EDGE_LOOP('',(#804,#805,#806,#807,#808));
#194=EDGE_LOOP('',(#809,#810,#811,#812,#813));
#195=EDGE_LOOP('',(#814,#815,#816,#817,#818));
#196=EDGE_LOOP('',(#819,#820,#821,#822));
#197=EDGE_LOOP('',(#823,#824,#825,#826));
#198=EDGE_LOOP('',(#827,#828,#829,#830,#831,#832,#833,#834));
#199=EDGE_LOOP('',(#835,#836,#837,#838,#839,#840));
#200=EDGE_LOOP('',(#841,#842,#843));
#201=EDGE_LOOP('',(#844,#845,#846,#847,#848,#849));
#202=EDGE_LOOP('',(#850,#851,#852));
#203=EDGE_LOOP('',(#853,#854,#855,#856));
#204=EDGE_LOOP('',(#857,#858,#859,#860));
#205=EDGE_LOOP('',(#861,#862,#863,#864,#865,#866,#867,#868,#869,#870));
#206=EDGE_LOOP('',(#871,#872,#873,#874));
#207=EDGE_LOOP('',(#875,#876,#877,#878));
#208=EDGE_LOOP('',(#879,#880,#881,#882));
#209=EDGE_LOOP('',(#883,#884,#885,#886,#887,#888));
#210=EDGE_LOOP('',(#889,#890,#891,#892));
#211=EDGE_LOOP('',(#893,#894,#895,#896));
#212=EDGE_LOOP('',(#897,#898,#899,#900));
#213=EDGE_LOOP('',(#901,#902,#903,#904));
#214=EDGE_LOOP('',(#905,#906,#907));
#215=EDGE_LOOP('',(#908,#909,#910,#911));
#216=EDGE_LOOP('',(#912,#913,#914,#915));
#217=EDGE_LOOP('',(#916,#917,#918,#919));
#218=EDGE_LOOP('',(#920,#921,#922));
#219=EDGE_LOOP('',(#923,#924,#925,#926,#927,#928));
#220=EDGE_LOOP('',(#929,#930,#931,#932,#933));
#221=EDGE_LOOP('',(#934,#935,#936,#937));
#222=EDGE_LOOP('',(#938,#939,#940,#941,#942));
#223=EDGE_LOOP('',(#943,#944,#945,#946,#947,#948,#949,#950,#951,#952));
#224=EDGE_LOOP('',(#953,#954,#955,#956,#957));
#225=EDGE_LOOP('',(#958,#959,#960,#961,#962));
#226=EDGE_LOOP('',(#963,#964,#965,#966));
#227=B_SPLINE_CURVE_WITH_KNOTS('',3,(#1482,#1483,#1484,#1485,#1486,#1487,
#1488,#1489,#1490,#1491,#1492,#1493,#1494,#1495,#1496,#1497,#1498,#1499,
#1500,#1501,#1502,#1503,#1504,#1505,#1506,#1507,#1508,#1509,#1510,#1511,
#1512,#1513,#1514,#1515,#1516,#1517,#1518,#1519,#1520,#1521,#1522,#1523,
#1524,#1525,#1526,#1527,#1528,#1529,#1530,#1531,#1532,#1533,#1534,#1535,
#1536),.UNSPECIFIED.,.F.,.F.,(4,3,3,3,3,3,3,3,3,3,3,3,3,3,3,3,3,3,4),(-0.386558067062828,
-0.333056882995484,-0.276696192660078,-0.232791503988979,-0.200573308335448,
-0.183230788744976,-0.123964717348245,-0.0656673678465406,-0.0155002154169683,
0.00273107185933118,0.0522284185396706,0.107334282126636,0.166903319641558,
0.186805220968935,0.204313860949534,0.261996772611089,0.318663723243139,
0.37090249577591,0.386558067062828),.UNSPECIFIED.);
#228=B_SPLINE_CURVE_WITH_KNOTS('',3,(#1539,#1540,#1541,#1542,#1543,#1544,
#1545,#1546,#1547,#1548,#1549,#1550,#1551,#1552,#1553,#1554,#1555,#1556,
#1557,#1558,#1559,#1560,#1561,#1562,#1563,#1564,#1565,#1566,#1567,#1568,
#1569,#1570,#1571,#1572,#1573,#1574,#1575,#1576,#1577,#1578,#1579,#1580,
#1581,#1582,#1583,#1584,#1585,#1586,#1587,#1588,#1589,#1590,#1591,#1592,
#1593),.UNSPECIFIED.,.F.,.F.,(4,3,3,3,3,3,3,3,3,3,3,3,3,3,3,3,3,3,4),(-0.395683731452392,
-0.342319598397537,-0.285895398236966,-0.227154017423225,-0.204982745674976,
-0.189757800155848,-0.128669214012007,-0.0631250958289569,-0.0150686500773349,
0.0205320399987565,0.0706541419230677,0.139952773373884,0.172046671260428,
0.191172473104032,0.209566258998193,0.267930228448386,0.324806831738313,
0.376790334710906,0.395683731452392),.UNSPECIFIED.);
#229=B_SPLINE_CURVE_WITH_KNOTS('',3,(#1600,#1601,#1602,#1603,#1604,#1605,
#1606,#1607,#1608,#1609,#1610,#1611,#1612,#1613,#1614,#1615,#1616,#1617,
#1618,#1619,#1620,#1621,#1622,#1623,#1624,#1625,#1626,#1627,#1628,#1629,
#1630,#1631,#1632,#1633,#1634,#1635,#1636,#1637,#1638,#1639,#1640,#1641,
#1642,#1643,#1644,#1645,#1646,#1647,#1648,#1649,#1650,#1651,#1652,#1653,
#1654,#1655,#1656,#1657,#1658,#1659,#1660,#1661,#1662,#1663,#1664,#1665,
#1666,#1667,#1668,#1669,#1670,#1671,#1672,#1673,#1674,#1675,#1676,#1677,
#1678),.UNSPECIFIED.,.F.,.F.,(4,3,3,3,3,3,3,3,3,3,3,3,3,3,3,3,3,3,3,3,3,
3,3,3,3,3,4),(-3.21716074349547,-3.17035947669198,-3.07171736119086,-2.97307259149767,
-2.8744268186773,-2.77578169396257,-2.67713886847781,-2.57849999296251,
-2.47986671749523,-2.38124069121769,-2.29220805265669,-2.2826234575905,
-2.2333149170934,-2.18400374902682,-2.13469021259501,-2.08537456712679,
-1.98673798693778,-1.88809608506479,-1.78945093923363,-1.69080462785358,
-1.59215922957947,-1.49351682287374,-1.44148191330393,-1.39487870282578,
-1.29624101446967,-1.19760307065306,-1.15080234821173),.UNSPECIFIED.);
#230=B_SPLINE_CURVE_WITH_KNOTS('',3,(#2045,#2046,#2047,#2048,#2049,#2050,
#2051,#2052,#2053,#2054),.UNSPECIFIED.,.F.,.F.,(4,2,2,2,4),(0.156047124457189,
0.174976982658323,0.205014516589973,0.267483025192696,0.312485122507022),
 .UNSPECIFIED.);
#231=B_SPLINE_CURVE_WITH_KNOTS('',3,(#2056,#2057,#2058,#2059,#2060,#2061,
#2062,#2063,#2064,#2065),.UNSPECIFIED.,.F.,.F.,(4,2,2,2,4),(0.,0.0916233395648105,
0.127988072601251,0.152144827242873,0.156046649857181),.UNSPECIFIED.);
#232=B_SPLINE_CURVE_WITH_KNOTS('',3,(#2067,#2068,#2069,#2070,#2071,#2072,
#2073,#2074,#2075,#2076,#2077,#2078,#2079,#2080,#2081,#2082,#2083,#2084,
#2085,#2086,#2087,#2088),.UNSPECIFIED.,.F.,.F.,(4,3,3,3,3,3,3,4),(0.0703902404784266,
0.116983839538192,0.233970425468131,0.350957011398069,0.467943597328007,
0.584930183257945,0.701916769187884,0.818903355117822),.UNSPECIFIED.);
#233=B_SPLINE_CURVE_WITH_KNOTS('',3,(#2090,#2091,#2092,#2093,#2094,#2095,
#2096,#2097,#2098,#2099,#2100,#2101,#2102,#2103,#2104,#2105,#2106,#2107,
#2108,#2109,#2110,#2111,#2112,#2113,#2114,#2115,#2116,#2117,#2118,#2119,
#2120,#2121,#2122),.UNSPECIFIED.,.F.,.F.,(4,1,1,1,1,1,1,1,1,1,1,1,1,1,1,
1,1,1,1,1,1,1,1,1,1,1,1,1,1,1,4),(0.803052162905883,0.901689975973577,1.00032778904127,
1.09896560210896,1.19760341517666,1.29624122824435,1.39487904131205,1.49351685437974,
1.59215466744743,1.69079248051513,1.78943029358282,1.88806810665052,1.98670591971821,
2.0853437327859,2.13466263931975,2.1839815458536,2.23330045238744,2.28261935892129,
2.38125717198898,2.47989498505668,2.57853279812437,2.67717061119207,2.77580842425976,
2.87444623732745,2.97308405039515,3.07172186346284,3.17035967653054,3.26899748959823,
3.36763530266592,3.46627311573362,3.56491092880131),.UNSPECIFIED.);
#234=B_SPLINE_CURVE_WITH_KNOTS('',3,(#2123,#2124,#2125,#2126,#2127,#2128,
#2129,#2130,#2131,#2132,#2133,#2134,#2135,#2136,#2137,#2138,#2139,#2140,
#2141,#2142,#2143,#2144),.UNSPECIFIED.,.F.,.F.,(4,3,3,3,3,3,3,4),(0.,0.117003970285071,
0.234007940570142,0.351011910855212,0.468015881140283,0.585019851425354,
0.702023821710424,0.74862434463814),.UNSPECIFIED.);
#235=B_SPLINE_CURVE_WITH_KNOTS('',3,(#2164,#2165,#2166,#2167,#2168,#2169,
#2170),.UNSPECIFIED.,.F.,.F.,(4,3,4),(3.18326884930059,3.19930686779926,
3.20700218505548),.UNSPECIFIED.);
#236=B_SPLINE_CURVE_WITH_KNOTS('',3,(#2171,#2172,#2173,#2174,#2175,#2176,
#2177),.UNSPECIFIED.,.F.,.F.,(4,3,4),(-0.0236629342812778,-0.00595238305297802,
0.),.UNSPECIFIED.);
#237=B_SPLINE_CURVE_WITH_KNOTS('',3,(#2198,#2199,#2200,#2201,#2202,#2203,
#2204),.UNSPECIFIED.,.F.,.F.,(4,3,4),(0.,0.0177105512282999,0.0236629342812779),
 .UNSPECIFIED.);
#238=B_SPLINE_CURVE_WITH_KNOTS('',3,(#2205,#2206,#2207,#2208,#2209,#2210,
#2211),.UNSPECIFIED.,.F.,.F.,(4,3,4),(3.15953551354571,3.17557353204437,
3.18326884930059),.UNSPECIFIED.);
#239=B_SPLINE_CURVE_WITH_KNOTS('',3,(#2267,#2268,#2269,#2270,#2271,#2272,
#2273,#2274,#2275,#2276,#2277,#2278,#2279,#2280,#2281,#2282,#2283,#2284,
#2285,#2286,#2287,#2288,#2289,#2290,#2291),.UNSPECIFIED.,.F.,.F.,(4,3,3,
3,3,3,3,3,4),(0.92941189095187,0.974630250624173,1.02239181160224,1.07115913427201,
1.08501785870771,1.13593849937446,1.18757717698848,1.22975654002006,1.23921585460249),
 .UNSPECIFIED.);
#240=B_SPLINE_CURVE_WITH_KNOTS('',3,(#2292,#2293,#2294,#2295,#2296,#2297,
#2298,#2299,#2300,#2301,#2302,#2303,#2304,#2305,#2306,#2307,#2308,#2309,
#2310,#2311,#2312,#2313,#2314,#2315,#2316,#2317,#2318,#2319),
 .UNSPECIFIED.,.F.,.F.,(4,3,3,3,3,3,3,3,3,4),(0.,0.0416268218189228,0.0909682496840657,
0.141305841788586,0.155264619163397,0.167998795382033,0.216686667332982,
0.263245315491803,0.307099150348386,0.309803963650623),.UNSPECIFIED.);
#241=B_SPLINE_CURVE_WITH_KNOTS('',3,(#2330,#2331,#2332,#2333,#2334,#2335,
#2336,#2337,#2338,#2339,#2340,#2341,#2342,#2343,#2344,#2345,#2346,#2347,
#2348,#2349,#2350,#2351,#2352,#2353,#2354,#2355,#2356,#2357,#2358,#2359,
#2360,#2361,#2362,#2363,#2364,#2365,#2366,#2367,#2368,#2369,#2370,#2371,
#2372,#2373,#2374,#2375,#2376,#2377,#2378,#2379,#2380,#2381,#2382,#2383,
#2384),.UNSPECIFIED.,.F.,.F.,(4,3,3,3,3,3,3,3,3,3,3,3,3,3,3,3,3,3,4),(0.395683731452392,
0.449047864507237,0.505472064667801,0.564213445481554,0.586384717229817,
0.601609662748923,0.662698248892773,0.728242367075823,0.776298812827462,
0.811899502903488,0.862021604827785,0.931320236278713,0.963414134165249,
0.982539936008897,1.000933721903,1.05929769135318,1.11617429464309,1.16815779761566,
1.18705119435718),.UNSPECIFIED.);
#242=B_SPLINE_CURVE_WITH_KNOTS('',3,(#2387,#2388,#2389,#2390,#2391,#2392,
#2393,#2394,#2395,#2396,#2397,#2398,#2399,#2400,#2401,#2402,#2403,#2404,
#2405,#2406,#2407,#2408,#2409,#2410,#2411,#2412,#2413,#2414,#2415,#2416,
#2417,#2418,#2419,#2420,#2421,#2422,#2423,#2424,#2425,#2426,#2427,#2428,
#2429,#2430,#2431,#2432,#2433,#2434,#2435,#2436,#2437,#2438,#2439,#2440,
#2441),.UNSPECIFIED.,.F.,.F.,(4,3,3,3,3,3,3,3,3,3,3,3,3,3,3,3,3,3,4),(0.386558067062828,
0.440059251130193,0.496419941465601,0.540324630136707,0.572542825790262,
0.589885345380703,0.649151416777432,0.707448766279141,0.757615918708698,
0.775847205985041,0.82534455266546,0.880450416252503,0.940019453767415,
0.959921355095075,0.977429995075354,1.0351129067369,1.09177985736894,1.14401862990167,
1.15967420118848),.UNSPECIFIED.);
#243=B_SPLINE_CURVE_WITH_KNOTS('',3,(#2450,#2451,#2452,#2453,#2454,#2455,
#2456,#2457,#2458,#2459,#2460,#2461,#2462,#2463,#2464,#2465,#2466,#2467,
#2468,#2469,#2470,#2471,#2472,#2473,#2474,#2475,#2476,#2477,#2478,#2479,
#2480,#2481,#2482,#2483,#2484,#2485,#2486,#2487,#2488,#2489,#2490,#2491,
#2492,#2493,#2494,#2495,#2496,#2497,#2498,#2499,#2500,#2501),
 .UNSPECIFIED.,.F.,.F.,(4,3,3,3,3,3,3,3,3,3,3,3,3,3,3,3,3,4),(0.309803963650623,
0.35502232332299,0.402842030046337,0.438337605299694,0.458285645305622,
0.473667659366231,0.524103509742857,0.574767057393984,0.60539947676665,
0.622058572824523,0.663814974003887,0.713609952410659,0.763635698327505,
0.775733669312455,0.824855205547789,0.873003252672301,0.917218804972489,
0.92941189095187),.UNSPECIFIED.);
#244=B_SPLINE_CURVE_WITH_KNOTS('',3,(#2555,#2556,#2557,#2558,#2559,#2560,
#2561,#2562,#2563,#2564,#2565,#2566,#2567,#2568,#2569,#2570,#2571,#2572,
#2573,#2574,#2575,#2576),.UNSPECIFIED.,.F.,.F.,(4,3,3,3,3,3,3,4),(0.0703902404784265,
0.116983839538192,0.23397042546813,0.350957011398069,0.467943597328007,
0.584930183257946,0.701916769187884,0.818903355117822),.UNSPECIFIED.);
#245=B_SPLINE_CURVE_WITH_KNOTS('',3,(#2926,#2927,#2928,#2929,#2930,#2931,
#2932,#2933,#2934,#2935),.UNSPECIFIED.,.F.,.F.,(4,2,2,2,4),(0.156047124457181,
0.174976982658315,0.205014516589961,0.267483025192673,0.312485122506992),
 .UNSPECIFIED.);
#246=B_SPLINE_CURVE_WITH_KNOTS('',3,(#2937,#2938,#2939,#2940,#2941,#2942,
#2943,#2944,#2945,#2946,#2947,#2948,#2949,#2950,#2951,#2952,#2953,#2954,
#2955,#2956,#2957,#2958,#2959,#2960,#2961,#2962,#2963,#2964,#2965,#2966,
#2967,#2968,#2969,#2970,#2971,#2972,#2973,#2974,#2975,#2976,#2977,#2978,
#2979,#2980,#2981,#2982,#2983,#2984,#2985,#2986,#2987,#2988,#2989,#2990,
#2991,#2992,#2993,#2994,#2995,#2996,#2997,#2998,#2999,#3000,#3001,#3002,
#3003,#3004,#3005,#3006,#3007,#3008,#3009,#3010,#3011,#3012,#3013,#3014,
#3015),.UNSPECIFIED.,.F.,.F.,(4,3,3,3,3,3,3,3,3,3,3,3,3,3,3,3,3,3,3,3,3,
3,3,3,3,3,4),(-3.21716074349547,-3.17035947669198,-3.07171736119082,-2.97307259149757,
-2.87442681867713,-2.77578169396234,-2.67713886847753,-2.57849999296222,
-2.47986671749498,-2.38124069121754,-2.29220805287204,-2.2826234575899,
-2.23331491707151,-2.18400374895741,-2.13469021245758,-2.0853745669066,
-1.9867379865309,-1.88809608448138,-1.78945093852999,-1.6908046271321,-1.59215922898865,
-1.49351682260814,-1.44147572787948,-1.39487870315638,-1.29624101483552,
-1.19760307071668,-1.15080234821173),.UNSPECIFIED.);
#247=B_SPLINE_CURVE_WITH_KNOTS('',3,(#3016,#3017,#3018,#3019,#3020,#3021,
#3022,#3023,#3024,#3025),.UNSPECIFIED.,.F.,.F.,(4,2,2,2,4),(0.,0.0916233395648076,
0.127988072601248,0.152144827242875,0.156046649857184),.UNSPECIFIED.);
#248=B_SPLINE_CURVE_WITH_KNOTS('',3,(#3027,#3028,#3029,#3030,#3031,#3032,
#3033,#3034,#3035,#3036,#3037,#3038,#3039,#3040,#3041,#3042,#3043,#3044,
#3045,#3046,#3047,#3048,#3049,#3050,#3051,#3052,#3053,#3054,#3055,#3056,
#3057,#3058,#3059),.UNSPECIFIED.,.F.,.F.,(4,1,1,1,1,1,1,1,1,1,1,1,1,1,1,
1,1,1,1,1,1,1,1,1,1,1,1,1,1,1,4),(0.803052162905885,0.901689975973578,1.00032778904127,
1.09896560210897,1.19760341517666,1.29624122824435,1.39487904131205,1.49351685437974,
1.59215466744744,1.69079248051513,1.78943029358282,1.88806810665052,1.98670591971821,
2.0853437327859,2.13466263931975,2.1839815458536,2.23330045238745,2.28261935892129,
2.38125717198899,2.47989498505668,2.57853279812437,2.67717061119207,2.77580842425976,
2.87444623732746,2.97308405039515,3.07172186346284,3.17035967653054,3.26899748959823,
3.36763530266592,3.46627311573362,3.56491092880131),.UNSPECIFIED.);
#249=B_SPLINE_CURVE_WITH_KNOTS('',3,(#3060,#3061,#3062,#3063,#3064,#3065,
#3066,#3067,#3068,#3069,#3070,#3071,#3072,#3073,#3074,#3075,#3076,#3077,
#3078,#3079,#3080,#3081),.UNSPECIFIED.,.F.,.F.,(4,3,3,3,3,3,3,4),(0.,0.117003970285071,
0.234007940570142,0.351011910855212,0.468015881140283,0.585019851425354,
0.702023821710424,0.74862434463814),.UNSPECIFIED.);
#250=LINE('',#1480,#326);
#251=LINE('',#1538,#327);
#252=LINE('',#1596,#328);
#253=LINE('',#1681,#329);
#254=LINE('',#1684,#330);
#255=LINE('',#1688,#331);
#256=LINE('',#1692,#332);
#257=LINE('',#1696,#333);
#258=LINE('',#1697,#334);
#259=LINE('',#1700,#335);
#260=LINE('',#1702,#336);
#261=LINE('',#1706,#337);
#262=LINE('',#1710,#338);
#263=LINE('',#1713,#339);
#264=LINE('',#2147,#340);
#265=LINE('',#2150,#341);
#266=LINE('',#2180,#342);
#267=LINE('',#2182,#343);
#268=LINE('',#2186,#344);
#269=LINE('',#2187,#345);
#270=LINE('',#2189,#346);
#271=LINE('',#2190,#347);
#272=LINE('',#2220,#348);
#273=LINE('',#2222,#349);
#274=LINE('',#2223,#350);
#275=LINE('',#2226,#351);
#276=LINE('',#2227,#352);
#277=LINE('',#2229,#353);
#278=LINE('',#2231,#354);
#279=LINE('',#2235,#355);
#280=LINE('',#2236,#356);
#281=LINE('',#2244,#357);
#282=LINE('',#2247,#358);
#283=LINE('',#2251,#359);
#284=LINE('',#2253,#360);
#285=LINE('',#2254,#361);
#286=LINE('',#2257,#362);
#287=LINE('',#2260,#363);
#288=LINE('',#2328,#364);
#289=LINE('',#2386,#365);
#290=LINE('',#2444,#366);
#291=LINE('',#2448,#367);
#292=LINE('',#2503,#368);
#293=LINE('',#2506,#369);
#294=LINE('',#2509,#370);
#295=LINE('',#2511,#371);
#296=LINE('',#2513,#372);
#297=LINE('',#2517,#373);
#298=LINE('',#2519,#374);
#299=LINE('',#2525,#375);
#300=LINE('',#2527,#376);
#301=LINE('',#2528,#377);
#302=LINE('',#2531,#378);
#303=LINE('',#2534,#379);
#304=LINE('',#2541,#380);
#305=LINE('',#2545,#381);
#306=LINE('',#2549,#382);
#307=LINE('',#2551,#383);
#308=LINE('',#2553,#384);
#309=LINE('',#2577,#385);
#310=LINE('',#3085,#386);
#311=LINE('',#3088,#387);
#312=LINE('',#3090,#388);
#313=LINE('',#3091,#389);
#314=LINE('',#3094,#390);
#315=LINE('',#3095,#391);
#316=LINE('',#3101,#392);
#317=LINE('',#3103,#393);
#318=LINE('',#3104,#394);
#319=LINE('',#3108,#395);
#320=LINE('',#3110,#396);
#321=LINE('',#3119,#397);
#322=LINE('',#3121,#398);
#323=LINE('',#3124,#399);
#324=LINE('',#3125,#400);
#325=LINE('',#3126,#401);
#326=VECTOR('',#1182,10.);
#327=VECTOR('',#1183,10.);
#328=VECTOR('',#1186,10.);
#329=VECTOR('',#1191,10.);
#330=VECTOR('',#1194,10.);
#331=VECTOR('',#1197,10.);
#332=VECTOR('',#1200,10.);
#333=VECTOR('',#1203,10.);
#334=VECTOR('',#1204,10.);
#335=VECTOR('',#1207,10.);
#336=VECTOR('',#1208,10.);
#337=VECTOR('',#1211,10.);
#338=VECTOR('',#1214,10.);
#339=VECTOR('',#1217,10.);
#340=VECTOR('',#1220,10.);
#341=VECTOR('',#1223,10.);
#342=VECTOR('',#1242,10.);
#343=VECTOR('',#1243,10.);
#344=VECTOR('',#1246,10.);
#345=VECTOR('',#1247,10.);
#346=VECTOR('',#1248,10.);
#347=VECTOR('',#1249,10.);
#348=VECTOR('',#1268,10.);
#349=VECTOR('',#1269,10.);
#350=VECTOR('',#1270,10.);
#351=VECTOR('',#1273,10.);
#352=VECTOR('',#1274,10.);
#353=VECTOR('',#1275,10.);
#354=VECTOR('',#1276,10.);
#355=VECTOR('',#1279,10.);
#356=VECTOR('',#1280,10.);
#357=VECTOR('',#1293,10.);
#358=VECTOR('',#1298,10.);
#359=VECTOR('',#1303,10.);
#360=VECTOR('',#1304,10.);
#361=VECTOR('',#1305,10.);
#362=VECTOR('',#1308,10.);
#363=VECTOR('',#1313,10.);
#364=VECTOR('',#1336,10.);
#365=VECTOR('',#1337,10.);
#366=VECTOR('',#1340,10.);
#367=VECTOR('',#1343,10.);
#368=VECTOR('',#1344,10.);
#369=VECTOR('',#1347,10.);
#370=VECTOR('',#1350,10.);
#371=VECTOR('',#1351,10.);
#372=VECTOR('',#1352,10.);
#373=VECTOR('',#1355,10.);
#374=VECTOR('',#1356,10.);
#375=VECTOR('',#1363,10.);
#376=VECTOR('',#1364,10.);
#377=VECTOR('',#1365,10.);
#378=VECTOR('',#1366,10.);
#379=VECTOR('',#1369,10.);
#380=VECTOR('',#1378,10.);
#381=VECTOR('',#1383,10.);
#382=VECTOR('',#1386,10.);
#383=VECTOR('',#1387,10.);
#384=VECTOR('',#1388,10.);
#385=VECTOR('',#1389,10.);
#386=VECTOR('',#1416,10.);
#387=VECTOR('',#1419,10.);
#388=VECTOR('',#1420,10.);
#389=VECTOR('',#1421,10.);
#390=VECTOR('',#1424,10.);
#391=VECTOR('',#1425,10.);
#392=VECTOR('',#1434,10.);
#393=VECTOR('',#1435,10.);
#394=VECTOR('',#1436,10.);
#395=VECTOR('',#1441,10.);
#396=VECTOR('',#1444,10.);
#397=VECTOR('',#1459,10.);
#398=VECTOR('',#1462,10.);
#399=VECTOR('',#1465,10.);
#400=VECTOR('',#1466,10.);
#401=VECTOR('',#1467,10.);
#402=VERTEX_POINT('',#1478);
#403=VERTEX_POINT('',#1479);
#404=VERTEX_POINT('',#1481);
#405=VERTEX_POINT('',#1537);
#406=VERTEX_POINT('',#1595);
#407=VERTEX_POINT('',#1597);
#408=VERTEX_POINT('',#1599);
#409=VERTEX_POINT('',#1679);
#410=VERTEX_POINT('',#1683);
#411=VERTEX_POINT('',#1685);
#412=VERTEX_POINT('',#1687);
#413=VERTEX_POINT('',#1689);
#414=VERTEX_POINT('',#1691);
#415=VERTEX_POINT('',#1693);
#416=VERTEX_POINT('',#1695);
#417=VERTEX_POINT('',#1699);
#418=VERTEX_POINT('',#1701);
#419=VERTEX_POINT('',#1703);
#420=VERTEX_POINT('',#1705);
#421=VERTEX_POINT('',#1707);
#422=VERTEX_POINT('',#1709);
#423=VERTEX_POINT('',#1711);
#424=VERTEX_POINT('',#2044);
#425=VERTEX_POINT('',#2055);
#426=VERTEX_POINT('',#2066);
#427=VERTEX_POINT('',#2089);
#428=VERTEX_POINT('',#2146);
#429=VERTEX_POINT('',#2148);
#430=VERTEX_POINT('',#2152);
#431=VERTEX_POINT('',#2153);
#432=VERTEX_POINT('',#2155);
#433=VERTEX_POINT('',#2157);
#434=VERTEX_POINT('',#2163);
#435=VERTEX_POINT('',#2179);
#436=VERTEX_POINT('',#2181);
#437=VERTEX_POINT('',#2183);
#438=VERTEX_POINT('',#2185);
#439=VERTEX_POINT('',#2188);
#440=VERTEX_POINT('',#2192);
#441=VERTEX_POINT('',#2194);
#442=VERTEX_POINT('',#2197);
#443=VERTEX_POINT('',#2213);
#444=VERTEX_POINT('',#2214);
#445=VERTEX_POINT('',#2219);
#446=VERTEX_POINT('',#2221);
#447=VERTEX_POINT('',#2225);
#448=VERTEX_POINT('',#2228);
#449=VERTEX_POINT('',#2230);
#450=VERTEX_POINT('',#2232);
#451=VERTEX_POINT('',#2234);
#452=VERTEX_POINT('',#2243);
#453=VERTEX_POINT('',#2250);
#454=VERTEX_POINT('',#2252);
#455=VERTEX_POINT('',#2256);
#456=VERTEX_POINT('',#2266);
#457=VERTEX_POINT('',#2326);
#458=VERTEX_POINT('',#2327);
#459=VERTEX_POINT('',#2329);
#460=VERTEX_POINT('',#2385);
#461=VERTEX_POINT('',#2443);
#462=VERTEX_POINT('',#2445);
#463=VERTEX_POINT('',#2447);
#464=VERTEX_POINT('',#2449);
#465=VERTEX_POINT('',#2502);
#466=VERTEX_POINT('',#2504);
#467=VERTEX_POINT('',#2508);
#468=VERTEX_POINT('',#2510);
#469=VERTEX_POINT('',#2512);
#470=VERTEX_POINT('',#2515);
#471=VERTEX_POINT('',#2516);
#472=VERTEX_POINT('',#2518);
#473=VERTEX_POINT('',#2522);
#474=VERTEX_POINT('',#2524);
#475=VERTEX_POINT('',#2526);
#476=VERTEX_POINT('',#2529);
#477=VERTEX_POINT('',#2530);
#478=VERTEX_POINT('',#2532);
#479=VERTEX_POINT('',#2536);
#480=VERTEX_POINT('',#2540);
#481=VERTEX_POINT('',#2544);
#482=VERTEX_POINT('',#2546);
#483=VERTEX_POINT('',#2548);
#484=VERTEX_POINT('',#2550);
#485=VERTEX_POINT('',#2552);
#486=VERTEX_POINT('',#2554);
#487=VERTEX_POINT('',#2579);
#488=VERTEX_POINT('',#2583);
#489=VERTEX_POINT('',#2584);
#490=VERTEX_POINT('',#2586);
#491=VERTEX_POINT('',#2588);
#492=VERTEX_POINT('',#2924);
#493=VERTEX_POINT('',#2925);
#494=VERTEX_POINT('',#2936);
#495=VERTEX_POINT('',#3026);
#496=VERTEX_POINT('',#3083);
#497=VERTEX_POINT('',#3087);
#498=VERTEX_POINT('',#3089);
#499=VERTEX_POINT('',#3093);
#500=VERTEX_POINT('',#3100);
#501=VERTEX_POINT('',#3102);
#502=VERTEX_POINT('',#3106);
#503=VERTEX_POINT('',#3117);
#504=VERTEX_POINT('',#3123);
#505=EDGE_CURVE('',#402,#403,#250,.T.);
#506=EDGE_CURVE('',#404,#402,#227,.T.);
#507=EDGE_CURVE('',#405,#404,#251,.T.);
#508=EDGE_CURVE('',#403,#405,#228,.T.);
#509=EDGE_CURVE('',#406,#402,#252,.T.);
#510=EDGE_CURVE('',#406,#407,#56,.T.);
#511=EDGE_CURVE('',#408,#407,#229,.T.);
#512=EDGE_CURVE('',#409,#408,#57,.T.);
#513=EDGE_CURVE('',#404,#409,#253,.T.);
#514=EDGE_CURVE('',#403,#410,#254,.T.);
#515=EDGE_CURVE('',#411,#410,#58,.T.);
#516=EDGE_CURVE('',#411,#412,#255,.T.);
#517=EDGE_CURVE('',#412,#413,#59,.T.);
#518=EDGE_CURVE('',#413,#414,#256,.T.);
#519=EDGE_CURVE('',#415,#414,#60,.T.);
#520=EDGE_CURVE('',#415,#416,#257,.T.);
#521=EDGE_CURVE('',#416,#406,#258,.T.);
#522=EDGE_CURVE('',#409,#417,#259,.T.);
#523=EDGE_CURVE('',#417,#418,#260,.T.);
#524=EDGE_CURVE('',#419,#418,#61,.T.);
#525=EDGE_CURVE('',#419,#420,#261,.T.);
#526=EDGE_CURVE('',#420,#421,#62,.T.);
#527=EDGE_CURVE('',#421,#422,#262,.T.);
#528=EDGE_CURVE('',#423,#422,#63,.T.);
#529=EDGE_CURVE('',#423,#405,#263,.T.);
#530=EDGE_CURVE('',#408,#424,#230,.F.);
#531=EDGE_CURVE('',#407,#425,#231,.T.);
#532=EDGE_CURVE('',#426,#425,#232,.F.);
#533=EDGE_CURVE('',#426,#427,#233,.T.);
#534=EDGE_CURVE('',#427,#424,#234,.T.);
#535=EDGE_CURVE('',#428,#426,#264,.T.);
#536=EDGE_CURVE('',#429,#428,#64,.T.);
#537=EDGE_CURVE('',#427,#429,#265,.T.);
#538=EDGE_CURVE('',#430,#431,#65,.T.);
#539=EDGE_CURVE('',#431,#432,#66,.T.);
#540=EDGE_CURVE('',#432,#433,#67,.T.);
#541=EDGE_CURVE('',#430,#433,#68,.T.);
#542=EDGE_CURVE('',#433,#410,#69,.T.);
#543=EDGE_CURVE('',#432,#415,#70,.T.);
#544=EDGE_CURVE('',#414,#434,#235,.T.);
#545=EDGE_CURVE('',#434,#411,#236,.T.);
#546=EDGE_CURVE('',#430,#435,#266,.T.);
#547=EDGE_CURVE('',#435,#436,#267,.T.);
#548=EDGE_CURVE('',#437,#436,#71,.T.);
#549=EDGE_CURVE('',#437,#438,#268,.T.);
#550=EDGE_CURVE('',#438,#428,#269,.T.);
#551=EDGE_CURVE('',#425,#439,#270,.T.);
#552=EDGE_CURVE('',#439,#431,#271,.T.);
#553=EDGE_CURVE('',#418,#440,#72,.T.);
#554=EDGE_CURVE('',#440,#441,#73,.T.);
#555=EDGE_CURVE('',#423,#441,#74,.T.);
#556=EDGE_CURVE('',#422,#442,#237,.T.);
#557=EDGE_CURVE('',#442,#419,#238,.T.);
#558=EDGE_CURVE('',#443,#444,#75,.T.);
#559=EDGE_CURVE('',#441,#444,#76,.T.);
#560=EDGE_CURVE('',#440,#443,#77,.T.);
#561=EDGE_CURVE('',#421,#445,#272,.T.);
#562=EDGE_CURVE('',#445,#446,#273,.T.);
#563=EDGE_CURVE('',#442,#446,#274,.T.);
#564=EDGE_CURVE('',#443,#447,#275,.T.);
#565=EDGE_CURVE('',#424,#447,#276,.F.);
#566=EDGE_CURVE('',#429,#448,#277,.T.);
#567=EDGE_CURVE('',#448,#449,#278,.T.);
#568=EDGE_CURVE('',#450,#449,#78,.T.);
#569=EDGE_CURVE('',#450,#451,#279,.T.);
#570=EDGE_CURVE('',#451,#444,#280,.T.);
#571=EDGE_CURVE('',#450,#436,#79,.T.);
#572=EDGE_CURVE('',#449,#437,#80,.T.);
#573=EDGE_CURVE('',#438,#448,#81,.T.);
#574=EDGE_CURVE('',#420,#452,#281,.T.);
#575=EDGE_CURVE('',#452,#445,#82,.T.);
#576=EDGE_CURVE('',#446,#452,#282,.T.);
#577=EDGE_CURVE('',#413,#453,#283,.T.);
#578=EDGE_CURVE('',#453,#454,#284,.T.);
#579=EDGE_CURVE('',#434,#454,#285,.T.);
#580=EDGE_CURVE('',#412,#455,#286,.T.);
#581=EDGE_CURVE('',#455,#453,#83,.T.);
#582=EDGE_CURVE('',#454,#455,#287,.T.);
#583=EDGE_CURVE('',#447,#417,#84,.T.);
#584=EDGE_CURVE('',#451,#456,#239,.T.);
#585=EDGE_CURVE('',#456,#435,#240,.T.);
#586=EDGE_CURVE('',#439,#416,#85,.T.);
#587=EDGE_CURVE('',#457,#458,#288,.T.);
#588=EDGE_CURVE('',#459,#457,#241,.T.);
#589=EDGE_CURVE('',#460,#459,#289,.T.);
#590=EDGE_CURVE('',#458,#460,#242,.T.);
#591=EDGE_CURVE('',#457,#461,#290,.T.);
#592=EDGE_CURVE('',#461,#462,#86,.T.);
#593=EDGE_CURVE('',#462,#463,#291,.T.);
#594=EDGE_CURVE('',#463,#464,#243,.T.);
#595=EDGE_CURVE('',#464,#465,#292,.T.);
#596=EDGE_CURVE('',#465,#466,#87,.T.);
#597=EDGE_CURVE('',#466,#459,#293,.T.);
#598=EDGE_CURVE('',#467,#458,#294,.T.);
#599=EDGE_CURVE('',#468,#467,#295,.T.);
#600=EDGE_CURVE('',#469,#468,#296,.T.);
#601=EDGE_CURVE('',#461,#469,#88,.T.);
#602=EDGE_CURVE('',#470,#471,#297,.T.);
#603=EDGE_CURVE('',#471,#472,#298,.T.);
#604=EDGE_CURVE('',#472,#470,#89,.T.);
#605=EDGE_CURVE('',#473,#466,#90,.T.);
#606=EDGE_CURVE('',#474,#473,#299,.T.);
#607=EDGE_CURVE('',#475,#474,#300,.T.);
#608=EDGE_CURVE('',#460,#475,#301,.T.);
#609=EDGE_CURVE('',#476,#477,#302,.T.);
#610=EDGE_CURVE('',#477,#478,#91,.T.);
#611=EDGE_CURVE('',#478,#476,#303,.T.);
#612=EDGE_CURVE('',#465,#479,#92,.T.);
#613=EDGE_CURVE('',#479,#473,#93,.T.);
#614=EDGE_CURVE('',#479,#480,#304,.T.);
#615=EDGE_CURVE('',#474,#480,#94,.T.);
#616=EDGE_CURVE('',#481,#464,#305,.T.);
#617=EDGE_CURVE('',#482,#481,#95,.T.);
#618=EDGE_CURVE('',#483,#482,#306,.T.);
#619=EDGE_CURVE('',#484,#483,#307,.T.);
#620=EDGE_CURVE('',#485,#484,#308,.T.);
#621=EDGE_CURVE('',#485,#486,#244,.F.);
#622=EDGE_CURVE('',#486,#480,#309,.T.);
#623=EDGE_CURVE('',#487,#462,#96,.T.);
#624=EDGE_CURVE('',#469,#487,#97,.T.);
#625=EDGE_CURVE('',#488,#489,#98,.T.);
#626=EDGE_CURVE('',#489,#490,#99,.T.);
#627=EDGE_CURVE('',#490,#491,#100,.T.);
#628=EDGE_CURVE('',#488,#491,#101,.T.);
#629=EDGE_CURVE('',#491,#481,#102,.T.);
#630=EDGE_CURVE('',#490,#482,#103,.T.);
#631=EDGE_CURVE('',#492,#493,#245,.F.);
#632=EDGE_CURVE('',#492,#494,#246,.T.);
#633=EDGE_CURVE('',#494,#486,#247,.T.);
#634=EDGE_CURVE('',#485,#495,#248,.T.);
#635=EDGE_CURVE('',#495,#493,#249,.T.);
#636=EDGE_CURVE('',#496,#484,#104,.T.);
#637=EDGE_CURVE('',#496,#495,#310,.T.);
#638=EDGE_CURVE('',#470,#497,#311,.T.);
#639=EDGE_CURVE('',#498,#497,#312,.T.);
#640=EDGE_CURVE('',#471,#498,#313,.T.);
#641=EDGE_CURVE('',#499,#498,#314,.T.);
#642=EDGE_CURVE('',#472,#499,#315,.T.);
#643=EDGE_CURVE('',#497,#499,#105,.T.);
#644=EDGE_CURVE('',#476,#500,#316,.T.);
#645=EDGE_CURVE('',#501,#500,#317,.T.);
#646=EDGE_CURVE('',#477,#501,#318,.T.);
#647=EDGE_CURVE('',#502,#501,#106,.T.);
#648=EDGE_CURVE('',#478,#502,#319,.T.);
#649=EDGE_CURVE('',#500,#502,#320,.T.);
#650=EDGE_CURVE('',#494,#475,#107,.T.);
#651=EDGE_CURVE('',#492,#467,#108,.T.);
#652=EDGE_CURVE('',#468,#503,#109,.T.);
#653=EDGE_CURVE('',#503,#487,#321,.T.);
#654=EDGE_CURVE('',#493,#503,#322,.T.);
#655=EDGE_CURVE('',#504,#496,#323,.T.);
#656=EDGE_CURVE('',#489,#504,#324,.T.);
#657=EDGE_CURVE('',#463,#488,#325,.T.);
#658=EDGE_CURVE('',#483,#504,#110,.T.);
#659=ORIENTED_EDGE('',*,*,#505,.F.);
#660=ORIENTED_EDGE('',*,*,#506,.F.);
#661=ORIENTED_EDGE('',*,*,#507,.F.);
#662=ORIENTED_EDGE('',*,*,#508,.F.);
#663=ORIENTED_EDGE('',*,*,#506,.T.);
#664=ORIENTED_EDGE('',*,*,#509,.F.);
#665=ORIENTED_EDGE('',*,*,#510,.T.);
#666=ORIENTED_EDGE('',*,*,#511,.F.);
#667=ORIENTED_EDGE('',*,*,#512,.F.);
#668=ORIENTED_EDGE('',*,*,#513,.F.);
#669=ORIENTED_EDGE('',*,*,#505,.T.);
#670=ORIENTED_EDGE('',*,*,#514,.T.);
#671=ORIENTED_EDGE('',*,*,#515,.F.);
#672=ORIENTED_EDGE('',*,*,#516,.T.);
#673=ORIENTED_EDGE('',*,*,#517,.T.);
#674=ORIENTED_EDGE('',*,*,#518,.T.);
#675=ORIENTED_EDGE('',*,*,#519,.F.);
#676=ORIENTED_EDGE('',*,*,#520,.T.);
#677=ORIENTED_EDGE('',*,*,#521,.T.);
#678=ORIENTED_EDGE('',*,*,#509,.T.);
#679=ORIENTED_EDGE('',*,*,#507,.T.);
#680=ORIENTED_EDGE('',*,*,#513,.T.);
#681=ORIENTED_EDGE('',*,*,#522,.T.);
#682=ORIENTED_EDGE('',*,*,#523,.T.);
#683=ORIENTED_EDGE('',*,*,#524,.F.);
#684=ORIENTED_EDGE('',*,*,#525,.T.);
#685=ORIENTED_EDGE('',*,*,#526,.T.);
#686=ORIENTED_EDGE('',*,*,#527,.T.);
#687=ORIENTED_EDGE('',*,*,#528,.F.);
#688=ORIENTED_EDGE('',*,*,#529,.T.);
#689=ORIENTED_EDGE('',*,*,#530,.F.);
#690=ORIENTED_EDGE('',*,*,#511,.T.);
#691=ORIENTED_EDGE('',*,*,#531,.T.);
#692=ORIENTED_EDGE('',*,*,#532,.F.);
#693=ORIENTED_EDGE('',*,*,#533,.T.);
#694=ORIENTED_EDGE('',*,*,#534,.T.);
#695=ORIENTED_EDGE('',*,*,#533,.F.);
#696=ORIENTED_EDGE('',*,*,#535,.F.);
#697=ORIENTED_EDGE('',*,*,#536,.F.);
#698=ORIENTED_EDGE('',*,*,#537,.F.);
#699=ORIENTED_EDGE('',*,*,#538,.T.);
#700=ORIENTED_EDGE('',*,*,#539,.T.);
#701=ORIENTED_EDGE('',*,*,#540,.T.);
#702=ORIENTED_EDGE('',*,*,#541,.F.);
#703=ORIENTED_EDGE('',*,*,#515,.T.);
#704=ORIENTED_EDGE('',*,*,#542,.F.);
#705=ORIENTED_EDGE('',*,*,#540,.F.);
#706=ORIENTED_EDGE('',*,*,#543,.T.);
#707=ORIENTED_EDGE('',*,*,#519,.T.);
#708=ORIENTED_EDGE('',*,*,#544,.T.);
#709=ORIENTED_EDGE('',*,*,#545,.T.);
#710=ORIENTED_EDGE('',*,*,#538,.F.);
#711=ORIENTED_EDGE('',*,*,#546,.T.);
#712=ORIENTED_EDGE('',*,*,#547,.T.);
#713=ORIENTED_EDGE('',*,*,#548,.F.);
#714=ORIENTED_EDGE('',*,*,#549,.T.);
#715=ORIENTED_EDGE('',*,*,#550,.T.);
#716=ORIENTED_EDGE('',*,*,#535,.T.);
#717=ORIENTED_EDGE('',*,*,#532,.T.);
#718=ORIENTED_EDGE('',*,*,#551,.T.);
#719=ORIENTED_EDGE('',*,*,#552,.T.);
#720=ORIENTED_EDGE('',*,*,#524,.T.);
#721=ORIENTED_EDGE('',*,*,#553,.T.);
#722=ORIENTED_EDGE('',*,*,#554,.T.);
#723=ORIENTED_EDGE('',*,*,#555,.F.);
#724=ORIENTED_EDGE('',*,*,#528,.T.);
#725=ORIENTED_EDGE('',*,*,#556,.T.);
#726=ORIENTED_EDGE('',*,*,#557,.T.);
#727=ORIENTED_EDGE('',*,*,#558,.T.);
#728=ORIENTED_EDGE('',*,*,#559,.F.);
#729=ORIENTED_EDGE('',*,*,#554,.F.);
#730=ORIENTED_EDGE('',*,*,#560,.T.);
#731=ORIENTED_EDGE('',*,*,#556,.F.);
#732=ORIENTED_EDGE('',*,*,#527,.F.);
#733=ORIENTED_EDGE('',*,*,#561,.T.);
#734=ORIENTED_EDGE('',*,*,#562,.T.);
#735=ORIENTED_EDGE('',*,*,#563,.F.);
#736=ORIENTED_EDGE('',*,*,#558,.F.);
#737=ORIENTED_EDGE('',*,*,#564,.T.);
#738=ORIENTED_EDGE('',*,*,#565,.F.);
#739=ORIENTED_EDGE('',*,*,#534,.F.);
#740=ORIENTED_EDGE('',*,*,#537,.T.);
#741=ORIENTED_EDGE('',*,*,#566,.T.);
#742=ORIENTED_EDGE('',*,*,#567,.T.);
#743=ORIENTED_EDGE('',*,*,#568,.F.);
#744=ORIENTED_EDGE('',*,*,#569,.T.);
#745=ORIENTED_EDGE('',*,*,#570,.T.);
#746=ORIENTED_EDGE('',*,*,#548,.T.);
#747=ORIENTED_EDGE('',*,*,#571,.F.);
#748=ORIENTED_EDGE('',*,*,#568,.T.);
#749=ORIENTED_EDGE('',*,*,#572,.T.);
#750=ORIENTED_EDGE('',*,*,#572,.F.);
#751=ORIENTED_EDGE('',*,*,#567,.F.);
#752=ORIENTED_EDGE('',*,*,#573,.F.);
#753=ORIENTED_EDGE('',*,*,#549,.F.);
#754=ORIENTED_EDGE('',*,*,#526,.F.);
#755=ORIENTED_EDGE('',*,*,#574,.T.);
#756=ORIENTED_EDGE('',*,*,#575,.T.);
#757=ORIENTED_EDGE('',*,*,#561,.F.);
#758=ORIENTED_EDGE('',*,*,#557,.F.);
#759=ORIENTED_EDGE('',*,*,#563,.T.);
#760=ORIENTED_EDGE('',*,*,#576,.T.);
#761=ORIENTED_EDGE('',*,*,#574,.F.);
#762=ORIENTED_EDGE('',*,*,#525,.F.);
#763=ORIENTED_EDGE('',*,*,#562,.F.);
#764=ORIENTED_EDGE('',*,*,#575,.F.);
#765=ORIENTED_EDGE('',*,*,#576,.F.);
#766=ORIENTED_EDGE('',*,*,#544,.F.);
#767=ORIENTED_EDGE('',*,*,#518,.F.);
#768=ORIENTED_EDGE('',*,*,#577,.T.);
#769=ORIENTED_EDGE('',*,*,#578,.T.);
#770=ORIENTED_EDGE('',*,*,#579,.F.);
#771=ORIENTED_EDGE('',*,*,#517,.F.);
#772=ORIENTED_EDGE('',*,*,#580,.T.);
#773=ORIENTED_EDGE('',*,*,#581,.T.);
#774=ORIENTED_EDGE('',*,*,#577,.F.);
#775=ORIENTED_EDGE('',*,*,#545,.F.);
#776=ORIENTED_EDGE('',*,*,#579,.T.);
#777=ORIENTED_EDGE('',*,*,#582,.T.);
#778=ORIENTED_EDGE('',*,*,#580,.F.);
#779=ORIENTED_EDGE('',*,*,#516,.F.);
#780=ORIENTED_EDGE('',*,*,#582,.F.);
#781=ORIENTED_EDGE('',*,*,#578,.F.);
#782=ORIENTED_EDGE('',*,*,#581,.F.);
#783=ORIENTED_EDGE('',*,*,#565,.T.);
#784=ORIENTED_EDGE('',*,*,#583,.T.);
#785=ORIENTED_EDGE('',*,*,#522,.F.);
#786=ORIENTED_EDGE('',*,*,#512,.T.);
#787=ORIENTED_EDGE('',*,*,#530,.T.);
#788=ORIENTED_EDGE('',*,*,#553,.F.);
#789=ORIENTED_EDGE('',*,*,#523,.F.);
#790=ORIENTED_EDGE('',*,*,#583,.F.);
#791=ORIENTED_EDGE('',*,*,#564,.F.);
#792=ORIENTED_EDGE('',*,*,#560,.F.);
#793=ORIENTED_EDGE('',*,*,#508,.T.);
#794=ORIENTED_EDGE('',*,*,#529,.F.);
#795=ORIENTED_EDGE('',*,*,#555,.T.);
#796=ORIENTED_EDGE('',*,*,#559,.T.);
#797=ORIENTED_EDGE('',*,*,#570,.F.);
#798=ORIENTED_EDGE('',*,*,#584,.T.);
#799=ORIENTED_EDGE('',*,*,#585,.T.);
#800=ORIENTED_EDGE('',*,*,#546,.F.);
#801=ORIENTED_EDGE('',*,*,#541,.T.);
#802=ORIENTED_EDGE('',*,*,#542,.T.);
#803=ORIENTED_EDGE('',*,*,#514,.F.);
#804=ORIENTED_EDGE('',*,*,#539,.F.);
#805=ORIENTED_EDGE('',*,*,#552,.F.);
#806=ORIENTED_EDGE('',*,*,#586,.T.);
#807=ORIENTED_EDGE('',*,*,#520,.F.);
#808=ORIENTED_EDGE('',*,*,#543,.F.);
#809=ORIENTED_EDGE('',*,*,#551,.F.);
#810=ORIENTED_EDGE('',*,*,#531,.F.);
#811=ORIENTED_EDGE('',*,*,#510,.F.);
#812=ORIENTED_EDGE('',*,*,#521,.F.);
#813=ORIENTED_EDGE('',*,*,#586,.F.);
#814=ORIENTED_EDGE('',*,*,#547,.F.);
#815=ORIENTED_EDGE('',*,*,#585,.F.);
#816=ORIENTED_EDGE('',*,*,#584,.F.);
#817=ORIENTED_EDGE('',*,*,#569,.F.);
#818=ORIENTED_EDGE('',*,*,#571,.T.);
#819=ORIENTED_EDGE('',*,*,#550,.F.);
#820=ORIENTED_EDGE('',*,*,#573,.T.);
#821=ORIENTED_EDGE('',*,*,#566,.F.);
#822=ORIENTED_EDGE('',*,*,#536,.T.);
#823=ORIENTED_EDGE('',*,*,#587,.F.);
#824=ORIENTED_EDGE('',*,*,#588,.F.);
#825=ORIENTED_EDGE('',*,*,#589,.F.);
#826=ORIENTED_EDGE('',*,*,#590,.F.);
#827=ORIENTED_EDGE('',*,*,#588,.T.);
#828=ORIENTED_EDGE('',*,*,#591,.T.);
#829=ORIENTED_EDGE('',*,*,#592,.T.);
#830=ORIENTED_EDGE('',*,*,#593,.T.);
#831=ORIENTED_EDGE('',*,*,#594,.T.);
#832=ORIENTED_EDGE('',*,*,#595,.T.);
#833=ORIENTED_EDGE('',*,*,#596,.T.);
#834=ORIENTED_EDGE('',*,*,#597,.T.);
#835=ORIENTED_EDGE('',*,*,#587,.T.);
#836=ORIENTED_EDGE('',*,*,#598,.F.);
#837=ORIENTED_EDGE('',*,*,#599,.F.);
#838=ORIENTED_EDGE('',*,*,#600,.F.);
#839=ORIENTED_EDGE('',*,*,#601,.F.);
#840=ORIENTED_EDGE('',*,*,#591,.F.);
#841=ORIENTED_EDGE('',*,*,#602,.T.);
#842=ORIENTED_EDGE('',*,*,#603,.T.);
#843=ORIENTED_EDGE('',*,*,#604,.T.);
#844=ORIENTED_EDGE('',*,*,#589,.T.);
#845=ORIENTED_EDGE('',*,*,#597,.F.);
#846=ORIENTED_EDGE('',*,*,#605,.F.);
#847=ORIENTED_EDGE('',*,*,#606,.F.);
#848=ORIENTED_EDGE('',*,*,#607,.F.);
#849=ORIENTED_EDGE('',*,*,#608,.F.);
#850=ORIENTED_EDGE('',*,*,#609,.T.);
#851=ORIENTED_EDGE('',*,*,#610,.T.);
#852=ORIENTED_EDGE('',*,*,#611,.T.);
#853=ORIENTED_EDGE('',*,*,#605,.T.);
#854=ORIENTED_EDGE('',*,*,#596,.F.);
#855=ORIENTED_EDGE('',*,*,#612,.T.);
#856=ORIENTED_EDGE('',*,*,#613,.T.);
#857=ORIENTED_EDGE('',*,*,#613,.F.);
#858=ORIENTED_EDGE('',*,*,#614,.T.);
#859=ORIENTED_EDGE('',*,*,#615,.F.);
#860=ORIENTED_EDGE('',*,*,#606,.T.);
#861=ORIENTED_EDGE('',*,*,#612,.F.);
#862=ORIENTED_EDGE('',*,*,#595,.F.);
#863=ORIENTED_EDGE('',*,*,#616,.F.);
#864=ORIENTED_EDGE('',*,*,#617,.F.);
#865=ORIENTED_EDGE('',*,*,#618,.F.);
#866=ORIENTED_EDGE('',*,*,#619,.F.);
#867=ORIENTED_EDGE('',*,*,#620,.F.);
#868=ORIENTED_EDGE('',*,*,#621,.T.);
#869=ORIENTED_EDGE('',*,*,#622,.T.);
#870=ORIENTED_EDGE('',*,*,#614,.F.);
#871=ORIENTED_EDGE('',*,*,#623,.T.);
#872=ORIENTED_EDGE('',*,*,#592,.F.);
#873=ORIENTED_EDGE('',*,*,#601,.T.);
#874=ORIENTED_EDGE('',*,*,#624,.T.);
#875=ORIENTED_EDGE('',*,*,#625,.T.);
#876=ORIENTED_EDGE('',*,*,#626,.T.);
#877=ORIENTED_EDGE('',*,*,#627,.T.);
#878=ORIENTED_EDGE('',*,*,#628,.F.);
#879=ORIENTED_EDGE('',*,*,#617,.T.);
#880=ORIENTED_EDGE('',*,*,#629,.F.);
#881=ORIENTED_EDGE('',*,*,#627,.F.);
#882=ORIENTED_EDGE('',*,*,#630,.T.);
#883=ORIENTED_EDGE('',*,*,#631,.F.);
#884=ORIENTED_EDGE('',*,*,#632,.T.);
#885=ORIENTED_EDGE('',*,*,#633,.T.);
#886=ORIENTED_EDGE('',*,*,#621,.F.);
#887=ORIENTED_EDGE('',*,*,#634,.T.);
#888=ORIENTED_EDGE('',*,*,#635,.T.);
#889=ORIENTED_EDGE('',*,*,#634,.F.);
#890=ORIENTED_EDGE('',*,*,#620,.T.);
#891=ORIENTED_EDGE('',*,*,#636,.F.);
#892=ORIENTED_EDGE('',*,*,#637,.T.);
#893=ORIENTED_EDGE('',*,*,#602,.F.);
#894=ORIENTED_EDGE('',*,*,#638,.T.);
#895=ORIENTED_EDGE('',*,*,#639,.F.);
#896=ORIENTED_EDGE('',*,*,#640,.F.);
#897=ORIENTED_EDGE('',*,*,#603,.F.);
#898=ORIENTED_EDGE('',*,*,#640,.T.);
#899=ORIENTED_EDGE('',*,*,#641,.F.);
#900=ORIENTED_EDGE('',*,*,#642,.F.);
#901=ORIENTED_EDGE('',*,*,#604,.F.);
#902=ORIENTED_EDGE('',*,*,#642,.T.);
#903=ORIENTED_EDGE('',*,*,#643,.F.);
#904=ORIENTED_EDGE('',*,*,#638,.F.);
#905=ORIENTED_EDGE('',*,*,#643,.T.);
#906=ORIENTED_EDGE('',*,*,#641,.T.);
#907=ORIENTED_EDGE('',*,*,#639,.T.);
#908=ORIENTED_EDGE('',*,*,#609,.F.);
#909=ORIENTED_EDGE('',*,*,#644,.T.);
#910=ORIENTED_EDGE('',*,*,#645,.F.);
#911=ORIENTED_EDGE('',*,*,#646,.F.);
#912=ORIENTED_EDGE('',*,*,#610,.F.);
#913=ORIENTED_EDGE('',*,*,#646,.T.);
#914=ORIENTED_EDGE('',*,*,#647,.F.);
#915=ORIENTED_EDGE('',*,*,#648,.F.);
#916=ORIENTED_EDGE('',*,*,#611,.F.);
#917=ORIENTED_EDGE('',*,*,#648,.T.);
#918=ORIENTED_EDGE('',*,*,#649,.F.);
#919=ORIENTED_EDGE('',*,*,#644,.F.);
#920=ORIENTED_EDGE('',*,*,#649,.T.);
#921=ORIENTED_EDGE('',*,*,#647,.T.);
#922=ORIENTED_EDGE('',*,*,#645,.T.);
#923=ORIENTED_EDGE('',*,*,#590,.T.);
#924=ORIENTED_EDGE('',*,*,#608,.T.);
#925=ORIENTED_EDGE('',*,*,#650,.F.);
#926=ORIENTED_EDGE('',*,*,#632,.F.);
#927=ORIENTED_EDGE('',*,*,#651,.T.);
#928=ORIENTED_EDGE('',*,*,#598,.T.);
#929=ORIENTED_EDGE('',*,*,#622,.F.);
#930=ORIENTED_EDGE('',*,*,#633,.F.);
#931=ORIENTED_EDGE('',*,*,#650,.T.);
#932=ORIENTED_EDGE('',*,*,#607,.T.);
#933=ORIENTED_EDGE('',*,*,#615,.T.);
#934=ORIENTED_EDGE('',*,*,#624,.F.);
#935=ORIENTED_EDGE('',*,*,#600,.T.);
#936=ORIENTED_EDGE('',*,*,#652,.T.);
#937=ORIENTED_EDGE('',*,*,#653,.T.);
#938=ORIENTED_EDGE('',*,*,#654,.T.);
#939=ORIENTED_EDGE('',*,*,#652,.F.);
#940=ORIENTED_EDGE('',*,*,#599,.T.);
#941=ORIENTED_EDGE('',*,*,#651,.F.);
#942=ORIENTED_EDGE('',*,*,#631,.T.);
#943=ORIENTED_EDGE('',*,*,#623,.F.);
#944=ORIENTED_EDGE('',*,*,#653,.F.);
#945=ORIENTED_EDGE('',*,*,#654,.F.);
#946=ORIENTED_EDGE('',*,*,#635,.F.);
#947=ORIENTED_EDGE('',*,*,#637,.F.);
#948=ORIENTED_EDGE('',*,*,#655,.F.);
#949=ORIENTED_EDGE('',*,*,#656,.F.);
#950=ORIENTED_EDGE('',*,*,#625,.F.);
#951=ORIENTED_EDGE('',*,*,#657,.F.);
#952=ORIENTED_EDGE('',*,*,#593,.F.);
#953=ORIENTED_EDGE('',*,*,#657,.T.);
#954=ORIENTED_EDGE('',*,*,#628,.T.);
#955=ORIENTED_EDGE('',*,*,#629,.T.);
#956=ORIENTED_EDGE('',*,*,#616,.T.);
#957=ORIENTED_EDGE('',*,*,#594,.F.);
#958=ORIENTED_EDGE('',*,*,#626,.F.);
#959=ORIENTED_EDGE('',*,*,#656,.T.);
#960=ORIENTED_EDGE('',*,*,#658,.F.);
#961=ORIENTED_EDGE('',*,*,#618,.T.);
#962=ORIENTED_EDGE('',*,*,#630,.F.);
#963=ORIENTED_EDGE('',*,*,#655,.T.);
#964=ORIENTED_EDGE('',*,*,#636,.T.);
#965=ORIENTED_EDGE('',*,*,#619,.T.);
#966=ORIENTED_EDGE('',*,*,#658,.T.);
#967=CYLINDRICAL_SURFACE('',#1068,2.5);
#968=CYLINDRICAL_SURFACE('',#1069,4.5);
#969=CYLINDRICAL_SURFACE('',#1080,3.);
#970=CYLINDRICAL_SURFACE('',#1106,1.25);
#971=CYLINDRICAL_SURFACE('',#1108,1.74987045042718);
#972=CYLINDRICAL_SURFACE('',#1113,1.74987045042718);
#973=CYLINDRICAL_SURFACE('',#1119,2.6);
#974=CYLINDRICAL_SURFACE('',#1120,3.5);
#975=CYLINDRICAL_SURFACE('',#1121,2.6);
#976=CYLINDRICAL_SURFACE('',#1124,2.);
#977=CYLINDRICAL_SURFACE('',#1126,2.5);
#978=CYLINDRICAL_SURFACE('',#1127,3.5);
#979=CYLINDRICAL_SURFACE('',#1139,2.6);
#980=CYLINDRICAL_SURFACE('',#1154,3.);
#981=CYLINDRICAL_SURFACE('',#1158,1.49987045042718);
#982=CYLINDRICAL_SURFACE('',#1162,1.49987045042718);
#983=CYLINDRICAL_SURFACE('',#1166,4.5);
#984=CYLINDRICAL_SURFACE('',#1170,2.6);
#985=CYLINDRICAL_SURFACE('',#1174,2.);
#986=CYLINDRICAL_SURFACE('',#1175,1.25);
#987=ADVANCED_FACE('',(#111),#967,.F.);
#988=ADVANCED_FACE('',(#112),#968,.T.);
#989=ADVANCED_FACE('',(#113),#30,.T.);
#990=ADVANCED_FACE('',(#114),#31,.T.);
#991=ADVANCED_FACE('',(#115),#28,.T.);
#992=ADVANCED_FACE('',(#116),#969,.T.);
#993=ADVANCED_FACE('',(#117),#19,.T.);
#994=ADVANCED_FACE('',(#118),#20,.T.);
#995=ADVANCED_FACE('',(#119),#32,.T.);
#996=ADVANCED_FACE('',(#120),#21,.T.);
#997=ADVANCED_FACE('',(#121),#22,.T.);
#998=ADVANCED_FACE('',(#122),#33,.F.);
#999=ADVANCED_FACE('',(#123),#34,.T.);
#1000=ADVANCED_FACE('',(#124),#23,.T.);
#1001=ADVANCED_FACE('',(#125),#970,.F.);
#1002=ADVANCED_FACE('',(#126),#971,.F.);
#1003=ADVANCED_FACE('',(#127),#35,.F.);
#1004=ADVANCED_FACE('',(#128),#36,.T.);
#1005=ADVANCED_FACE('',(#129),#37,.F.);
#1006=ADVANCED_FACE('',(#130),#972,.F.);
#1007=ADVANCED_FACE('',(#131),#38,.F.);
#1008=ADVANCED_FACE('',(#132),#39,.T.);
#1009=ADVANCED_FACE('',(#133),#40,.T.);
#1010=ADVANCED_FACE('',(#134),#973,.F.);
#1011=ADVANCED_FACE('',(#135),#974,.F.);
#1012=ADVANCED_FACE('',(#136),#975,.F.);
#1013=ADVANCED_FACE('',(#137),#41,.F.);
#1014=ADVANCED_FACE('',(#138),#976,.F.);
#1015=ADVANCED_FACE('',(#139),#42,.F.);
#1016=ADVANCED_FACE('',(#140),#977,.F.);
#1017=ADVANCED_FACE('',(#141),#978,.F.);
#1018=ADVANCED_FACE('',(#142,#13),#43,.F.);
#1019=ADVANCED_FACE('',(#143,#14),#44,.F.);
#1020=ADVANCED_FACE('',(#144),#24,.T.);
#1021=ADVANCED_FACE('',(#145),#979,.F.);
#1022=ADVANCED_FACE('',(#146),#45,.F.);
#1023=ADVANCED_FACE('',(#147),#25,.T.);
#1024=ADVANCED_FACE('',(#148),#26,.T.);
#1025=ADVANCED_FACE('',(#149),#27,.T.);
#1026=ADVANCED_FACE('',(#150),#29,.T.);
#1027=ADVANCED_FACE('',(#151),#980,.T.);
#1028=ADVANCED_FACE('',(#152),#46,.T.);
#1029=ADVANCED_FACE('',(#153),#47,.T.);
#1030=ADVANCED_FACE('',(#154),#981,.T.);
#1031=ADVANCED_FACE('',(#155),#48,.T.);
#1032=ADVANCED_FACE('',(#156),#49,.T.);
#1033=ADVANCED_FACE('',(#157),#982,.T.);
#1034=ADVANCED_FACE('',(#158),#50,.T.);
#1035=ADVANCED_FACE('',(#159),#51,.T.);
#1036=ADVANCED_FACE('',(#160),#983,.T.);
#1037=ADVANCED_FACE('',(#161),#52,.T.);
#1038=ADVANCED_FACE('',(#162),#984,.F.);
#1039=ADVANCED_FACE('',(#163),#53,.F.);
#1040=ADVANCED_FACE('',(#164),#54,.F.);
#1041=ADVANCED_FACE('',(#165),#985,.F.);
#1042=ADVANCED_FACE('',(#166),#986,.F.);
#1043=ADVANCED_FACE('',(#167),#55,.F.);
#1044=CLOSED_SHELL('',(#987,#988,#989,#990,#991,#992,#993,#994,#995,#996,
#997,#998,#999,#1000,#1001,#1002,#1003,#1004,#1005,#1006,#1007,#1008,#1009,
#1010,#1011,#1012,#1013,#1014,#1015));
#1045=CLOSED_SHELL('',(#1016,#1017,#1018,#1019,#1020,#1021,#1022,#1023,
#1024,#1025,#1026,#1027,#1028,#1029,#1030,#1031,#1032,#1033,#1034,#1035,
#1036,#1037,#1038,#1039,#1040,#1041,#1042,#1043));
#1046=DERIVED_UNIT_ELEMENT(#1049,1.);
#1047=DERIVED_UNIT_ELEMENT(#3136,-3.);
#1048=DIMENSIONAL_EXPONENTS(0.,1.,0.,0.,0.,0.,0.);
#1049=(
CONVERSION_BASED_UNIT('gram',#1051)
MASS_UNIT()
NAMED_UNIT(#1048)
);
#1050=(
MASS_UNIT()
NAMED_UNIT(*)
SI_UNIT(.KILO.,.GRAM.)
);
#1051=MASS_MEASURE_WITH_UNIT(MASS_MEASURE(0.001),#1050);
#1052=DERIVED_UNIT((#1046,#1047));
#1053=MEASURE_REPRESENTATION_ITEM('density measure',
POSITIVE_RATIO_MEASURE(1.),#1052);
#1054=PROPERTY_DEFINITION_REPRESENTATION(#1059,#1056);
#1055=PROPERTY_DEFINITION_REPRESENTATION(#1060,#1057);
#1056=REPRESENTATION('material name',(#1058),#3133);
#1057=REPRESENTATION('density',(#1053),#3133);
#1058=DESCRIPTIVE_REPRESENTATION_ITEM('Generic','Generic');
#1059=PROPERTY_DEFINITION('material property','material name',#3143);
#1060=PROPERTY_DEFINITION('material property','density of part',#3143);
#1061=DATE_TIME_ROLE('creation_date');
#1062=APPLIED_DATE_AND_TIME_ASSIGNMENT(#1063,#1061,(#3143));
#1063=DATE_AND_TIME(#1064,#1065);
#1064=CALENDAR_DATE(2026,18,9);
#1065=LOCAL_TIME(0,0,0.,#1066);
#1066=COORDINATED_UNIVERSAL_TIME_OFFSET(0,0,.BEHIND.);
#1067=AXIS2_PLACEMENT_3D('',#1476,#1178,#1179);
#1068=AXIS2_PLACEMENT_3D('',#1477,#1180,#1181);
#1069=AXIS2_PLACEMENT_3D('',#1594,#1184,#1185);
#1070=AXIS2_PLACEMENT_3D('',#1598,#1187,#1188);
#1071=AXIS2_PLACEMENT_3D('',#1680,#1189,#1190);
#1072=AXIS2_PLACEMENT_3D('',#1682,#1192,#1193);
#1073=AXIS2_PLACEMENT_3D('',#1686,#1195,#1196);
#1074=AXIS2_PLACEMENT_3D('',#1690,#1198,#1199);
#1075=AXIS2_PLACEMENT_3D('',#1694,#1201,#1202);
#1076=AXIS2_PLACEMENT_3D('',#1698,#1205,#1206);
#1077=AXIS2_PLACEMENT_3D('',#1704,#1209,#1210);
#1078=AXIS2_PLACEMENT_3D('',#1708,#1212,#1213);
#1079=AXIS2_PLACEMENT_3D('',#1712,#1215,#1216);
#1080=AXIS2_PLACEMENT_3D('',#2145,#1218,#1219);
#1081=AXIS2_PLACEMENT_3D('',#2149,#1221,#1222);
#1082=AXIS2_PLACEMENT_3D('',#2151,#1224,#1225);
#1083=AXIS2_PLACEMENT_3D('',#2154,#1226,#1227);
#1084=AXIS2_PLACEMENT_3D('',#2156,#1228,#1229);
#1085=AXIS2_PLACEMENT_3D('',#2158,#1230,#1231);
#1086=AXIS2_PLACEMENT_3D('',#2159,#1232,#1233);
#1087=AXIS2_PLACEMENT_3D('',#2160,#1234,#1235);
#1088=AXIS2_PLACEMENT_3D('',#2161,#1236,#1237);
#1089=AXIS2_PLACEMENT_3D('',#2162,#1238,#1239);
#1090=AXIS2_PLACEMENT_3D('',#2178,#1240,#1241);
#1091=AXIS2_PLACEMENT_3D('',#2184,#1244,#1245);
#1092=AXIS2_PLACEMENT_3D('',#2191,#1250,#1251);
#1093=AXIS2_PLACEMENT_3D('',#2193,#1252,#1253);
#1094=AXIS2_PLACEMENT_3D('',#2195,#1254,#1255);
#1095=AXIS2_PLACEMENT_3D('',#2196,#1256,#1257);
#1096=AXIS2_PLACEMENT_3D('',#2212,#1258,#1259);
#1097=AXIS2_PLACEMENT_3D('',#2215,#1260,#1261);
#1098=AXIS2_PLACEMENT_3D('',#2216,#1262,#1263);
#1099=AXIS2_PLACEMENT_3D('',#2217,#1264,#1265);
#1100=AXIS2_PLACEMENT_3D('',#2218,#1266,#1267);
#1101=AXIS2_PLACEMENT_3D('',#2224,#1271,#1272);
#1102=AXIS2_PLACEMENT_3D('',#2233,#1277,#1278);
#1103=AXIS2_PLACEMENT_3D('',#2237,#1281,#1282);
#1104=AXIS2_PLACEMENT_3D('',#2238,#1283,#1284);
#1105=AXIS2_PLACEMENT_3D('',#2239,#1285,#1286);
#1106=AXIS2_PLACEMENT_3D('',#2240,#1287,#1288);
#1107=AXIS2_PLACEMENT_3D('',#2241,#1289,#1290);
#1108=AXIS2_PLACEMENT_3D('',#2242,#1291,#1292);
#1109=AXIS2_PLACEMENT_3D('',#2245,#1294,#1295);
#1110=AXIS2_PLACEMENT_3D('',#2246,#1296,#1297);
#1111=AXIS2_PLACEMENT_3D('',#2248,#1299,#1300);
#1112=AXIS2_PLACEMENT_3D('',#2249,#1301,#1302);
#1113=AXIS2_PLACEMENT_3D('',#2255,#1306,#1307);
#1114=AXIS2_PLACEMENT_3D('',#2258,#1309,#1310);
#1115=AXIS2_PLACEMENT_3D('',#2259,#1311,#1312);
#1116=AXIS2_PLACEMENT_3D('',#2261,#1314,#1315);
#1117=AXIS2_PLACEMENT_3D('',#2262,#1316,#1317);
#1118=AXIS2_PLACEMENT_3D('',#2263,#1318,#1319);
#1119=AXIS2_PLACEMENT_3D('',#2264,#1320,#1321);
#1120=AXIS2_PLACEMENT_3D('',#2265,#1322,#1323);
#1121=AXIS2_PLACEMENT_3D('',#2320,#1324,#1325);
#1122=AXIS2_PLACEMENT_3D('',#2321,#1326,#1327);
#1123=AXIS2_PLACEMENT_3D('',#2322,#1328,#1329);
#1124=AXIS2_PLACEMENT_3D('',#2323,#1330,#1331);
#1125=AXIS2_PLACEMENT_3D('',#2324,#1332,#1333);
#1126=AXIS2_PLACEMENT_3D('',#2325,#1334,#1335);
#1127=AXIS2_PLACEMENT_3D('',#2442,#1338,#1339);
#1128=AXIS2_PLACEMENT_3D('',#2446,#1341,#1342);
#1129=AXIS2_PLACEMENT_3D('',#2505,#1345,#1346);
#1130=AXIS2_PLACEMENT_3D('',#2507,#1348,#1349);
#1131=AXIS2_PLACEMENT_3D('',#2514,#1353,#1354);
#1132=AXIS2_PLACEMENT_3D('',#2520,#1357,#1358);
#1133=AXIS2_PLACEMENT_3D('',#2521,#1359,#1360);
#1134=AXIS2_PLACEMENT_3D('',#2523,#1361,#1362);
#1135=AXIS2_PLACEMENT_3D('',#2533,#1367,#1368);
#1136=AXIS2_PLACEMENT_3D('',#2535,#1370,#1371);
#1137=AXIS2_PLACEMENT_3D('',#2537,#1372,#1373);
#1138=AXIS2_PLACEMENT_3D('',#2538,#1374,#1375);
#1139=AXIS2_PLACEMENT_3D('',#2539,#1376,#1377);
#1140=AXIS2_PLACEMENT_3D('',#2542,#1379,#1380);
#1141=AXIS2_PLACEMENT_3D('',#2543,#1381,#1382);
#1142=AXIS2_PLACEMENT_3D('',#2547,#1384,#1385);
#1143=AXIS2_PLACEMENT_3D('',#2578,#1390,#1391);
#1144=AXIS2_PLACEMENT_3D('',#2580,#1392,#1393);
#1145=AXIS2_PLACEMENT_3D('',#2581,#1394,#1395);
#1146=AXIS2_PLACEMENT_3D('',#2582,#1396,#1397);
#1147=AXIS2_PLACEMENT_3D('',#2585,#1398,#1399);
#1148=AXIS2_PLACEMENT_3D('',#2587,#1400,#1401);
#1149=AXIS2_PLACEMENT_3D('',#2589,#1402,#1403);
#1150=AXIS2_PLACEMENT_3D('',#2590,#1404,#1405);
#1151=AXIS2_PLACEMENT_3D('',#2591,#1406,#1407);
#1152=AXIS2_PLACEMENT_3D('',#2592,#1408,#1409);
#1153=AXIS2_PLACEMENT_3D('',#2593,#1410,#1411);
#1154=AXIS2_PLACEMENT_3D('',#3082,#1412,#1413);
#1155=AXIS2_PLACEMENT_3D('',#3084,#1414,#1415);
#1156=AXIS2_PLACEMENT_3D('',#3086,#1417,#1418);
#1157=AXIS2_PLACEMENT_3D('',#3092,#1422,#1423);
#1158=AXIS2_PLACEMENT_3D('',#3096,#1426,#1427);
#1159=AXIS2_PLACEMENT_3D('',#3097,#1428,#1429);
#1160=AXIS2_PLACEMENT_3D('',#3098,#1430,#1431);
#1161=AXIS2_PLACEMENT_3D('',#3099,#1432,#1433);
#1162=AXIS2_PLACEMENT_3D('',#3105,#1437,#1438);
#1163=AXIS2_PLACEMENT_3D('',#3107,#1439,#1440);
#1164=AXIS2_PLACEMENT_3D('',#3109,#1442,#1443);
#1165=AXIS2_PLACEMENT_3D('',#3111,#1445,#1446);
#1166=AXIS2_PLACEMENT_3D('',#3112,#1447,#1448);
#1167=AXIS2_PLACEMENT_3D('',#3113,#1449,#1450);
#1168=AXIS2_PLACEMENT_3D('',#3114,#1451,#1452);
#1169=AXIS2_PLACEMENT_3D('',#3115,#1453,#1454);
#1170=AXIS2_PLACEMENT_3D('',#3116,#1455,#1456);
#1171=AXIS2_PLACEMENT_3D('',#3118,#1457,#1458);
#1172=AXIS2_PLACEMENT_3D('',#3120,#1460,#1461);
#1173=AXIS2_PLACEMENT_3D('',#3122,#1463,#1464);
#1174=AXIS2_PLACEMENT_3D('',#3127,#1468,#1469);
#1175=AXIS2_PLACEMENT_3D('',#3128,#1470,#1471);
#1176=AXIS2_PLACEMENT_3D('',#3129,#1472,#1473);
#1177=AXIS2_PLACEMENT_3D('',#3130,#1474,#1475);
#1178=DIRECTION('axis',(0.,0.,1.));
#1179=DIRECTION('refdir',(1.,0.,0.));
#1180=DIRECTION('center_axis',(0.,0.,1.));
#1181=DIRECTION('ref_axis',(1.,0.,0.));
#1182=DIRECTION('',(0.,0.,-1.));
#1183=DIRECTION('',(0.,0.,1.));
#1184=DIRECTION('center_axis',(0.,1.,0.));
#1185=DIRECTION('ref_axis',(0.984831351137774,0.,0.173514292829572));
#1186=DIRECTION('',(0.,1.,0.));
#1187=DIRECTION('center_axis',(0.,1.,0.));
#1188=DIRECTION('ref_axis',(-1.,0.,0.));
#1189=DIRECTION('center_axis',(0.,1.,0.));
#1190=DIRECTION('ref_axis',(-1.,0.,0.));
#1191=DIRECTION('',(0.,1.,0.));
#1192=DIRECTION('center_axis',(-1.,0.,0.));
#1193=DIRECTION('ref_axis',(0.,0.,1.));
#1194=DIRECTION('',(0.,-1.,0.));
#1195=DIRECTION('center_axis',(1.,0.,0.));
#1196=DIRECTION('ref_axis',(0.,0.,1.));
#1197=DIRECTION('',(0.,0.869575838010946,0.493799414689366));
#1198=DIRECTION('center_axis',(1.,0.,0.));
#1199=DIRECTION('ref_axis',(0.,-0.993284843536706,0.115694509810368));
#1200=DIRECTION('',(0.,1.,0.));
#1201=DIRECTION('center_axis',(1.,0.,0.));
#1202=DIRECTION('ref_axis',(0.,0.,1.));
#1203=DIRECTION('',(0.,-1.,0.));
#1204=DIRECTION('',(0.,0.,1.));
#1205=DIRECTION('center_axis',(-1.,0.,0.));
#1206=DIRECTION('ref_axis',(0.,0.,1.));
#1207=DIRECTION('',(0.,0.,-1.));
#1208=DIRECTION('',(0.,-1.,0.));
#1209=DIRECTION('center_axis',(1.,0.,0.));
#1210=DIRECTION('ref_axis',(0.,0.,1.));
#1211=DIRECTION('',(0.,1.,1.59687356829551E-16));
#1212=DIRECTION('center_axis',(1.,0.,0.));
#1213=DIRECTION('ref_axis',(0.,-0.993284843537151,0.115694509806546));
#1214=DIRECTION('',(0.,0.869575838010945,-0.493799414689368));
#1215=DIRECTION('center_axis',(1.,0.,0.));
#1216=DIRECTION('ref_axis',(0.,0.,1.));
#1217=DIRECTION('',(0.,-1.,0.));
#1218=DIRECTION('center_axis',(0.,0.,-1.));
#1219=DIRECTION('ref_axis',(1.,0.,0.));
#1220=DIRECTION('',(0.,0.,1.));
#1221=DIRECTION('center_axis',(0.,0.,-1.));
#1222=DIRECTION('ref_axis',(1.,0.,0.));
#1223=DIRECTION('',(0.,0.,-1.));
#1224=DIRECTION('center_axis',(0.,1.,0.));
#1225=DIRECTION('ref_axis',(-1.,0.,0.));
#1226=DIRECTION('center_axis',(1.,0.,0.));
#1227=DIRECTION('ref_axis',(0.,0.,-1.));
#1228=DIRECTION('center_axis',(0.,-1.,0.));
#1229=DIRECTION('ref_axis',(-1.,0.,0.));
#1230=DIRECTION('center_axis',(-1.22464679914735E-16,1.46587128902149E-16,
-1.));
#1231=DIRECTION('ref_axis',(-1.,-1.20096240644548E-16,1.22464679914735E-16));
#1232=DIRECTION('center_axis',(0.,-1.,0.));
#1233=DIRECTION('ref_axis',(1.,0.,0.));
#1234=DIRECTION('center_axis',(0.,1.,0.));
#1235=DIRECTION('ref_axis',(-1.,0.,1.22464679914735E-16));
#1236=DIRECTION('center_axis',(0.,-1.,0.));
#1237=DIRECTION('ref_axis',(1.,0.,0.));
#1238=DIRECTION('center_axis',(0.,-1.,0.));
#1239=DIRECTION('ref_axis',(-1.,0.,1.22464679914735E-16));
#1240=DIRECTION('center_axis',(-1.,0.,0.));
#1241=DIRECTION('ref_axis',(0.,0.,1.));
#1242=DIRECTION('',(0.,1.,0.));
#1243=DIRECTION('',(0.,0.,-1.));
#1244=DIRECTION('center_axis',(1.,0.,0.));
#1245=DIRECTION('ref_axis',(0.,-1.,0.));
#1246=DIRECTION('',(0.,0.,-1.));
#1247=DIRECTION('',(0.,-1.,0.));
#1248=DIRECTION('',(0.,0.,1.));
#1249=DIRECTION('',(0.,1.,0.));
#1250=DIRECTION('center_axis',(0.,-1.,0.));
#1251=DIRECTION('ref_axis',(-1.,0.,0.));
#1252=DIRECTION('center_axis',(0.,1.,0.));
#1253=DIRECTION('ref_axis',(-1.,0.,0.));
#1254=DIRECTION('center_axis',(-1.22464679914735E-16,-1.46587128902149E-16,
1.));
#1255=DIRECTION('ref_axis',(-1.,0.,-1.22464679914735E-16));
#1256=DIRECTION('center_axis',(0.,1.,0.));
#1257=DIRECTION('ref_axis',(1.,0.,0.));
#1258=DIRECTION('center_axis',(0.,-1.,0.));
#1259=DIRECTION('ref_axis',(-1.,0.,-1.22464679914735E-16));
#1260=DIRECTION('center_axis',(1.,0.,0.));
#1261=DIRECTION('ref_axis',(0.,0.,-1.));
#1262=DIRECTION('center_axis',(0.,1.,0.));
#1263=DIRECTION('ref_axis',(1.,0.,0.));
#1264=DIRECTION('center_axis',(0.,1.,0.));
#1265=DIRECTION('ref_axis',(-1.,0.,-1.22464679914735E-16));
#1266=DIRECTION('center_axis',(0.,-0.493799414689368,-0.869575838010945));
#1267=DIRECTION('ref_axis',(0.,0.869575838010945,-0.493799414689368));
#1268=DIRECTION('',(1.,0.,0.));
#1269=DIRECTION('',(0.,0.869575838010945,-0.493799414689368));
#1270=DIRECTION('',(1.,0.,0.));
#1271=DIRECTION('center_axis',(-1.,0.,0.));
#1272=DIRECTION('ref_axis',(0.,0.,1.));
#1273=DIRECTION('',(0.,1.,0.));
#1274=DIRECTION('',(0.,0.,-1.));
#1275=DIRECTION('',(0.,-1.,0.));
#1276=DIRECTION('',(0.,0.,1.));
#1277=DIRECTION('center_axis',(1.,0.,0.));
#1278=DIRECTION('ref_axis',(0.,1.,0.));
#1279=DIRECTION('',(0.,0.,1.));
#1280=DIRECTION('',(0.,1.,0.));
#1281=DIRECTION('center_axis',(0.,0.,1.));
#1282=DIRECTION('ref_axis',(1.,1.52476981922768E-16,0.));
#1283=DIRECTION('center_axis',(0.,0.,-1.));
#1284=DIRECTION('ref_axis',(-1.,0.,0.));
#1285=DIRECTION('center_axis',(0.,0.,-1.));
#1286=DIRECTION('ref_axis',(-1.,0.,0.));
#1287=DIRECTION('center_axis',(0.,0.,-1.));
#1288=DIRECTION('ref_axis',(1.,1.22464679914735E-16,0.));
#1289=DIRECTION('center_axis',(0.,0.,1.));
#1290=DIRECTION('ref_axis',(-1.,0.,0.));
#1291=DIRECTION('center_axis',(1.,0.,0.));
#1292=DIRECTION('ref_axis',(0.,-0.993284843537151,0.115694509806546));
#1293=DIRECTION('',(1.,0.,0.));
#1294=DIRECTION('center_axis',(1.,0.,0.));
#1295=DIRECTION('ref_axis',(0.,-0.993284843537151,0.115694509806546));
#1296=DIRECTION('center_axis',(0.,1.59687356829551E-16,-1.));
#1297=DIRECTION('ref_axis',(0.,1.,1.59687356829551E-16));
#1298=DIRECTION('',(0.,1.,1.59687356829551E-16));
#1299=DIRECTION('center_axis',(-1.,0.,0.));
#1300=DIRECTION('ref_axis',(0.,0.,1.));
#1301=DIRECTION('center_axis',(0.,0.,-1.));
#1302=DIRECTION('ref_axis',(0.,1.,0.));
#1303=DIRECTION('',(1.,0.,0.));
#1304=DIRECTION('',(0.,1.,0.));
#1305=DIRECTION('',(1.,0.,0.));
#1306=DIRECTION('center_axis',(1.,0.,0.));
#1307=DIRECTION('ref_axis',(0.,-0.993284843536706,0.115694509810368));
#1308=DIRECTION('',(1.,0.,0.));
#1309=DIRECTION('center_axis',(1.,0.,0.));
#1310=DIRECTION('ref_axis',(0.,-0.993284843536706,0.115694509810368));
#1311=DIRECTION('center_axis',(0.,0.493799414689366,-0.869575838010946));
#1312=DIRECTION('ref_axis',(0.,0.869575838010946,0.493799414689366));
#1313=DIRECTION('',(0.,0.869575838010946,0.493799414689366));
#1314=DIRECTION('center_axis',(-1.,0.,0.));
#1315=DIRECTION('ref_axis',(0.,0.,1.));
#1316=DIRECTION('center_axis',(0.,1.,0.));
#1317=DIRECTION('ref_axis',(0.,0.,1.));
#1318=DIRECTION('center_axis',(0.,-1.,0.));
#1319=DIRECTION('ref_axis',(1.,0.,0.));
#1320=DIRECTION('center_axis',(0.,1.,0.));
#1321=DIRECTION('ref_axis',(1.,0.,0.));
#1322=DIRECTION('center_axis',(0.,1.,0.));
#1323=DIRECTION('ref_axis',(1.,0.,0.));
#1324=DIRECTION('center_axis',(0.,1.,0.));
#1325=DIRECTION('ref_axis',(1.,0.,0.));
#1326=DIRECTION('center_axis',(0.,-1.,0.));
#1327=DIRECTION('ref_axis',(1.,0.,0.));
#1328=DIRECTION('center_axis',(0.,1.,0.));
#1329=DIRECTION('ref_axis',(0.,0.,1.));
#1330=DIRECTION('center_axis',(0.,0.,1.));
#1331=DIRECTION('ref_axis',(1.,-1.22464679914735E-16,0.));
#1332=DIRECTION('center_axis',(0.,0.,1.));
#1333=DIRECTION('ref_axis',(1.,0.,0.));
#1334=DIRECTION('center_axis',(0.,0.,1.));
#1335=DIRECTION('ref_axis',(-1.,-1.22464679914735E-16,0.));
#1336=DIRECTION('',(0.,0.,1.));
#1337=DIRECTION('',(0.,0.,-1.));
#1338=DIRECTION('center_axis',(0.,1.,0.));
#1339=DIRECTION('ref_axis',(-1.,0.,1.22464679914735E-16));
#1340=DIRECTION('',(0.,-1.,0.));
#1341=DIRECTION('center_axis',(0.,-1.,0.));
#1342=DIRECTION('ref_axis',(1.,0.,0.));
#1343=DIRECTION('',(0.,1.,0.));
#1344=DIRECTION('',(0.,1.,0.));
#1345=DIRECTION('center_axis',(0.,1.,0.));
#1346=DIRECTION('ref_axis',(1.,0.,0.));
#1347=DIRECTION('',(0.,-1.,0.));
#1348=DIRECTION('center_axis',(-1.,0.,0.));
#1349=DIRECTION('ref_axis',(0.,0.,1.));
#1350=DIRECTION('',(0.,1.,0.));
#1351=DIRECTION('',(0.,0.,1.));
#1352=DIRECTION('',(0.,-1.,0.));
#1353=DIRECTION('center_axis',(-1.,0.,0.));
#1354=DIRECTION('ref_axis',(0.,0.,1.));
#1355=DIRECTION('',(0.,-0.869575838010946,-0.493799414689366));
#1356=DIRECTION('',(0.,-1.,-1.94094934375027E-16));
#1357=DIRECTION('center_axis',(-1.,0.,0.));
#1358=DIRECTION('ref_axis',(0.,0.953415676395734,0.301659655908551));
#1359=DIRECTION('center_axis',(-1.,0.,0.));
#1360=DIRECTION('ref_axis',(0.,0.,1.));
#1361=DIRECTION('center_axis',(-1.,0.,0.));
#1362=DIRECTION('ref_axis',(0.,0.,1.));
#1363=DIRECTION('',(0.,-1.,0.));
#1364=DIRECTION('',(0.,0.,-1.));
#1365=DIRECTION('',(0.,1.,0.));
#1366=DIRECTION('',(0.,-0.869575838010946,0.493799414689366));
#1367=DIRECTION('center_axis',(-1.,0.,0.));
#1368=DIRECTION('ref_axis',(0.,0.953415676395734,0.301659655908551));
#1369=DIRECTION('',(0.,-1.,-9.70474671875138E-17));
#1370=DIRECTION('center_axis',(0.,-1.,0.));
#1371=DIRECTION('ref_axis',(-1.,0.,-1.03045352126995E-16));
#1372=DIRECTION('center_axis',(-1.,0.,0.));
#1373=DIRECTION('ref_axis',(0.,0.,-1.));
#1374=DIRECTION('center_axis',(0.,1.,0.));
#1375=DIRECTION('ref_axis',(1.,0.,-1.94193277877402E-17));
#1376=DIRECTION('center_axis',(0.,1.,0.));
#1377=DIRECTION('ref_axis',(-1.,0.,-1.22464679914735E-16));
#1378=DIRECTION('',(0.,1.,0.));
#1379=DIRECTION('center_axis',(0.,-1.,0.));
#1380=DIRECTION('ref_axis',(1.,0.,0.));
#1381=DIRECTION('center_axis',(-1.,0.,0.));
#1382=DIRECTION('ref_axis',(0.,0.,1.));
#1383=DIRECTION('',(0.,0.,1.));
#1384=DIRECTION('center_axis',(-1.,0.,0.));
#1385=DIRECTION('ref_axis',(0.,1.,0.));
#1386=DIRECTION('',(0.,0.,1.));
#1387=DIRECTION('',(0.,-1.,0.));
#1388=DIRECTION('',(0.,0.,-1.));
#1389=DIRECTION('',(0.,0.,1.));
#1390=DIRECTION('center_axis',(0.,1.,0.));
#1391=DIRECTION('ref_axis',(-1.,0.,1.07493361039756E-16));
#1392=DIRECTION('center_axis',(-1.,0.,0.));
#1393=DIRECTION('ref_axis',(0.,0.,-1.));
#1394=DIRECTION('center_axis',(0.,-1.,0.));
#1395=DIRECTION('ref_axis',(1.,0.,1.49713188749792E-17));
#1396=DIRECTION('center_axis',(0.,0.,1.));
#1397=DIRECTION('ref_axis',(1.,0.,0.));
#1398=DIRECTION('center_axis',(-1.,0.,0.));
#1399=DIRECTION('ref_axis',(0.,-1.,0.));
#1400=DIRECTION('center_axis',(0.,0.,-1.));
#1401=DIRECTION('ref_axis',(1.,0.,0.));
#1402=DIRECTION('center_axis',(2.1350442781253E-16,-1.,5.95214991607982E-17));
#1403=DIRECTION('ref_axis',(1.,2.1350442781253E-16,0.));
#1404=DIRECTION('center_axis',(0.,0.,-1.));
#1405=DIRECTION('ref_axis',(-1.,0.,0.));
#1406=DIRECTION('center_axis',(0.,0.,1.));
#1407=DIRECTION('ref_axis',(1.,1.52476981922768E-16,0.));
#1408=DIRECTION('center_axis',(0.,0.,-1.));
#1409=DIRECTION('ref_axis',(-1.,0.,0.));
#1410=DIRECTION('center_axis',(0.,0.,-1.));
#1411=DIRECTION('ref_axis',(1.,0.,0.));
#1412=DIRECTION('center_axis',(0.,0.,-1.));
#1413=DIRECTION('ref_axis',(-1.,-1.22464679914735E-16,0.));
#1414=DIRECTION('center_axis',(0.,0.,-1.));
#1415=DIRECTION('ref_axis',(1.,0.,0.));
#1416=DIRECTION('',(0.,0.,1.));
#1417=DIRECTION('center_axis',(0.,0.493799414689366,-0.869575838010946));
#1418=DIRECTION('ref_axis',(0.,0.869575838010946,0.493799414689366));
#1419=DIRECTION('',(1.,0.,0.));
#1420=DIRECTION('',(0.,0.869575838010946,0.493799414689366));
#1421=DIRECTION('',(1.,0.,0.));
#1422=DIRECTION('center_axis',(0.,1.94094934375027E-16,-1.));
#1423=DIRECTION('ref_axis',(0.,1.,1.94094934375027E-16));
#1424=DIRECTION('',(0.,1.,1.94094934375027E-16));
#1425=DIRECTION('',(1.,0.,0.));
#1426=DIRECTION('center_axis',(1.,0.,0.));
#1427=DIRECTION('ref_axis',(0.,0.953415676395734,0.301659655908551));
#1428=DIRECTION('center_axis',(1.,0.,0.));
#1429=DIRECTION('ref_axis',(0.,0.953415676395734,0.301659655908551));
#1430=DIRECTION('center_axis',(1.,0.,0.));
#1431=DIRECTION('ref_axis',(0.,0.,-1.));
#1432=DIRECTION('center_axis',(0.,-0.493799414689366,-0.869575838010946));
#1433=DIRECTION('ref_axis',(0.,0.869575838010946,-0.493799414689366));
#1434=DIRECTION('',(1.,0.,0.));
#1435=DIRECTION('',(0.,0.869575838010946,-0.493799414689366));
#1436=DIRECTION('',(1.,0.,0.));
#1437=DIRECTION('center_axis',(1.,0.,0.));
#1438=DIRECTION('ref_axis',(0.,0.953415676395734,0.301659655908551));
#1439=DIRECTION('center_axis',(1.,0.,0.));
#1440=DIRECTION('ref_axis',(0.,0.953415676395734,0.301659655908551));
#1441=DIRECTION('',(1.,0.,0.));
#1442=DIRECTION('center_axis',(0.,9.70474671875138E-17,-1.));
#1443=DIRECTION('ref_axis',(0.,1.,9.70474671875138E-17));
#1444=DIRECTION('',(0.,1.,9.70474671875138E-17));
#1445=DIRECTION('center_axis',(1.,0.,0.));
#1446=DIRECTION('ref_axis',(0.,0.,-1.));
#1447=DIRECTION('center_axis',(0.,1.,0.));
#1448=DIRECTION('ref_axis',(-1.,0.,0.));
#1449=DIRECTION('center_axis',(0.,1.,0.));
#1450=DIRECTION('ref_axis',(-1.,0.,0.));
#1451=DIRECTION('center_axis',(0.,1.,0.));
#1452=DIRECTION('ref_axis',(-1.,0.,0.));
#1453=DIRECTION('center_axis',(0.,1.,0.));
#1454=DIRECTION('ref_axis',(0.,0.,1.));
#1455=DIRECTION('center_axis',(0.,1.,0.));
#1456=DIRECTION('ref_axis',(-1.,0.,-1.22464679914735E-16));
#1457=DIRECTION('center_axis',(0.,-1.,0.));
#1458=DIRECTION('ref_axis',(1.,0.,0.));
#1459=DIRECTION('',(0.,1.,0.));
#1460=DIRECTION('center_axis',(0.,1.,0.));
#1461=DIRECTION('ref_axis',(0.,0.,1.));
#1462=DIRECTION('',(0.,0.,1.));
#1463=DIRECTION('center_axis',(-1.,0.,0.));
#1464=DIRECTION('ref_axis',(0.,0.,1.));
#1465=DIRECTION('',(0.,-1.,0.));
#1466=DIRECTION('',(0.,0.,-1.));
#1467=DIRECTION('',(0.,0.,-1.));
#1468=DIRECTION('center_axis',(0.,0.,1.));
#1469=DIRECTION('ref_axis',(-1.,0.,0.));
#1470=DIRECTION('center_axis',(0.,0.,-1.));
#1471=DIRECTION('ref_axis',(-1.,0.,0.));
#1472=DIRECTION('center_axis',(0.,0.,1.));
#1473=DIRECTION('ref_axis',(-1.,0.,0.));
#1474=DIRECTION('center_axis',(0.,0.,1.));
#1475=DIRECTION('ref_axis',(1.,0.,0.));
#1476=CARTESIAN_POINT('',(0.,0.,0.));
#1477=CARTESIAN_POINT('Origin',(0.,7.5,0.));
#1478=CARTESIAN_POINT('',(0.,5.,4.5));
#1479=CARTESIAN_POINT('',(0.,5.,3.5));
#1480=CARTESIAN_POINT('',(0.,5.,0.));
#1481=CARTESIAN_POINT('',(0.,10.,4.5));
#1482=CARTESIAN_POINT('Ctrl Pts',(6.93889390390723E-17,10.,4.5));
#1483=CARTESIAN_POINT('Ctrl Pts',(0.17833728022448,10.,4.5));
#1484=CARTESIAN_POINT('Ctrl Pts',(0.362012886514218,9.98055263847619,4.48909920253698));
#1485=CARTESIAN_POINT('Ctrl Pts',(0.542524333588823,9.94042360000554,4.46717666400871));
#1486=CARTESIAN_POINT('Ctrl Pts',(0.732683672076768,9.89814976345166,4.4440824198925));
#1487=CARTESIAN_POINT('Ctrl Pts',(0.918905741478622,9.83306716761933,4.40884573886764));
#1488=CARTESIAN_POINT('Ctrl Pts',(1.09326611997976,9.74828138606012,4.36517687968133));
#1489=CARTESIAN_POINT('Ctrl Pts',(1.2290919604567,9.68223369713118,4.33115906237307));
#1490=CARTESIAN_POINT('Ctrl Pts',(1.35783812593351,9.60425339740527,4.29209082146121));
#1491=CARTESIAN_POINT('Ctrl Pts',(1.4764575173296,9.51744224192934,4.25089087127874));
#1492=CARTESIAN_POINT('Ctrl Pts',(1.56350295315837,9.45373836708844,4.22065747033519));
#1493=CARTESIAN_POINT('Ctrl Pts',(1.64509813577463,9.38532230142728,4.18930820127282));
#1494=CARTESIAN_POINT('Ctrl Pts',(1.72045650466563,9.31384382336344,4.15812811437475));
#1495=CARTESIAN_POINT('Ctrl Pts',(1.76102066297085,9.27536814584724,4.14134439148482));
#1496=CARTESIAN_POINT('Ctrl Pts',(1.79970148667376,9.2361521034884,4.12465901075042));
#1497=CARTESIAN_POINT('Ctrl Pts',(1.83774923091717,9.19489756748405,4.10763651803119));
#1498=CARTESIAN_POINT('Ctrl Pts',(1.9677730325367,9.0539149228621,4.04946410175767));
#1499=CARTESIAN_POINT('Ctrl Pts',(2.08608179602421,8.89242232135257,3.98883818915195));
#1500=CARTESIAN_POINT('Ctrl Pts',(2.18409646626472,8.7164385007266,3.93442786514761));
#1501=CARTESIAN_POINT('Ctrl Pts',(2.28050905702099,8.54333118897313,3.88090689437584));
#1502=CARTESIAN_POINT('Ctrl Pts',(2.35732212903723,8.35633734729851,3.8336670807139));
#1503=CARTESIAN_POINT('Ctrl Pts',(2.41053366086556,8.1628178255253,3.79991150815833));
#1504=CARTESIAN_POINT('Ctrl Pts',(2.45632426800397,7.99628669795473,3.77086351595598));
#1505=CARTESIAN_POINT('Ctrl Pts',(2.48456025242772,7.82506753266306,3.75194905082808));
#1506=CARTESIAN_POINT('Ctrl Pts',(2.49513045394361,7.65596159079453,3.74490640975221));
#1507=CARTESIAN_POINT('Ctrl Pts',(2.49897177981267,7.59450665749604,3.7423470376049));
#1508=CARTESIAN_POINT('Ctrl Pts',(2.50051683160803,7.53357579524447,3.74131209833148));
#1509=CARTESIAN_POINT('Ctrl Pts',(2.49985044825151,7.47265523127304,3.74175730591613));
#1510=CARTESIAN_POINT('Ctrl Pts',(2.49804123930647,7.30725789924942,3.7429660298986));
#1511=CARTESIAN_POINT('Ctrl Pts',(2.47952320542267,7.13818365788721,3.75550217162595));
#1512=CARTESIAN_POINT('Ctrl Pts',(2.44358269046272,6.97188672155399,3.77874365826408));
#1513=CARTESIAN_POINT('Ctrl Pts',(2.40356977568126,6.78674677157464,3.80461862486603));
#1514=CARTESIAN_POINT('Ctrl Pts',(2.34206683005023,6.60543336938738,3.84361169295316));
#1515=CARTESIAN_POINT('Ctrl Pts',(2.26176555479606,6.43491006241816,3.89029774890536));
#1516=CARTESIAN_POINT('Ctrl Pts',(2.17496046062377,6.25057560853583,3.94076503564066));
#1517=CARTESIAN_POINT('Ctrl Pts',(2.06601338756682,6.07868373031915,4.00004578855226));
#1518=CARTESIAN_POINT('Ctrl Pts',(1.94240505469862,5.92613132584664,4.05919482206524));
#1519=CARTESIAN_POINT('Ctrl Pts',(1.90110774746299,5.87516385973129,4.0789564008601));
#1520=CARTESIAN_POINT('Ctrl Pts',(1.85821284499359,5.82633487857942,4.09870326312889));
#1521=CARTESIAN_POINT('Ctrl Pts',(1.81410136763671,5.77981505996052,4.11813504246019));
#1522=CARTESIAN_POINT('Ctrl Pts',(1.77529442334785,5.73888938443019,4.13523009397802));
#1523=CARTESIAN_POINT('Ctrl Pts',(1.735689921792,5.6998333012721,4.1520367832668));
#1524=CARTESIAN_POINT('Ctrl Pts',(1.69395930867765,5.66138588590636,4.16899290723123));
#1525=CARTESIAN_POINT('Ctrl Pts',(1.55647614193684,5.53471934489491,4.22485553287474));
#1526=CARTESIAN_POINT('Ctrl Pts',(1.39899161595882,5.41872591878182,4.28073642717921));
#1527=CARTESIAN_POINT('Ctrl Pts',(1.22720458854999,5.32193459743701,4.32943055122055));
#1528=CARTESIAN_POINT('Ctrl Pts',(1.05844322195117,5.22684804805409,4.3772670324875));
#1529=CARTESIAN_POINT('Ctrl Pts',(0.876070457715885,5.15031303430991,4.41802752509411));
#1530=CARTESIAN_POINT('Ctrl Pts',(0.687348801244538,5.09634619268338,4.44719592838315));
#1531=CARTESIAN_POINT('Ctrl Pts',(0.513374596272261,5.04659653203293,4.47408499807131));
#1532=CARTESIAN_POINT('Ctrl Pts',(0.334145997420536,5.0161309329334,4.49104881385082));
#1533=CARTESIAN_POINT('Ctrl Pts',(0.157695681139775,5.0049785427476,4.49723604807996));
#1534=CARTESIAN_POINT('Ctrl Pts',(0.104814834764606,5.00163625442213,4.49909031612354));
#1535=CARTESIAN_POINT('Ctrl Pts',(0.0521852376230615,5.,4.5));
#1536=CARTESIAN_POINT('Ctrl Pts',(-4.85722573273506E-16,5.,4.5));
#1537=CARTESIAN_POINT('',(0.,10.,3.5));
#1538=CARTESIAN_POINT('',(0.,10.,0.));
#1539=CARTESIAN_POINT('Ctrl Pts',(3.46944695195361E-16,5.,3.5));
#1540=CARTESIAN_POINT('Ctrl Pts',(0.177880443516185,5.,3.5));
#1541=CARTESIAN_POINT('Ctrl Pts',(0.360022849723186,5.01932863141527,3.48610881861866));
#1542=CARTESIAN_POINT('Ctrl Pts',(0.538349943418903,5.05865214718982,3.45834922158258));
#1543=CARTESIAN_POINT('Ctrl Pts',(0.726902873125395,5.10023059694745,3.42899780200775));
#1544=CARTESIAN_POINT('Ctrl Pts',(0.910721527365251,5.16400920965533,3.38425340936081));
#1545=CARTESIAN_POINT('Ctrl Pts',(1.08238547075475,5.2464601861296,3.32842931315944));
#1546=CARTESIAN_POINT('Ctrl Pts',(1.26109916172308,5.33229718858169,3.27031268085955));
#1547=CARTESIAN_POINT('Ctrl Pts',(1.42678340653253,5.43848622897049,3.20018696251028));
#1548=CARTESIAN_POINT('Ctrl Pts',(1.57331121009894,5.55714338249653,3.12645035722255));
#1549=CARTESIAN_POINT('Ctrl Pts',(1.62861647712774,5.60192918697125,3.09861930710115));
#1550=CARTESIAN_POINT('Ctrl Pts',(1.68122498448486,5.64845113837714,3.07030235382033));
#1551=CARTESIAN_POINT('Ctrl Pts',(1.73095637528488,5.6961735042248,3.04200427791623));
#1552=CARTESIAN_POINT('Ctrl Pts',(1.7651067715327,5.72894430908997,3.02257207444012));
#1553=CARTESIAN_POINT('Ctrl Pts',(1.7978763237218,5.76221626141931,3.00317812211077));
#1554=CARTESIAN_POINT('Ctrl Pts',(1.83020081464961,5.79695420553177,2.98334794786929));
#1555=CARTESIAN_POINT('Ctrl Pts',(1.95989963334938,5.93633676612671,2.90378133754046));
#1556=CARTESIAN_POINT('Ctrl Pts',(2.07789310417279,6.09562372719784,2.81924156253009));
#1557=CARTESIAN_POINT('Ctrl Pts',(2.17622286272675,6.26953096270349,2.74117749365951));
#1558=CARTESIAN_POINT('Ctrl Pts',(2.28172436018154,6.45612222494075,2.6574197759108));
#1559=CARTESIAN_POINT('Ctrl Pts',(2.36468899654781,6.6594905621661,2.58148669690481));
#1560=CARTESIAN_POINT('Ctrl Pts',(2.41984286809044,6.87201871544462,2.52870727719755));
#1561=CARTESIAN_POINT('Ctrl Pts',(2.46028126453631,7.02784273065523,2.4900098106624));
#1562=CARTESIAN_POINT('Ctrl Pts',(2.48572588301136,7.18846823590539,2.46401273233128));
#1563=CARTESIAN_POINT('Ctrl Pts',(2.49543947731648,7.34906353969157,2.45413565538876));
#1564=CARTESIAN_POINT('Ctrl Pts',(2.50263540400172,7.46803412830558,2.44681861914964));
#1565=CARTESIAN_POINT('Ctrl Pts',(2.50134190615028,7.58677289642712,2.44815933608623));
#1566=CARTESIAN_POINT('Ctrl Pts',(2.49152285380538,7.70570335185767,2.45811185037733));
#1567=CARTESIAN_POINT('Ctrl Pts',(2.47769864024719,7.87314517380701,2.4721239645986));
#1568=CARTESIAN_POINT('Ctrl Pts',(2.44673412784238,8.03998192176754,2.50352912542032));
#1569=CARTESIAN_POINT('Ctrl Pts',(2.39974982758895,8.20085716446847,2.54778350041498));
#1570=CARTESIAN_POINT('Ctrl Pts',(2.33478950904219,8.42328267587913,2.60896943446602));
#1571=CARTESIAN_POINT('Ctrl Pts',(2.23919951960481,8.63433500636735,2.69416070781672));
#1572=CARTESIAN_POINT('Ctrl Pts',(2.11979705169702,8.8253152302817,2.78504227250084));
#1573=CARTESIAN_POINT('Ctrl Pts',(2.06449883682312,8.91376286158891,2.82713175674717));
#1574=CARTESIAN_POINT('Ctrl Pts',(2.00416160946821,8.99790272043075,2.87041730132948));
#1575=CARTESIAN_POINT('Ctrl Pts',(1.9399078843588,9.07694559202356,2.91320397504235));
#1576=CARTESIAN_POINT('Ctrl Pts',(1.90161699122702,9.12404982051516,2.9387019511957));
#1577=CARTESIAN_POINT('Ctrl Pts',(1.86194170916896,9.1693455651371,2.96402637396105));
#1578=CARTESIAN_POINT('Ctrl Pts',(1.82117206157491,9.21269738195018,2.98886806703458));
#1579=CARTESIAN_POINT('Ctrl Pts',(1.78196282083522,9.25438996263794,3.01275897562912));
#1580=CARTESIAN_POINT('Ctrl Pts',(1.74198400327269,9.29410405014628,3.03608734273744));
#1581=CARTESIAN_POINT('Ctrl Pts',(1.69974652236683,9.33326532714222,3.05955254239928));
#1582=CARTESIAN_POINT('Ctrl Pts',(1.56572587759977,9.45752509548861,3.1340082419538));
#1583=CARTESIAN_POINT('Ctrl Pts',(1.41167588692635,9.57247584452188,3.20778698524552));
#1584=CARTESIAN_POINT('Ctrl Pts',(1.24255620763789,9.6693441568503,3.27201070763232));
#1585=CARTESIAN_POINT('Ctrl Pts',(1.07774642862485,9.76374384596621,3.33459773203123));
#1586=CARTESIAN_POINT('Ctrl Pts',(0.898832446586388,9.84092626104905,3.3879737284903));
#1587=CARTESIAN_POINT('Ctrl Pts',(0.712383139636339,9.89635353451069,3.42673463553306));
#1588=CARTESIAN_POINT('Ctrl Pts',(0.541974086678837,9.94701239365649,3.46216093756109));
#1589=CARTESIAN_POINT('Ctrl Pts',(0.365372812130608,9.9793916614887,3.48529701002787));
#1590=CARTESIAN_POINT('Ctrl Pts',(0.190153951531073,9.99275780506593,3.49483067897675));
#1591=CARTESIAN_POINT('Ctrl Pts',(0.126470681635939,9.99761572804279,3.49829568959653));
#1592=CARTESIAN_POINT('Ctrl Pts',(0.062977989138287,10.,3.5));
#1593=CARTESIAN_POINT('Ctrl Pts',(-3.46944695195361E-16,10.,3.5));
#1594=CARTESIAN_POINT('Origin',(0.,0.,0.));
#1595=CARTESIAN_POINT('',(0.,0.,4.5));
#1596=CARTESIAN_POINT('',(0.,0.,4.5));
#1597=CARTESIAN_POINT('',(1.53794084287316,8.20400457432428E-9,-4.22903511026127));
#1598=CARTESIAN_POINT('Origin',(0.,0.,0.));
#1599=CARTESIAN_POINT('',(1.53794084287317,14.999999991796,-4.22903511026127));
#1600=CARTESIAN_POINT('Ctrl Pts',(1.53794022290916,14.9999993064848,-4.22903424484194));
#1601=CARTESIAN_POINT('Ctrl Pts',(1.60074802335549,14.9401553340631,-4.20619291789969));
#1602=CARTESIAN_POINT('Ctrl Pts',(1.66244802856856,14.8769870522422,-4.18217178907631));
#1603=CARTESIAN_POINT('Ctrl Pts',(1.72297013352374,14.8107130005359,-4.15708784865697));
#1604=CARTESIAN_POINT('Ctrl Pts',(1.85053139147917,14.6710284768116,-4.10421891759882));
#1605=CARTESIAN_POINT('Ctrl Pts',(1.97286006282025,14.5175472110298,-4.04662866985559));
#1606=CARTESIAN_POINT('Ctrl Pts',(2.0896148868266,14.3521110815047,-3.98541279835646));
#1607=CARTESIAN_POINT('Ctrl Pts',(2.20637285238894,14.1866705005417,-3.92419527970408));
#1608=CARTESIAN_POINT('Ctrl Pts',(2.31755667371984,14.0092743895514,-3.85935193175936));
#1609=CARTESIAN_POINT('Ctrl Pts',(2.42303812746116,13.8214118221138,-3.7919502521659));
#1610=CARTESIAN_POINT('Ctrl Pts',(2.52852065385248,13.6335473442855,-3.72454788715894));
#1611=CARTESIAN_POINT('Ctrl Pts',(2.6283006976002,13.4352161813108,-3.65458712855125));
#1612=CARTESIAN_POINT('Ctrl Pts',(2.7223886154164,13.2274158709628,-3.58309993184183));
#1613=CARTESIAN_POINT('Ctrl Pts',(2.81647591507222,13.0196169258689,-3.51161320480539));
#1614=CARTESIAN_POINT('Ctrl Pts',(2.90487116419659,12.8023489515428,-3.43860004901883));
#1615=CARTESIAN_POINT('Ctrl Pts',(2.98760760141307,12.5760811362449,-3.36514532185863));
#1616=CARTESIAN_POINT('Ctrl Pts',(3.07034211020078,12.3498185948187,-3.29169230678821));
#1617=CARTESIAN_POINT('Ctrl Pts',(3.14741807374654,12.1145566340756,-3.21779772566115));
#1618=CARTESIAN_POINT('Ctrl Pts',(3.21878764767429,11.8703157026182,-3.14474566270833));
#1619=CARTESIAN_POINT('Ctrl Pts',(3.29015436373946,11.6260845513371,-3.07169652499024));
#1620=CARTESIAN_POINT('Ctrl Pts',(3.3558151546146,11.3728751590719,-2.99948981144423));
#1621=CARTESIAN_POINT('Ctrl Pts',(3.4155578414803,11.1102408441792,-2.92984220473678));
#1622=CARTESIAN_POINT('Ctrl Pts',(3.47529713656043,10.8476214398861,-2.86019855214923));
#1623=CARTESIAN_POINT('Ctrl Pts',(3.52911901424295,10.5755781971168,-2.79311367068851));
#1624=CARTESIAN_POINT('Ctrl Pts',(3.5765586059346,10.2933447633251,-2.73098223339109));
#1625=CARTESIAN_POINT('Ctrl Pts',(3.6239947109875,10.0111320726722,-2.66885536253006));
#1626=CARTESIAN_POINT('Ctrl Pts',(3.66504949824901,9.71873067726225,-2.61168112783614));
#1627=CARTESIAN_POINT('Ctrl Pts',(3.69880338146382,9.4158078297975,-2.56297836730309));
#1628=CARTESIAN_POINT('Ctrl Pts',(3.72927401277403,9.14235039256584,-2.51901294114611));
#1629=CARTESIAN_POINT('Ctrl Pts',(3.75379499298395,8.86031869246585,-2.48195107601226));
#1630=CARTESIAN_POINT('Ctrl Pts',(3.77144208686718,8.57184311880558,-2.45483240218664));
#1631=CARTESIAN_POINT('Ctrl Pts',(3.77334184241413,8.54078797313419,-2.4519130064285));
#1632=CARTESIAN_POINT('Ctrl Pts',(3.77516193557805,8.50965849787386,-2.449108844302));
#1633=CARTESIAN_POINT('Ctrl Pts',(3.77690121723388,8.47845735295087,-2.44642370231519));
#1634=CARTESIAN_POINT('Ctrl Pts',(3.78584905899142,8.31794113840378,-2.43260982374413));
#1635=CARTESIAN_POINT('Ctrl Pts',(3.79265809949884,8.15552810374619,-2.4219459978583));
#1636=CARTESIAN_POINT('Ctrl Pts',(3.79721383956324,7.99213943038764,-2.41478330075832));
#1637=CARTESIAN_POINT('Ctrl Pts',(3.80176982239538,7.82874205032057,-2.40762022197021));
#1638=CARTESIAN_POINT('Ctrl Pts',(3.80407226669167,7.6643689255221,-2.4039586394653));
#1639=CARTESIAN_POINT('Ctrl Pts',(3.80407158598338,7.49999996676843,-2.40395963042599));
#1640=CARTESIAN_POINT('Ctrl Pts',(3.80407090524238,7.33562311354089,-2.40396062143427));
#1641=CARTESIAN_POINT('Ctrl Pts',(3.80176688095763,7.17125042305767,-2.40762452998367));
#1642=CARTESIAN_POINT('Ctrl Pts',(3.79720964429013,7.00786146530934,-2.4147894980402));
#1643=CARTESIAN_POINT('Ctrl Pts',(3.79265221271919,6.84446551975838,-2.42195477252737));
#1644=CARTESIAN_POINT('Ctrl Pts',(3.78584137774213,6.68205338631974,-2.43262140247012));
#1645=CARTESIAN_POINT('Ctrl Pts',(3.77689204239002,6.5215462495294,-2.44643759158427));
#1646=CARTESIAN_POINT('Ctrl Pts',(3.75899241184244,6.2005147610714,-2.47407145164077));
#1647=CARTESIAN_POINT('Ctrl Pts',(3.73253793382002,5.88710401286999,-2.51430473025188));
#1648=CARTESIAN_POINT('Ctrl Pts',(3.69878459459459,5.58420628695089,-2.56300575770911));
#1649=CARTESIAN_POINT('Ctrl Pts',(3.66502943429421,5.28129221896097,-2.61170941270551));
#1650=CARTESIAN_POINT('Ctrl Pts',(3.62397461785834,4.98889220820067,-2.66888179310978));
#1651=CARTESIAN_POINT('Ctrl Pts',(3.57653755832615,4.70667541636097,-2.7310087527922));
#1652=CARTESIAN_POINT('Ctrl Pts',(3.52909893876893,4.424449343481,-2.79313775559478));
#1653=CARTESIAN_POINT('Ctrl Pts',(3.47527764832622,4.15240716177965,-2.86022172647123));
#1654=CARTESIAN_POINT('Ctrl Pts',(3.41553849578341,3.88978146987431,-2.9298645142539));
#1655=CARTESIAN_POINT('Ctrl Pts',(3.35579863738829,3.62715267489599,-2.999508124906));
#1656=CARTESIAN_POINT('Ctrl Pts',(3.29014077387505,3.37394060075065,-3.07171065547818));
#1657=CARTESIAN_POINT('Ctrl Pts',(3.21877508876813,3.12970057601429,-3.14475814858184));
#1658=CARTESIAN_POINT('Ctrl Pts',(3.1474100642478,2.88546281205193,-3.21780496553148));
#1659=CARTESIAN_POINT('Ctrl Pts',(3.07033731826556,2.65019692814179,-3.29169676229506));
#1660=CARTESIAN_POINT('Ctrl Pts',(2.98760322870367,2.42392500118892,-3.36514931146561));
#1661=CARTESIAN_POINT('Ctrl Pts',(2.90487164817606,2.19765993626869,-3.43859963307838));
#1662=CARTESIAN_POINT('Ctrl Pts',(2.81647905375959,1.98038826828298,-3.51161076257973));
#1663=CARTESIAN_POINT('Ctrl Pts',(2.72238985019395,1.7725822452326,-3.58309893315843));
#1664=CARTESIAN_POINT('Ctrl Pts',(2.67275680328707,1.66296237707846,-3.62080969687155));
#1665=CARTESIAN_POINT('Ctrl Pts',(2.62153856573556,1.5559765128887,-3.658096658876));
#1666=CARTESIAN_POINT('Ctrl Pts',(2.56873332570836,1.45177158712459,-3.69480826309169));
#1667=CARTESIAN_POINT('Ctrl Pts',(2.52144019623659,1.35844416273984,-3.72768770176851));
#1668=CARTESIAN_POINT('Ctrl Pts',(2.47287541548854,1.26734799679195,-3.76010470576945));
#1669=CARTESIAN_POINT('Ctrl Pts',(2.42303797369807,1.17858842851672,-3.79195038433475));
#1670=CARTESIAN_POINT('Ctrl Pts',(2.31755489643027,0.990725005711097,-3.85935312516707));
#1671=CARTESIAN_POINT('Ctrl Pts',(2.20637061751318,0.813328948676739,-3.92419647444004));
#1672=CARTESIAN_POINT('Ctrl Pts',(2.08961420087293,0.647890256899287,-3.98541313883805));
#1673=CARTESIAN_POINT('Ctrl Pts',(1.97285748184672,0.482451136654267,-4.04662996178033));
#1674=CARTESIAN_POINT('Ctrl Pts',(1.85052858889763,0.328969442047756,-4.10422008535272));
#1675=CARTESIAN_POINT('Ctrl Pts',(1.72296999944593,0.189287302944014,-4.15708791479455));
#1676=CARTESIAN_POINT('Ctrl Pts',(1.66244730494374,0.123012350636003,-4.18217210163023));
#1677=CARTESIAN_POINT('Ctrl Pts',(1.60074729307643,0.0598439796547115,-4.20619319617749));
#1678=CARTESIAN_POINT('Ctrl Pts',(1.5379402231224,6.9996778859216E-7,-4.2290342532707));
#1679=CARTESIAN_POINT('',(0.,15.,4.5));
#1680=CARTESIAN_POINT('Origin',(0.,15.,0.));
#1681=CARTESIAN_POINT('',(0.,0.,4.5));
#1682=CARTESIAN_POINT('Origin',(0.,0.,0.));
#1683=CARTESIAN_POINT('',(0.,3.5,3.5));
#1684=CARTESIAN_POINT('',(0.,7.5,3.5));
#1685=CARTESIAN_POINT('',(0.,1.85082789090774,2.75869895894895));
#1686=CARTESIAN_POINT('Origin',(0.,0.57596169655731,7.8));
#1687=CARTESIAN_POINT('',(0.,3.19569364243886,3.52239764043586));
#1688=CARTESIAN_POINT('',(0.,0.541379224823333,2.01511230829259));
#1689=CARTESIAN_POINT('',(0.,0.0118802035285626,2.73893908032048));
#1690=CARTESIAN_POINT('Origin',(0.,1.75,2.53648867633721));
#1691=CARTESIAN_POINT('',(0.,1.7699727380861,2.73893908032048));
#1692=CARTESIAN_POINT('',(0.,0.00594010176428128,2.73893908032048));
#1693=CARTESIAN_POINT('',(0.,0.575961696557309,2.6));
#1694=CARTESIAN_POINT('Origin',(0.,0.57596169655731,7.8));
#1695=CARTESIAN_POINT('',(0.,0.,2.6));
#1696=CARTESIAN_POINT('',(0.,0.,2.6));
#1697=CARTESIAN_POINT('',(0.,0.,0.));
#1698=CARTESIAN_POINT('Origin',(0.,0.,0.));
#1699=CARTESIAN_POINT('',(0.,15.,2.6));
#1700=CARTESIAN_POINT('',(0.,15.,0.));
#1701=CARTESIAN_POINT('',(0.,14.4240383034427,2.6));
#1702=CARTESIAN_POINT('',(0.,0.,2.6));
#1703=CARTESIAN_POINT('',(0.,13.2300272619139,2.73893908032048));
#1704=CARTESIAN_POINT('Origin',(0.,14.4240383034427,7.8));
#1705=CARTESIAN_POINT('',(0.,14.9881197964714,2.73893908032048));
#1706=CARTESIAN_POINT('',(0.,6.59198452901389,2.73893908032048));
#1707=CARTESIAN_POINT('',(0.,11.8043063575611,3.52239764043586));
#1708=CARTESIAN_POINT('Origin',(0.,13.25,2.53648867633721));
#1709=CARTESIAN_POINT('',(0.,13.1491721090923,2.75869895894895));
#1710=CARTESIAN_POINT('',(0.,8.09757338955006,5.62731188713394));
#1711=CARTESIAN_POINT('',(0.,11.5,3.5));
#1712=CARTESIAN_POINT('Origin',(0.,14.4240383034427,7.8));
#1713=CARTESIAN_POINT('',(0.,7.5,3.5));
#1714=CARTESIAN_POINT('Ctrl Pts',(-5.32331838044281E-14,-0.7,-4.5));
#1715=CARTESIAN_POINT('Ctrl Pts',(0.152537385028172,-0.700000000000005,
-4.5));
#1716=CARTESIAN_POINT('Ctrl Pts',(0.457578054258794,-0.660283236649574,
-4.48440929701174));
#1717=CARTESIAN_POINT('Ctrl Pts',(0.904039917222472,-0.484740326536714,
-4.4157799196217));
#1718=CARTESIAN_POINT('Ctrl Pts',(1.32983443716054,-0.202159953978563,-4.30624691662214));
#1719=CARTESIAN_POINT('Ctrl Pts',(1.72819970691723,0.175487727764328,-4.1618102441448));
#1720=CARTESIAN_POINT('Ctrl Pts',(2.09518757333474,0.635930919646336,-3.98903924679278));
#1721=CARTESIAN_POINT('Ctrl Pts',(2.42874136227354,1.16811819335784,-3.7945083732967));
#1722=CARTESIAN_POINT('Ctrl Pts',(2.72808512133194,1.76310931909711,-3.58462298328317));
#1723=CARTESIAN_POINT('Ctrl Pts',(2.99327522020454,2.41491034336177,-3.3655796415386));
#1724=CARTESIAN_POINT('Ctrl Pts',(3.22450940711795,3.12069213982457,-3.14388681168238));
#1725=CARTESIAN_POINT('Ctrl Pts',(3.42149755463403,3.88031835149452,-2.9272583635897));
#1726=CARTESIAN_POINT('Ctrl Pts',(3.58297154452161,4.69644541067368,-2.72598679303427));
#1727=CARTESIAN_POINT('Ctrl Pts',(3.70614064334362,5.5736583206572,-2.55445534879566));
#1728=CARTESIAN_POINT('Ctrl Pts',(3.7722765640515,6.35720501015756,-2.45386727061575));
#1729=CARTESIAN_POINT('Ctrl Pts',(3.79951859407058,7.00686957875344,-2.41120060129953));
#1730=CARTESIAN_POINT('Ctrl Pts',(3.80642879039147,7.49999991803374,-2.40021129209998));
#1731=CARTESIAN_POINT('Ctrl Pts',(3.79951847622596,7.99313054971923,-2.41120130563052));
#1732=CARTESIAN_POINT('Ctrl Pts',(3.77227623742705,8.64279442967808,-2.45386804588778));
#1733=CARTESIAN_POINT('Ctrl Pts',(3.70614147097546,9.42634304942334,-2.55445316688152));
#1734=CARTESIAN_POINT('Ctrl Pts',(3.58297013365271,10.3035522469608,-2.72599056166238));
#1735=CARTESIAN_POINT('Ctrl Pts',(3.42149777585268,11.1196819640869,-2.92725776976804));
#1736=CARTESIAN_POINT('Ctrl Pts',(3.22450901485952,11.879307484642,-3.14388795553769));
#1737=CARTESIAN_POINT('Ctrl Pts',(2.99327542354212,12.585089847274,-3.36557904658793));
#1738=CARTESIAN_POINT('Ctrl Pts',(2.72808501459184,13.2368905813136,-3.58462329583714));
#1739=CARTESIAN_POINT('Ctrl Pts',(2.42874141868269,13.8318818592131,-3.79450820809141));
#1740=CARTESIAN_POINT('Ctrl Pts',(2.09518754328347,14.3640690523521,-3.98903933480646));
#1741=CARTESIAN_POINT('Ctrl Pts',(1.72819972285287,14.8245122870834,-4.16181019747245));
#1742=CARTESIAN_POINT('Ctrl Pts',(1.32983442868328,15.20215994608,-4.30624694145057));
#1743=CARTESIAN_POINT('Ctrl Pts',(0.904039921782205,15.484740330785,-4.41577990626719));
#1744=CARTESIAN_POINT('Ctrl Pts',(0.457578051746362,15.6602832343086,-4.48440930437031));
#1745=CARTESIAN_POINT('Ctrl Pts',(0.152537385028213,15.7,-4.5));
#1746=CARTESIAN_POINT('Ctrl Pts',(-4.27234841845872E-15,15.7,-4.5));
#1747=CARTESIAN_POINT('Ctrl Pts',(-4.77295595552205E-14,-0.311040909555549,
-4.5));
#1748=CARTESIAN_POINT('Ctrl Pts',(0.136939679503377,-0.311040909555553,
-4.5));
#1749=CARTESIAN_POINT('Ctrl Pts',(0.410805280090725,-0.275274478721588,
-4.48764362586009));
#1750=CARTESIAN_POINT('Ctrl Pts',(0.816531464922266,-0.116472033908697,
-4.43239369658303));
#1751=CARTESIAN_POINT('Ctrl Pts',(1.21167293787615,0.141227366193472,-4.34174031178801));
#1752=CARTESIAN_POINT('Ctrl Pts',(1.59073360189369,0.488936490871465,-4.21820804070763));
#1753=CARTESIAN_POINT('Ctrl Pts',(1.94890811105303,0.916987908428404,-4.06546110316663));
#1754=CARTESIAN_POINT('Ctrl Pts',(2.28216467994485,1.4161245107056,-3.88814439384961));
#1755=CARTESIAN_POINT('Ctrl Pts',(2.58743678590772,1.97844587322853,-3.69165664018041));
#1756=CARTESIAN_POINT('Ctrl Pts',(2.86261965196287,2.59840494102167,-3.48190390880925));
#1757=CARTESIAN_POINT('Ctrl Pts',(3.10605379885029,3.27322256462959,-3.26558820360531));
#1758=CARTESIAN_POINT('Ctrl Pts',(3.31588830734501,4.00256946070074,-3.05094631994791));
#1759=CARTESIAN_POINT('Ctrl Pts',(3.48950816161736,4.78873787559508,-2.84906922848831));
#1760=CARTESIAN_POINT('Ctrl Pts',(3.6228906115711,5.63582914322735,-2.67540198313609));
#1761=CARTESIAN_POINT('Ctrl Pts',(3.69486534810675,6.39374712216821,-2.57289624372349));
#1762=CARTESIAN_POINT('Ctrl Pts',(3.72455508282066,7.022579736143,-2.52933008338442));
#1763=CARTESIAN_POINT('Ctrl Pts',(3.73209278463052,7.49999991959036,-2.51809755786007));
#1764=CARTESIAN_POINT('Ctrl Pts',(3.72455492276311,7.97742039018512,-2.52933084731187));
#1765=CARTESIAN_POINT('Ctrl Pts',(3.69486497641654,8.60625232791421,-2.57289704237695));
#1766=CARTESIAN_POINT('Ctrl Pts',(3.62289156709226,9.36417220063777,-2.67539971608986));
#1767=CARTESIAN_POINT('Ctrl Pts',(3.48950653026719,10.2112598273607,-2.84907314771211));
#1768=CARTESIAN_POINT('Ctrl Pts',(3.31588856105411,10.9974308495207,-3.05094570621681));
#1769=CARTESIAN_POINT('Ctrl Pts',(3.10605336815031,11.7267770620719,-3.26558937508406));
#1770=CARTESIAN_POINT('Ctrl Pts',(2.86261987437105,12.4015952485557,-3.48190329954598));
#1771=CARTESIAN_POINT('Ctrl Pts',(2.58743666926662,13.0215540277268,-3.69165696024953));
#1772=CARTESIAN_POINT('Ctrl Pts',(2.28216474157289,13.5838755415789,-3.88814422467252));
#1773=CARTESIAN_POINT('Ctrl Pts',(1.94890807822262,14.0830120637225,-4.06546119329626));
#1774=CARTESIAN_POINT('Ctrl Pts',(1.59073361930286,14.5110635238954,-4.21820799291323));
#1775=CARTESIAN_POINT('Ctrl Pts',(1.21167292861504,14.858772625951,-4.34174033721334));
#1776=CARTESIAN_POINT('Ctrl Pts',(0.816531469903602,15.1164720381339,-4.43239368290746));
#1777=CARTESIAN_POINT('Ctrl Pts',(0.410805277345976,15.2752744763934,-4.48764363339558));
#1778=CARTESIAN_POINT('Ctrl Pts',(0.136939679503414,15.3110409095556,-4.5));
#1779=CARTESIAN_POINT('Ctrl Pts',(-3.86433395586563E-15,15.3110409095556,
-4.5));
#1780=CARTESIAN_POINT('Ctrl Pts',(-3.77653849141076E-14,0.466861265352501,
-4.5876232665962));
#1781=CARTESIAN_POINT('Ctrl Pts',(0.108719560759177,0.466861265352498,-4.5876232665962));
#1782=CARTESIAN_POINT('Ctrl Pts',(0.326166906005233,0.494727534133264,-4.58050383225531));
#1783=CARTESIAN_POINT('Ctrl Pts',(0.658307433602543,0.620051066571121,-4.54677721812921));
#1784=CARTESIAN_POINT('Ctrl Pts',(0.998236205820332,0.827991214694041,-4.48608387440598));
#1785=CARTESIAN_POINT('Ctrl Pts',(1.34265334809276,1.1158259914165,-4.39502396705757));
#1786=CARTESIAN_POINT('Ctrl Pts',(1.68505146956556,1.47909629545693,-4.2724176142388));
#1787=CARTESIAN_POINT('Ctrl Pts',(2.01770966083582,1.91213347801964,-4.11981696640314));
#1788=CARTESIAN_POINT('Ctrl Pts',(2.33336139962029,2.40911671640636,-3.94114208898662));
#1789=CARTESIAN_POINT('Ctrl Pts',(2.62600097976121,2.96539282152645,-3.74204013138703));
#1790=CARTESIAN_POINT('Ctrl Pts',(2.89066501692444,3.57828270337587,-3.52976342224097));
#1791=CARTESIAN_POINT('Ctrl Pts',(3.12276795890447,4.24707132459005,-3.31365172779437));
#1792=CARTESIAN_POINT('Ctrl Pts',(3.31736908477286,4.97332264462104,-3.1063825652126));
#1793=CARTESIAN_POINT('Ctrl Pts',(3.46834369910196,5.76017072312995,-2.92548029144386));
#1794=CARTESIAN_POINT('Ctrl Pts',(3.55035433556755,6.46683131720439,-2.81765451143274));
#1795=CARTESIAN_POINT('Ctrl Pts',(3.58424848216849,7.05400004000132,-2.77169297270569));
#1796=CARTESIAN_POINT('Ctrl Pts',(3.59286366476276,7.49999992269515,-2.75982482007137));
#1797=CARTESIAN_POINT('Ctrl Pts',(3.58424825197861,7.94600008204951,-2.77169384916089));
#1798=CARTESIAN_POINT('Ctrl Pts',(3.55035388486379,8.53316815335106,-2.81765536565886));
#1799=CARTESIAN_POINT('Ctrl Pts',(3.46834487636762,9.23983056837129,-2.92547783629171));
#1800=CARTESIAN_POINT('Ctrl Pts',(3.31736707214799,10.026675148831,-3.10638681557737));
#1801=CARTESIAN_POINT('Ctrl Pts',(3.12276826614862,10.7529289751597,-3.31365106514423));
#1802=CARTESIAN_POINT('Ctrl Pts',(2.89066452056925,11.4217169276293,-3.52976466187037));
#1803=CARTESIAN_POINT('Ctrl Pts',(2.62600123504017,12.0346073659896,-3.74203948732974));
#1804=CARTESIAN_POINT('Ctrl Pts',(2.3333612658721,12.5908831856131,-3.94114242725445));
#1805=CARTESIAN_POINT('Ctrl Pts',(2.01770973148627,13.0878665737046,-4.11981678761666));
#1806=CARTESIAN_POINT('Ctrl Pts',(1.68505143193011,13.5209036769922,-4.27241770948704));
#1807=CARTESIAN_POINT('Ctrl Pts',(1.34265336804967,13.8841740231923,-4.395023916549));
#1808=CARTESIAN_POINT('Ctrl Pts',(0.998236195203918,14.1720087775346,-4.48608390127516));
#1809=CARTESIAN_POINT('Ctrl Pts',(0.658307439312842,14.3799489376088,-4.54677720367705));
#1810=CARTESIAN_POINT('Ctrl Pts',(0.3261669028588,14.5052724635635,-4.5805038402187));
#1811=CARTESIAN_POINT('Ctrl Pts',(0.108719560759206,14.5331387346475,-4.5876232665962));
#1812=CARTESIAN_POINT('Ctrl Pts',(-3.13001055678422E-15,14.5331387346475,
-4.5876232665962));
#1813=CARTESIAN_POINT('Ctrl Pts',(-2.66983270372839E-14,1.57522336012529,
-4.97546104584702));
#1814=CARTESIAN_POINT('Ctrl Pts',(0.0774221916087238,1.57522336012529,-4.97546104584702));
#1815=CARTESIAN_POINT('Ctrl Pts',(0.232310994343093,1.59245324389406,-4.97216866672683));
#1816=CARTESIAN_POINT('Ctrl Pts',(0.48269272108428,1.67257889237279,-4.95376530630014));
#1817=CARTESIAN_POINT('Ctrl Pts',(0.760915449589085,1.81298056829317,-4.91318577244593));
#1818=CARTESIAN_POINT('Ctrl Pts',(1.06594659146464,2.01894257260446,-4.84177372705094));
#1819=CARTESIAN_POINT('Ctrl Pts',(1.38929741807906,2.29283197361457,-4.73428893926141));
#1820=CARTESIAN_POINT('Ctrl Pts',(1.71914951368386,2.63375188376319,-4.58998386917724));
#1821=CARTESIAN_POINT('Ctrl Pts',(2.04366330050048,3.03871004232134,-4.41202704406139));
#1822=CARTESIAN_POINT('Ctrl Pts',(2.35265196628281,3.504324764912,-4.20642947546863));
#1823=CARTESIAN_POINT('Ctrl Pts',(2.63767042895988,4.0281211487886,-3.98153961414));
#1824=CARTESIAN_POINT('Ctrl Pts',(2.8913039149779,4.60891870301969,-3.74833477399911));
#1825=CARTESIAN_POINT('Ctrl Pts',(3.10625384528853,5.24732802750923,-3.52169623553144));
#1826=CARTESIAN_POINT('Ctrl Pts',(3.27430526515029,5.94518598312012,-3.32203202066795));
#1827=CARTESIAN_POINT('Ctrl Pts',(3.36605792056588,6.57569861986261,-3.20229414161475));
#1828=CARTESIAN_POINT('Ctrl Pts',(3.40403292285546,7.10082505496218,-3.15116359768139));
#1829=CARTESIAN_POINT('Ctrl Pts',(3.413693906318,7.49999992755887,-3.13794837383259));
#1830=CARTESIAN_POINT('Ctrl Pts',(3.40403262536222,7.8991750603441,-3.15116462209393));
#1831=CARTESIAN_POINT('Ctrl Pts',(3.36605738990981,8.42430088336913,-3.20229510051415));
#1832=CARTESIAN_POINT('Ctrl Pts',(3.27430666535159,9.05481522513318,-3.32202924418686));
#1833=CARTESIAN_POINT('Ctrl Pts',(3.10625144922773,9.75266990972154,-3.52170104567407));
#1834=CARTESIAN_POINT('Ctrl Pts',(2.89130427891498,10.3910815791732,-3.74833402914886));
#1835=CARTESIAN_POINT('Ctrl Pts',(2.63766985884105,10.9718784938005,-3.98154098745083));
#1836=CARTESIAN_POINT('Ctrl Pts',(2.3526522584812,11.495675416858,-4.20642876228723));
#1837=CARTESIAN_POINT('Ctrl Pts',(2.04366314754192,11.9612898626862,-4.41202741859605));
#1838=CARTESIAN_POINT('Ctrl Pts',(1.71914959446553,12.3662481663854,-4.5899836712271));
#1839=CARTESIAN_POINT('Ctrl Pts',(1.38929737504812,12.7071679996738,-4.73428904471864));
#1840=CARTESIAN_POINT('Ctrl Pts',(1.06594661428237,12.9810574415594,-4.84177367112878));
#1841=CARTESIAN_POINT('Ctrl Pts',(0.760915437450825,13.1870194241721,-4.913185802195));
#1842=CARTESIAN_POINT('Ctrl Pts',(0.482692727613125,13.3274211116799,-4.95376529029896));
#1843=CARTESIAN_POINT('Ctrl Pts',(0.232310990745614,13.4075467538728,-4.97216867554379));
#1844=CARTESIAN_POINT('Ctrl Pts',(0.0774221916087442,13.4247766398747,-4.97546104584702));
#1845=CARTESIAN_POINT('Ctrl Pts',(-2.3289194258662E-15,13.4247766398747,
-4.97546104584702));
#1846=CARTESIAN_POINT('Ctrl Pts',(-2.00653345613112E-14,2.56947689078551,
-5.60019962076858));
#1847=CARTESIAN_POINT('Ctrl Pts',(0.0587319661739672,2.56947689078551,-5.60019962076858));
#1848=CARTESIAN_POINT('Ctrl Pts',(0.176256908777054,2.57840749427186,-5.59671570788165));
#1849=CARTESIAN_POINT('Ctrl Pts',(0.37719023474996,2.62301233491743,-5.57682073952868));
#1850=CARTESIAN_POINT('Ctrl Pts',(0.616922627352577,2.70959138961558,-5.53203338782102));
#1851=CARTESIAN_POINT('Ctrl Pts',(0.895690069280899,2.84906048066618,-5.45223438133326));
#1852=CARTESIAN_POINT('Ctrl Pts',(1.20396542429773,3.0487133257087,-5.33134242726103));
#1853=CARTESIAN_POINT('Ctrl Pts',(1.52775313495834,3.31123462437127,-5.1685283145876));
#1854=CARTESIAN_POINT('Ctrl Pts',(1.85278359930642,3.63588123109586,-4.96748715098076));
#1855=CARTESIAN_POINT('Ctrl Pts',(2.16665410687163,4.02039085854167,-4.7351520762529));
#1856=CARTESIAN_POINT('Ctrl Pts',(2.45908539071868,4.46258238839526,-4.48107430758822));
#1857=CARTESIAN_POINT('Ctrl Pts',(2.72118978602356,4.96101815050863,-4.21772865556103));
#1858=CARTESIAN_POINT('Ctrl Pts',(2.94446474577253,5.51561837368303,-3.9619414128592));
#1859=CARTESIAN_POINT('Ctrl Pts',(3.11965799165419,6.12721856864747,-3.73671872555602));
#1860=CARTESIAN_POINT('Ctrl Pts',(3.21553576744412,6.68305308117314,-3.60171123301668));
#1861=CARTESIAN_POINT('Ctrl Pts',(3.25524432730131,7.14704111875508,-3.54406845226208));
#1862=CARTESIAN_POINT('Ctrl Pts',(3.2653504402148,7.49999993287115,-3.52917107712616));
#1863=CARTESIAN_POINT('Ctrl Pts',(3.25524399733273,7.85295898903945,-3.54406960418088));
#1864=CARTESIAN_POINT('Ctrl Pts',(3.21553519951059,8.31694645883833,-3.60171231424762));
#1865=CARTESIAN_POINT('Ctrl Pts',(3.1196594962925,8.87278254674449,-3.73671559639412));
#1866=CARTESIAN_POINT('Ctrl Pts',(2.94446217015163,9.4843797235659,-3.96194683366509));
#1867=CARTESIAN_POINT('Ctrl Pts',(2.72119017581709,10.0389821113402,-4.21772781615906));
#1868=CARTESIAN_POINT('Ctrl Pts',(2.45908478752915,10.5374172747688,-4.48107585003932));
#1869=CARTESIAN_POINT('Ctrl Pts',(2.16665441560268,10.9796093127353,-4.73515127544884));
#1870=CARTESIAN_POINT('Ctrl Pts',(1.85278343774785,11.364118679402,-4.96748757150395));
#1871=CARTESIAN_POINT('Ctrl Pts',(1.52775322027519,11.688765422878,-5.16852809233483));
#1872=CARTESIAN_POINT('Ctrl Pts',(1.20396537885155,11.9512866491241,-5.33134254566515));
#1873=CARTESIAN_POINT('Ctrl Pts',(0.895690093379232,12.1509395326787,-5.45223431854563));
#1874=CARTESIAN_POINT('Ctrl Pts',(0.616922614533088,12.2904086032854,-5.53203342122232));
#1875=CARTESIAN_POINT('Ctrl Pts',(0.377190241645209,12.3769876689009,-5.57682072156308));
#1876=CARTESIAN_POINT('Ctrl Pts',(0.176256904977673,12.4215925036242,-5.59671571778103));
#1877=CARTESIAN_POINT('Ctrl Pts',(0.0587319661739825,12.4305231092145,-5.60019962076858));
#1878=CARTESIAN_POINT('Ctrl Pts',(-1.86838314294609E-15,12.4305231092145,
-5.60019962076858));
#1879=CARTESIAN_POINT('Ctrl Pts',(-1.81984205542028E-14,3.39981060068554,
-6.43051539890856));
#1880=CARTESIAN_POINT('Ctrl Pts',(0.0535827548507938,3.39981060068554,-6.43051539890856));
#1881=CARTESIAN_POINT('Ctrl Pts',(0.160810557717458,3.4037210779897,-6.42315871185822));
#1882=CARTESIAN_POINT('Ctrl Pts',(0.346832284332237,3.42641023786707,-6.38643531364957));
#1883=CARTESIAN_POINT('Ctrl Pts',(0.572618771763627,3.47852476270985,-6.31543844829884));
#1884=CARTESIAN_POINT('Ctrl Pts',(0.83866994872279,3.57332015824495,-6.202165890955));
#1885=CARTESIAN_POINT('Ctrl Pts',(1.13556656027928,3.72035112305717,-6.04265334095373));
#1886=CARTESIAN_POINT('Ctrl Pts',(1.44931934640762,3.92417951417084,-5.83794627362159));
#1887=CARTESIAN_POINT('Ctrl Pts',(1.7656059897677,4.18544914303423,-5.59332111669627));
#1888=CARTESIAN_POINT('Ctrl Pts',(2.07194224605137,4.50275614482467,-5.31702666699511));
#1889=CARTESIAN_POINT('Ctrl Pts',(2.35796787096655,4.87430137565797,-5.01981634323723));
#1890=CARTESIAN_POINT('Ctrl Pts',(2.61473577176344,5.29865709950722,-4.71546173587951));
#1891=CARTESIAN_POINT('Ctrl Pts',(2.83371866237052,5.77540940445443,-4.42244954063331));
#1892=CARTESIAN_POINT('Ctrl Pts',(3.0056878467186,6.30480683884433,-4.16609440065397));
#1893=CARTESIAN_POINT('Ctrl Pts',(3.09985351832848,6.78815150191639,-4.01307760112658));
#1894=CARTESIAN_POINT('Ctrl Pts',(3.13885917548456,7.19234872459511,-3.94782811779476));
#1895=CARTESIAN_POINT('Ctrl Pts',(3.14878734804428,7.49999993904533,-3.93097584690402));
#1896=CARTESIAN_POINT('Ctrl Pts',(3.13885884678319,7.80765137413313,-3.94782937898406));
#1897=CARTESIAN_POINT('Ctrl Pts',(3.09985295827056,8.21184808167537,-4.01307881829203));
#1898=CARTESIAN_POINT('Ctrl Pts',(3.0056893322065,8.69519416794965,-4.16609089616145));
#1899=CARTESIAN_POINT('Ctrl Pts',(2.83371611926196,9.22458887938798,-4.42245560823029));
#1900=CARTESIAN_POINT('Ctrl Pts',(2.61473615620638,9.70134313691499,-4.71546079412357));
#1901=CARTESIAN_POINT('Ctrl Pts',(2.35796727853305,10.1256983205276,-5.01981808558519));
#1902=CARTESIAN_POINT('Ctrl Pts',(2.0719425491673,10.4972440095312,-5.3170257621745));
#1903=CARTESIAN_POINT('Ctrl Pts',(1.76560583116165,10.8145507763238,-5.59332159186913));
#1904=CARTESIAN_POINT('Ctrl Pts',(1.44931943016354,11.0758205283988,-5.83794602248226));
#1905=CARTESIAN_POINT('Ctrl Pts',(1.13556651566472,11.2796488542683,-6.04265347474727));
#1906=CARTESIAN_POINT('Ctrl Pts',(0.83866997238012,11.4266798537782,-6.20216582000659));
#1907=CARTESIAN_POINT('Ctrl Pts',(0.572618759178734,11.5214752308943,-6.31543848604145));
#1908=CARTESIAN_POINT('Ctrl Pts',(0.346832291101304,11.573589765573,-6.38643529334891));
#1909=CARTESIAN_POINT('Ctrl Pts',(0.160810553987603,11.5962789201147,-6.42315872304424));
#1910=CARTESIAN_POINT('Ctrl Pts',(0.0535827548508075,11.6001893993145,-6.43051539890856));
#1911=CARTESIAN_POINT('Ctrl Pts',(-1.77145113762734E-15,11.6001893993145,
-6.43051539890856));
#1912=CARTESIAN_POINT('Ctrl Pts',(-2.11921462988594E-14,4.02452892925759,
-7.42478206467362));
#1913=CARTESIAN_POINT('Ctrl Pts',(0.062235261960633,4.02452892925759,-7.42478206467362));
#1914=CARTESIAN_POINT('Ctrl Pts',(0.186754509975453,4.02739073841547,-7.41050324934821));
#1915=CARTESIAN_POINT('Ctrl Pts',(0.39308518676221,4.04469152558611,-7.34428521777883));
#1916=CARTESIAN_POINT('Ctrl Pts',(0.62998605018355,4.08599387131122,-7.22901244713256));
#1917=CARTESIAN_POINT('Ctrl Pts',(0.897188314571123,4.16298073144605,-7.06182359231994));
#1918=CARTESIAN_POINT('Ctrl Pts',(1.18653472254964,4.28424027036386,-6.84332471508472));
#1919=CARTESIAN_POINT('Ctrl Pts',(1.48625470545056,4.45408540301362,-6.57801195082376));
#1920=CARTESIAN_POINT('Ctrl Pts',(1.78438871806132,4.67341303636996,-6.27355040450114));
#1921=CARTESIAN_POINT('Ctrl Pts',(2.07054434430646,4.94127365786989,-5.93976438547279));
#1922=CARTESIAN_POINT('Ctrl Pts',(2.33606950717266,5.25628664080481,-5.58855499012605));
#1923=CARTESIAN_POINT('Ctrl Pts',(2.57340320710697,5.61730989951944,-5.23478526910439));
#1924=CARTESIAN_POINT('Ctrl Pts',(2.7752018241743,6.02400187322144,-4.89834158119328));
#1925=CARTESIAN_POINT('Ctrl Pts',(2.93334892100032,6.47652369473535,-4.60659295556215));
#1926=CARTESIAN_POINT('Ctrl Pts',(3.01983214752383,6.89026607312004,-4.43348053229041));
#1927=CARTESIAN_POINT('Ctrl Pts',(3.05564257976201,7.23645415167017,-4.35979181966206));
#1928=CARTESIAN_POINT('Ctrl Pts',(3.06475541369856,7.49999994660939,-4.34077734757297));
#1929=CARTESIAN_POINT('Ctrl Pts',(3.05564228709257,7.7635459353304,-4.35979317527239));
#1930=CARTESIAN_POINT('Ctrl Pts',(3.01983164143783,8.10973356403802,-4.43348189539341));
#1931=CARTESIAN_POINT('Ctrl Pts',(2.93335026103306,8.52347718090835,-4.60658905969916));
#1932=CARTESIAN_POINT('Ctrl Pts',(2.77519953031175,8.97599663489554,-4.89834832116158));
#1933=CARTESIAN_POINT('Ctrl Pts',(2.57340355450288,9.38269030589337,-5.23478421802255));
#1934=CARTESIAN_POINT('Ctrl Pts',(2.33606896967651,9.74371310109149,-5.58855695842394));
#1935=CARTESIAN_POINT('Ctrl Pts',(2.07054461948234,10.0587264729577,-5.93976336285924));
#1936=CARTESIAN_POINT('Ctrl Pts',(1.7843885740526,10.3265868953196,-6.27355094158748));
#1937=CARTESIAN_POINT('Ctrl Pts',(1.48625478150076,10.5459146330416,-6.57801166695524));
#1938=CARTESIAN_POINT('Ctrl Pts',(1.18653468203947,10.715759710432,-6.84332486631522));
#1939=CARTESIAN_POINT('Ctrl Pts',(0.897188336052098,10.8370192787369,-7.06182351212489));
#1940=CARTESIAN_POINT('Ctrl Pts',(0.629986038756406,10.9140061232718,-7.22901248979415));
#1941=CARTESIAN_POINT('Ctrl Pts',(0.39308519290856,10.9553084773275,-7.34428519483236));
#1942=CARTESIAN_POINT('Ctrl Pts',(0.186754506588731,10.9726092599791,-7.41050326199216));
#1943=CARTESIAN_POINT('Ctrl Pts',(0.062235261960649,10.9754710707424,-7.42478206467362));
#1944=CARTESIAN_POINT('Ctrl Pts',(-2.04305460750328E-15,10.9754710707424,
-7.42478206467362));
#1945=CARTESIAN_POINT('Ctrl Pts',(-2.88951815141485E-14,4.41238679276435,
-8.53313725234792));
#1946=CARTESIAN_POINT('Ctrl Pts',(0.0842542745301049,4.41238679276435,-8.53313725234792));
#1947=CARTESIAN_POINT('Ctrl Pts',(0.252776783978334,4.41855004759209,-8.50976050322641));
#1948=CARTESIAN_POINT('Ctrl Pts',(0.513723892340052,4.44864498609843,-8.40502790057543));
#1949=CARTESIAN_POINT('Ctrl Pts',(0.786471428397175,4.50537420432505,-8.23266226373968));
#1950=CARTESIAN_POINT('Ctrl Pts',(1.06890086629616,4.59468526176482,-7.99712744324923));
#1951=CARTESIAN_POINT('Ctrl Pts',(1.35507659757879,4.72067039201814,-7.7053511726945));
#1952=CARTESIAN_POINT('Ctrl Pts',(1.63744672180075,4.88496893553675,-7.3663835321564));
#1953=CARTESIAN_POINT('Ctrl Pts',(1.908664944647,5.08734548811214,-6.9908234230235));
#1954=CARTESIAN_POINT('Ctrl Pts',(2.16250811556476,5.32671890116368,-6.59022567356284));
#1955=CARTESIAN_POINT('Ctrl Pts',(2.3937847194868,5.60205029390479,-6.17757558929843));
#1956=CARTESIAN_POINT('Ctrl Pts',(2.59777114937445,5.91270403819588,-5.76866370150754));
#1957=CARTESIAN_POINT('Ctrl Pts',(2.7695487443303,6.25881213122107,-5.3845790131964));
#1958=CARTESIAN_POINT('Ctrl Pts',(2.90325016827899,6.64098913089648,-5.05455756197771));
#1959=CARTESIAN_POINT('Ctrl Pts',(2.97603815691428,6.98868998973287,-4.85994352099826));
#1960=CARTESIAN_POINT('Ctrl Pts',(3.00613980286006,7.27907158134863,-4.77725496822018));
#1961=CARTESIAN_POINT('Ctrl Pts',(3.01379396228796,7.49999995639725,-4.75593877586538));
#1962=CARTESIAN_POINT('Ctrl Pts',(3.0061395841984,7.72092848956188,-4.77725640783126));
#1963=CARTESIAN_POINT('Ctrl Pts',(2.97603775025486,8.01130971509625,-4.85994503651145));
#1964=CARTESIAN_POINT('Ctrl Pts',(2.90325123617008,8.35901158209663,-5.05455326485678));
#1965=CARTESIAN_POINT('Ctrl Pts',(2.76954691778575,8.74118665383971,-5.38458644108273));
#1966=CARTESIAN_POINT('Ctrl Pts',(2.59777142673873,9.0872961270143,-5.76866253716167));
#1967=CARTESIAN_POINT('Ctrl Pts',(2.3937842795875,9.3979495060364,-6.17757780148003));
#1968=CARTESIAN_POINT('Ctrl Pts',(2.16250834147244,9.67328120011571,-6.59022452356614));
#1969=CARTESIAN_POINT('Ctrl Pts',(1.90866482633017,9.91265445901948,-6.99082402709368));
#1970=CARTESIAN_POINT('Ctrl Pts',(1.63744678429455,10.1150310923662,-7.36638321287473));
#1971=CARTESIAN_POINT('Ctrl Pts',(1.35507656428885,10.2793295931199,-7.7053513427921));
#1972=CARTESIAN_POINT('Ctrl Pts',(1.06890088394871,10.4053147461156,-7.99712735304914));
#1973=CARTESIAN_POINT('Ctrl Pts',(0.78647141900661,10.4946257914828,-8.23266231172368));
#1974=CARTESIAN_POINT('Ctrl Pts',(0.513723897390995,10.5513550161564,-8.4050278747662));
#1975=CARTESIAN_POINT('Ctrl Pts',(0.252776781195209,10.5814499511655,-8.50976051744773));
#1976=CARTESIAN_POINT('Ctrl Pts',(0.0842542745301268,10.5876132072356,-8.53313725234792));
#1977=CARTESIAN_POINT('Ctrl Pts',(-2.66948405671173E-15,10.5876132072356,
-8.53313725234792));
#1978=CARTESIAN_POINT('Ctrl Pts',(-3.69136998483073E-14,4.5,-9.31104090955555));
#1979=CARTESIAN_POINT('Ctrl Pts',(0.10710774301001,4.5,-9.31104090955555));
#1980=CARTESIAN_POINT('Ctrl Pts',(0.32131681475843,4.5112900942567,-9.28084438731953));
#1981=CARTESIAN_POINT('Ctrl Pts',(0.639915651061057,4.5622208269812,-9.14731114602044));
#1982=CARTESIAN_POINT('Ctrl Pts',(0.952288481503968,4.64720510932301,-8.93245373430523));
#1983=CARTESIAN_POINT('Ctrl Pts',(1.25430666026506,4.76568928490414,-8.64638209013973));
#1984=CARTESIAN_POINT('Ctrl Pts',(1.54191096237132,4.9164049361151,-8.30084573322991));
#1985=CARTESIAN_POINT('Ctrl Pts',(1.8114000000271,5.09748838612173,-7.90830902885475));
#1986=CARTESIAN_POINT('Ctrl Pts',(2.05976679292042,5.30687835859645,-7.48150967860043));
#1987=CARTESIAN_POINT('Ctrl Pts',(2.28480051318189,5.54286945688745,-7.03320400167692));
#1988=CARTESIAN_POINT('Ctrl Pts',(2.48471275132352,5.80448075357668,-6.57707336529861));
#1989=CARTESIAN_POINT('Ctrl Pts',(2.65762387820118,6.09147856989189,-6.12946642342519));
#1990=CARTESIAN_POINT('Ctrl Pts',(2.80108248870598,6.40453307621799,-5.71220356498026));
#1991=CARTESIAN_POINT('Ctrl Pts',(2.91152281113458,6.74491579657565,-5.3556994151241));
#1992=CARTESIAN_POINT('Ctrl Pts',(2.97120343807223,7.05139096196608,-5.14627928957286));
#1993=CARTESIAN_POINT('Ctrl Pts',(2.99583214244458,7.30630693129924,-5.05740286020173));
#1994=CARTESIAN_POINT('Ctrl Pts',(3.00208653060097,7.49999996495691,-5.03450541975885));
#1995=CARTESIAN_POINT('Ctrl Pts',(2.99583200196486,7.69369312470884,-5.05740435221835));
#1996=CARTESIAN_POINT('Ctrl Pts',(2.97120312641675,7.9486088002794,-5.14628090884725));
#1997=CARTESIAN_POINT('Ctrl Pts',(2.91152361562014,8.25508478128602,-5.35569484722807));
#1998=CARTESIAN_POINT('Ctrl Pts',(2.80108111462077,8.59546593737265,-5.71221145666998));
#1999=CARTESIAN_POINT('Ctrl Pts',(2.65762409136942,8.90852156447023,-6.1294651818481));
#2000=CARTESIAN_POINT('Ctrl Pts',(2.48471239420171,9.19551908771826,-6.57707574653426));
#2001=CARTESIAN_POINT('Ctrl Pts',(2.28480069738799,9.45713062335999,-7.03320276335147));
#2002=CARTESIAN_POINT('Ctrl Pts',(2.05976669634082,9.69312159952532,-7.48151032912113));
#2003=CARTESIAN_POINT('Ctrl Pts',(1.81140005105225,9.90251163597946,-7.90830868501511));
#2004=CARTESIAN_POINT('Ctrl Pts',(1.54191093518954,10.0835950521133,-8.30084591641137));
#2005=CARTESIAN_POINT('Ctrl Pts',(1.25430667467885,10.2343107213376,-8.64638199300136));
#2006=CARTESIAN_POINT('Ctrl Pts',(0.952288473836305,10.3527948873566,-8.9324537859802));
#2007=CARTESIAN_POINT('Ctrl Pts',(0.639915655185311,10.4377791748047,-9.14731111822593));
#2008=CARTESIAN_POINT('Ctrl Pts',(0.321316812485936,10.4887099047592,-9.2808444026348));
#2009=CARTESIAN_POINT('Ctrl Pts',(0.107107743010038,10.5,-9.31104090955555));
#2010=CARTESIAN_POINT('Ctrl Pts',(-3.30279657643676E-15,10.5,-9.31104090955555));
#2011=CARTESIAN_POINT('Ctrl Pts',(-4.15428923408403E-14,4.5,-9.7));
#2012=CARTESIAN_POINT('Ctrl Pts',(0.120293710144169,4.5,-9.7));
#2013=CARTESIAN_POINT('Ctrl Pts',(0.360854237911408,4.51453052317698,-9.66639337355863));
#2014=CARTESIAN_POINT('Ctrl Pts',(0.712942048541297,4.57875353907194,-9.51845893785124));
#2015=CARTESIAN_POINT('Ctrl Pts',(1.0487312228014,4.68213660220296,-9.28235446471882));
#2016=CARTESIAN_POINT('Ctrl Pts',(1.36288919976399,4.82030038820646,-8.97101319293436));
#2017=CARTESIAN_POINT('Ctrl Pts',(1.65230239523146,4.98875521450475,-8.59859570975332));
#2018=CARTESIAN_POINT('Ctrl Pts',(1.91534887919132,5.18345787561873,-8.17927360466179));
#2019=CARTESIAN_POINT('Ctrl Pts',(2.1514167217008,5.40113755576723,-7.72685398618815));
#2020=CARTESIAN_POINT('Ctrl Pts',(2.36055037690927,5.63960134513235,-7.25469389398322));
#2021=CARTESIAN_POINT('Ctrl Pts',(2.54290579260521,5.8978141974968,-6.77682268295979));
#2022=CARTESIAN_POINT('Ctrl Pts',(2.69825416910163,6.17572622615653,-6.30986802818226));
#2023=CARTESIAN_POINT('Ctrl Pts',(2.82559544567965,6.47430929658793,-5.87601597609608));
#2024=CARTESIAN_POINT('Ctrl Pts',(2.92272880003521,6.79524084902093,-5.50627041851511));
#2025=CARTESIAN_POINT('Ctrl Pts',(2.97488477002436,7.08190427200886,-5.28944722777172));
#2026=CARTESIAN_POINT('Ctrl Pts',(2.99636832215322,7.31958643125127,-5.1974768516901));
#2027=CARTESIAN_POINT('Ctrl Pts',(3.00181782656888,7.49999997001234,-5.17378878519328));
#2028=CARTESIAN_POINT('Ctrl Pts',(2.99636822921885,7.68041361575094,-5.19747836991468));
#2029=CARTESIAN_POINT('Ctrl Pts',(2.97488451244247,7.91809552305296,-5.28944889891365));
#2030=CARTESIAN_POINT('Ctrl Pts',(2.92272945272048,8.20475965222805,-5.50626571527794));
#2031=CARTESIAN_POINT('Ctrl Pts',(2.82559433304319,8.52568984644906,-5.87602409958335));
#2032=CARTESIAN_POINT('Ctrl Pts',(2.69825434355861,8.82427388930011,-6.30986674816668));
#2033=CARTESIAN_POINT('Ctrl Pts',(2.5429054832632,9.10218566511291,-6.77682514860345));
#2034=CARTESIAN_POINT('Ctrl Pts',(2.36055053726493,9.36039872461245,-7.254692611534));
#2035=CARTESIAN_POINT('Ctrl Pts',(2.15141663752364,9.59886240779765,-7.72685465991561));
#2036=CARTESIAN_POINT('Ctrl Pts',(1.91534892367659,9.81654214361457,-8.17927324855261));
#2037=CARTESIAN_POINT('Ctrl Pts',(1.65230237153249,10.0112447752507,-8.59859589947168));
#2038=CARTESIAN_POINT('Ctrl Pts',(1.36288921233113,10.1796996172257,-8.97101309232952));
#2039=CARTESIAN_POINT('Ctrl Pts',(1.04873121611608,10.3178633949073,-9.28235451823788));
#2040=CARTESIAN_POINT('Ctrl Pts',(0.712942052137185,10.4212464624823,-9.51845890906483));
#2041=CARTESIAN_POINT('Ctrl Pts',(0.360854235930058,10.4854694759666,-9.66639338942046));
#2042=CARTESIAN_POINT('Ctrl Pts',(0.1202937101442,10.5,-9.7));
#2043=CARTESIAN_POINT('Ctrl Pts',(-3.6654123254335E-15,10.5,-9.7));
#2044=CARTESIAN_POINT('',(1.5501044155845E-15,15.,-4.5473307888047));
#2045=CARTESIAN_POINT('Ctrl Pts',(3.78779026969691E-14,15.,-4.5473307888047));
#2046=CARTESIAN_POINT('Ctrl Pts',(0.0637124304300402,15.,-4.5473307888047));
#2047=CARTESIAN_POINT('Ctrl Pts',(0.127270909172906,15.,-4.54543053256109));
#2048=CARTESIAN_POINT('Ctrl Pts',(0.291991016934707,15.,-4.53567193495251));
#2049=CARTESIAN_POINT('Ctrl Pts',(0.39220249228586,15.,-4.52503636768157));
#2050=CARTESIAN_POINT('Ctrl Pts',(0.700450708301971,15.,-4.47940961991736));
#2051=CARTESIAN_POINT('Ctrl Pts',(0.905719609775547,15.,-4.43079099249986));
#2052=CARTESIAN_POINT('Ctrl Pts',(1.25186625064335,15.,-4.32907774216952));
#2053=CARTESIAN_POINT('Ctrl Pts',(1.3961286446076,15.,-4.28060686676808));
#2054=CARTESIAN_POINT('Ctrl Pts',(1.53794082565213,15.,-4.22903511652391));
#2055=CARTESIAN_POINT('',(-1.78860513723209E-15,0.,-4.5473307888047));
#2056=CARTESIAN_POINT('Ctrl Pts',(1.53794082565213,-3.6067675016835E-16,
-4.22903511652391));
#2057=CARTESIAN_POINT('Ctrl Pts',(1.25091984749452,-3.61738440073332E-16,
-4.33341383837526));
#2058=CARTESIAN_POINT('Ctrl Pts',(0.949149759993244,2.77555756156289E-16,
-4.42680381522234));
#2059=CARTESIAN_POINT('Ctrl Pts',(0.525739042460492,2.77555756156289E-16,
-4.50703192721543));
#2060=CARTESIAN_POINT('Ctrl Pts',(0.404963050677582,-9.74956861362977E-16,
-4.52428187014558));
#2061=CARTESIAN_POINT('Ctrl Pts',(0.201802961903412,-9.69112346988285E-16,
-4.54199132082148));
#2062=CARTESIAN_POINT('Ctrl Pts',(0.120820062560676,1.39045107498542E-16,
-4.54608722267279));
#2063=CARTESIAN_POINT('Ctrl Pts',(0.0262714352498902,1.38734714921041E-16,
-4.54725005669943));
#2064=CARTESIAN_POINT('Ctrl Pts',(0.013132446902525,-8.20798751875963E-32,
-4.5473307888047));
#2065=CARTESIAN_POINT('Ctrl Pts',(-4.06276446427159E-14,0.,-4.5473307888047));
#2066=CARTESIAN_POINT('',(9.18485099360515E-17,4.5,-9.7));
#2067=CARTESIAN_POINT('Ctrl Pts',(-4.30116768510437E-15,8.04499759865518E-7,
-4.54735317365409));
#2068=CARTESIAN_POINT('Ctrl Pts',(-4.08820070212128E-15,0.153507577833341,
-4.56819695788276));
#2069=CARTESIAN_POINT('Ctrl Pts',(-3.88526396179288E-15,0.306083353322091,
-4.59588762502333));
#2070=CARTESIAN_POINT('Ctrl Pts',(-3.69328769501363E-15,0.457112737420953,
-4.63035707982229));
#2071=CARTESIAN_POINT('Ctrl Pts',(-3.21127624959446E-15,0.836315296943431,
-4.71690252634647));
#2072=CARTESIAN_POINT('Ctrl Pts',(-2.79836017242147E-15,1.20576932853436,
-4.84618178609675));
#2073=CARTESIAN_POINT('Ctrl Pts',(-2.46461831931552E-15,1.55620526610653,
-5.01494451179215));
#2074=CARTESIAN_POINT('Ctrl Pts',(-2.13087646620957E-15,1.9066412036787,
-5.18370723748754));
#2075=CARTESIAN_POINT('Ctrl Pts',(-1.87630883717067E-15,2.2380590472321,
-5.39195342912806));
#2076=CARTESIAN_POINT('Ctrl Pts',(-1.70737373932361E-15,2.54215692065881,
-5.63446248797165));
#2077=CARTESIAN_POINT('Ctrl Pts',(-1.53843864147655E-15,2.84625479408552,
-5.87697154681524));
#2078=CARTESIAN_POINT('Ctrl Pts',(-1.45513607482133E-15,3.12303269738553,
-6.1537434728619));
#2079=CARTESIAN_POINT('Ctrl Pts',(-1.45958142792569E-15,3.36554137046421,
-6.45784054684607));
#2080=CARTESIAN_POINT('Ctrl Pts',(-1.46402678103006E-15,3.60805004354289,
-6.76193762083025));
#2081=CARTESIAN_POINT('Ctrl Pts',(-1.556220053894E-15,3.81628948640024,
-7.09335984275193));
#2082=CARTESIAN_POINT('Ctrl Pts',(-1.73371784727627E-15,3.98505218508004,
-7.44379681832516));
#2083=CARTESIAN_POINT('Ctrl Pts',(-1.91121564065853E-15,4.15381488375984,
-7.79423379389839));
#2084=CARTESIAN_POINT('Ctrl Pts',(-2.17401795455911E-15,4.2831008382621,
-8.16368552312315));
#2085=CARTESIAN_POINT('Ctrl Pts',(-2.5158806005204E-15,4.36964711732214,
-8.54288730203745));
#2086=CARTESIAN_POINT('Ctrl Pts',(-2.85774324648168E-15,4.45619339638218,
-8.92208908095174));
#2087=CARTESIAN_POINT('Ctrl Pts',(-3.27866622450367E-15,4.5,-9.31104090955555));
#2088=CARTESIAN_POINT('Ctrl Pts',(-3.76707080146703E-15,4.5,-9.7));
#2089=CARTESIAN_POINT('',(-1.57348602700168E-15,10.5,-9.7));
#2090=CARTESIAN_POINT('Ctrl Pts',(-4.15428923408403E-14,4.5,-9.7));
#2091=CARTESIAN_POINT('Ctrl Pts',(0.120293710144169,4.5,-9.7));
#2092=CARTESIAN_POINT('Ctrl Pts',(0.360854237911408,4.51453052317698,-9.66639337355863));
#2093=CARTESIAN_POINT('Ctrl Pts',(0.712942048541297,4.57875353907194,-9.51845893785124));
#2094=CARTESIAN_POINT('Ctrl Pts',(1.0487312228014,4.68213660220296,-9.28235446471882));
#2095=CARTESIAN_POINT('Ctrl Pts',(1.36288919976399,4.82030038820646,-8.97101319293436));
#2096=CARTESIAN_POINT('Ctrl Pts',(1.65230239523146,4.98875521450475,-8.59859570975332));
#2097=CARTESIAN_POINT('Ctrl Pts',(1.91534887919132,5.18345787561873,-8.17927360466179));
#2098=CARTESIAN_POINT('Ctrl Pts',(2.1514167217008,5.40113755576723,-7.72685398618815));
#2099=CARTESIAN_POINT('Ctrl Pts',(2.36055037690927,5.63960134513235,-7.25469389398322));
#2100=CARTESIAN_POINT('Ctrl Pts',(2.54290579260521,5.8978141974968,-6.77682268295979));
#2101=CARTESIAN_POINT('Ctrl Pts',(2.69825416910163,6.17572622615653,-6.30986802818226));
#2102=CARTESIAN_POINT('Ctrl Pts',(2.82559544567965,6.47430929658793,-5.87601597609608));
#2103=CARTESIAN_POINT('Ctrl Pts',(2.92272880003521,6.79524084902093,-5.50627041851511));
#2104=CARTESIAN_POINT('Ctrl Pts',(2.97488477002436,7.08190427200886,-5.28944722777172));
#2105=CARTESIAN_POINT('Ctrl Pts',(2.99636832215322,7.31958643125127,-5.1974768516901));
#2106=CARTESIAN_POINT('Ctrl Pts',(3.00181782656888,7.49999997001234,-5.17378878519328));
#2107=CARTESIAN_POINT('Ctrl Pts',(2.99636822921885,7.68041361575094,-5.19747836991468));
#2108=CARTESIAN_POINT('Ctrl Pts',(2.97488451244247,7.91809552305296,-5.28944889891365));
#2109=CARTESIAN_POINT('Ctrl Pts',(2.92272945272048,8.20475965222805,-5.50626571527794));
#2110=CARTESIAN_POINT('Ctrl Pts',(2.82559433304319,8.52568984644906,-5.87602409958335));
#2111=CARTESIAN_POINT('Ctrl Pts',(2.69825434355861,8.82427388930011,-6.30986674816668));
#2112=CARTESIAN_POINT('Ctrl Pts',(2.5429054832632,9.10218566511291,-6.77682514860345));
#2113=CARTESIAN_POINT('Ctrl Pts',(2.36055053726493,9.36039872461245,-7.254692611534));
#2114=CARTESIAN_POINT('Ctrl Pts',(2.15141663752364,9.59886240779765,-7.72685465991561));
#2115=CARTESIAN_POINT('Ctrl Pts',(1.91534892367659,9.81654214361457,-8.17927324855261));
#2116=CARTESIAN_POINT('Ctrl Pts',(1.65230237153249,10.0112447752507,-8.59859589947168));
#2117=CARTESIAN_POINT('Ctrl Pts',(1.36288921233113,10.1796996172257,-8.97101309232952));
#2118=CARTESIAN_POINT('Ctrl Pts',(1.04873121611608,10.3178633949073,-9.28235451823788));
#2119=CARTESIAN_POINT('Ctrl Pts',(0.712942052137185,10.4212464624823,-9.51845890906483));
#2120=CARTESIAN_POINT('Ctrl Pts',(0.360854235930058,10.4854694759666,-9.66639338942046));
#2121=CARTESIAN_POINT('Ctrl Pts',(0.1202937101442,10.5,-9.7));
#2122=CARTESIAN_POINT('Ctrl Pts',(-3.6654123254335E-15,10.5,-9.7));
#2123=CARTESIAN_POINT('Ctrl Pts',(1.19126713701845E-15,10.5,-9.7));
#2124=CARTESIAN_POINT('Ctrl Pts',(1.02276404937799E-15,10.5,-9.31104090955555));
#2125=CARTESIAN_POINT('Ctrl Pts',(8.78926561161582E-16,10.5438066036178,
-8.92208908095174));
#2126=CARTESIAN_POINT('Ctrl Pts',(7.63278329429795E-16,10.6303528826779,
-8.54288730203745));
#2127=CARTESIAN_POINT('Ctrl Pts',(6.27391657144945E-16,10.7168991617379,
-8.16368552312315));
#2128=CARTESIAN_POINT('Ctrl Pts',(5.40655483346105E-16,10.8461851162402,
-7.79423379389839));
#2129=CARTESIAN_POINT('Ctrl Pts',(4.85722573273506E-16,11.01494781492,-7.44379681832516));
#2130=CARTESIAN_POINT('Ctrl Pts',(4.36933475511658E-16,11.1837105135998,
-7.09335984275193));
#2131=CARTESIAN_POINT('Ctrl Pts',(4.10731923009925E-16,11.3919499564571,
-6.76193762083025));
#2132=CARTESIAN_POINT('Ctrl Pts',(4.16333634234434E-16,11.6344586295358,
-6.45784054684607));
#2133=CARTESIAN_POINT('Ctrl Pts',(4.14888031337786E-16,11.8769673026145,
-6.1537434728619));
#2134=CARTESIAN_POINT('Ctrl Pts',(4.52473706650617E-16,12.1537452059145,
-5.87697154681524));
#2135=CARTESIAN_POINT('Ctrl Pts',(5.20417042793042E-16,12.4578430793412,
-5.63446248797165));
#2136=CARTESIAN_POINT('Ctrl Pts',(5.71013144175699E-16,12.7619409527679,
-5.39195342912806));
#2137=CARTESIAN_POINT('Ctrl Pts',(6.70759744044365E-16,13.0933587963213,
-5.18370723748754));
#2138=CARTESIAN_POINT('Ctrl Pts',(7.97972798949331E-16,13.4437947338935,
-5.01494451179215));
#2139=CARTESIAN_POINT('Ctrl Pts',(9.14343832129442E-16,13.7942306714657,
-4.84618178609675));
#2140=CARTESIAN_POINT('Ctrl Pts',(1.06974614351903E-15,14.1636847030566,
-4.71690252634647));
#2141=CARTESIAN_POINT('Ctrl Pts',(1.2490009027033E-15,14.542887262579,-4.63035707982229));
#2142=CARTESIAN_POINT('Ctrl Pts',(1.34616605387268E-15,14.6939166466779,
-4.59588762502333));
#2143=CARTESIAN_POINT('Ctrl Pts',(1.42052325838438E-15,14.8464924221667,
-4.56819695788276));
#2144=CARTESIAN_POINT('Ctrl Pts',(1.49832722636638E-15,14.9999991955002,
-4.54735317365409));
#2145=CARTESIAN_POINT('Origin',(0.,7.5,-3.175));
#2146=CARTESIAN_POINT('',(0.,4.5,-13.175));
#2147=CARTESIAN_POINT('',(0.,4.5,-3.175));
#2148=CARTESIAN_POINT('',(0.,10.5,-13.175));
#2149=CARTESIAN_POINT('Origin',(0.,7.5,-13.175));
#2150=CARTESIAN_POINT('',(0.,10.5,-3.175));
#2151=CARTESIAN_POINT('Origin',(0.,0.57596169655731,0.));
#2152=CARTESIAN_POINT('',(0.,3.5,-3.5));
#2153=CARTESIAN_POINT('',(0.,0.575961696557309,-2.6));
#2154=CARTESIAN_POINT('Origin',(0.,0.57596169655731,-7.8));
#2155=CARTESIAN_POINT('',(2.6,0.575961696557309,3.18408167778312E-16));
#2156=CARTESIAN_POINT('Origin',(0.,0.575961696557309,0.));
#2157=CARTESIAN_POINT('',(3.5,3.5,0.));
#2158=CARTESIAN_POINT('Origin',(7.8,0.57596169655731,-9.55224503334935E-16));
#2159=CARTESIAN_POINT('Origin',(0.,3.5,0.));
#2160=CARTESIAN_POINT('Origin',(0.,0.57596169655731,0.));
#2161=CARTESIAN_POINT('Origin',(0.,3.5,0.));
#2162=CARTESIAN_POINT('Origin',(0.,0.575961696557309,0.));
#2163=CARTESIAN_POINT('',(0.24669959273962,1.8160309419722,2.73893908032048));
#2164=CARTESIAN_POINT('Ctrl Pts',(0.,1.7699727380861,2.73893908032048));
#2165=CARTESIAN_POINT('Ctrl Pts',(0.0534600616622235,1.7699727380861,2.73893908032048));
#2166=CARTESIAN_POINT('Ctrl Pts',(0.110830400067021,1.77710661823301,2.73893908032048));
#2167=CARTESIAN_POINT('Ctrl Pts',(0.167042623755935,1.79134176801286,2.73893908032048));
#2168=CARTESIAN_POINT('Ctrl Pts',(0.194014215975987,1.79817203783422,2.73893908032048));
#2169=CARTESIAN_POINT('Ctrl Pts',(0.220711275691658,1.8065368644456,2.73893908032048));
#2170=CARTESIAN_POINT('Ctrl Pts',(0.24669959273962,1.8160309419722,2.73893908032048));
#2171=CARTESIAN_POINT('Ctrl Pts',(0.246699592739619,1.8160309419722,2.73893908032048));
#2172=CARTESIAN_POINT('Ctrl Pts',(0.185808805721981,1.83310021838425,2.74863208043961));
#2173=CARTESIAN_POINT('Ctrl Pts',(0.122096254707613,1.8444177615647,2.7550588875724));
#2174=CARTESIAN_POINT('Ctrl Pts',(0.0607754293783574,1.84870332715181,2.75749249909428));
#2175=CARTESIAN_POINT('Ctrl Pts',(0.040165961226895,1.85014367351056,2.75831041762169));
#2176=CARTESIAN_POINT('Ctrl Pts',(0.0198412768432598,1.85082789090774,2.75869895894894));
#2177=CARTESIAN_POINT('Ctrl Pts',(0.,1.85082789090774,2.75869895894894));
#2178=CARTESIAN_POINT('Origin',(0.,0.,0.));
#2179=CARTESIAN_POINT('',(-6.93889390390723E-17,5.5,-3.5));
#2180=CARTESIAN_POINT('',(0.,7.5,-3.5));
#2181=CARTESIAN_POINT('',(0.,5.5,-10.175));
#2182=CARTESIAN_POINT('',(0.,5.5,-10.175));
#2183=CARTESIAN_POINT('',(0.,6.25,-12.8652602104629));
#2184=CARTESIAN_POINT('Origin',(0.,1.05,-12.8652602104629));
#2185=CARTESIAN_POINT('',(0.,6.25,-13.175));
#2186=CARTESIAN_POINT('',(0.,6.25,-3.175));
#2187=CARTESIAN_POINT('',(0.,3.75,-13.175));
#2188=CARTESIAN_POINT('',(0.,0.,-2.6));
#2189=CARTESIAN_POINT('',(0.,0.,0.));
#2190=CARTESIAN_POINT('',(0.,0.,-2.6));
#2191=CARTESIAN_POINT('Origin',(0.,14.4240383034427,0.));
#2192=CARTESIAN_POINT('',(2.6,14.4240383034427,-3.18408167778312E-16));
#2193=CARTESIAN_POINT('Origin',(0.,14.4240383034427,0.));
#2194=CARTESIAN_POINT('',(3.5,11.5,0.));
#2195=CARTESIAN_POINT('Origin',(7.8,14.4240383034427,9.55224503334935E-16));
#2196=CARTESIAN_POINT('Origin',(0.,11.5,0.));
#2197=CARTESIAN_POINT('',(0.246699592739622,13.1839690580278,2.73893908032048));
#2198=CARTESIAN_POINT('Ctrl Pts',(0.,13.1491721090922,2.75869895894895));
#2199=CARTESIAN_POINT('Ctrl Pts',(0.0590351707609998,13.1491721090922,2.75869895894895));
#2200=CARTESIAN_POINT('Ctrl Pts',(0.122393042159657,13.1555912802939,2.75505375304096));
#2201=CARTESIAN_POINT('Ctrl Pts',(0.184571353479902,13.1687040188493,2.7476075219699));
#2202=CARTESIAN_POINT('Ctrl Pts',(0.205469016223116,13.1731111116467,2.74510489971582));
#2203=CARTESIAN_POINT('Ctrl Pts',(0.226234657230041,13.178232202617,2.74219682475192));
#2204=CARTESIAN_POINT('Ctrl Pts',(0.246699592739622,13.1839690580278,2.73893908032048));
#2205=CARTESIAN_POINT('Ctrl Pts',(0.246699592739622,13.1839690580278,2.73893908032048));
#2206=CARTESIAN_POINT('Ctrl Pts',(0.192536639389309,13.2037559213798,2.73893908032048));
#2207=CARTESIAN_POINT('Ctrl Pts',(0.135140030514208,13.2183702740403,2.73893908032048));
#2208=CARTESIAN_POINT('Ctrl Pts',(0.0790869417420013,13.2251987457171,2.73893908032048));
#2209=CARTESIAN_POINT('Ctrl Pts',(0.0521917051933582,13.2284751639312,2.73893908032048));
#2210=CARTESIAN_POINT('Ctrl Pts',(0.0256510575207304,13.2300272619139,2.73893908032048));
#2211=CARTESIAN_POINT('Ctrl Pts',(0.,13.2300272619139,2.73893908032048));
#2212=CARTESIAN_POINT('Origin',(0.,14.4240383034427,0.));
#2213=CARTESIAN_POINT('',(0.,14.4240383034427,-2.6));
#2214=CARTESIAN_POINT('',(0.,11.5,-3.5));
#2215=CARTESIAN_POINT('Origin',(0.,14.4240383034427,-7.8));
#2216=CARTESIAN_POINT('Origin',(0.,11.5,0.));
#2217=CARTESIAN_POINT('Origin',(0.,14.4240383034427,0.));
#2218=CARTESIAN_POINT('Origin',(0.,11.8043063575611,3.52239764043586));
#2219=CARTESIAN_POINT('',(1.,11.8043063575611,3.52239764043586));
#2220=CARTESIAN_POINT('',(0.,11.8043063575611,3.52239764043586));
#2221=CARTESIAN_POINT('',(1.,13.1839690580278,2.73893908032048));
#2222=CARTESIAN_POINT('',(1.,13.1839690580278,2.73893908032048));
#2223=CARTESIAN_POINT('',(0.,13.1839690580278,2.73893908032048));
#2224=CARTESIAN_POINT('Origin',(0.,0.,0.));
#2225=CARTESIAN_POINT('',(0.,15.,-2.6));
#2226=CARTESIAN_POINT('',(0.,0.,-2.6));
#2227=CARTESIAN_POINT('',(0.,15.,0.));
#2228=CARTESIAN_POINT('',(0.,8.75,-13.175));
#2229=CARTESIAN_POINT('',(0.,3.75,-13.175));
#2230=CARTESIAN_POINT('',(0.,8.75,-12.8652602104629));
#2231=CARTESIAN_POINT('',(0.,8.75,-3.175));
#2232=CARTESIAN_POINT('',(0.,9.5,-10.175));
#2233=CARTESIAN_POINT('Origin',(0.,13.95,-12.8652602104629));
#2234=CARTESIAN_POINT('',(6.93889390390723E-17,9.5,-3.5));
#2235=CARTESIAN_POINT('',(0.,9.5,-10.175));
#2236=CARTESIAN_POINT('',(0.,7.5,-3.5));
#2237=CARTESIAN_POINT('Origin',(0.,7.5,-12.8652602104629));
#2238=CARTESIAN_POINT('Origin',(0.,7.5,-10.175));
#2239=CARTESIAN_POINT('Origin',(0.,7.5,-12.8652602104629));
#2240=CARTESIAN_POINT('Origin',(0.,7.5,-3.175));
#2241=CARTESIAN_POINT('Origin',(0.,7.5,-13.175));
#2242=CARTESIAN_POINT('Origin',(0.,13.25,2.53648867633721));
#2243=CARTESIAN_POINT('',(1.,14.9881197964714,2.73893908032048));
#2244=CARTESIAN_POINT('',(0.,14.9881197964714,2.73893908032048));
#2245=CARTESIAN_POINT('Origin',(1.,13.25,2.53648867633721));
#2246=CARTESIAN_POINT('Origin',(0.,13.1839690580278,2.73893908032048));
#2247=CARTESIAN_POINT('',(1.,14.9881197964714,2.73893908032048));
#2248=CARTESIAN_POINT('Origin',(1.,13.3962130770616,3.51264910354243));
#2249=CARTESIAN_POINT('Origin',(0.,0.0118802035285626,2.73893908032048));
#2250=CARTESIAN_POINT('',(1.,0.0118802035285626,2.73893908032048));
#2251=CARTESIAN_POINT('',(0.,0.0118802035285626,2.73893908032048));
#2252=CARTESIAN_POINT('',(1.,1.8160309419722,2.73893908032048));
#2253=CARTESIAN_POINT('',(1.,3.48811979652965,2.73893908032048));
#2254=CARTESIAN_POINT('',(0.,1.8160309419722,2.73893908032048));
#2255=CARTESIAN_POINT('Origin',(0.,1.75,2.53648867633721));
#2256=CARTESIAN_POINT('',(1.,3.19569364243886,3.52239764043586));
#2257=CARTESIAN_POINT('',(0.,3.19569364243886,3.52239764043586));
#2258=CARTESIAN_POINT('Origin',(1.,1.75,2.53648867633721));
#2259=CARTESIAN_POINT('Origin',(0.,1.8160309419722,2.73893908032048));
#2260=CARTESIAN_POINT('',(1.,3.19569364243886,3.52239764043586));
#2261=CARTESIAN_POINT('Origin',(1.,1.6037869229384,3.51264910354243));
#2262=CARTESIAN_POINT('Origin',(0.,15.,0.));
#2263=CARTESIAN_POINT('Origin',(0.,15.,0.));
#2264=CARTESIAN_POINT('Origin',(0.,0.,0.));
#2265=CARTESIAN_POINT('Origin',(0.,7.5,0.));
#2266=CARTESIAN_POINT('',(2.,7.5,-2.87228132326901));
#2267=CARTESIAN_POINT('Ctrl Pts',(1.38777878078145E-16,9.5,-3.5));
#2268=CARTESIAN_POINT('Ctrl Pts',(0.150727865574345,9.5,-3.5));
#2269=CARTESIAN_POINT('Ctrl Pts',(0.306145429758779,9.48259708211328,-3.48995886683149));
#2270=CARTESIAN_POINT('Ctrl Pts',(0.458245497019193,9.4467950751072,-3.46987190894154));
#2271=CARTESIAN_POINT('Ctrl Pts',(0.618900078252827,9.40897946761612,-3.44865520689669));
#2272=CARTESIAN_POINT('Ctrl Pts',(0.775462333059557,9.35079135307099,-3.41633190994987));
#2273=CARTESIAN_POINT('Ctrl Pts',(0.920710664925237,9.27546947917809,-3.37672798304704));
#2274=CARTESIAN_POINT('Ctrl Pts',(1.06901763233347,9.19856147925083,-3.33629007769576));
#2275=CARTESIAN_POINT('Ctrl Pts',(1.20549802805873,9.10373745829617,-3.2883563614114));
#2276=CARTESIAN_POINT('Ctrl Pts',(1.32444526874713,8.99861426994853,-3.23972911369043));
#2277=CARTESIAN_POINT('Ctrl Pts',(1.35824776067906,8.96874030477358,-3.22591019583031));
#2278=CARTESIAN_POINT('Ctrl Pts',(1.39054528466164,8.93817095841645,-3.21209282349785));
#2279=CARTESIAN_POINT('Ctrl Pts',(1.42162094611402,8.90676717532429,-3.19827983228014));
#2280=CARTESIAN_POINT('Ctrl Pts',(1.53580119391681,8.79138132132075,-3.14752722762353));
#2281=CARTESIAN_POINT('Ctrl Pts',(1.64070190931041,8.65660794042618,-3.09322655777755));
#2282=CARTESIAN_POINT('Ctrl Pts',(1.72746958314427,8.50789326781726,-3.04398568316465));
#2283=CARTESIAN_POINT('Ctrl Pts',(1.8154607764552,8.35708155502709,-2.99405045815033));
#2284=CARTESIAN_POINT('Ctrl Pts',(1.88479756369666,8.19211348312296,-2.94967915318466));
#2285=CARTESIAN_POINT('Ctrl Pts',(1.93100150214072,8.02080053641513,-2.91911513968365));
#2286=CARTESIAN_POINT('Ctrl Pts',(1.96874167642806,7.88086916510445,-2.89414992599639));
#2287=CARTESIAN_POINT('Ctrl Pts',(1.99099359367488,7.73686601443006,-2.87854338716326));
#2288=CARTESIAN_POINT('Ctrl Pts',(1.99774071704594,7.59503697941745,-2.87385316734464));
#2289=CARTESIAN_POINT('Ctrl Pts',(1.99925385422739,7.56322982628185,-2.87280131967468));
#2290=CARTESIAN_POINT('Ctrl Pts',(2.,7.53153104860812,-2.87228132326901));
#2291=CARTESIAN_POINT('Ctrl Pts',(2.,7.5,-2.87228132326901));
#2292=CARTESIAN_POINT('Ctrl Pts',(2.,7.5,-2.87228132326901));
#2293=CARTESIAN_POINT('Ctrl Pts',(2.,7.36124392727026,-2.87228132326901));
#2294=CARTESIAN_POINT('Ctrl Pts',(1.98532099267132,7.21909786459917,-2.88267448096144));
#2295=CARTESIAN_POINT('Ctrl Pts',(1.95528327593209,7.07944404550608,-2.9029067003368));
#2296=CARTESIAN_POINT('Ctrl Pts',(1.91967873614353,6.91390849559433,-2.9268885118045));
#2297=CARTESIAN_POINT('Ctrl Pts',(1.86258589916305,6.75234502641969,-2.96453431457607));
#2298=CARTESIAN_POINT('Ctrl Pts',(1.78718778085778,6.6022473414394,-3.00931218652247));
#2299=CARTESIAN_POINT('Ctrl Pts',(1.71026743442857,6.4491193034138,-3.05499408813883));
#2300=CARTESIAN_POINT('Ctrl Pts',(1.61418127339854,6.30784103420663,-3.107838987624));
#2301=CARTESIAN_POINT('Ctrl Pts',(1.5064524999599,6.18447696129465,-3.15920889865874));
#2302=CARTESIAN_POINT('Ctrl Pts',(1.47657896206463,6.15026770420002,-3.17345394141742));
#2303=CARTESIAN_POINT('Ctrl Pts',(1.44583588695397,6.11741859312671,-3.18759111800603));
#2304=CARTESIAN_POINT('Ctrl Pts',(1.41443410926955,6.08600701892306,-3.20146468831609));
#2305=CARTESIAN_POINT('Ctrl Pts',(1.38578720418076,6.05735117676199,-3.21412113267122));
#2306=CARTESIAN_POINT('Ctrl Pts',(1.35591799702849,6.02921644717281,-3.22685786194896));
#2307=CARTESIAN_POINT('Ctrl Pts',(1.32486904604511,6.00176036268175,-3.23955583542428));
#2308=CARTESIAN_POINT('Ctrl Pts',(1.2061564317593,5.89678472051821,-3.28810528974223));
#2309=CARTESIAN_POINT('Ctrl Pts',(1.06996387175551,5.80206239028844,-3.33597281037281));
#2310=CARTESIAN_POINT('Ctrl Pts',(0.921963714115213,5.7251808796796,-3.37638607239381));
#2311=CARTESIAN_POINT('Ctrl Pts',(0.780435916926489,5.65166156041336,-3.41503197684577));
#2312=CARTESIAN_POINT('Ctrl Pts',(0.628157794972948,5.59439805981791,-3.44678549427449));
#2313=CARTESIAN_POINT('Ctrl Pts',(0.471761350631515,5.55643594701633,-3.46806015346481));
#2314=CARTESIAN_POINT('Ctrl Pts',(0.324450719555843,5.52067923389336,-3.4880988665215));
#2315=CARTESIAN_POINT('Ctrl Pts',(0.173776077883227,5.50217090513061,-3.49875955621649));
#2316=CARTESIAN_POINT('Ctrl Pts',(0.0270952408370104,5.50018354644133,-3.49989511956058));
#2317=CARTESIAN_POINT('Ctrl Pts',(0.0180482719567887,5.50006097029179,-3.49996515874527));
#2318=CARTESIAN_POINT('Ctrl Pts',(0.00901604434079048,5.5,-3.5));
#2319=CARTESIAN_POINT('Ctrl Pts',(-2.08166817117217E-16,5.5,-3.5));
#2320=CARTESIAN_POINT('Origin',(0.,0.,0.));
#2321=CARTESIAN_POINT('Origin',(0.,0.,0.));
#2322=CARTESIAN_POINT('Origin',(0.,0.,0.));
#2323=CARTESIAN_POINT('Origin',(0.,7.5,-10.175));
#2324=CARTESIAN_POINT('Origin',(0.,7.5,-13.175));
#2325=CARTESIAN_POINT('Origin',(0.,7.5,0.));
#2326=CARTESIAN_POINT('',(0.,5.,3.5));
#2327=CARTESIAN_POINT('',(0.,5.,4.5));
#2328=CARTESIAN_POINT('',(0.,5.,0.));
#2329=CARTESIAN_POINT('',(0.,10.,3.5));
#2330=CARTESIAN_POINT('Ctrl Pts',(-4.85722573273506E-16,10.,3.5));
#2331=CARTESIAN_POINT('Ctrl Pts',(-0.177880443516149,10.,3.5));
#2332=CARTESIAN_POINT('Ctrl Pts',(-0.360022849723112,9.98067136858474,3.48610881861866));
#2333=CARTESIAN_POINT('Ctrl Pts',(-0.538349943418795,9.9413478528102,3.4583492215826));
#2334=CARTESIAN_POINT('Ctrl Pts',(-0.726902873125265,9.89976940305259,3.42899780200778));
#2335=CARTESIAN_POINT('Ctrl Pts',(-0.910721527365101,9.83599079034472,3.38425340936084));
#2336=CARTESIAN_POINT('Ctrl Pts',(-1.08238547075459,9.75353981387047,3.32842931315949));
#2337=CARTESIAN_POINT('Ctrl Pts',(-1.26109916172295,9.66770281141838,3.2703126808596));
#2338=CARTESIAN_POINT('Ctrl Pts',(-1.42678340653245,9.56151377102957,3.20018696251032));
#2339=CARTESIAN_POINT('Ctrl Pts',(-1.57331121009889,9.44285661750351,3.12645035722258));
#2340=CARTESIAN_POINT('Ctrl Pts',(-1.62861647712773,9.39807081302875,3.09861930710116));
#2341=CARTESIAN_POINT('Ctrl Pts',(-1.68122498448488,9.35154886162283,3.07030235382032));
#2342=CARTESIAN_POINT('Ctrl Pts',(-1.73095637528493,9.30382649577515,3.0420042779162));
#2343=CARTESIAN_POINT('Ctrl Pts',(-1.7651067715327,9.27105569091002,3.02257207444012));
#2344=CARTESIAN_POINT('Ctrl Pts',(-1.79787632372175,9.23778373858074,3.0031781221108));
#2345=CARTESIAN_POINT('Ctrl Pts',(-1.83020081464952,9.20304579446832,2.98334794786935));
#2346=CARTESIAN_POINT('Ctrl Pts',(-1.95989963334932,9.06366323387337,2.90378133754051));
#2347=CARTESIAN_POINT('Ctrl Pts',(-2.07789310417275,8.90437627280222,2.81924156253012));
#2348=CARTESIAN_POINT('Ctrl Pts',(-2.17622286272672,8.73046903729656,2.74117749365953));
#2349=CARTESIAN_POINT('Ctrl Pts',(-2.28172436018152,8.54387777505929,2.65741977591082));
#2350=CARTESIAN_POINT('Ctrl Pts',(-2.36468899654779,8.34050943783394,2.58148669690483));
#2351=CARTESIAN_POINT('Ctrl Pts',(-2.41984286809043,8.12798128455542,2.52870727719756));
#2352=CARTESIAN_POINT('Ctrl Pts',(-2.46028126453631,7.97215726934476,2.49000981066239));
#2353=CARTESIAN_POINT('Ctrl Pts',(-2.48572588301137,7.81153176409454,2.46401273233127));
#2354=CARTESIAN_POINT('Ctrl Pts',(-2.49543947731649,7.6509364603083,2.45413565538876));
#2355=CARTESIAN_POINT('Ctrl Pts',(-2.50263540400171,7.53196587169451,2.44681861914965));
#2356=CARTESIAN_POINT('Ctrl Pts',(-2.50134190615028,7.41322710357319,2.44815933608623));
#2357=CARTESIAN_POINT('Ctrl Pts',(-2.49152285380543,7.29429664814287,2.45811185037729));
#2358=CARTESIAN_POINT('Ctrl Pts',(-2.47769864024727,7.12685482619357,2.47212396459851));
#2359=CARTESIAN_POINT('Ctrl Pts',(-2.44673412784252,6.96001807823308,2.50352912542019));
#2360=CARTESIAN_POINT('Ctrl Pts',(-2.39974982758914,6.79914283553218,2.5477835004148));
#2361=CARTESIAN_POINT('Ctrl Pts',(-2.33478950904233,6.57671732412113,2.60896943446589));
#2362=CARTESIAN_POINT('Ctrl Pts',(-2.2391995196048,6.36566499363256,2.69416070781674));
#2363=CARTESIAN_POINT('Ctrl Pts',(-2.11979705169679,6.17468476971793,2.78504227250101));
#2364=CARTESIAN_POINT('Ctrl Pts',(-2.06449883682289,6.08623713841076,2.82713175674734));
#2365=CARTESIAN_POINT('Ctrl Pts',(-2.00416160946799,6.00209727956894,2.87041730132964));
#2366=CARTESIAN_POINT('Ctrl Pts',(-1.93990788435858,5.92305440797616,2.9132039750425));
#2367=CARTESIAN_POINT('Ctrl Pts',(-1.90161699122671,5.87595017948447,2.93870195119591));
#2368=CARTESIAN_POINT('Ctrl Pts',(-1.86194170916855,5.83065443486243,2.96402637396131));
#2369=CARTESIAN_POINT('Ctrl Pts',(-1.82117206157439,5.78730261804927,2.98886806703489));
#2370=CARTESIAN_POINT('Ctrl Pts',(-1.78196282083483,5.74561003736167,3.01275897562935));
#2371=CARTESIAN_POINT('Ctrl Pts',(-1.74198400327243,5.70589594985347,3.03608734273759));
#2372=CARTESIAN_POINT('Ctrl Pts',(-1.69974652236671,5.66673467285766,3.05955254239934));
#2373=CARTESIAN_POINT('Ctrl Pts',(-1.56572587759967,5.5424749045113,3.13400824195385));
#2374=CARTESIAN_POINT('Ctrl Pts',(-1.41167588692628,5.42752415547807,3.20778698524555));
#2375=CARTESIAN_POINT('Ctrl Pts',(-1.24255620763784,5.33065584314967,3.27201070763234));
#2376=CARTESIAN_POINT('Ctrl Pts',(-1.07774642862483,5.23625615403378,3.33459773203123));
#2377=CARTESIAN_POINT('Ctrl Pts',(-0.898832446586399,5.15907373895096,3.38797372849029));
#2378=CARTESIAN_POINT('Ctrl Pts',(-0.712383139636386,5.10364646548932,3.42673463553305));
#2379=CARTESIAN_POINT('Ctrl Pts',(-0.54197408667896,5.05298760634354,3.46216093756107));
#2380=CARTESIAN_POINT('Ctrl Pts',(-0.365372812130811,5.02060833851133,3.48529701002784));
#2381=CARTESIAN_POINT('Ctrl Pts',(-0.190153951531351,5.00724219493409,3.49483067897674));
#2382=CARTESIAN_POINT('Ctrl Pts',(-0.126470681636124,5.00238427195721,3.49829568959653));
#2383=CARTESIAN_POINT('Ctrl Pts',(-0.0629779891383787,5.,3.5));
#2384=CARTESIAN_POINT('Ctrl Pts',(2.77555756156289E-16,5.,3.5));
#2385=CARTESIAN_POINT('',(0.,10.,4.5));
#2386=CARTESIAN_POINT('',(0.,10.,0.));
#2387=CARTESIAN_POINT('Ctrl Pts',(-4.85722573273506E-16,5.,4.5));
#2388=CARTESIAN_POINT('Ctrl Pts',(-0.178337280224549,5.,4.5));
#2389=CARTESIAN_POINT('Ctrl Pts',(-0.362012886514359,5.01944736152382,4.48909920253697));
#2390=CARTESIAN_POINT('Ctrl Pts',(-0.54252433358903,5.0595763999945,4.46717666400869));
#2391=CARTESIAN_POINT('Ctrl Pts',(-0.732683672076978,5.1018502365484,4.44408241989246));
#2392=CARTESIAN_POINT('Ctrl Pts',(-0.918905741478834,5.16693283238075,4.40884573886759));
#2393=CARTESIAN_POINT('Ctrl Pts',(-1.09326611997997,5.25171861393998,4.36517687968127));
#2394=CARTESIAN_POINT('Ctrl Pts',(-1.22909196045692,5.31776630286894,4.33115906237301));
#2395=CARTESIAN_POINT('Ctrl Pts',(-1.35783812593374,5.39574660259488,4.29209082146114));
#2396=CARTESIAN_POINT('Ctrl Pts',(-1.47645751732984,5.48255775807083,4.25089087127865));
#2397=CARTESIAN_POINT('Ctrl Pts',(-1.56350295315867,5.54626163291179,4.22065747033509));
#2398=CARTESIAN_POINT('Ctrl Pts',(-1.64509813577498,5.61467769857301,4.18930820127269));
#2399=CARTESIAN_POINT('Ctrl Pts',(-1.72045650466601,5.68615617663692,4.15812811437459));
#2400=CARTESIAN_POINT('Ctrl Pts',(-1.76102066297114,5.72463185415306,4.14134439148469));
#2401=CARTESIAN_POINT('Ctrl Pts',(-1.79970148667398,5.76384789651183,4.12465901075032));
#2402=CARTESIAN_POINT('Ctrl Pts',(-1.83774923091732,5.80510243251611,4.10763651803112));
#2403=CARTESIAN_POINT('Ctrl Pts',(-1.96777303253684,5.94608507713808,4.0494641017576));
#2404=CARTESIAN_POINT('Ctrl Pts',(-2.08608179602433,6.10757767864761,3.98883818915189));
#2405=CARTESIAN_POINT('Ctrl Pts',(-2.18409646626482,6.28356149927359,3.93442786514755));
#2406=CARTESIAN_POINT('Ctrl Pts',(-2.28050905702109,6.45666881102708,3.88090689437578));
#2407=CARTESIAN_POINT('Ctrl Pts',(-2.35732212903731,6.64366265270173,3.83366708071385));
#2408=CARTESIAN_POINT('Ctrl Pts',(-2.41053366086563,6.83718217447495,3.79991150815828));
#2409=CARTESIAN_POINT('Ctrl Pts',(-2.456324268004,7.00371330204547,3.77086351595595));
#2410=CARTESIAN_POINT('Ctrl Pts',(-2.48456025242773,7.17493246733709,3.75194905082807));
#2411=CARTESIAN_POINT('Ctrl Pts',(-2.49513045394361,7.34403840920556,3.7449064097522));
#2412=CARTESIAN_POINT('Ctrl Pts',(-2.49897177981268,7.4054933425042,3.74234703760489));
#2413=CARTESIAN_POINT('Ctrl Pts',(-2.50051683160804,7.46642420475591,3.74131209833147));
#2414=CARTESIAN_POINT('Ctrl Pts',(-2.4998504482515,7.5273447687275,3.74175730591613));
#2415=CARTESIAN_POINT('Ctrl Pts',(-2.49804123930642,7.69274210075139,3.74296602989863));
#2416=CARTESIAN_POINT('Ctrl Pts',(-2.47952320542253,7.86181634211388,3.75550217162604));
#2417=CARTESIAN_POINT('Ctrl Pts',(-2.44358269046243,8.02811327844735,3.77874365826427));
#2418=CARTESIAN_POINT('Ctrl Pts',(-2.40356977568081,8.21325322842695,3.80461862486632));
#2419=CARTESIAN_POINT('Ctrl Pts',(-2.34206683004957,8.39456663061442,3.84361169295358));
#2420=CARTESIAN_POINT('Ctrl Pts',(-2.26176555479514,8.56508993758379,3.89029774890589));
#2421=CARTESIAN_POINT('Ctrl Pts',(-2.1749604606227,8.74942439146601,3.94076503564125));
#2422=CARTESIAN_POINT('Ctrl Pts',(-2.06601338756564,8.92131626968255,4.00004578855287));
#2423=CARTESIAN_POINT('Ctrl Pts',(-1.94240505469737,9.0738686741549,4.05919482206584));
#2424=CARTESIAN_POINT('Ctrl Pts',(-1.90110774746112,9.12483614027094,4.07895640086098));
#2425=CARTESIAN_POINT('Ctrl Pts',(-1.85821284499106,9.17366512142343,4.09870326313005));
#2426=CARTESIAN_POINT('Ctrl Pts',(-1.81410136763349,9.22018494004287,4.11813504246161));
#2427=CARTESIAN_POINT('Ctrl Pts',(-1.77529442334529,9.26111061557236,4.13523009397911));
#2428=CARTESIAN_POINT('Ctrl Pts',(-1.7356899217901,9.30016669872969,4.15203678326758));
#2429=CARTESIAN_POINT('Ctrl Pts',(-1.69395930867648,9.33861411409472,4.16899290723171));
#2430=CARTESIAN_POINT('Ctrl Pts',(-1.55647614193557,9.4652806551061,4.22485553287521));
#2431=CARTESIAN_POINT('Ctrl Pts',(-1.39899161595747,9.58127408121909,4.28073642717966));
#2432=CARTESIAN_POINT('Ctrl Pts',(-1.22720458854857,9.67806540256378,4.32943055122095));
#2433=CARTESIAN_POINT('Ctrl Pts',(-1.05844322194973,9.77315195194657,4.37726703248785));
#2434=CARTESIAN_POINT('Ctrl Pts',(-0.876070457714456,9.84968696569062,4.41802752509439));
#2435=CARTESIAN_POINT('Ctrl Pts',(-0.687348801243143,9.90365380731702,4.44719592838337));
#2436=CARTESIAN_POINT('Ctrl Pts',(-0.513374596270948,9.95340346796734,4.47408499807145));
#2437=CARTESIAN_POINT('Ctrl Pts',(-0.334145997419331,9.98386906706675,4.4910488138509));
#2438=CARTESIAN_POINT('Ctrl Pts',(-0.157695681138691,9.99502145725246,4.49723604808));
#2439=CARTESIAN_POINT('Ctrl Pts',(-0.104814834763887,9.99836374557789,4.49909031612355));
#2440=CARTESIAN_POINT('Ctrl Pts',(-0.0521852376227053,10.,4.5));
#2441=CARTESIAN_POINT('Ctrl Pts',(6.93889390390723E-17,10.,4.5));
#2442=CARTESIAN_POINT('Origin',(0.,7.5,0.));
#2443=CARTESIAN_POINT('',(0.,3.5,3.5));
#2444=CARTESIAN_POINT('',(0.,7.5,3.5));
#2445=CARTESIAN_POINT('',(0.,3.5,-3.5));
#2446=CARTESIAN_POINT('Origin',(0.,3.5,0.));
#2447=CARTESIAN_POINT('',(-6.93889390390723E-17,5.5,-3.5));
#2448=CARTESIAN_POINT('',(0.,7.5,-3.5));
#2449=CARTESIAN_POINT('',(6.93889390390723E-17,9.5,-3.5));
#2450=CARTESIAN_POINT('Ctrl Pts',(-1.38777878078145E-16,5.5,-3.5));
#2451=CARTESIAN_POINT('Ctrl Pts',(-0.150727865574557,5.5,-3.5));
#2452=CARTESIAN_POINT('Ctrl Pts',(-0.306145429759216,5.51740291788677,-3.48995886683146));
#2453=CARTESIAN_POINT('Ctrl Pts',(-0.458245497019833,5.55320492489296,-3.46987190894146));
#2454=CARTESIAN_POINT('Ctrl Pts',(-0.619095661902057,5.59106656975464,-3.44862937731883));
#2455=CARTESIAN_POINT('Ctrl Pts',(-0.775843026983744,5.64935103213997,-3.41625260333476));
#2456=CARTESIAN_POINT('Ctrl Pts',(-0.921241098973724,5.72480569019567,-3.37658330825136));
#2457=CARTESIAN_POINT('Ctrl Pts',(-1.02916706840452,5.78081411594213,-3.3471376143029));
#2458=CARTESIAN_POINT('Ctrl Pts',(-1.1308960750124,5.84623235558789,-3.31375315832809));
#2459=CARTESIAN_POINT('Ctrl Pts',(-1.22404535067811,5.91831957099947,-3.27898047866762));
#2460=CARTESIAN_POINT('Ctrl Pts',(-1.27639400158008,5.95883162487328,-3.25943869634604));
#2461=CARTESIAN_POINT('Ctrl Pts',(-1.32604553339612,6.00142612597423,-3.239471982553));
#2462=CARTESIAN_POINT('Ctrl Pts',(-1.37272853938882,6.04548415025912,-3.21956772830569));
#2463=CARTESIAN_POINT('Ctrl Pts',(-1.40872599349247,6.07945747038638,-3.20421947762005));
#2464=CARTESIAN_POINT('Ctrl Pts',(-1.44288817964971,6.11416294881324,-3.1889561479392));
#2465=CARTESIAN_POINT('Ctrl Pts',(-1.47641808314968,6.15085595885812,-3.17335621129249));
#2466=CARTESIAN_POINT('Ctrl Pts',(-1.58635877033171,6.27116810765735,-3.12220581788508));
#2467=CARTESIAN_POINT('Ctrl Pts',(-1.68551909963034,6.40987444631718,-3.06882736840831));
#2468=CARTESIAN_POINT('Ctrl Pts',(-1.76593892765643,6.56113914567297,-3.02183052201603));
#2469=CARTESIAN_POINT('Ctrl Pts',(-1.84672181837543,6.71308674339401,-2.97462150404829));
#2470=CARTESIAN_POINT('Ctrl Pts',(-1.90866424815341,6.8776929494821,-2.93415216543593));
#2471=CARTESIAN_POINT('Ctrl Pts',(-1.94805576137404,7.04714378597904,-2.90776181118354));
#2472=CARTESIAN_POINT('Ctrl Pts',(-1.97187283318685,7.14959790392528,-2.89180555789431));
#2473=CARTESIAN_POINT('Ctrl Pts',(-1.98747427800584,7.25368436578649,-2.88097678368333));
#2474=CARTESIAN_POINT('Ctrl Pts',(-1.99487996183485,7.35698273576321,-2.87583969265844));
#2475=CARTESIAN_POINT('Ctrl Pts',(-1.99890745952548,7.41316039013417,-2.87304594359799));
#2476=CARTESIAN_POINT('Ctrl Pts',(-2.00053262417902,7.46886302540342,-2.87191049870265));
#2477=CARTESIAN_POINT('Ctrl Pts',(-1.99984945252232,7.52453909627884,-2.87238614521902));
#2478=CARTESIAN_POINT('Ctrl Pts',(-1.9981370673081,7.66409242759334,-2.87357836397375));
#2479=CARTESIAN_POINT('Ctrl Pts',(-1.98153025361788,7.80674464559962,-2.8853116072165));
#2480=CARTESIAN_POINT('Ctrl Pts',(-1.94952371488237,7.94649444017956,-2.90677781832586));
#2481=CARTESIAN_POINT('Ctrl Pts',(-1.91135555718208,8.11314764320746,-2.93237651669247));
#2482=CARTESIAN_POINT('Ctrl Pts',(-1.8513890044335,8.27524847912204,-2.97163404193723));
#2483=CARTESIAN_POINT('Ctrl Pts',(-1.77307655655619,8.42531050171866,-3.01764801204363));
#2484=CARTESIAN_POINT('Ctrl Pts',(-1.69440118114717,8.57606796470745,-3.06387522713274));
#2485=CARTESIAN_POINT('Ctrl Pts',(-1.59712631278294,8.71468969686166,-3.11664785663608));
#2486=CARTESIAN_POINT('Ctrl Pts',(-1.48887915093595,8.83537967406586,-3.1675288276365));
#2487=CARTESIAN_POINT('Ctrl Pts',(-1.46270120997321,8.86456672196751,-3.17983362188929));
#2488=CARTESIAN_POINT('Ctrl Pts',(-1.43597629687987,8.89264443845425,-3.19200030902664));
#2489=CARTESIAN_POINT('Ctrl Pts',(-1.40860641418042,8.91979856667408,-3.20403307878208));
#2490=CARTESIAN_POINT('Ctrl Pts',(-1.29747615221746,9.03005279814388,-3.25288987768569));
#2491=CARTESIAN_POINT('Ctrl Pts',(-1.16773790809616,9.13226391927434,-3.30286180047172));
#2492=CARTESIAN_POINT('Ctrl Pts',(-1.02427986531128,9.21780405096679,-3.34676720993826));
#2493=CARTESIAN_POINT('Ctrl Pts',(-0.883664869654274,9.30164895093151,-3.3898025033356));
#2494=CARTESIAN_POINT('Ctrl Pts',(-0.730120315186711,9.36940692624358,-3.42682360474916));
#2495=CARTESIAN_POINT('Ctrl Pts',(-0.570433554721744,9.41692607046999,-3.45320221818061));
#2496=CARTESIAN_POINT('Ctrl Pts',(-0.423789220617658,9.46056408555645,-3.47742635667514));
#2497=CARTESIAN_POINT('Ctrl Pts',(-0.272052300792337,9.48704644985525,-3.49260601194161));
#2498=CARTESIAN_POINT('Ctrl Pts',(-0.122781558633437,9.49622761449178,-3.49784572113459));
#2499=CARTESIAN_POINT('Ctrl Pts',(-0.0816179657647398,9.49875945507683,
-3.49929064766775));
#2500=CARTESIAN_POINT('Ctrl Pts',(-0.0406436199312701,9.5,-3.5));
#2501=CARTESIAN_POINT('Ctrl Pts',(5.55111512312578E-16,9.5,-3.5));
#2502=CARTESIAN_POINT('',(0.,11.5,-3.5));
#2503=CARTESIAN_POINT('',(0.,7.5,-3.5));
#2504=CARTESIAN_POINT('',(0.,11.5,3.5));
#2505=CARTESIAN_POINT('Origin',(0.,11.5,0.));
#2506=CARTESIAN_POINT('',(0.,7.5,3.5));
#2507=CARTESIAN_POINT('Origin',(0.,0.,0.));
#2508=CARTESIAN_POINT('',(0.,0.,4.5));
#2509=CARTESIAN_POINT('',(0.,0.,4.5));
#2510=CARTESIAN_POINT('',(0.,0.,2.6));
#2511=CARTESIAN_POINT('',(0.,0.,0.));
#2512=CARTESIAN_POINT('',(0.,0.575961696557309,2.6));
#2513=CARTESIAN_POINT('',(0.,0.,2.6));
#2514=CARTESIAN_POINT('Origin',(0.,0.57596169655731,7.8));
#2515=CARTESIAN_POINT('',(0.,2.81429848312055,3.5933141618796));
#2516=CARTESIAN_POINT('',(0.,1.75,2.98893908032048));
#2517=CARTESIAN_POINT('',(0.,0.446638827001059,2.24880928804396));
#2518=CARTESIAN_POINT('',(0.,0.32,2.98893908032048));
#2519=CARTESIAN_POINT('',(0.,0.16,2.98893908032048));
#2520=CARTESIAN_POINT('Origin',(0.,1.75,2.53648867633721));
#2521=CARTESIAN_POINT('Origin',(0.,0.,0.));
#2522=CARTESIAN_POINT('',(0.,14.4240383034427,2.6));
#2523=CARTESIAN_POINT('Origin',(0.,14.4240383034427,7.8));
#2524=CARTESIAN_POINT('',(0.,15.,2.6));
#2525=CARTESIAN_POINT('',(0.,0.,2.6));
#2526=CARTESIAN_POINT('',(0.,15.,4.5));
#2527=CARTESIAN_POINT('',(0.,15.,0.));
#2528=CARTESIAN_POINT('',(0.,0.,4.5));
#2529=CARTESIAN_POINT('',(0.,13.25,2.98893908032048));
#2530=CARTESIAN_POINT('',(0.,12.1857015168794,3.5933141618796));
#2531=CARTESIAN_POINT('',(0.,8.34999589604537,5.77146712760717));
#2532=CARTESIAN_POINT('',(0.,14.68,2.98893908032048));
#2533=CARTESIAN_POINT('Origin',(0.,13.25,2.53648867633721));
#2534=CARTESIAN_POINT('',(0.,6.625,2.98893908032048));
#2535=CARTESIAN_POINT('Origin',(0.,14.4240383034427,0.));
#2536=CARTESIAN_POINT('',(0.,14.4240383034427,-2.6));
#2537=CARTESIAN_POINT('Origin',(0.,14.4240383034427,-7.8));
#2538=CARTESIAN_POINT('Origin',(0.,14.4240383034427,0.));
#2539=CARTESIAN_POINT('Origin',(0.,0.,0.));
#2540=CARTESIAN_POINT('',(0.,15.,-2.6));
#2541=CARTESIAN_POINT('',(0.,0.,-2.6));
#2542=CARTESIAN_POINT('Origin',(0.,15.,0.));
#2543=CARTESIAN_POINT('Origin',(0.,0.,0.));
#2544=CARTESIAN_POINT('',(0.,9.5,-10.175));
#2545=CARTESIAN_POINT('',(0.,9.5,-10.175));
#2546=CARTESIAN_POINT('',(0.,8.75,-12.8652602104629));
#2547=CARTESIAN_POINT('Origin',(0.,13.95,-12.8652602104629));
#2548=CARTESIAN_POINT('',(0.,8.75,-13.175));
#2549=CARTESIAN_POINT('',(0.,8.75,-3.175));
#2550=CARTESIAN_POINT('',(0.,10.5,-13.175));
#2551=CARTESIAN_POINT('',(0.,3.75,-13.175));
#2552=CARTESIAN_POINT('',(-1.24041911961414E-15,10.5,-9.7));
#2553=CARTESIAN_POINT('',(0.,10.5,-3.175));
#2554=CARTESIAN_POINT('',(2.68442273295223E-16,15.,-4.5473307888047));
#2555=CARTESIAN_POINT('Ctrl Pts',(4.19355753012694E-16,14.9999991955002,
-4.54735317365409));
#2556=CARTESIAN_POINT('Ctrl Pts',(4.37493596959936E-16,14.8464924221667,
-4.56819695788276));
#2557=CARTESIAN_POINT('Ctrl Pts',(4.54693433346615E-16,14.6939166466779,
-4.59588762502333));
#2558=CARTESIAN_POINT('Ctrl Pts',(4.70935958121563E-16,14.542887262579,
-4.63035707982229));
#2559=CARTESIAN_POINT('Ctrl Pts',(5.11717472291912E-16,14.1636847030566,
-4.71690252634647));
#2560=CARTESIAN_POINT('Ctrl Pts',(5.4646404663579E-16,13.7942306714656,
-4.84618178609674));
#2561=CARTESIAN_POINT('Ctrl Pts',(5.740407723396E-16,13.4437947338935,-5.01494451179214));
#2562=CARTESIAN_POINT('Ctrl Pts',(6.01617498043407E-16,13.0933587963213,
-5.18370723748754));
#2563=CARTESIAN_POINT('Ctrl Pts',(6.22024375107156E-16,12.7619409527679,
-5.39195342912806));
#2564=CARTESIAN_POINT('Ctrl Pts',(6.34834573118307E-16,12.4578430793412,
-5.63446248797165));
#2565=CARTESIAN_POINT('Ctrl Pts',(6.47644771129458E-16,12.1537452059145,
-5.87697154681524));
#2566=CARTESIAN_POINT('Ctrl Pts',(6.52858290088017E-16,11.8769673026145,
-6.1537434728619));
#2567=CARTESIAN_POINT('Ctrl Pts',(6.50352146249434E-16,11.6344586295358,
-6.45784054684607));
#2568=CARTESIAN_POINT('Ctrl Pts',(6.47846002410845E-16,11.3919499564571,
-6.76193762083025));
#2569=CARTESIAN_POINT('Ctrl Pts',(6.37620195775117E-16,11.1837105135998,
-7.09335984275193));
#2570=CARTESIAN_POINT('Ctrl Pts',(6.19826837962909E-16,11.01494781492,-7.44379681832516));
#2571=CARTESIAN_POINT('Ctrl Pts',(6.0203348015069E-16,10.8461851162402,
-7.79423379389839));
#2572=CARTESIAN_POINT('Ctrl Pts',(5.76672571161999E-16,10.7168991617379,
-8.16368552312315));
#2573=CARTESIAN_POINT('Ctrl Pts',(5.44680788639731E-16,10.6303528826779,
-8.54288730203744));
#2574=CARTESIAN_POINT('Ctrl Pts',(5.12689006117469E-16,10.5438066036178,
-8.92208908095173));
#2575=CARTESIAN_POINT('Ctrl Pts',(4.74066350061635E-16,10.5,-9.31104090955555));
#2576=CARTESIAN_POINT('Ctrl Pts',(4.2882842125442E-16,10.5,-9.7));
#2577=CARTESIAN_POINT('',(0.,15.,0.));
#2578=CARTESIAN_POINT('Origin',(0.,0.57596169655731,0.));
#2579=CARTESIAN_POINT('',(0.,0.575961696557309,-2.6));
#2580=CARTESIAN_POINT('Origin',(0.,0.57596169655731,-7.8));
#2581=CARTESIAN_POINT('Origin',(0.,0.575961696557309,0.));
#2582=CARTESIAN_POINT('Origin',(0.,7.5,-12.8652602104629));
#2583=CARTESIAN_POINT('',(0.,5.5,-10.175));
#2584=CARTESIAN_POINT('',(0.,6.25,-12.8652602104629));
#2585=CARTESIAN_POINT('Origin',(0.,1.05,-12.8652602104629));
#2586=CARTESIAN_POINT('',(-1.25,7.5,-12.8652602104629));
#2587=CARTESIAN_POINT('Origin',(0.,7.5,-12.8652602104629));
#2588=CARTESIAN_POINT('',(-2.,7.5,-10.175));
#2589=CARTESIAN_POINT('Origin',(-6.45,7.5,-12.8652602104629));
#2590=CARTESIAN_POINT('Origin',(0.,7.5,-10.175));
#2591=CARTESIAN_POINT('Origin',(0.,7.5,-12.8652602104629));
#2592=CARTESIAN_POINT('Origin',(0.,7.5,-10.175));
#2593=CARTESIAN_POINT('Origin',(0.,7.5,-12.8652602104629));
#2594=CARTESIAN_POINT('Ctrl Pts',(4.6686888411836E-14,15.7,-4.5));
#2595=CARTESIAN_POINT('Ctrl Pts',(-0.152537385028178,15.7,-4.5));
#2596=CARTESIAN_POINT('Ctrl Pts',(-0.457578054258801,15.6602832366496,-4.48440929701174));
#2597=CARTESIAN_POINT('Ctrl Pts',(-0.904039917222473,15.4847403265367,-4.4157799196217));
#2598=CARTESIAN_POINT('Ctrl Pts',(-1.32983443716055,15.2021599539786,-4.30624691662213));
#2599=CARTESIAN_POINT('Ctrl Pts',(-1.72819970691724,14.8245122722357,-4.1618102441448));
#2600=CARTESIAN_POINT('Ctrl Pts',(-2.09518757333474,14.3640690803537,-3.98903924679278));
#2601=CARTESIAN_POINT('Ctrl Pts',(-2.42874136227354,13.8318818066421,-3.7945083732967));
#2602=CARTESIAN_POINT('Ctrl Pts',(-2.72808512133194,13.2368906809029,-3.58462298328316));
#2603=CARTESIAN_POINT('Ctrl Pts',(-2.99327522020454,12.5850896566382,-3.3655796415386));
#2604=CARTESIAN_POINT('Ctrl Pts',(-3.22450940711795,11.8793078601754,-3.14388681168238));
#2605=CARTESIAN_POINT('Ctrl Pts',(-3.42149755463404,11.1196816485055,-2.9272583635897));
#2606=CARTESIAN_POINT('Ctrl Pts',(-3.58297154452161,10.3035545893263,-2.72598679303427));
#2607=CARTESIAN_POINT('Ctrl Pts',(-3.70614064334362,9.42634167934281,-2.55445534879566));
#2608=CARTESIAN_POINT('Ctrl Pts',(-3.77227656405151,8.64279498984241,-2.45386727061575));
#2609=CARTESIAN_POINT('Ctrl Pts',(-3.79951859407058,7.99313042124655,-2.41120060129953));
#2610=CARTESIAN_POINT('Ctrl Pts',(-3.80642879039147,7.50000008196625,-2.40021129209997));
#2611=CARTESIAN_POINT('Ctrl Pts',(-3.79951847622595,7.00686945028077,-2.41120130563052));
#2612=CARTESIAN_POINT('Ctrl Pts',(-3.77227623742705,6.35720557032191,-2.45386804588778));
#2613=CARTESIAN_POINT('Ctrl Pts',(-3.70614147097546,5.57365695057666,-2.55445316688152));
#2614=CARTESIAN_POINT('Ctrl Pts',(-3.5829701336527,4.69644775303921,-2.72599056166238));
#2615=CARTESIAN_POINT('Ctrl Pts',(-3.42149777585268,3.88031803591309,-2.92725776976804));
#2616=CARTESIAN_POINT('Ctrl Pts',(-3.22450901485952,3.12069251535797,-3.14388795553769));
#2617=CARTESIAN_POINT('Ctrl Pts',(-2.99327542354212,2.41491015272603,-3.36557904658793));
#2618=CARTESIAN_POINT('Ctrl Pts',(-2.72808501459183,1.76310941868637,-3.58462329583715));
#2619=CARTESIAN_POINT('Ctrl Pts',(-2.42874141868268,1.16811814078689,-3.79450820809141));
#2620=CARTESIAN_POINT('Ctrl Pts',(-2.09518754328347,0.63593094764791,-3.98903933480646));
#2621=CARTESIAN_POINT('Ctrl Pts',(-1.72819972285287,0.17548771291658,-4.16181019747245));
#2622=CARTESIAN_POINT('Ctrl Pts',(-1.32983442868328,-0.202159946080033,
-4.30624694145057));
#2623=CARTESIAN_POINT('Ctrl Pts',(-0.904039921782205,-0.484740330785055,
-4.41577990626719));
#2624=CARTESIAN_POINT('Ctrl Pts',(-0.457578051746369,-0.660283234308635,
-4.48440930437032));
#2625=CARTESIAN_POINT('Ctrl Pts',(-0.152537385028208,-0.700000000000001,
-4.5));
#2626=CARTESIAN_POINT('Ctrl Pts',(9.71646169181825E-15,-0.7,-4.5));
#2627=CARTESIAN_POINT('Ctrl Pts',(4.19992930878145E-14,15.3110409095556,
-4.5));
#2628=CARTESIAN_POINT('Ctrl Pts',(-0.136939679503382,15.3110409095556,-4.5));
#2629=CARTESIAN_POINT('Ctrl Pts',(-0.410805280090733,15.2752744787216,-4.48764362586009));
#2630=CARTESIAN_POINT('Ctrl Pts',(-0.816531464922266,15.1164720339087,-4.43239369658303));
#2631=CARTESIAN_POINT('Ctrl Pts',(-1.21167293787616,14.8587726338065,-4.341740311788));
#2632=CARTESIAN_POINT('Ctrl Pts',(-1.5907336018937,14.5110635091286,-4.21820804070763));
#2633=CARTESIAN_POINT('Ctrl Pts',(-1.94890811105303,14.0830120915716,-4.06546110316663));
#2634=CARTESIAN_POINT('Ctrl Pts',(-2.28216467994486,13.5838754892944,-3.88814439384961));
#2635=CARTESIAN_POINT('Ctrl Pts',(-2.58743678590773,13.0215541267714,-3.6916566401804));
#2636=CARTESIAN_POINT('Ctrl Pts',(-2.86261965196287,12.4015950589783,-3.48190390880925));
#2637=CARTESIAN_POINT('Ctrl Pts',(-3.10605379885029,11.7267774353704,-3.26558820360531));
#2638=CARTESIAN_POINT('Ctrl Pts',(-3.31588830734501,10.9974305392992,-3.05094631994791));
#2639=CARTESIAN_POINT('Ctrl Pts',(-3.48950816161736,10.2112621244049,-2.84906922848831));
#2640=CARTESIAN_POINT('Ctrl Pts',(-3.6228906115711,9.36417085677262,-2.67540198313609));
#2641=CARTESIAN_POINT('Ctrl Pts',(-3.69486534810676,8.60625287783178,-2.57289624372349));
#2642=CARTESIAN_POINT('Ctrl Pts',(-3.72455508282066,7.97742026385699,-2.52933008338442));
#2643=CARTESIAN_POINT('Ctrl Pts',(-3.73209278463052,7.50000008040964,-2.51809755786007));
#2644=CARTESIAN_POINT('Ctrl Pts',(-3.7245549227631,7.02257960981487,-2.52933084731187));
#2645=CARTESIAN_POINT('Ctrl Pts',(-3.69486497641655,6.3937476720858,-2.57289704237695));
#2646=CARTESIAN_POINT('Ctrl Pts',(-3.62289156709226,5.6358277993622,-2.67539971608986));
#2647=CARTESIAN_POINT('Ctrl Pts',(-3.48950653026718,4.78874017263935,-2.84907314771211));
#2648=CARTESIAN_POINT('Ctrl Pts',(-3.31588856105412,4.00256915047931,-3.05094570621681));
#2649=CARTESIAN_POINT('Ctrl Pts',(-3.1060533681503,3.27322293792808,-3.26558937508405));
#2650=CARTESIAN_POINT('Ctrl Pts',(-2.86261987437105,2.59840475144434,-3.48190329954599));
#2651=CARTESIAN_POINT('Ctrl Pts',(-2.58743666926662,1.9784459722732,-3.69165696024952));
#2652=CARTESIAN_POINT('Ctrl Pts',(-2.28216474157288,1.41612445842112,-3.88814422467253));
#2653=CARTESIAN_POINT('Ctrl Pts',(-1.94890807822262,0.916987936277481,-4.06546119329626));
#2654=CARTESIAN_POINT('Ctrl Pts',(-1.59073361930286,0.48893647610456,-4.21820799291323));
#2655=CARTESIAN_POINT('Ctrl Pts',(-1.21167292861504,0.141227374048996,-4.34174033721334));
#2656=CARTESIAN_POINT('Ctrl Pts',(-0.816531469903603,-0.11647203813391,
-4.43239368290747));
#2657=CARTESIAN_POINT('Ctrl Pts',(-0.410805277345983,-0.275274476393395,
-4.48764363339557));
#2658=CARTESIAN_POINT('Ctrl Pts',(-0.136939679503409,-0.31104090955555,
-4.5));
#2659=CARTESIAN_POINT('Ctrl Pts',(8.6562496057258E-15,-0.31104090955555,
-4.5));
#2660=CARTESIAN_POINT('Ctrl Pts',(3.35168346921482E-14,14.5331387346475,
-4.5876232665962));
#2661=CARTESIAN_POINT('Ctrl Pts',(-0.108719560759181,14.5331387346475,-4.5876232665962));
#2662=CARTESIAN_POINT('Ctrl Pts',(-0.32616690600524,14.5052724658667,-4.58050383225531));
#2663=CARTESIAN_POINT('Ctrl Pts',(-0.658307433602541,14.3799489334289,-4.54677721812921));
#2664=CARTESIAN_POINT('Ctrl Pts',(-0.99823620582034,14.172008785306,-4.48608387440596));
#2665=CARTESIAN_POINT('Ctrl Pts',(-1.34265334809276,13.8841740085835,-4.39502396705758));
#2666=CARTESIAN_POINT('Ctrl Pts',(-1.68505146956556,13.5209037045431,-4.2724176142388));
#2667=CARTESIAN_POINT('Ctrl Pts',(-2.01770966083582,13.0878665219804,-4.11981696640314));
#2668=CARTESIAN_POINT('Ctrl Pts',(-2.33336139962029,12.5908832835936,-3.94114208898662));
#2669=CARTESIAN_POINT('Ctrl Pts',(-2.62600097976122,12.0346071784736,-3.74204013138702));
#2670=CARTESIAN_POINT('Ctrl Pts',(-2.89066501692444,11.4217172966241,-3.52976342224097));
#2671=CARTESIAN_POINT('Ctrl Pts',(-3.12276795890449,10.75292867541,-3.31365172779435));
#2672=CARTESIAN_POINT('Ctrl Pts',(-3.31736908477285,10.0266773553789,-3.10638256521261));
#2673=CARTESIAN_POINT('Ctrl Pts',(-3.46834369910195,9.23982927687002,-2.92548029144384));
#2674=CARTESIAN_POINT('Ctrl Pts',(-3.55035433556756,8.53316868279559,-2.81765451143275));
#2675=CARTESIAN_POINT('Ctrl Pts',(-3.58424848216848,7.94599995999867,-2.77169297270568));
#2676=CARTESIAN_POINT('Ctrl Pts',(-3.59286366476276,7.50000007730483,-2.75982482007137));
#2677=CARTESIAN_POINT('Ctrl Pts',(-3.58424825197861,7.05399991795049,-2.77169384916089));
#2678=CARTESIAN_POINT('Ctrl Pts',(-3.55035388486378,6.46683184664894,-2.81765536565886));
#2679=CARTESIAN_POINT('Ctrl Pts',(-3.46834487636763,5.76016943162868,-2.92547783629171));
#2680=CARTESIAN_POINT('Ctrl Pts',(-3.31736707214797,4.97332485116895,-3.10638681557737));
#2681=CARTESIAN_POINT('Ctrl Pts',(-3.12276826614863,4.24707102484032,-3.31365106514424));
#2682=CARTESIAN_POINT('Ctrl Pts',(-2.89066452056924,3.57828307237069,-3.52976466187037));
#2683=CARTESIAN_POINT('Ctrl Pts',(-2.62600123504018,2.96539263401041,-3.74203948732975));
#2684=CARTESIAN_POINT('Ctrl Pts',(-2.33336126587209,2.40911681438692,-3.94114242725445));
#2685=CARTESIAN_POINT('Ctrl Pts',(-2.01770973148627,1.91213342629534,-4.11981678761667));
#2686=CARTESIAN_POINT('Ctrl Pts',(-1.68505143193011,1.47909632300776,-4.27241770948703));
#2687=CARTESIAN_POINT('Ctrl Pts',(-1.34265336804967,1.11582597680772,-4.395023916549));
#2688=CARTESIAN_POINT('Ctrl Pts',(-0.998236195203915,0.827991222465441,
-4.48608390127515));
#2689=CARTESIAN_POINT('Ctrl Pts',(-0.658307439312845,0.620051062391151,
-4.54677720367705));
#2690=CARTESIAN_POINT('Ctrl Pts',(-0.326166902858805,0.494727536436522,
-4.58050384021872));
#2691=CARTESIAN_POINT('Ctrl Pts',(-0.108719560759203,0.4668612653525,-4.5876232665962));
#2692=CARTESIAN_POINT('Ctrl Pts',(6.74198144942569E-15,0.4668612653525,
-4.5876232665962));
#2693=CARTESIAN_POINT('Ctrl Pts',(2.41098070164977E-14,13.4247766398747,
-4.97546104584702));
#2694=CARTESIAN_POINT('Ctrl Pts',(-0.0774221916087259,13.4247766398747,
-4.97546104584702));
#2695=CARTESIAN_POINT('Ctrl Pts',(-0.232310994343094,13.407546756106,-4.97216866672683));
#2696=CARTESIAN_POINT('Ctrl Pts',(-0.482692721084284,13.3274211076272,-4.95376530630014));
#2697=CARTESIAN_POINT('Ctrl Pts',(-0.760915449589086,13.1870194317068,-4.91318577244593));
#2698=CARTESIAN_POINT('Ctrl Pts',(-1.06594659146465,12.9810574273955,-4.84177372705094));
#2699=CARTESIAN_POINT('Ctrl Pts',(-1.38929741807907,12.7071680263854,-4.73428893926141));
#2700=CARTESIAN_POINT('Ctrl Pts',(-1.71914951368387,12.3662481162368,-4.58998386917724));
#2701=CARTESIAN_POINT('Ctrl Pts',(-2.04366330050049,11.9612899576787,-4.41202704406137));
#2702=CARTESIAN_POINT('Ctrl Pts',(-2.35265196628281,11.495675235088,-4.20642947546865));
#2703=CARTESIAN_POINT('Ctrl Pts',(-2.63767042895988,10.9718788512114,-3.98153961413998));
#2704=CARTESIAN_POINT('Ctrl Pts',(-2.8913039149779,10.3910812969803,-3.74833477399912));
#2705=CARTESIAN_POINT('Ctrl Pts',(-3.10625384528854,9.75267197249076,-3.52169623553143));
#2706=CARTESIAN_POINT('Ctrl Pts',(-3.27430526515029,9.0548140168799,-3.32203202066795));
#2707=CARTESIAN_POINT('Ctrl Pts',(-3.36605792056587,8.42430138013735,-3.20229414161475));
#2708=CARTESIAN_POINT('Ctrl Pts',(-3.40403292285546,7.89917494503785,-3.15116359768139));
#2709=CARTESIAN_POINT('Ctrl Pts',(-3.41369390631801,7.50000007244108,-3.1379483738326));
#2710=CARTESIAN_POINT('Ctrl Pts',(-3.40403262536221,7.10082493965591,-3.15116462209393));
#2711=CARTESIAN_POINT('Ctrl Pts',(-3.36605738990982,6.57569911663086,-3.20229510051415));
#2712=CARTESIAN_POINT('Ctrl Pts',(-3.27430666535158,5.94518477486685,-3.32202924418688));
#2713=CARTESIAN_POINT('Ctrl Pts',(-3.10625144922772,5.24733009027843,-3.52170104567407));
#2714=CARTESIAN_POINT('Ctrl Pts',(-2.891304278915,4.60891842082683,-3.74833402914885));
#2715=CARTESIAN_POINT('Ctrl Pts',(-2.63766985884105,4.02812150619951,-3.98154098745084));
#2716=CARTESIAN_POINT('Ctrl Pts',(-2.35265225848121,3.504324583142,-4.20642876228721));
#2717=CARTESIAN_POINT('Ctrl Pts',(-2.04366314754192,3.03871013731376,-4.41202741859607));
#2718=CARTESIAN_POINT('Ctrl Pts',(-1.71914959446552,2.63375183361459,-4.5899836712271));
#2719=CARTESIAN_POINT('Ctrl Pts',(-1.38929737504812,2.29283200032624,-4.73428904471865));
#2720=CARTESIAN_POINT('Ctrl Pts',(-1.06594661428237,2.01894255844059,-4.84177367112877));
#2721=CARTESIAN_POINT('Ctrl Pts',(-0.760915437450819,1.8129805758279,-4.91318580219501));
#2722=CARTESIAN_POINT('Ctrl Pts',(-0.482692727613128,1.6725788883201,-4.95376529029896));
#2723=CARTESIAN_POINT('Ctrl Pts',(-0.232310990745617,1.59245324612718,-4.97216867554378));
#2724=CARTESIAN_POINT('Ctrl Pts',(-0.0774221916087418,1.57522336012529,
-4.97546104584702));
#2725=CARTESIAN_POINT('Ctrl Pts',(4.63313785152194E-15,1.57522336012529,
-4.97546104584702));
#2726=CARTESIAN_POINT('Ctrl Pts',(1.84910699810543E-14,12.4305231092145,
-5.60019962076858));
#2727=CARTESIAN_POINT('Ctrl Pts',(-0.0587319661739688,12.4305231092145,
-5.60019962076858));
#2728=CARTESIAN_POINT('Ctrl Pts',(-0.176256908777061,12.4215925057281,-5.59671570788166));
#2729=CARTESIAN_POINT('Ctrl Pts',(-0.377190234749955,12.3769876650826,-5.57682073952868));
#2730=CARTESIAN_POINT('Ctrl Pts',(-0.616922627352589,12.2904086103845,-5.53203338782101));
#2731=CARTESIAN_POINT('Ctrl Pts',(-0.895690069280901,12.1509395193338,-5.45223438133327));
#2732=CARTESIAN_POINT('Ctrl Pts',(-1.20396542429774,11.9512866742913,-5.33134242726103));
#2733=CARTESIAN_POINT('Ctrl Pts',(-1.52775313495835,11.6887653756287,-5.1685283145876));
#2734=CARTESIAN_POINT('Ctrl Pts',(-1.85278359930642,11.3641187689041,-4.96748715098077));
#2735=CARTESIAN_POINT('Ctrl Pts',(-2.16665410687163,10.9796091414583,-4.73515207625289));
#2736=CARTESIAN_POINT('Ctrl Pts',(-2.45908539071868,10.5374176116047,-4.48107430758822));
#2737=CARTESIAN_POINT('Ctrl Pts',(-2.72118978602357,10.0389818494914,-4.21772865556102));
#2738=CARTESIAN_POINT('Ctrl Pts',(-2.94446474577252,9.48438162631695,-3.9619414128592));
#2739=CARTESIAN_POINT('Ctrl Pts',(-3.11965799165418,8.87278143135253,-3.73671872555601));
#2740=CARTESIAN_POINT('Ctrl Pts',(-3.21553576744413,8.31694691882685,-3.60171123301668));
#2741=CARTESIAN_POINT('Ctrl Pts',(-3.2552443273013,7.85295888124491,-3.54406845226207));
#2742=CARTESIAN_POINT('Ctrl Pts',(-3.2653504402148,7.50000006712886,-3.52917107712615));
#2743=CARTESIAN_POINT('Ctrl Pts',(-3.25524399733274,7.14704101096052,-3.54406960418089));
#2744=CARTESIAN_POINT('Ctrl Pts',(-3.21553519951058,6.6830535411617,-3.60171231424761));
#2745=CARTESIAN_POINT('Ctrl Pts',(-3.11965949629251,6.12721745325544,-3.73671559639412));
#2746=CARTESIAN_POINT('Ctrl Pts',(-2.94446217015162,5.51562027643414,-3.96194683366508));
#2747=CARTESIAN_POINT('Ctrl Pts',(-2.72119017581709,4.9610178886598,-4.21772781615907));
#2748=CARTESIAN_POINT('Ctrl Pts',(-2.45908478752914,4.46258272523119,-4.48107585003932));
#2749=CARTESIAN_POINT('Ctrl Pts',(-2.16665441560268,4.02039068726466,-4.73515127544885));
#2750=CARTESIAN_POINT('Ctrl Pts',(-1.85278343774785,3.63588132059798,-4.96748757150394));
#2751=CARTESIAN_POINT('Ctrl Pts',(-1.52775322027519,3.31123457712197,-5.16852809233485));
#2752=CARTESIAN_POINT('Ctrl Pts',(-1.20396537885155,3.04871335087597,-5.33134254566513));
#2753=CARTESIAN_POINT('Ctrl Pts',(-0.895690093379233,2.84906046732123,-5.45223431854564));
#2754=CARTESIAN_POINT('Ctrl Pts',(-0.616922614533087,2.70959139671464,-5.5320334212223));
#2755=CARTESIAN_POINT('Ctrl Pts',(-0.37719024164521,2.62301233109908,-5.57682072156309));
#2756=CARTESIAN_POINT('Ctrl Pts',(-0.176256904977677,2.57840749637585,-5.59671571778103));
#2757=CARTESIAN_POINT('Ctrl Pts',(-0.058731966173981,2.56947689078551,-5.60019962076858));
#2758=CARTESIAN_POINT('Ctrl Pts',(3.39257908690897E-15,2.56947689078551,
-5.60019962076858));
#2759=CARTESIAN_POINT('Ctrl Pts',(1.69418657245659E-14,11.6001893993145,
-6.43051539890856));
#2760=CARTESIAN_POINT('Ctrl Pts',(-0.0535827548507948,11.6001893993145,
-6.43051539890856));
#2761=CARTESIAN_POINT('Ctrl Pts',(-0.160810557717458,11.5962789220103,-6.4231587118582));
#2762=CARTESIAN_POINT('Ctrl Pts',(-0.34683228433224,11.5735897621329,-6.38643531364958));
#2763=CARTESIAN_POINT('Ctrl Pts',(-0.572618771763629,11.5214752372901,-6.31543844829883));
#2764=CARTESIAN_POINT('Ctrl Pts',(-0.838669948722792,11.4266798417551,-6.20216589095501));
#2765=CARTESIAN_POINT('Ctrl Pts',(-1.13556656027929,11.2796488769428,-6.04265334095372));
#2766=CARTESIAN_POINT('Ctrl Pts',(-1.44931934640762,11.0758204858292,-5.83794627362158));
#2767=CARTESIAN_POINT('Ctrl Pts',(-1.7656059897677,10.8145508569657,-5.59332111669624));
#2768=CARTESIAN_POINT('Ctrl Pts',(-2.07194224605137,10.4972438551753,-5.31702666699512));
#2769=CARTESIAN_POINT('Ctrl Pts',(-2.35796787096656,10.125698624342,-5.01981634323722));
#2770=CARTESIAN_POINT('Ctrl Pts',(-2.61473577176344,9.70134290049277,-4.7154617358795));
#2771=CARTESIAN_POINT('Ctrl Pts',(-2.83371866237053,9.22459059554557,-4.42244954063331));
#2772=CARTESIAN_POINT('Ctrl Pts',(-3.0056878467186,8.69519316115566,-4.16609440065395));
#2773=CARTESIAN_POINT('Ctrl Pts',(-3.09985351832849,8.21184849808357,-4.01307760112658));
#2774=CARTESIAN_POINT('Ctrl Pts',(-3.13885917548456,7.80765127540491,-3.94782811779477));
#2775=CARTESIAN_POINT('Ctrl Pts',(-3.14878734804429,7.50000006095461,-3.93097584690403));
#2776=CARTESIAN_POINT('Ctrl Pts',(-3.13885884678319,7.19234862586689,-3.94782937898406));
#2777=CARTESIAN_POINT('Ctrl Pts',(-3.09985295827056,6.78815191832462,-4.01307881829203));
#2778=CARTESIAN_POINT('Ctrl Pts',(-3.00568933220649,6.30480583205036,-4.16609089616145));
#2779=CARTESIAN_POINT('Ctrl Pts',(-2.83371611926196,5.775411120612,-4.4224556082303));
#2780=CARTESIAN_POINT('Ctrl Pts',(-2.61473615620638,5.29865686308502,-4.71546079412355));
#2781=CARTESIAN_POINT('Ctrl Pts',(-2.35796727853306,4.87430167947243,-5.0198180855852));
#2782=CARTESIAN_POINT('Ctrl Pts',(-2.07194254916729,4.50275599046885,-5.31702576217448));
#2783=CARTESIAN_POINT('Ctrl Pts',(-1.76560583116165,4.18544922367614,-5.59332159186916));
#2784=CARTESIAN_POINT('Ctrl Pts',(-1.44931943016353,3.92417947160118,-5.83794602248225));
#2785=CARTESIAN_POINT('Ctrl Pts',(-1.13556651566472,3.72035114573164,-6.04265347474729));
#2786=CARTESIAN_POINT('Ctrl Pts',(-0.838669972380123,3.57332014622184,-6.20216582000658));
#2787=CARTESIAN_POINT('Ctrl Pts',(-0.572618759178731,3.47852476910574,-6.31543848604146));
#2788=CARTESIAN_POINT('Ctrl Pts',(-0.346832291101303,3.42641023442692,-6.3864352933489));
#2789=CARTESIAN_POINT('Ctrl Pts',(-0.160810553987606,3.40372107988529,-6.42315872304425));
#2790=CARTESIAN_POINT('Ctrl Pts',(-0.0535827548508062,3.39981060068554,
-6.43051539890856));
#2791=CARTESIAN_POINT('Ctrl Pts',(3.08239794504455E-15,3.39981060068554,
-6.43051539890856));
#2792=CARTESIAN_POINT('Ctrl Pts',(1.95406843621408E-14,10.9754710707424,
-7.42478206467362));
#2793=CARTESIAN_POINT('Ctrl Pts',(-0.0622352619606345,10.9754710707424,
-7.42478206467362));
#2794=CARTESIAN_POINT('Ctrl Pts',(-0.186754509975459,10.9726092615846,-7.41050324934821));
#2795=CARTESIAN_POINT('Ctrl Pts',(-0.393085186762208,10.9553084744139,-7.34428521777884));
#2796=CARTESIAN_POINT('Ctrl Pts',(-0.62998605018356,10.9140061286888,-7.22901244713255));
#2797=CARTESIAN_POINT('Ctrl Pts',(-0.897188314571126,10.8370192685539,-7.06182359231994));
#2798=CARTESIAN_POINT('Ctrl Pts',(-1.18653472254964,10.7157597296362,-6.84332471508473));
#2799=CARTESIAN_POINT('Ctrl Pts',(-1.48625470545056,10.5459145969864,-6.57801195082375));
#2800=CARTESIAN_POINT('Ctrl Pts',(-1.78438871806133,10.32658696363,-6.27355040450115));
#2801=CARTESIAN_POINT('Ctrl Pts',(-2.07054434430646,10.0587263421301,-5.93976438547279));
#2802=CARTESIAN_POINT('Ctrl Pts',(-2.33606950717266,9.74371335919518,-5.58855499012605));
#2803=CARTESIAN_POINT('Ctrl Pts',(-2.57340320710697,9.38269010048056,-5.23478526910437));
#2804=CARTESIAN_POINT('Ctrl Pts',(-2.77520182417431,8.97599812677856,-4.89834158119328));
#2805=CARTESIAN_POINT('Ctrl Pts',(-2.9333489210003,8.52347630526465,-4.60659295556215));
#2806=CARTESIAN_POINT('Ctrl Pts',(-3.01983214752385,8.10973392687997,-4.43348053229041));
#2807=CARTESIAN_POINT('Ctrl Pts',(-3.055642579762,7.76354584832981,-4.35979181966204));
#2808=CARTESIAN_POINT('Ctrl Pts',(-3.06475541369856,7.50000005339066,-4.34077734757297));
#2809=CARTESIAN_POINT('Ctrl Pts',(-3.05564228709257,7.23645406466957,-4.35979317527239));
#2810=CARTESIAN_POINT('Ctrl Pts',(-3.01983164143783,6.89026643596201,-4.4334818953934));
#2811=CARTESIAN_POINT('Ctrl Pts',(-2.93335026103307,6.47652281909162,-4.60658905969917));
#2812=CARTESIAN_POINT('Ctrl Pts',(-2.77519953031174,6.02400336510446,-4.89834832116157));
#2813=CARTESIAN_POINT('Ctrl Pts',(-2.57340355450289,5.61730969410664,-5.23478421802256));
#2814=CARTESIAN_POINT('Ctrl Pts',(-2.3360689696765,5.25628689890851,-5.58855695842394));
#2815=CARTESIAN_POINT('Ctrl Pts',(-2.07054461948234,4.94127352704227,-5.93976336285926));
#2816=CARTESIAN_POINT('Ctrl Pts',(-1.7843885740526,4.67341310468038,-6.27355094158747));
#2817=CARTESIAN_POINT('Ctrl Pts',(-1.48625478150076,4.45408536695842,-6.57801166695525));
#2818=CARTESIAN_POINT('Ctrl Pts',(-1.18653468203947,4.28424028956802,-6.84332486631521));
#2819=CARTESIAN_POINT('Ctrl Pts',(-0.897188336052102,4.16298072126314,-7.06182351212491));
#2820=CARTESIAN_POINT('Ctrl Pts',(-0.629986038756403,4.08599387672817,-7.22901248979413));
#2821=CARTESIAN_POINT('Ctrl Pts',(-0.393085192908562,4.0446915226725,-7.34428519483239));
#2822=CARTESIAN_POINT('Ctrl Pts',(-0.186754506588734,4.02739074002093,-7.41050326199213));
#2823=CARTESIAN_POINT('Ctrl Pts',(-0.0622352619606473,4.02452892925759,
-7.42478206467362));
#2824=CARTESIAN_POINT('Ctrl Pts',(3.71833106779699E-15,4.02452892925759,
-7.42478206467362));
#2825=CARTESIAN_POINT('Ctrl Pts',(2.61561773838076E-14,10.5876132072356,
-8.53313725234792));
#2826=CARTESIAN_POINT('Ctrl Pts',(-0.0842542745301073,10.5876132072356,
-8.53313725234792));
#2827=CARTESIAN_POINT('Ctrl Pts',(-0.252776783978338,10.5814499524079,-8.50976050322642));
#2828=CARTESIAN_POINT('Ctrl Pts',(-0.513723892340054,10.5513550139015,-8.4050279005754));
#2829=CARTESIAN_POINT('Ctrl Pts',(-0.786471428397181,10.4946257956749,-8.2326622637397));
#2830=CARTESIAN_POINT('Ctrl Pts',(-1.06890086629616,10.4053147382352,-7.99712744324923));
#2831=CARTESIAN_POINT('Ctrl Pts',(-1.3550765975788,10.2793296079819,-7.70535117269449));
#2832=CARTESIAN_POINT('Ctrl Pts',(-1.63744672180076,10.1150310644632,-7.3663835321564));
#2833=CARTESIAN_POINT('Ctrl Pts',(-1.90866494464701,9.91265451188787,-6.99082342302349));
#2834=CARTESIAN_POINT('Ctrl Pts',(-2.16250811556476,9.67328109883627,-6.59022567356284));
#2835=CARTESIAN_POINT('Ctrl Pts',(-2.3937847194868,9.39794970609525,-6.1775755892984));
#2836=CARTESIAN_POINT('Ctrl Pts',(-2.59777114937446,9.08729596180407,-5.76866370150755));
#2837=CARTESIAN_POINT('Ctrl Pts',(-2.76954874433031,8.74118786877895,-5.38457901319639));
#2838=CARTESIAN_POINT('Ctrl Pts',(-2.903250168279,8.35901086910348,-5.0545575619777));
#2839=CARTESIAN_POINT('Ctrl Pts',(-2.97603815691428,8.01131001026712,-4.85994352099825));
#2840=CARTESIAN_POINT('Ctrl Pts',(-3.00613980286006,7.72092841865136,-4.77725496822018));
#2841=CARTESIAN_POINT('Ctrl Pts',(-3.01379396228796,7.5000000436027,-4.75593877586538));
#2842=CARTESIAN_POINT('Ctrl Pts',(-3.0061395841984,7.27907151043814,-4.77725640783125));
#2843=CARTESIAN_POINT('Ctrl Pts',(-2.97603775025486,6.98869028490372,-4.85994503651146));
#2844=CARTESIAN_POINT('Ctrl Pts',(-2.90325123617008,6.64098841790338,-5.05455326485678));
#2845=CARTESIAN_POINT('Ctrl Pts',(-2.76954691778574,6.25881334616027,-5.38458644108275));
#2846=CARTESIAN_POINT('Ctrl Pts',(-2.59777142673873,5.91270387298571,-5.76866253716165));
#2847=CARTESIAN_POINT('Ctrl Pts',(-2.39378427958751,5.60205049396359,-6.17757780148005));
#2848=CARTESIAN_POINT('Ctrl Pts',(-2.16250834147244,5.32671879988429,-6.59022452356611));
#2849=CARTESIAN_POINT('Ctrl Pts',(-1.90866482633017,5.08734554098051,-6.99082402709372));
#2850=CARTESIAN_POINT('Ctrl Pts',(-1.63744678429454,4.88496890763376,-7.36638321287471));
#2851=CARTESIAN_POINT('Ctrl Pts',(-1.35507656428885,4.72067040688003,-7.70535134279212));
#2852=CARTESIAN_POINT('Ctrl Pts',(-1.06890088394871,4.59468525388442,-7.99712735304911));
#2853=CARTESIAN_POINT('Ctrl Pts',(-0.786471419006607,4.50537420851716,-8.23266231172369));
#2854=CARTESIAN_POINT('Ctrl Pts',(-0.513723897390997,4.44864498384363,-8.4050278747662));
#2855=CARTESIAN_POINT('Ctrl Pts',(-0.252776781195212,4.41855004883453,-8.50976051744774));
#2856=CARTESIAN_POINT('Ctrl Pts',(-0.0842542745301243,4.41238679276436,
-8.53313725234792));
#2857=CARTESIAN_POINT('Ctrl Pts',(5.26825622450442E-15,4.41238679276436,
-8.53313725234792));
#2858=CARTESIAN_POINT('Ctrl Pts',(3.30240988892263E-14,10.5,-9.31104090955555));
#2859=CARTESIAN_POINT('Ctrl Pts',(-0.107107743010014,10.5,-9.31104090955555));
#2860=CARTESIAN_POINT('Ctrl Pts',(-0.321316814758435,10.4887099057433,-9.28084438731953));
#2861=CARTESIAN_POINT('Ctrl Pts',(-0.639915651061058,10.4377791730188,-9.14731114602044));
#2862=CARTESIAN_POINT('Ctrl Pts',(-0.952288481503975,10.352794890677,-8.93245373430522));
#2863=CARTESIAN_POINT('Ctrl Pts',(-1.25430666026507,10.2343107150959,-8.64638209013972));
#2864=CARTESIAN_POINT('Ctrl Pts',(-1.54191096237132,10.0835950638849,-8.30084573322992));
#2865=CARTESIAN_POINT('Ctrl Pts',(-1.81140000002711,9.90251161387826,-7.90830902885472));
#2866=CARTESIAN_POINT('Ctrl Pts',(-2.05976679292042,9.69312164140355,-7.48150967860044));
#2867=CARTESIAN_POINT('Ctrl Pts',(-2.28480051318189,9.45713054311254,-7.0332040016769));
#2868=CARTESIAN_POINT('Ctrl Pts',(-2.48471275132352,9.19551924642334,-6.57707336529861));
#2869=CARTESIAN_POINT('Ctrl Pts',(-2.65762387820119,8.90852143010808,-6.12946642342518));
#2870=CARTESIAN_POINT('Ctrl Pts',(-2.80108248870598,8.59546692378203,-5.71220356498026));
#2871=CARTESIAN_POINT('Ctrl Pts',(-2.91152281113458,8.25508420342433,-5.35569941512409));
#2872=CARTESIAN_POINT('Ctrl Pts',(-2.97120343807223,7.94860903803392,-5.14627928957286));
#2873=CARTESIAN_POINT('Ctrl Pts',(-2.99583214244457,7.69369306870076,-5.05740286020173));
#2874=CARTESIAN_POINT('Ctrl Pts',(-3.00208653060097,7.50000003504309,-5.03450541975885));
#2875=CARTESIAN_POINT('Ctrl Pts',(-2.99583200196486,7.30630687529115,-5.05740435221836));
#2876=CARTESIAN_POINT('Ctrl Pts',(-2.97120312641675,7.05139119972062,-5.14628090884723));
#2877=CARTESIAN_POINT('Ctrl Pts',(-2.91152361562013,6.74491521871396,-5.35569484722808));
#2878=CARTESIAN_POINT('Ctrl Pts',(-2.80108111462076,6.40453406262736,-5.71221145666997));
#2879=CARTESIAN_POINT('Ctrl Pts',(-2.65762409136942,6.09147843552976,-6.1294651818481));
#2880=CARTESIAN_POINT('Ctrl Pts',(-2.48471239420171,5.80448091228174,-6.57707574653426));
#2881=CARTESIAN_POINT('Ctrl Pts',(-2.28480069738799,5.54286937664001,-7.03320276335148));
#2882=CARTESIAN_POINT('Ctrl Pts',(-2.05976669634082,5.30687840047468,-7.48151032912114));
#2883=CARTESIAN_POINT('Ctrl Pts',(-1.81140005105225,5.09748836402053,-7.90830868501511));
#2884=CARTESIAN_POINT('Ctrl Pts',(-1.54191093518954,4.91640494788669,-8.30084591641137));
#2885=CARTESIAN_POINT('Ctrl Pts',(-1.25430667467885,4.76568927866237,-8.64638199300135));
#2886=CARTESIAN_POINT('Ctrl Pts',(-0.952288473836304,4.64720511264342,-8.9324537859802));
#2887=CARTESIAN_POINT('Ctrl Pts',(-0.639915655185311,4.56222082519527,-9.14731111822593));
#2888=CARTESIAN_POINT('Ctrl Pts',(-0.321316812485942,4.51129009524078,-9.28084440263481));
#2889=CARTESIAN_POINT('Ctrl Pts',(-0.107107743010035,4.5,-9.31104090955555));
#2890=CARTESIAN_POINT('Ctrl Pts',(6.85927181845674E-15,4.5,-9.31104090955555));
#2891=CARTESIAN_POINT('Ctrl Pts',(3.69860750722607E-14,10.5,-9.7));
#2892=CARTESIAN_POINT('Ctrl Pts',(-0.120293710144173,10.5,-9.7));
#2893=CARTESIAN_POINT('Ctrl Pts',(-0.360854237911413,10.485469476823,-9.66639337355864));
#2894=CARTESIAN_POINT('Ctrl Pts',(-0.712942048541299,10.4212464609281,-9.51845893785122));
#2895=CARTESIAN_POINT('Ctrl Pts',(-1.04873122280141,10.317863397797,-9.28235446471882));
#2896=CARTESIAN_POINT('Ctrl Pts',(-1.362889199764,10.1796996117936,-8.97101319293436));
#2897=CARTESIAN_POINT('Ctrl Pts',(-1.65230239523147,10.0112447854952,-8.59859570975332));
#2898=CARTESIAN_POINT('Ctrl Pts',(-1.91534887919133,9.81654212438129,-8.17927360466178));
#2899=CARTESIAN_POINT('Ctrl Pts',(-2.1514167217008,9.59886244423275,-7.72685398618815));
#2900=CARTESIAN_POINT('Ctrl Pts',(-2.36055037690927,9.36039865486764,-7.25469389398322));
#2901=CARTESIAN_POINT('Ctrl Pts',(-2.54290579260521,9.10218580250321,-6.77682268295978));
#2902=CARTESIAN_POINT('Ctrl Pts',(-2.69825416910163,8.82427377384345,-6.30986802818225));
#2903=CARTESIAN_POINT('Ctrl Pts',(-2.82559544567965,8.52569070341208,-5.87601597609608));
#2904=CARTESIAN_POINT('Ctrl Pts',(-2.9227288000352,8.20475915097906,-5.5062704185151));
#2905=CARTESIAN_POINT('Ctrl Pts',(-2.97488477002436,7.91809572799114,-5.28944722777173));
#2906=CARTESIAN_POINT('Ctrl Pts',(-2.99636832215322,7.68041356874873,-5.19747685169009));
#2907=CARTESIAN_POINT('Ctrl Pts',(-3.00181782656889,7.50000002998766,-5.17378878519328));
#2908=CARTESIAN_POINT('Ctrl Pts',(-2.99636822921884,7.31958638424906,-5.19747836991468));
#2909=CARTESIAN_POINT('Ctrl Pts',(-2.97488451244247,7.08190447694704,-5.28944889891365));
#2910=CARTESIAN_POINT('Ctrl Pts',(-2.92272945272049,6.79524034777195,-5.50626571527794));
#2911=CARTESIAN_POINT('Ctrl Pts',(-2.82559433304318,6.47431015355093,-5.87602409958336));
#2912=CARTESIAN_POINT('Ctrl Pts',(-2.69825434355862,6.17572611069992,-6.30986674816667));
#2913=CARTESIAN_POINT('Ctrl Pts',(-2.5429054832632,5.89781433488705,-6.77682514860347));
#2914=CARTESIAN_POINT('Ctrl Pts',(-2.36055053726493,5.63960127538758,-7.25469261153399));
#2915=CARTESIAN_POINT('Ctrl Pts',(-2.15141663752364,5.40113759220232,-7.72685465991562));
#2916=CARTESIAN_POINT('Ctrl Pts',(-1.91534892367659,5.18345785638546,-8.17927324855261));
#2917=CARTESIAN_POINT('Ctrl Pts',(-1.65230237153249,4.98875522474923,-8.59859589947169));
#2918=CARTESIAN_POINT('Ctrl Pts',(-1.36288921233113,4.82030038277436,-8.97101309232951));
#2919=CARTESIAN_POINT('Ctrl Pts',(-1.04873121611608,4.68213660509267,-9.28235451823789));
#2920=CARTESIAN_POINT('Ctrl Pts',(-0.712942052137187,4.57875353751766,-9.51845890906483));
#2921=CARTESIAN_POINT('Ctrl Pts',(-0.360854235930063,4.51453052403343,-9.66639338942045));
#2922=CARTESIAN_POINT('Ctrl Pts',(-0.120293710144196,4.5,-9.7));
#2923=CARTESIAN_POINT('Ctrl Pts',(7.77420331791007E-15,4.5,-9.7));
#2924=CARTESIAN_POINT('',(-1.53794084287316,8.20400417481752E-9,-4.22903511026127));
#2925=CARTESIAN_POINT('',(6.95610830811692E-16,1.38777878078145E-16,-4.5473307888047));
#2926=CARTESIAN_POINT('Ctrl Pts',(-3.89241130425038E-14,-2.77555756156289E-16,
-4.5473307888047));
#2927=CARTESIAN_POINT('Ctrl Pts',(-0.063712430430041,-2.77555756156289E-16,
-4.5473307888047));
#2928=CARTESIAN_POINT('Ctrl Pts',(-0.127270909172903,1.2490009027033E-15,
-4.54543053256109));
#2929=CARTESIAN_POINT('Ctrl Pts',(-0.291991016934706,1.2490009027033E-15,
-4.53567193495251));
#2930=CARTESIAN_POINT('Ctrl Pts',(-0.392202492285854,-3.40329780752916E-16,
-4.52503636768157));
#2931=CARTESIAN_POINT('Ctrl Pts',(-0.700450708301979,-3.6070161148198E-16,
-4.47940961991736));
#2932=CARTESIAN_POINT('Ctrl Pts',(-0.905719609775562,-2.34404355769234E-15,
-4.43079099249986));
#2933=CARTESIAN_POINT('Ctrl Pts',(-1.25186625064336,-2.31047156781606E-15,
-4.32907774216952));
#2934=CARTESIAN_POINT('Ctrl Pts',(-1.39612864460759,1.69609159432069E-15,
-4.28060686676808));
#2935=CARTESIAN_POINT('Ctrl Pts',(-1.53794082565214,1.71032275225891E-15,
-4.22903511652391));
#2936=CARTESIAN_POINT('',(-1.53794084287317,14.999999991796,-4.22903511026127));
#2937=CARTESIAN_POINT('Ctrl Pts',(-1.53794022290915,6.93515212028817E-7,
-4.22903424484194));
#2938=CARTESIAN_POINT('Ctrl Pts',(-1.6007480233555,0.0598446659369381,-4.20619291789969));
#2939=CARTESIAN_POINT('Ctrl Pts',(-1.66244802856856,0.123012947757758,-4.1821717890763));
#2940=CARTESIAN_POINT('Ctrl Pts',(-1.72297013352371,0.189286999464146,-4.15708784865698));
#2941=CARTESIAN_POINT('Ctrl Pts',(-1.85053139147908,0.328971523188692,-4.10421891759885));
#2942=CARTESIAN_POINT('Ctrl Pts',(-1.97286006281992,0.482452788971023,-4.04662866985572));
#2943=CARTESIAN_POINT('Ctrl Pts',(-2.08961488682549,0.647888918497432,-3.98541279835704));
#2944=CARTESIAN_POINT('Ctrl Pts',(-2.20637285238707,0.813329499461898,-3.9241952797051));
#2945=CARTESIAN_POINT('Ctrl Pts',(-2.31755667371666,0.990725610454349,-3.85935193176119));
#2946=CARTESIAN_POINT('Ctrl Pts',(-2.42303812745587,1.17858817789519,-3.79195025216928));
#2947=CARTESIAN_POINT('Ctrl Pts',(-2.5285206538451,1.3664526557267,-3.72454788716387));
#2948=CARTESIAN_POINT('Ctrl Pts',(-2.6283006975899,1.56478381870566,-3.65458712855849));
#2949=CARTESIAN_POINT('Ctrl Pts',(-2.72238861540233,1.77258412905889,-3.58309993185252));
#2950=CARTESIAN_POINT('Ctrl Pts',(-2.81647591505436,1.98038307415795,-3.51161320481954));
#2951=CARTESIAN_POINT('Ctrl Pts',(-2.90487116417408,2.19765104849001,-3.43860004903759));
#2952=CARTESIAN_POINT('Ctrl Pts',(-2.9876076013851,2.42391886379454,-3.36514532188346));
#2953=CARTESIAN_POINT('Ctrl Pts',(-3.07034211016735,2.65018140522724,-3.29169230681912));
#2954=CARTESIAN_POINT('Ctrl Pts',(-3.14741807370687,2.88544336597746,-3.2177977256996));
#2955=CARTESIAN_POINT('Ctrl Pts',(-3.21878764762776,3.12968429744182,-3.14474566275596));
#2956=CARTESIAN_POINT('Ctrl Pts',(-3.29015436368607,3.37391544872982,-3.07169652504706));
#2957=CARTESIAN_POINT('Ctrl Pts',(-3.35581515455374,3.62712484100186,-2.99948981151187));
#2958=CARTESIAN_POINT('Ctrl Pts',(-3.41555784141155,3.88975915590031,-2.92984220481693));
#2959=CARTESIAN_POINT('Ctrl Pts',(-3.47529713648375,4.15237856019908,-2.86019855224193));
#2960=CARTESIAN_POINT('Ctrl Pts',(-3.52911901415792,4.42442180297307,-2.79311367079544));
#2961=CARTESIAN_POINT('Ctrl Pts',(-3.57655860584077,4.70665523676715,-2.73098223351399));
#2962=CARTESIAN_POINT('Ctrl Pts',(-3.62399471088482,4.98886792742236,-2.66885536266896));
#2963=CARTESIAN_POINT('Ctrl Pts',(-3.66504949813706,5.28126932283225,-2.61168112799276));
#2964=CARTESIAN_POINT('Ctrl Pts',(-3.69880338134165,5.58419217029299,-2.56297836747941));
#2965=CARTESIAN_POINT('Ctrl Pts',(-3.72927401256892,5.85764960685941,-2.51901294144659));
#2966=CARTESIAN_POINT('Ctrl Pts',(-3.75379499272392,6.13968130624943,-2.48195107640511));
#2967=CARTESIAN_POINT('Ctrl Pts',(-3.7714420865861,6.42815687916898,-2.45483240261854));
#2968=CARTESIAN_POINT('Ctrl Pts',(-3.77334184217818,6.4592120255355,-2.45191300679177));
#2969=CARTESIAN_POINT('Ctrl Pts',(-3.77516193538343,6.49034150149232,-2.44910884460209));
#2970=CARTESIAN_POINT('Ctrl Pts',(-3.77690121707677,6.52154264711302,-2.44642370255776));
#2971=CARTESIAN_POINT('Ctrl Pts',(-3.7858490588295,6.68205886170221,-2.43260982399608));
#2972=CARTESIAN_POINT('Ctrl Pts',(-3.79265809932522,6.84447189634978,-2.42194599813012));
#2973=CARTESIAN_POINT('Ctrl Pts',(-3.79721383937589,7.00786056965147,-2.41478330105294));
#2974=CARTESIAN_POINT('Ctrl Pts',(-3.80176982219674,7.17125794974864,-2.40762022228382));
#2975=CARTESIAN_POINT('Ctrl Pts',(-3.80407226647735,7.33563107453145,-2.40395863980448));
#2976=CARTESIAN_POINT('Ctrl Pts',(-3.80407158575269,7.50000003323156,-2.40395963079106));
#2977=CARTESIAN_POINT('Ctrl Pts',(-3.80407090499534,7.66437688647385,-2.40396062182524));
#2978=CARTESIAN_POINT('Ctrl Pts',(-3.80176688069164,7.82874957693399,-2.40762453040383));
#2979=CARTESIAN_POINT('Ctrl Pts',(-3.79720964400524,7.99213853463115,-2.41478949848822));
#2980=CARTESIAN_POINT('Ctrl Pts',(-3.79265221241403,8.15553448017977,-2.4219547730054));
#2981=CARTESIAN_POINT('Ctrl Pts',(-3.78584137741539,8.31794661358745,-2.43262140297892));
#2982=CARTESIAN_POINT('Ctrl Pts',(-3.77689204204191,8.47845375032901,-2.44643759212175));
#2983=CARTESIAN_POINT('Ctrl Pts',(-3.75899241144776,8.79948523875834,-2.47407145224153));
#2984=CARTESIAN_POINT('Ctrl Pts',(-3.73253793337667,9.1128959868572,-2.51430473091172));
#2985=CARTESIAN_POINT('Ctrl Pts',(-3.69878459410324,9.4157937126851,-2.56300575841826));
#2986=CARTESIAN_POINT('Ctrl Pts',(-3.66502943375835,9.71870778055256,-2.61170941345895));
#2987=CARTESIAN_POINT('Ctrl Pts',(-3.62397461727975,10.0111077912042,-2.66888179389706));
#2988=CARTESIAN_POINT('Ctrl Pts',(-3.57653755770114,10.2933245830241,-2.7310087536108));
#2989=CARTESIAN_POINT('Ctrl Pts',(-3.52909893812456,10.5755506557233,-2.79313775640925));
#2990=CARTESIAN_POINT('Ctrl Pts',(-3.47527764766604,10.847592837344,-2.86022172727378));
#2991=CARTESIAN_POINT('Ctrl Pts',(-3.41553849510005,11.1102185293352,-2.92986451505059));
#2992=CARTESIAN_POINT('Ctrl Pts',(-3.35579863674377,11.3728473241266,-2.99950812562453));
#2993=CARTESIAN_POINT('Ctrl Pts',(-3.29014077327448,11.6260593982709,-3.07171065611933));
#2994=CARTESIAN_POINT('Ctrl Pts',(-3.21877508819963,11.8702994232525,-3.14475814916374));
#2995=CARTESIAN_POINT('Ctrl Pts',(-3.14741006381881,12.1145371870923,-3.21780496594417));
#2996=CARTESIAN_POINT('Ctrl Pts',(-3.07033731798183,12.3498030711533,-3.29169676255399));
#2997=CARTESIAN_POINT('Ctrl Pts',(-2.98760322854386,12.5760749985858,-3.36514931160748));
#2998=CARTESIAN_POINT('Ctrl Pts',(-2.90487164830336,12.8023400635395,-3.43859963295833));
#2999=CARTESIAN_POINT('Ctrl Pts',(-2.81647905417572,13.0196117319234,-3.51161076223616));
#3000=CARTESIAN_POINT('Ctrl Pts',(-2.72238985085548,13.2274177557857,-3.5830989326558));
#3001=CARTESIAN_POINT('Ctrl Pts',(-2.6727509042543,13.3370506547571,-3.62081417892055));
#3002=CARTESIAN_POINT('Ctrl Pts',(-2.62152639011437,13.4440489236426,-3.65810552273657));
#3003=CARTESIAN_POINT('Ctrl Pts',(-2.56871449594765,13.5482655755736,-3.6948213539699));
#3004=CARTESIAN_POINT('Ctrl Pts',(-2.52142730587236,13.6415800212421,-3.72769630605591));
#3005=CARTESIAN_POINT('Ctrl Pts',(-2.47286880202043,13.732663786358,-3.76010893169174));
#3006=CARTESIAN_POINT('Ctrl Pts',(-2.42303797502376,13.8214115737429,-3.79195038348763));
#3007=CARTESIAN_POINT('Ctrl Pts',(-2.31755489726769,14.0092749972824,-3.85935312468388));
#3008=CARTESIAN_POINT('Ctrl Pts',(-2.20637061820492,14.1866710537156,-3.92419647404854));
#3009=CARTESIAN_POINT('Ctrl Pts',(-2.08961420164385,14.3521097445959,-3.98541313843384));
#3010=CARTESIAN_POINT('Ctrl Pts',(-1.97285748229734,14.5175488645098,-4.04662996157285));
#3011=CARTESIAN_POINT('Ctrl Pts',(-1.85052858921926,14.6710305584146,-4.10422008521567));
#3012=CARTESIAN_POINT('Ctrl Pts',(-1.72296999955007,14.8107126972961,-4.15708791475139));
#3013=CARTESIAN_POINT('Ctrl Pts',(-1.66244730504786,14.8769876493857,-4.18217210158885));
#3014=CARTESIAN_POINT('Ctrl Pts',(-1.6007472931618,14.9401560202639,-4.20619319614644));
#3015=CARTESIAN_POINT('Ctrl Pts',(-1.5379402231224,14.9999993000322,-4.22903425327069));
#3016=CARTESIAN_POINT('Ctrl Pts',(-1.53794082565214,15.,-4.22903511652391));
#3017=CARTESIAN_POINT('Ctrl Pts',(-1.25091984749453,15.,-4.33341383837525));
#3018=CARTESIAN_POINT('Ctrl Pts',(-0.949149759993249,15.,-4.42680381522234));
#3019=CARTESIAN_POINT('Ctrl Pts',(-0.525739042460492,15.,-4.50703192721543));
#3020=CARTESIAN_POINT('Ctrl Pts',(-0.404963050677586,15.,-4.52428187014558));
#3021=CARTESIAN_POINT('Ctrl Pts',(-0.201802961903403,15.,-4.54199132082148));
#3022=CARTESIAN_POINT('Ctrl Pts',(-0.120820062560672,15.,-4.54608722267279));
#3023=CARTESIAN_POINT('Ctrl Pts',(-0.026271435249892,15.,-4.54725005669943));
#3024=CARTESIAN_POINT('Ctrl Pts',(-0.0131324469025269,15.,-4.5473307888047));
#3025=CARTESIAN_POINT('Ctrl Pts',(3.87328558545524E-14,15.,-4.5473307888047));
#3026=CARTESIAN_POINT('',(7.57982324711146E-16,4.5,-9.7));
#3027=CARTESIAN_POINT('Ctrl Pts',(3.69860750722607E-14,10.5,-9.7));
#3028=CARTESIAN_POINT('Ctrl Pts',(-0.120293710144173,10.5,-9.7));
#3029=CARTESIAN_POINT('Ctrl Pts',(-0.360854237911413,10.485469476823,-9.66639337355864));
#3030=CARTESIAN_POINT('Ctrl Pts',(-0.712942048541299,10.4212464609281,-9.51845893785122));
#3031=CARTESIAN_POINT('Ctrl Pts',(-1.04873122280141,10.317863397797,-9.28235446471882));
#3032=CARTESIAN_POINT('Ctrl Pts',(-1.362889199764,10.1796996117936,-8.97101319293436));
#3033=CARTESIAN_POINT('Ctrl Pts',(-1.65230239523147,10.0112447854952,-8.59859570975332));
#3034=CARTESIAN_POINT('Ctrl Pts',(-1.91534887919133,9.81654212438129,-8.17927360466178));
#3035=CARTESIAN_POINT('Ctrl Pts',(-2.1514167217008,9.59886244423275,-7.72685398618815));
#3036=CARTESIAN_POINT('Ctrl Pts',(-2.36055037690927,9.36039865486764,-7.25469389398322));
#3037=CARTESIAN_POINT('Ctrl Pts',(-2.54290579260521,9.10218580250321,-6.77682268295978));
#3038=CARTESIAN_POINT('Ctrl Pts',(-2.69825416910163,8.82427377384345,-6.30986802818225));
#3039=CARTESIAN_POINT('Ctrl Pts',(-2.82559544567965,8.52569070341208,-5.87601597609608));
#3040=CARTESIAN_POINT('Ctrl Pts',(-2.9227288000352,8.20475915097906,-5.5062704185151));
#3041=CARTESIAN_POINT('Ctrl Pts',(-2.97488477002436,7.91809572799114,-5.28944722777173));
#3042=CARTESIAN_POINT('Ctrl Pts',(-2.99636832215322,7.68041356874873,-5.19747685169009));
#3043=CARTESIAN_POINT('Ctrl Pts',(-3.00181782656889,7.50000002998766,-5.17378878519328));
#3044=CARTESIAN_POINT('Ctrl Pts',(-2.99636822921884,7.31958638424906,-5.19747836991468));
#3045=CARTESIAN_POINT('Ctrl Pts',(-2.97488451244247,7.08190447694704,-5.28944889891365));
#3046=CARTESIAN_POINT('Ctrl Pts',(-2.92272945272049,6.79524034777195,-5.50626571527794));
#3047=CARTESIAN_POINT('Ctrl Pts',(-2.82559433304318,6.47431015355093,-5.87602409958336));
#3048=CARTESIAN_POINT('Ctrl Pts',(-2.69825434355862,6.17572611069992,-6.30986674816667));
#3049=CARTESIAN_POINT('Ctrl Pts',(-2.5429054832632,5.89781433488705,-6.77682514860347));
#3050=CARTESIAN_POINT('Ctrl Pts',(-2.36055053726493,5.63960127538758,-7.25469261153399));
#3051=CARTESIAN_POINT('Ctrl Pts',(-2.15141663752364,5.40113759220232,-7.72685465991562));
#3052=CARTESIAN_POINT('Ctrl Pts',(-1.91534892367659,5.18345785638546,-8.17927324855261));
#3053=CARTESIAN_POINT('Ctrl Pts',(-1.65230237153249,4.98875522474923,-8.59859589947169));
#3054=CARTESIAN_POINT('Ctrl Pts',(-1.36288921233113,4.82030038277436,-8.97101309232951));
#3055=CARTESIAN_POINT('Ctrl Pts',(-1.04873121611608,4.68213660509267,-9.28235451823789));
#3056=CARTESIAN_POINT('Ctrl Pts',(-0.712942052137187,4.57875353751766,-9.51845890906483));
#3057=CARTESIAN_POINT('Ctrl Pts',(-0.360854235930063,4.51453052403343,-9.66639338942045));
#3058=CARTESIAN_POINT('Ctrl Pts',(-0.120293710144196,4.5,-9.7));
#3059=CARTESIAN_POINT('Ctrl Pts',(7.77420331791007E-15,4.5,-9.7));
#3060=CARTESIAN_POINT('Ctrl Pts',(4.52396908996733E-15,4.5,-9.7));
#3061=CARTESIAN_POINT('Ctrl Pts',(3.96962555419359E-15,4.5,-9.31104090955555));
#3062=CARTESIAN_POINT('Ctrl Pts',(3.48679418671338E-15,4.45619339638218,
-8.92208908095174));
#3063=CARTESIAN_POINT('Ctrl Pts',(3.08780778723872E-15,4.36964711732214,
-8.54288730203745));
#3064=CARTESIAN_POINT('Ctrl Pts',(2.66424613852105E-15,4.2831008382621,
-8.16368552312315));
#3065=CARTESIAN_POINT('Ctrl Pts',(3.37930822753262E-15,4.15381488375984,
-7.79423379389839));
#3066=CARTESIAN_POINT('Ctrl Pts',(3.01841884819964E-15,3.98505218508004,
-7.44379681832516));
#3067=CARTESIAN_POINT('Ctrl Pts',(2.65210845800424E-15,3.81628948640024,
-7.09335984275193));
#3068=CARTESIAN_POINT('Ctrl Pts',(2.61847856812568E-15,3.60805004354289,
-6.76193762083025));
#3069=CARTESIAN_POINT('Ctrl Pts',(2.4980018054066E-15,3.36554137046421,
-6.45784054684608));
#3070=CARTESIAN_POINT('Ctrl Pts',(2.38204255173954E-15,3.12303269738553,
-6.1537434728619));
#3071=CARTESIAN_POINT('Ctrl Pts',(2.4669412182339E-15,2.84625479408552,
-5.87697154681524));
#3072=CARTESIAN_POINT('Ctrl Pts',(2.74086309204336E-15,2.54215692065881,
-5.63446248797165));
#3073=CARTESIAN_POINT('Ctrl Pts',(3.00683414992125E-15,2.2380590472321,
-5.39195342912806));
#3074=CARTESIAN_POINT('Ctrl Pts',(1.44492911631134E-15,1.9066412036787,
-5.18370723748754));
#3075=CARTESIAN_POINT('Ctrl Pts',(1.59594559789866E-15,1.55620526610653,
-5.01494451179215));
#3076=CARTESIAN_POINT('Ctrl Pts',(1.73973406500275E-15,1.20576932853436,
-4.84618178609675));
#3077=CARTESIAN_POINT('Ctrl Pts',(3.38849318974136E-15,0.83631529694343,
-4.71690252634647));
#3078=CARTESIAN_POINT('Ctrl Pts',(3.88578058618805E-15,0.457112737420953,
-4.63035707982229));
#3079=CARTESIAN_POINT('Ctrl Pts',(4.09788306066219E-15,0.306083353322091,
-4.59588762502333));
#3080=CARTESIAN_POINT('Ctrl Pts',(4.30992816720169E-15,0.153507577833341,
-4.56819695788276));
#3081=CARTESIAN_POINT('Ctrl Pts',(4.53333253853309E-15,8.04499760004296E-7,
-4.54735317365409));
#3082=CARTESIAN_POINT('Origin',(0.,7.5,-3.175));
#3083=CARTESIAN_POINT('',(0.,4.5,-13.175));
#3084=CARTESIAN_POINT('Origin',(0.,7.5,-13.175));
#3085=CARTESIAN_POINT('',(0.,4.5,-3.175));
#3086=CARTESIAN_POINT('Origin',(0.,1.75,2.98893908032048));
#3087=CARTESIAN_POINT('',(1.,2.81429848312055,3.5933141618796));
#3088=CARTESIAN_POINT('',(0.,2.81429848312055,3.5933141618796));
#3089=CARTESIAN_POINT('',(1.,1.75,2.98893908032048));
#3090=CARTESIAN_POINT('',(1.,1.75,2.98893908032048));
#3091=CARTESIAN_POINT('',(0.,1.75,2.98893908032048));
#3092=CARTESIAN_POINT('Origin',(0.,0.32,2.98893908032048));
#3093=CARTESIAN_POINT('',(1.,0.32,2.98893908032048));
#3094=CARTESIAN_POINT('',(1.,0.32,2.98893908032048));
#3095=CARTESIAN_POINT('',(0.,0.32,2.98893908032048));
#3096=CARTESIAN_POINT('Origin',(0.,1.75,2.53648867633721));
#3097=CARTESIAN_POINT('Origin',(1.,1.75,2.53648867633721));
#3098=CARTESIAN_POINT('Origin',(1.,1.56714924156028,3.51264910354243));
#3099=CARTESIAN_POINT('Origin',(0.,12.1857015168794,3.5933141618796));
#3100=CARTESIAN_POINT('',(1.,13.25,2.98893908032048));
#3101=CARTESIAN_POINT('',(0.,13.25,2.98893908032048));
#3102=CARTESIAN_POINT('',(1.,12.1857015168794,3.5933141618796));
#3103=CARTESIAN_POINT('',(1.,12.1857015168794,3.5933141618796));
#3104=CARTESIAN_POINT('',(0.,12.1857015168794,3.5933141618796));
#3105=CARTESIAN_POINT('Origin',(0.,13.25,2.53648867633721));
#3106=CARTESIAN_POINT('',(1.,14.68,2.98893908032048));
#3107=CARTESIAN_POINT('Origin',(1.,13.25,2.53648867633721));
#3108=CARTESIAN_POINT('',(0.,14.68,2.98893908032048));
#3109=CARTESIAN_POINT('Origin',(0.,13.25,2.98893908032048));
#3110=CARTESIAN_POINT('',(1.,11.82,2.98893908032048));
#3111=CARTESIAN_POINT('Origin',(1.,13.4328507584397,3.51264910354243));
#3112=CARTESIAN_POINT('Origin',(0.,0.,0.));
#3113=CARTESIAN_POINT('Origin',(0.,15.,0.));
#3114=CARTESIAN_POINT('Origin',(0.,0.,0.));
#3115=CARTESIAN_POINT('Origin',(0.,15.,0.));
#3116=CARTESIAN_POINT('Origin',(0.,0.,0.));
#3117=CARTESIAN_POINT('',(0.,0.,-2.6));
#3118=CARTESIAN_POINT('Origin',(0.,0.,0.));
#3119=CARTESIAN_POINT('',(0.,0.,-2.6));
#3120=CARTESIAN_POINT('Origin',(0.,0.,0.));
#3121=CARTESIAN_POINT('',(0.,0.,0.));
#3122=CARTESIAN_POINT('Origin',(0.,0.,0.));
#3123=CARTESIAN_POINT('',(0.,6.25,-13.175));
#3124=CARTESIAN_POINT('',(0.,3.75,-13.175));
#3125=CARTESIAN_POINT('',(0.,6.25,-3.175));
#3126=CARTESIAN_POINT('',(0.,5.5,-10.175));
#3127=CARTESIAN_POINT('Origin',(0.,7.5,-10.175));
#3128=CARTESIAN_POINT('Origin',(0.,7.5,-3.175));
#3129=CARTESIAN_POINT('Origin',(0.,7.5,-13.175));
#3130=CARTESIAN_POINT('Origin',(0.,7.5,-13.175));
#3131=UNCERTAINTY_MEASURE_WITH_UNIT(LENGTH_MEASURE(0.01),#3135,
'DISTANCE_ACCURACY_VALUE',
'Maximum model space distance between geometric entities at asserted c
onnectivities');
#3132=UNCERTAINTY_MEASURE_WITH_UNIT(LENGTH_MEASURE(0.01),#3135,
'DISTANCE_ACCURACY_VALUE',
'Maximum model space distance between geometric entities at asserted c
onnectivities');
#3133=(
GEOMETRIC_REPRESENTATION_CONTEXT(3)
GLOBAL_UNCERTAINTY_ASSIGNED_CONTEXT((#3131))
GLOBAL_UNIT_ASSIGNED_CONTEXT((#3135,#3137,#3138))
REPRESENTATION_CONTEXT('','3D')
);
#3134=(
GEOMETRIC_REPRESENTATION_CONTEXT(3)
GLOBAL_UNCERTAINTY_ASSIGNED_CONTEXT((#3132))
GLOBAL_UNIT_ASSIGNED_CONTEXT((#3135,#3137,#3138))
REPRESENTATION_CONTEXT('','3D')
);
#3135=(
LENGTH_UNIT()
NAMED_UNIT(*)
SI_UNIT(.MILLI.,.METRE.)
);
#3136=(
LENGTH_UNIT()
NAMED_UNIT(*)
SI_UNIT(.CENTI.,.METRE.)
);
#3137=(
NAMED_UNIT(*)
PLANE_ANGLE_UNIT()
SI_UNIT($,.RADIAN.)
);
#3138=(
NAMED_UNIT(*)
SI_UNIT($,.STERADIAN.)
SOLID_ANGLE_UNIT()
);
#3139=SHAPE_DEFINITION_REPRESENTATION(#3140,#3141);
#3140=PRODUCT_DEFINITION_SHAPE('',$,#3143);
#3141=SHAPE_REPRESENTATION('',(#1067),#3133);
#3142=PRODUCT_DEFINITION_CONTEXT('part definition',#3147,'design');
#3143=PRODUCT_DEFINITION('TJoint','TJoint',#3144,#3142);
#3144=PRODUCT_DEFINITION_FORMATION('',$,#3149);
#3145=PRODUCT_RELATED_PRODUCT_CATEGORY('TJoint','TJoint',(#3149));
#3146=APPLICATION_PROTOCOL_DEFINITION('international standard',
'automotive_design',2009,#3147);
#3147=APPLICATION_CONTEXT(
'Core Data for Automotive Mechanical Design Process');
#3148=PRODUCT_CONTEXT('part definition',#3147,'mechanical');
#3149=PRODUCT('TJoint','TJoint',$,(#3148));
#3150=PRESENTATION_STYLE_ASSIGNMENT((#3151));
#3151=SURFACE_STYLE_USAGE(.BOTH.,#3154);
#3152=SURFACE_STYLE_RENDERING_WITH_PROPERTIES($,#3158,(#3153));
#3153=SURFACE_STYLE_TRANSPARENT(0.);
#3154=SURFACE_SIDE_STYLE('',(#3155,#3152));
#3155=SURFACE_STYLE_FILL_AREA(#3156);
#3156=FILL_AREA_STYLE('',(#3157));
#3157=FILL_AREA_STYLE_COLOUR('',#3158);
#3158=COLOUR_RGB('',0.749019607843137,0.749019607843137,0.749019607843137);
ENDSEC;
END-ISO-10303-21;
