ISO-10303-21;
HEADER;
/* Generated by software containing ST-Developer
 * from STEP Tools, Inc. (www.steptools.com) 
 */

FILE_DESCRIPTION(
/* description */ (''),
/* implementation_level */ '2;1');

FILE_NAME(
/* name */ 'WingBox.stp',
/* time_stamp */ '2026-08-17T14:02:13-04:00',
/* author */ ('mateo'),
/* organization */ (''),
/* preprocessor_version */ 'ST-DEVELOPER v20.1',
/* originating_system */ 'Autodesk Inventor 2027',
/* authorisation */ '');

FILE_SCHEMA (('AUTOMOTIVE_DESIGN { 1 0 10303 214 3 1 1 }'));
ENDSEC;

DATA;
#10=MECHANICAL_DESIGN_GEOMETRIC_PRESENTATION_REPRESENTATION('',(#13),#3944);
#11=SHAPE_REPRESENTATION_RELATIONSHIP('SRR','None',#3951,#12);
#12=ADVANCED_BREP_SHAPE_REPRESENTATION('',(#14),#3943);
#13=STYLED_ITEM('',(#3960),#14);
#14=MANIFOLD_SOLID_BREP('Solid1',#1743);
#15=(
BOUNDED_SURFACE()
B_SPLINE_SURFACE(2,2,((#2932,#2933,#2934,#2935,#2936,#2937,#2938,#2939,
#2940),(#2941,#2942,#2943,#2944,#2945,#2946,#2947,#2948,#2949),(#2950,#2951,
#2952,#2953,#2954,#2955,#2956,#2957,#2958)),.UNSPECIFIED.,.F.,.T.,.F.)
B_SPLINE_SURFACE_WITH_KNOTS((3,3),(3,2,2,2,3),(-1.5707963267949,0.),(-3.14159265358979,
-1.5707963267949,0.,1.5707963267949,3.14159265358979),.UNSPECIFIED.)
GEOMETRIC_REPRESENTATION_ITEM()
RATIONAL_B_SPLINE_SURFACE(((1.,0.707106781186548,1.,0.707106781186548,1.,
0.707106781186548,1.,0.707106781186548,1.),(0.707106781186549,0.500000000000001,
0.707106781186549,0.500000000000001,0.707106781186549,0.500000000000001,
0.707106781186549,0.500000000000001,0.707106781186549),(1.,0.707106781186548,
1.,0.707106781186548,1.,0.707106781186548,1.,0.707106781186548,1.)))
REPRESENTATION_ITEM('')
SURFACE()
);
#16=(
BOUNDED_SURFACE()
B_SPLINE_SURFACE(2,2,((#2971,#2972,#2973,#2974,#2975,#2976,#2977,#2978,
#2979),(#2980,#2981,#2982,#2983,#2984,#2985,#2986,#2987,#2988),(#2989,#2990,
#2991,#2992,#2993,#2994,#2995,#2996,#2997)),.UNSPECIFIED.,.F.,.T.,.F.)
B_SPLINE_SURFACE_WITH_KNOTS((3,3),(3,2,2,2,3),(-1.5707963267949,0.),(-3.14159265358979,
-1.5707963267949,0.,1.5707963267949,3.14159265358979),.UNSPECIFIED.)
GEOMETRIC_REPRESENTATION_ITEM()
RATIONAL_B_SPLINE_SURFACE(((1.,0.707106781186548,1.,0.707106781186548,1.,
0.707106781186548,1.,0.707106781186548,1.),(0.707106781186552,0.500000000000003,
0.707106781186552,0.500000000000003,0.707106781186552,0.500000000000003,
0.707106781186552,0.500000000000003,0.707106781186552),(1.,0.707106781186548,
1.,0.707106781186548,1.,0.707106781186548,1.,0.707106781186548,1.)))
REPRESENTATION_ITEM('')
SURFACE()
);
#17=(
BOUNDED_SURFACE()
B_SPLINE_SURFACE(2,2,((#3010,#3011,#3012,#3013,#3014,#3015,#3016,#3017,
#3018),(#3019,#3020,#3021,#3022,#3023,#3024,#3025,#3026,#3027),(#3028,#3029,
#3030,#3031,#3032,#3033,#3034,#3035,#3036)),.UNSPECIFIED.,.F.,.T.,.F.)
B_SPLINE_SURFACE_WITH_KNOTS((3,3),(3,2,2,2,3),(-1.5707963267949,0.),(-3.14159265358979,
-1.5707963267949,0.,1.5707963267949,3.14159265358979),.UNSPECIFIED.)
GEOMETRIC_REPRESENTATION_ITEM()
RATIONAL_B_SPLINE_SURFACE(((1.,0.707106781186548,1.,0.707106781186548,1.,
0.707106781186548,1.,0.707106781186548,1.),(0.707106781186552,0.500000000000003,
0.707106781186552,0.500000000000003,0.707106781186552,0.500000000000003,
0.707106781186552,0.500000000000003,0.707106781186552),(1.,0.707106781186548,
1.,0.707106781186548,1.,0.707106781186548,1.,0.707106781186548,1.)))
REPRESENTATION_ITEM('')
SURFACE()
);
#18=(
BOUNDED_SURFACE()
B_SPLINE_SURFACE(2,2,((#3049,#3050,#3051,#3052,#3053,#3054,#3055,#3056,
#3057),(#3058,#3059,#3060,#3061,#3062,#3063,#3064,#3065,#3066),(#3067,#3068,
#3069,#3070,#3071,#3072,#3073,#3074,#3075)),.UNSPECIFIED.,.F.,.T.,.F.)
B_SPLINE_SURFACE_WITH_KNOTS((3,3),(3,2,2,2,3),(-1.5707963267949,0.),(-3.14159265358979,
-1.5707963267949,0.,1.5707963267949,3.14159265358979),.UNSPECIFIED.)
GEOMETRIC_REPRESENTATION_ITEM()
RATIONAL_B_SPLINE_SURFACE(((1.,0.707106781186548,1.,0.707106781186548,1.,
0.707106781186548,1.,0.707106781186548,1.),(0.707106781186544,0.499999999999998,
0.707106781186544,0.499999999999998,0.707106781186544,0.499999999999998,
0.707106781186544,0.499999999999998,0.707106781186544),(1.,0.707106781186548,
1.,0.707106781186548,1.,0.707106781186548,1.,0.707106781186548,1.)))
REPRESENTATION_ITEM('')
SURFACE()
);
#19=(
BOUNDED_SURFACE()
B_SPLINE_SURFACE(2,2,((#3088,#3089,#3090,#3091,#3092,#3093,#3094,#3095,
#3096),(#3097,#3098,#3099,#3100,#3101,#3102,#3103,#3104,#3105),(#3106,#3107,
#3108,#3109,#3110,#3111,#3112,#3113,#3114)),.UNSPECIFIED.,.F.,.T.,.F.)
B_SPLINE_SURFACE_WITH_KNOTS((3,3),(3,2,2,2,3),(-1.5707963267949,0.),(-3.14159265358979,
-1.5707963267949,0.,1.5707963267949,3.14159265358979),.UNSPECIFIED.)
GEOMETRIC_REPRESENTATION_ITEM()
RATIONAL_B_SPLINE_SURFACE(((1.,0.707106781186548,1.,0.707106781186548,1.,
0.707106781186548,1.,0.707106781186548,1.),(0.707106781186544,0.499999999999998,
0.707106781186544,0.499999999999998,0.707106781186544,0.499999999999998,
0.707106781186544,0.499999999999998,0.707106781186544),(1.,0.707106781186548,
1.,0.707106781186548,1.,0.707106781186548,1.,0.707106781186548,1.)))
REPRESENTATION_ITEM('')
SURFACE()
);
#20=(
BOUNDED_SURFACE()
B_SPLINE_SURFACE(2,2,((#3127,#3128,#3129,#3130,#3131,#3132,#3133,#3134,
#3135),(#3136,#3137,#3138,#3139,#3140,#3141,#3142,#3143,#3144),(#3145,#3146,
#3147,#3148,#3149,#3150,#3151,#3152,#3153)),.UNSPECIFIED.,.F.,.T.,.F.)
B_SPLINE_SURFACE_WITH_KNOTS((3,3),(3,2,2,2,3),(-1.5707963267949,0.),(-3.14159265358979,
-1.5707963267949,0.,1.5707963267949,3.14159265358979),.UNSPECIFIED.)
GEOMETRIC_REPRESENTATION_ITEM()
RATIONAL_B_SPLINE_SURFACE(((1.,0.707106781186548,1.,0.707106781186548,1.,
0.707106781186548,1.,0.707106781186548,1.),(0.707106781186552,0.500000000000004,
0.707106781186552,0.500000000000004,0.707106781186552,0.500000000000004,
0.707106781186552,0.500000000000004,0.707106781186552),(1.,0.707106781186548,
1.,0.707106781186548,1.,0.707106781186548,1.,0.707106781186548,1.)))
REPRESENTATION_ITEM('')
SURFACE()
);
#21=(
BOUNDED_SURFACE()
B_SPLINE_SURFACE(2,2,((#3166,#3167,#3168,#3169,#3170,#3171,#3172,#3173,
#3174),(#3175,#3176,#3177,#3178,#3179,#3180,#3181,#3182,#3183),(#3184,#3185,
#3186,#3187,#3188,#3189,#3190,#3191,#3192)),.UNSPECIFIED.,.F.,.T.,.F.)
B_SPLINE_SURFACE_WITH_KNOTS((3,3),(3,2,2,2,3),(-1.5707963267949,0.),(-3.14159265358979,
-1.5707963267949,0.,1.5707963267949,3.14159265358979),.UNSPECIFIED.)
GEOMETRIC_REPRESENTATION_ITEM()
RATIONAL_B_SPLINE_SURFACE(((1.,0.707106781186548,1.,0.707106781186548,1.,
0.707106781186548,1.,0.707106781186548,1.),(0.707106781186548,0.5,0.707106781186548,
0.5,0.707106781186548,0.5,0.707106781186548,0.5,0.707106781186548),(1.,
0.707106781186548,1.,0.707106781186548,1.,0.707106781186548,1.,0.707106781186548,
1.)))
REPRESENTATION_ITEM('')
SURFACE()
);
#22=(
BOUNDED_SURFACE()
B_SPLINE_SURFACE(2,2,((#3205,#3206,#3207,#3208,#3209,#3210,#3211,#3212,
#3213),(#3214,#3215,#3216,#3217,#3218,#3219,#3220,#3221,#3222),(#3223,#3224,
#3225,#3226,#3227,#3228,#3229,#3230,#3231)),.UNSPECIFIED.,.F.,.T.,.F.)
B_SPLINE_SURFACE_WITH_KNOTS((3,3),(3,2,2,2,3),(-1.5707963267949,0.),(-3.14159265358979,
-1.5707963267949,0.,1.5707963267949,3.14159265358979),.UNSPECIFIED.)
GEOMETRIC_REPRESENTATION_ITEM()
RATIONAL_B_SPLINE_SURFACE(((1.,0.707106781186548,1.,0.707106781186548,1.,
0.707106781186548,1.,0.707106781186548,1.),(0.707106781186547,0.5,0.707106781186547,
0.5,0.707106781186547,0.5,0.707106781186547,0.5,0.707106781186547),(1.,
0.707106781186548,1.,0.707106781186548,1.,0.707106781186548,1.,0.707106781186548,
1.)))
REPRESENTATION_ITEM('')
SURFACE()
);
#23=(
BOUNDED_SURFACE()
B_SPLINE_SURFACE(2,2,((#3244,#3245,#3246,#3247,#3248,#3249,#3250,#3251,
#3252),(#3253,#3254,#3255,#3256,#3257,#3258,#3259,#3260,#3261),(#3262,#3263,
#3264,#3265,#3266,#3267,#3268,#3269,#3270)),.UNSPECIFIED.,.F.,.T.,.F.)
B_SPLINE_SURFACE_WITH_KNOTS((3,3),(3,2,2,2,3),(-1.5707963267949,0.),(-3.14159265358979,
-1.5707963267949,0.,1.5707963267949,3.14159265358979),.UNSPECIFIED.)
GEOMETRIC_REPRESENTATION_ITEM()
RATIONAL_B_SPLINE_SURFACE(((1.,0.707106781186548,1.,0.707106781186548,1.,
0.707106781186548,1.,0.707106781186548,1.),(0.707106781186544,0.499999999999998,
0.707106781186544,0.499999999999998,0.707106781186544,0.499999999999998,
0.707106781186544,0.499999999999998,0.707106781186544),(1.,0.707106781186548,
1.,0.707106781186548,1.,0.707106781186548,1.,0.707106781186548,1.)))
REPRESENTATION_ITEM('')
SURFACE()
);
#24=(
BOUNDED_SURFACE()
B_SPLINE_SURFACE(2,2,((#3283,#3284,#3285,#3286,#3287,#3288,#3289,#3290,
#3291),(#3292,#3293,#3294,#3295,#3296,#3297,#3298,#3299,#3300),(#3301,#3302,
#3303,#3304,#3305,#3306,#3307,#3308,#3309)),.UNSPECIFIED.,.F.,.T.,.F.)
B_SPLINE_SURFACE_WITH_KNOTS((3,3),(3,2,2,2,3),(-1.5707963267949,0.),(-3.14159265358979,
-1.5707963267949,0.,1.5707963267949,3.14159265358979),.UNSPECIFIED.)
GEOMETRIC_REPRESENTATION_ITEM()
RATIONAL_B_SPLINE_SURFACE(((1.,0.707106781186548,1.,0.707106781186548,1.,
0.707106781186548,1.,0.707106781186548,1.),(0.707106781186545,0.499999999999998,
0.707106781186545,0.499999999999998,0.707106781186545,0.499999999999998,
0.707106781186545,0.499999999999998,0.707106781186545),(1.,0.707106781186548,
1.,0.707106781186548,1.,0.707106781186548,1.,0.707106781186548,1.)))
REPRESENTATION_ITEM('')
SURFACE()
);
#25=(
BOUNDED_SURFACE()
B_SPLINE_SURFACE(2,2,((#3322,#3323,#3324,#3325,#3326,#3327,#3328,#3329,
#3330),(#3331,#3332,#3333,#3334,#3335,#3336,#3337,#3338,#3339),(#3340,#3341,
#3342,#3343,#3344,#3345,#3346,#3347,#3348)),.UNSPECIFIED.,.F.,.T.,.F.)
B_SPLINE_SURFACE_WITH_KNOTS((3,3),(3,2,2,2,3),(-1.5707963267949,0.),(-3.14159265358979,
-1.5707963267949,0.,1.5707963267949,3.14159265358979),.UNSPECIFIED.)
GEOMETRIC_REPRESENTATION_ITEM()
RATIONAL_B_SPLINE_SURFACE(((1.,0.707106781186548,1.,0.707106781186548,1.,
0.707106781186548,1.,0.707106781186548,1.),(0.707106781186552,0.500000000000004,
0.707106781186552,0.500000000000004,0.707106781186552,0.500000000000004,
0.707106781186552,0.500000000000004,0.707106781186552),(1.,0.707106781186548,
1.,0.707106781186548,1.,0.707106781186548,1.,0.707106781186548,1.)))
REPRESENTATION_ITEM('')
SURFACE()
);
#26=(
BOUNDED_SURFACE()
B_SPLINE_SURFACE(2,2,((#3361,#3362,#3363,#3364,#3365,#3366,#3367,#3368,
#3369),(#3370,#3371,#3372,#3373,#3374,#3375,#3376,#3377,#3378),(#3379,#3380,
#3381,#3382,#3383,#3384,#3385,#3386,#3387)),.UNSPECIFIED.,.F.,.T.,.F.)
B_SPLINE_SURFACE_WITH_KNOTS((3,3),(3,2,2,2,3),(-1.5707963267949,0.),(-3.14159265358979,
-1.5707963267949,0.,1.5707963267949,3.14159265358979),.UNSPECIFIED.)
GEOMETRIC_REPRESENTATION_ITEM()
RATIONAL_B_SPLINE_SURFACE(((1.,0.707106781186548,1.,0.707106781186548,1.,
0.707106781186548,1.,0.707106781186548,1.),(0.707106781186549,0.500000000000001,
0.707106781186549,0.500000000000001,0.707106781186549,0.500000000000001,
0.707106781186549,0.500000000000001,0.707106781186549),(1.,0.707106781186548,
1.,0.707106781186548,1.,0.707106781186548,1.,0.707106781186548,1.)))
REPRESENTATION_ITEM('')
SURFACE()
);
#27=(
BOUNDED_SURFACE()
B_SPLINE_SURFACE(2,2,((#3412,#3413,#3414,#3415,#3416,#3417,#3418,#3419,
#3420),(#3421,#3422,#3423,#3424,#3425,#3426,#3427,#3428,#3429),(#3430,#3431,
#3432,#3433,#3434,#3435,#3436,#3437,#3438)),.UNSPECIFIED.,.F.,.T.,.F.)
B_SPLINE_SURFACE_WITH_KNOTS((3,3),(3,2,2,2,3),(0.,1.5707963267949),(-3.14159265358979,
-1.5707963267949,0.,1.5707963267949,3.14159265358979),.UNSPECIFIED.)
GEOMETRIC_REPRESENTATION_ITEM()
RATIONAL_B_SPLINE_SURFACE(((1.,0.707106781186548,1.,0.707106781186548,1.,
0.707106781186548,1.,0.707106781186548,1.),(0.707106781186549,0.500000000000001,
0.707106781186549,0.500000000000001,0.707106781186549,0.500000000000001,
0.707106781186549,0.500000000000001,0.707106781186549),(1.,0.707106781186548,
1.,0.707106781186548,1.,0.707106781186548,1.,0.707106781186548,1.)))
REPRESENTATION_ITEM('')
SURFACE()
);
#28=(
BOUNDED_SURFACE()
B_SPLINE_SURFACE(2,2,((#3451,#3452,#3453,#3454,#3455,#3456,#3457,#3458,
#3459),(#3460,#3461,#3462,#3463,#3464,#3465,#3466,#3467,#3468),(#3469,#3470,
#3471,#3472,#3473,#3474,#3475,#3476,#3477)),.UNSPECIFIED.,.F.,.T.,.F.)
B_SPLINE_SURFACE_WITH_KNOTS((3,3),(3,2,2,2,3),(0.,1.5707963267949),(-3.14159265358979,
-1.5707963267949,0.,1.5707963267949,3.14159265358979),.UNSPECIFIED.)
GEOMETRIC_REPRESENTATION_ITEM()
RATIONAL_B_SPLINE_SURFACE(((1.,0.707106781186548,1.,0.707106781186548,1.,
0.707106781186548,1.,0.707106781186548,1.),(0.707106781186557,0.500000000000007,
0.707106781186557,0.500000000000007,0.707106781186557,0.500000000000007,
0.707106781186557,0.500000000000007,0.707106781186557),(1.,0.707106781186548,
1.,0.707106781186548,1.,0.707106781186548,1.,0.707106781186548,1.)))
REPRESENTATION_ITEM('')
SURFACE()
);
#29=(
BOUNDED_SURFACE()
B_SPLINE_SURFACE(2,2,((#3490,#3491,#3492,#3493,#3494,#3495,#3496,#3497,
#3498),(#3499,#3500,#3501,#3502,#3503,#3504,#3505,#3506,#3507),(#3508,#3509,
#3510,#3511,#3512,#3513,#3514,#3515,#3516)),.UNSPECIFIED.,.F.,.T.,.F.)
B_SPLINE_SURFACE_WITH_KNOTS((3,3),(3,2,2,2,3),(0.,1.5707963267949),(-3.14159265358979,
-1.5707963267949,0.,1.5707963267949,3.14159265358979),.UNSPECIFIED.)
GEOMETRIC_REPRESENTATION_ITEM()
RATIONAL_B_SPLINE_SURFACE(((1.,0.707106781186548,1.,0.707106781186548,1.,
0.707106781186548,1.,0.707106781186548,1.),(0.707106781186557,0.500000000000007,
0.707106781186557,0.500000000000007,0.707106781186557,0.500000000000007,
0.707106781186557,0.500000000000007,0.707106781186557),(1.,0.707106781186548,
1.,0.707106781186548,1.,0.707106781186548,1.,0.707106781186548,1.)))
REPRESENTATION_ITEM('')
SURFACE()
);
#30=(
BOUNDED_SURFACE()
B_SPLINE_SURFACE(2,2,((#3529,#3530,#3531,#3532,#3533,#3534,#3535,#3536,
#3537),(#3538,#3539,#3540,#3541,#3542,#3543,#3544,#3545,#3546),(#3547,#3548,
#3549,#3550,#3551,#3552,#3553,#3554,#3555)),.UNSPECIFIED.,.F.,.T.,.F.)
B_SPLINE_SURFACE_WITH_KNOTS((3,3),(3,2,2,2,3),(0.,1.5707963267949),(-3.14159265358979,
-1.5707963267949,0.,1.5707963267949,3.14159265358979),.UNSPECIFIED.)
GEOMETRIC_REPRESENTATION_ITEM()
RATIONAL_B_SPLINE_SURFACE(((1.,0.707106781186548,1.,0.707106781186548,1.,
0.707106781186548,1.,0.707106781186548,1.),(0.707106781186557,0.500000000000007,
0.707106781186557,0.500000000000007,0.707106781186557,0.500000000000007,
0.707106781186557,0.500000000000007,0.707106781186557),(1.,0.707106781186548,
1.,0.707106781186548,1.,0.707106781186548,1.,0.707106781186548,1.)))
REPRESENTATION_ITEM('')
SURFACE()
);
#31=(
BOUNDED_SURFACE()
B_SPLINE_SURFACE(2,2,((#3568,#3569,#3570,#3571,#3572,#3573,#3574,#3575,
#3576),(#3577,#3578,#3579,#3580,#3581,#3582,#3583,#3584,#3585),(#3586,#3587,
#3588,#3589,#3590,#3591,#3592,#3593,#3594)),.UNSPECIFIED.,.F.,.T.,.F.)
B_SPLINE_SURFACE_WITH_KNOTS((3,3),(3,2,2,2,3),(0.,1.5707963267949),(-3.14159265358979,
-1.5707963267949,0.,1.5707963267949,3.14159265358979),.UNSPECIFIED.)
GEOMETRIC_REPRESENTATION_ITEM()
RATIONAL_B_SPLINE_SURFACE(((1.,0.707106781186548,1.,0.707106781186548,1.,
0.707106781186548,1.,0.707106781186548,1.),(0.707106781186557,0.500000000000007,
0.707106781186557,0.500000000000007,0.707106781186557,0.500000000000007,
0.707106781186557,0.500000000000007,0.707106781186557),(1.,0.707106781186548,
1.,0.707106781186548,1.,0.707106781186548,1.,0.707106781186548,1.)))
REPRESENTATION_ITEM('')
SURFACE()
);
#32=(
BOUNDED_SURFACE()
B_SPLINE_SURFACE(2,2,((#3607,#3608,#3609,#3610,#3611,#3612,#3613,#3614,
#3615),(#3616,#3617,#3618,#3619,#3620,#3621,#3622,#3623,#3624),(#3625,#3626,
#3627,#3628,#3629,#3630,#3631,#3632,#3633)),.UNSPECIFIED.,.F.,.T.,.F.)
B_SPLINE_SURFACE_WITH_KNOTS((3,3),(3,2,2,2,3),(0.,1.5707963267949),(-3.14159265358979,
-1.5707963267949,0.,1.5707963267949,3.14159265358979),.UNSPECIFIED.)
GEOMETRIC_REPRESENTATION_ITEM()
RATIONAL_B_SPLINE_SURFACE(((1.,0.707106781186548,1.,0.707106781186548,1.,
0.707106781186548,1.,0.707106781186548,1.),(0.707106781186557,0.500000000000007,
0.707106781186557,0.500000000000007,0.707106781186557,0.500000000000007,
0.707106781186557,0.500000000000007,0.707106781186557),(1.,0.707106781186548,
1.,0.707106781186548,1.,0.707106781186548,1.,0.707106781186548,1.)))
REPRESENTATION_ITEM('')
SURFACE()
);
#33=(
BOUNDED_SURFACE()
B_SPLINE_SURFACE(2,2,((#3646,#3647,#3648,#3649,#3650,#3651,#3652,#3653,
#3654),(#3655,#3656,#3657,#3658,#3659,#3660,#3661,#3662,#3663),(#3664,#3665,
#3666,#3667,#3668,#3669,#3670,#3671,#3672)),.UNSPECIFIED.,.F.,.T.,.F.)
B_SPLINE_SURFACE_WITH_KNOTS((3,3),(3,2,2,2,3),(0.,1.5707963267949),(-3.14159265358979,
-1.5707963267949,0.,1.5707963267949,3.14159265358979),.UNSPECIFIED.)
GEOMETRIC_REPRESENTATION_ITEM()
RATIONAL_B_SPLINE_SURFACE(((1.,0.707106781186548,1.,0.707106781186548,1.,
0.707106781186548,1.,0.707106781186548,1.),(0.707106781186551,0.500000000000003,
0.707106781186551,0.500000000000003,0.707106781186551,0.500000000000003,
0.707106781186551,0.500000000000003,0.707106781186551),(1.,0.707106781186548,
1.,0.707106781186548,1.,0.707106781186548,1.,0.707106781186548,1.)))
REPRESENTATION_ITEM('')
SURFACE()
);
#34=(
BOUNDED_SURFACE()
B_SPLINE_SURFACE(2,2,((#3685,#3686,#3687,#3688,#3689,#3690,#3691,#3692,
#3693),(#3694,#3695,#3696,#3697,#3698,#3699,#3700,#3701,#3702),(#3703,#3704,
#3705,#3706,#3707,#3708,#3709,#3710,#3711)),.UNSPECIFIED.,.F.,.T.,.F.)
B_SPLINE_SURFACE_WITH_KNOTS((3,3),(3,2,2,2,3),(0.,1.5707963267949),(-3.14159265358979,
-1.5707963267949,0.,1.5707963267949,3.14159265358979),.UNSPECIFIED.)
GEOMETRIC_REPRESENTATION_ITEM()
RATIONAL_B_SPLINE_SURFACE(((1.,0.707106781186548,1.,0.707106781186548,1.,
0.707106781186548,1.,0.707106781186548,1.),(0.707106781186557,0.500000000000007,
0.707106781186557,0.500000000000007,0.707106781186557,0.500000000000007,
0.707106781186557,0.500000000000007,0.707106781186557),(1.,0.707106781186548,
1.,0.707106781186548,1.,0.707106781186548,1.,0.707106781186548,1.)))
REPRESENTATION_ITEM('')
SURFACE()
);
#35=(
BOUNDED_SURFACE()
B_SPLINE_SURFACE(2,2,((#3724,#3725,#3726,#3727,#3728,#3729,#3730,#3731,
#3732),(#3733,#3734,#3735,#3736,#3737,#3738,#3739,#3740,#3741),(#3742,#3743,
#3744,#3745,#3746,#3747,#3748,#3749,#3750)),.UNSPECIFIED.,.F.,.T.,.F.)
B_SPLINE_SURFACE_WITH_KNOTS((3,3),(3,2,2,2,3),(0.,1.5707963267949),(-3.14159265358979,
-1.5707963267949,0.,1.5707963267949,3.14159265358979),.UNSPECIFIED.)
GEOMETRIC_REPRESENTATION_ITEM()
RATIONAL_B_SPLINE_SURFACE(((1.,0.707106781186548,1.,0.707106781186548,1.,
0.707106781186548,1.,0.707106781186548,1.),(0.707106781186557,0.500000000000007,
0.707106781186557,0.500000000000007,0.707106781186557,0.500000000000007,
0.707106781186557,0.500000000000007,0.707106781186557),(1.,0.707106781186548,
1.,0.707106781186548,1.,0.707106781186548,1.,0.707106781186548,1.)))
REPRESENTATION_ITEM('')
SURFACE()
);
#36=(
BOUNDED_SURFACE()
B_SPLINE_SURFACE(2,2,((#3763,#3764,#3765,#3766,#3767,#3768,#3769,#3770,
#3771),(#3772,#3773,#3774,#3775,#3776,#3777,#3778,#3779,#3780),(#3781,#3782,
#3783,#3784,#3785,#3786,#3787,#3788,#3789)),.UNSPECIFIED.,.F.,.T.,.F.)
B_SPLINE_SURFACE_WITH_KNOTS((3,3),(3,2,2,2,3),(0.,1.5707963267949),(-3.14159265358979,
-1.5707963267949,0.,1.5707963267949,3.14159265358979),.UNSPECIFIED.)
GEOMETRIC_REPRESENTATION_ITEM()
RATIONAL_B_SPLINE_SURFACE(((1.,0.707106781186548,1.,0.707106781186548,1.,
0.707106781186548,1.,0.707106781186548,1.),(0.707106781186557,0.500000000000007,
0.707106781186557,0.500000000000007,0.707106781186557,0.500000000000007,
0.707106781186557,0.500000000000007,0.707106781186557),(1.,0.707106781186548,
1.,0.707106781186548,1.,0.707106781186548,1.,0.707106781186548,1.)))
REPRESENTATION_ITEM('')
SURFACE()
);
#37=(
BOUNDED_SURFACE()
B_SPLINE_SURFACE(2,2,((#3802,#3803,#3804,#3805,#3806,#3807,#3808,#3809,
#3810),(#3811,#3812,#3813,#3814,#3815,#3816,#3817,#3818,#3819),(#3820,#3821,
#3822,#3823,#3824,#3825,#3826,#3827,#3828)),.UNSPECIFIED.,.F.,.T.,.F.)
B_SPLINE_SURFACE_WITH_KNOTS((3,3),(3,2,2,2,3),(0.,1.5707963267949),(-3.14159265358979,
-1.5707963267949,0.,1.5707963267949,3.14159265358979),.UNSPECIFIED.)
GEOMETRIC_REPRESENTATION_ITEM()
RATIONAL_B_SPLINE_SURFACE(((1.,0.707106781186548,1.,0.707106781186548,1.,
0.707106781186548,1.,0.707106781186548,1.),(0.707106781186557,0.500000000000007,
0.707106781186557,0.500000000000007,0.707106781186557,0.500000000000007,
0.707106781186557,0.500000000000007,0.707106781186557),(1.,0.707106781186548,
1.,0.707106781186548,1.,0.707106781186548,1.,0.707106781186548,1.)))
REPRESENTATION_ITEM('')
SURFACE()
);
#38=(
BOUNDED_SURFACE()
B_SPLINE_SURFACE(2,2,((#3841,#3842,#3843,#3844,#3845,#3846,#3847,#3848,
#3849),(#3850,#3851,#3852,#3853,#3854,#3855,#3856,#3857,#3858),(#3859,#3860,
#3861,#3862,#3863,#3864,#3865,#3866,#3867)),.UNSPECIFIED.,.F.,.T.,.F.)
B_SPLINE_SURFACE_WITH_KNOTS((3,3),(3,2,2,2,3),(0.,1.5707963267949),(-3.14159265358979,
-1.5707963267949,0.,1.5707963267949,3.14159265358979),.UNSPECIFIED.)
GEOMETRIC_REPRESENTATION_ITEM()
RATIONAL_B_SPLINE_SURFACE(((1.,0.707106781186548,1.,0.707106781186548,1.,
0.707106781186548,1.,0.707106781186548,1.),(0.707106781186551,0.500000000000003,
0.707106781186551,0.500000000000003,0.707106781186551,0.500000000000003,
0.707106781186551,0.500000000000003,0.707106781186551),(1.,0.707106781186548,
1.,0.707106781186548,1.,0.707106781186548,1.,0.707106781186548,1.)))
REPRESENTATION_ITEM('')
SURFACE()
);
#39=B_SPLINE_SURFACE_WITH_KNOTS('',3,1,((#2692,#2693),(#2694,#2695),(#2696,
#2697),(#2698,#2699),(#2700,#2701),(#2702,#2703),(#2704,#2705),(#2706,#2707),
(#2708,#2709),(#2710,#2711),(#2712,#2713),(#2714,#2715),(#2716,#2717),(#2718,
#2719),(#2720,#2721),(#2722,#2723),(#2724,#2725),(#2726,#2727),(#2728,#2729),
(#2730,#2731),(#2732,#2733),(#2734,#2735),(#2736,#2737),(#2738,#2739),(#2740,
#2741),(#2742,#2743),(#2744,#2745),(#2746,#2747),(#2748,#2749),(#2750,#2751),
(#2752,#2753),(#2754,#2755),(#2756,#2757),(#2758,#2759),(#2760,#2761),(#2762,
#2763),(#2764,#2765),(#2766,#2767),(#2768,#2769),(#2770,#2771),(#2772,#2773),
(#2774,#2775),(#2776,#2777)),.UNSPECIFIED.,.F.,.F.,.F.,(4,3,3,3,3,3,3,3,
3,3,3,3,3,3,4),(2,2),(0.,0.0195962066040756,0.0392498331950508,0.0589046908727272,
0.0787169499339615,0.0990307467626703,0.119673080953987,0.14681084460206,
0.183127176254235,0.208841965548011,0.233915006462171,0.252620108826851,
0.271307181004999,0.287965838232213,0.296916642931289),(0.,15.),
 .UNSPECIFIED.);
#40=B_SPLINE_CURVE_WITH_KNOTS('',3,(#2540,#2541,#2542,#2543),
 .UNSPECIFIED.,.F.,.F.,(4,4),(-1.35,-0.0499999999999985),.UNSPECIFIED.);
#41=B_SPLINE_CURVE_WITH_KNOTS('',3,(#2555,#2556,#2557,#2558),
 .UNSPECIFIED.,.F.,.F.,(4,4),(-1.35,-0.0500000000000007),.UNSPECIFIED.);
#42=B_SPLINE_CURVE_WITH_KNOTS('',3,(#2574,#2575,#2576,#2577,#2578,#2579,
#2580,#2581,#2582,#2583,#2584,#2585,#2586,#2587,#2588,#2589,#2590,#2591,
#2592,#2593,#2594,#2595,#2596,#2597,#2598),.UNSPECIFIED.,.F.,.F.,(4,3,3,
3,3,3,3,3,4),(-9.41546986311789,-7.90696173458938,-6.42988504797967,-5.30634697805604,
-4.20069081193559,-3.12233275900522,-2.05254187900437,-0.982818005610594,
0.),.UNSPECIFIED.);
#43=B_SPLINE_CURVE_WITH_KNOTS('',3,(#2604,#2605,#2606,#2607,#2608,#2609,
#2610,#2611,#2612,#2613,#2614,#2615,#2616,#2617,#2618,#2619,#2620,#2621,
#2622,#2623,#2624,#2625,#2626,#2627,#2628),.UNSPECIFIED.,.F.,.F.,(4,3,3,
3,3,3,3,3,4),(-17.9817458587954,-16.1100099237186,-14.0727653850445,-12.0353932350797,
-9.98170526128718,-7.87602916850826,-5.73629773512209,-2.92326673914034,
-0.0503758718548717),.UNSPECIFIED.);
#44=B_SPLINE_CURVE_WITH_KNOTS('',3,(#2634,#2635,#2636,#2637,#2638,#2639,
#2640,#2641,#2642,#2643,#2644,#2645,#2646,#2647,#2648,#2649,#2650,#2651,
#2652,#2653,#2654,#2655,#2656,#2657,#2658),.UNSPECIFIED.,.F.,.F.,(4,3,3,
3,3,3,3,3,4),(-9.41546986311062,-7.90696173458327,-6.4298850479747,-5.30634697805194,
-4.20069081193235,-3.12233275900281,-2.05254187900279,-0.982818005609835,
0.),.UNSPECIFIED.);
#45=B_SPLINE_CURVE_WITH_KNOTS('',3,(#2664,#2665,#2666,#2667,#2668,#2669,
#2670,#2671,#2672,#2673,#2674,#2675,#2676,#2677,#2678,#2679,#2680,#2681,
#2682,#2683,#2684,#2685,#2686,#2687,#2688),.UNSPECIFIED.,.F.,.F.,(4,3,3,
3,3,3,3,3,4),(-17.9817458587933,-16.1100099237167,-14.0727653850429,-12.0353932350783,
-9.98170526128604,-7.87602916850735,-5.73629773512143,-2.92326673914,-0.0503758718548646),
 .UNSPECIFIED.);
#46=B_SPLINE_CURVE_WITH_KNOTS('',3,(#2779,#2780,#2781,#2782),
 .UNSPECIFIED.,.F.,.F.,(4,4),(-1.11539119521932,0.),.UNSPECIFIED.);
#47=B_SPLINE_CURVE_WITH_KNOTS('',3,(#2784,#2785,#2786,#2787,#2788,#2789,
#2790,#2791,#2792,#2793,#2794,#2795,#2796,#2797,#2798,#2799,#2800,#2801,
#2802,#2803,#2804,#2805,#2806,#2807,#2808,#2809,#2810,#2811,#2812,#2813,
#2814,#2815,#2816,#2817,#2818,#2819,#2820,#2821,#2822,#2823,#2824,#2825,
#2826),.UNSPECIFIED.,.F.,.F.,(4,3,3,3,3,3,3,3,3,3,3,3,3,3,4),(0.00153926820194994,
0.0195962066040756,0.0392498331950508,0.0589046908727272,0.0787169499339615,
0.0990307467626703,0.119673080953987,0.14681084460206,0.183127176254235,
0.208841965548011,0.233915006462171,0.252620108826851,0.271307181004999,
0.287965838232213,0.296916642931289),.UNSPECIFIED.);
#48=B_SPLINE_CURVE_WITH_KNOTS('',3,(#2830,#2831,#2832,#2833,#2834,#2835,
#2836,#2837,#2838,#2839,#2840,#2841,#2842,#2843,#2844,#2845,#2846,#2847,
#2848,#2849,#2850,#2851,#2852,#2853,#2854,#2855,#2856,#2857,#2858,#2859,
#2860,#2861,#2862,#2863,#2864,#2865,#2866,#2867,#2868,#2869,#2870,#2871,
#2872),.UNSPECIFIED.,.F.,.F.,(4,3,3,3,3,3,3,3,3,3,3,3,3,3,4),(0.00153926820194994,
0.0195962066040756,0.0392498331950508,0.0589046908727272,0.0787169499339615,
0.0990307467626703,0.119673080953987,0.14681084460206,0.183127176254235,
0.208841965548011,0.233915006462171,0.252620108826851,0.271307181004999,
0.287965838232213,0.296916642931289),.UNSPECIFIED.);
#49=B_SPLINE_CURVE_WITH_KNOTS('',3,(#2873,#2874,#2875,#2876),
 .UNSPECIFIED.,.F.,.F.,(4,4),(-15.,-13.8846088047807),.UNSPECIFIED.);
#50=B_SPLINE_CURVE_WITH_KNOTS('',3,(#2877,#2878,#2879,#2880,#2881,#2882),
 .UNSPECIFIED.,.F.,.F.,(4,2,4),(-12.5846088047807,-7.5,-2.41539119521932),
 .UNSPECIFIED.);
#51=LINE('',#2530,#147);
#52=LINE('',#2533,#148);
#53=LINE('',#2546,#149);
#54=LINE('',#2552,#150);
#55=LINE('',#2567,#151);
#56=LINE('',#2570,#152);
#57=LINE('',#2600,#153);
#58=LINE('',#2601,#154);
#59=LINE('',#2630,#155);
#60=LINE('',#2631,#156);
#61=LINE('',#2660,#157);
#62=LINE('',#2661,#158);
#63=LINE('',#2690,#159);
#64=LINE('',#2691,#160);
#65=LINE('',#2828,#161);
#66=LINE('',#2885,#162);
#67=LINE('',#2886,#163);
#68=LINE('',#2889,#164);
#69=LINE('',#2890,#165);
#70=LINE('',#2892,#166);
#71=LINE('',#2894,#167);
#72=LINE('',#2896,#168);
#73=LINE('',#2897,#169);
#74=LINE('',#2900,#170);
#75=LINE('',#2902,#171);
#76=LINE('',#2904,#172);
#77=LINE('',#2906,#173);
#78=LINE('',#2908,#174);
#79=LINE('',#2910,#175);
#80=LINE('',#2912,#176);
#81=LINE('',#2913,#177);
#82=LINE('',#2917,#178);
#83=LINE('',#2919,#179);
#84=LINE('',#2921,#180);
#85=LINE('',#2922,#181);
#86=LINE('',#2926,#182);
#87=LINE('',#2928,#183);
#88=LINE('',#2930,#184);
#89=LINE('',#2931,#185);
#90=LINE('',#2969,#186);
#91=LINE('',#3008,#187);
#92=LINE('',#3047,#188);
#93=LINE('',#3086,#189);
#94=LINE('',#3125,#190);
#95=LINE('',#3164,#191);
#96=LINE('',#3203,#192);
#97=LINE('',#3242,#193);
#98=LINE('',#3281,#194);
#99=LINE('',#3320,#195);
#100=LINE('',#3359,#196);
#101=LINE('',#3398,#197);
#102=LINE('',#3403,#198);
#103=LINE('',#3408,#199);
#104=LINE('',#3410,#200);
#105=LINE('',#3411,#201);
#106=LINE('',#3449,#202);
#107=LINE('',#3488,#203);
#108=LINE('',#3527,#204);
#109=LINE('',#3566,#205);
#110=LINE('',#3605,#206);
#111=LINE('',#3644,#207);
#112=LINE('',#3683,#208);
#113=LINE('',#3722,#209);
#114=LINE('',#3761,#210);
#115=LINE('',#3800,#211);
#116=LINE('',#3839,#212);
#117=LINE('',#3878,#213);
#118=LINE('',#3882,#214);
#119=LINE('',#3884,#215);
#120=LINE('',#3885,#216);
#121=LINE('',#3888,#217);
#122=LINE('',#3889,#218);
#123=LINE('',#3892,#219);
#124=LINE('',#3893,#220);
#125=LINE('',#3896,#221);
#126=LINE('',#3897,#222);
#127=LINE('',#3900,#223);
#128=LINE('',#3901,#224);
#129=LINE('',#3903,#225);
#130=LINE('',#3905,#226);
#131=LINE('',#3907,#227);
#132=LINE('',#3908,#228);
#133=LINE('',#3911,#229);
#134=LINE('',#3913,#230);
#135=LINE('',#3914,#231);
#136=LINE('',#3916,#232);
#137=LINE('',#3918,#233);
#138=LINE('',#3919,#234);
#139=LINE('',#3922,#235);
#140=LINE('',#3923,#236);
#141=LINE('',#3926,#237);
#142=LINE('',#3927,#238);
#143=LINE('',#3929,#239);
#144=LINE('',#3932,#240);
#145=LINE('',#3933,#241);
#146=LINE('',#3937,#242);
#147=VECTOR('',#1997,5.);
#148=VECTOR('',#2000,3.25);
#149=VECTOR('',#2009,10.);
#150=VECTOR('',#2014,10.);
#151=VECTOR('',#2027,5.);
#152=VECTOR('',#2030,3.25);
#153=VECTOR('',#2035,10.);
#154=VECTOR('',#2036,10.);
#155=VECTOR('',#2039,10.);
#156=VECTOR('',#2040,10.);
#157=VECTOR('',#2043,10.);
#158=VECTOR('',#2044,10.);
#159=VECTOR('',#2047,10.);
#160=VECTOR('',#2048,10.);
#161=VECTOR('',#2049,10.);
#162=VECTOR('',#2052,10.);
#163=VECTOR('',#2053,10.);
#164=VECTOR('',#2056,10.);
#165=VECTOR('',#2057,10.);
#166=VECTOR('',#2060,10.);
#167=VECTOR('',#2061,10.);
#168=VECTOR('',#2062,10.);
#169=VECTOR('',#2063,10.);
#170=VECTOR('',#2064,10.);
#171=VECTOR('',#2065,10.);
#172=VECTOR('',#2066,10.);
#173=VECTOR('',#2067,10.);
#174=VECTOR('',#2068,10.);
#175=VECTOR('',#2069,10.);
#176=VECTOR('',#2070,10.);
#177=VECTOR('',#2071,10.);
#178=VECTOR('',#2074,10.);
#179=VECTOR('',#2075,10.);
#180=VECTOR('',#2076,10.);
#181=VECTOR('',#2077,10.);
#182=VECTOR('',#2080,10.);
#183=VECTOR('',#2081,10.);
#184=VECTOR('',#2082,10.);
#185=VECTOR('',#2083,10.);
#186=VECTOR('',#2096,4.625);
#187=VECTOR('',#2111,4.625);
#188=VECTOR('',#2126,4.625);
#189=VECTOR('',#2141,4.62500000000002);
#190=VECTOR('',#2156,4.625);
#191=VECTOR('',#2171,4.625);
#192=VECTOR('',#2186,4.625);
#193=VECTOR('',#2201,4.625);
#194=VECTOR('',#2216,4.625);
#195=VECTOR('',#2231,4.62500000000001);
#196=VECTOR('',#2246,4.62500000000001);
#197=VECTOR('',#2261,4.625);
#198=VECTOR('',#2268,10.);
#199=VECTOR('',#2273,10.);
#200=VECTOR('',#2274,10.);
#201=VECTOR('',#2275,10.);
#202=VECTOR('',#2288,4.625);
#203=VECTOR('',#2303,4.625);
#204=VECTOR('',#2318,4.625);
#205=VECTOR('',#2333,4.62500000000002);
#206=VECTOR('',#2348,4.625);
#207=VECTOR('',#2363,4.625);
#208=VECTOR('',#2378,4.625);
#209=VECTOR('',#2393,4.625);
#210=VECTOR('',#2408,4.625);
#211=VECTOR('',#2423,4.62500000000001);
#212=VECTOR('',#2438,4.62500000000001);
#213=VECTOR('',#2453,4.625);
#214=VECTOR('',#2458,10.);
#215=VECTOR('',#2459,10.);
#216=VECTOR('',#2460,10.);
#217=VECTOR('',#2463,10.);
#218=VECTOR('',#2464,10.);
#219=VECTOR('',#2467,10.);
#220=VECTOR('',#2468,10.);
#221=VECTOR('',#2471,10.);
#222=VECTOR('',#2472,10.);
#223=VECTOR('',#2475,10.);
#224=VECTOR('',#2476,10.);
#225=VECTOR('',#2479,10.);
#226=VECTOR('',#2480,10.);
#227=VECTOR('',#2481,10.);
#228=VECTOR('',#2482,10.);
#229=VECTOR('',#2485,10.);
#230=VECTOR('',#2486,10.);
#231=VECTOR('',#2487,10.);
#232=VECTOR('',#2490,10.);
#233=VECTOR('',#2493,10.);
#234=VECTOR('',#2494,10.);
#235=VECTOR('',#2497,10.);
#236=VECTOR('',#2498,10.);
#237=VECTOR('',#2501,10.);
#238=VECTOR('',#2502,10.);
#239=VECTOR('',#2505,10.);
#240=VECTOR('',#2508,10.);
#241=VECTOR('',#2509,10.);
#242=VECTOR('',#2514,10.);
#243=CYLINDRICAL_SURFACE('',#1769,5.);
#244=CYLINDRICAL_SURFACE('',#1771,3.25);
#245=CYLINDRICAL_SURFACE('',#1773,52.8886290583952);
#246=CYLINDRICAL_SURFACE('',#1776,52.8886290583952);
#247=CYLINDRICAL_SURFACE('',#1782,5.);
#248=CYLINDRICAL_SURFACE('',#1784,3.25);
#249=CYLINDRICAL_SURFACE('',#1799,4.625);
#250=CYLINDRICAL_SURFACE('',#1806,4.625);
#251=CYLINDRICAL_SURFACE('',#1813,4.625);
#252=CYLINDRICAL_SURFACE('',#1820,4.62500000000002);
#253=CYLINDRICAL_SURFACE('',#1827,4.625);
#254=CYLINDRICAL_SURFACE('',#1834,4.625);
#255=CYLINDRICAL_SURFACE('',#1841,4.625);
#256=CYLINDRICAL_SURFACE('',#1848,4.625);
#257=CYLINDRICAL_SURFACE('',#1855,4.625);
#258=CYLINDRICAL_SURFACE('',#1862,4.62500000000001);
#259=CYLINDRICAL_SURFACE('',#1869,4.62500000000001);
#260=CYLINDRICAL_SURFACE('',#1876,4.625);
#261=CYLINDRICAL_SURFACE('',#1887,4.625);
#262=CYLINDRICAL_SURFACE('',#1894,4.625);
#263=CYLINDRICAL_SURFACE('',#1901,4.625);
#264=CYLINDRICAL_SURFACE('',#1908,4.62500000000002);
#265=CYLINDRICAL_SURFACE('',#1915,4.625);
#266=CYLINDRICAL_SURFACE('',#1922,4.625);
#267=CYLINDRICAL_SURFACE('',#1929,4.625);
#268=CYLINDRICAL_SURFACE('',#1936,4.625);
#269=CYLINDRICAL_SURFACE('',#1943,4.625);
#270=CYLINDRICAL_SURFACE('',#1950,4.62500000000001);
#271=CYLINDRICAL_SURFACE('',#1957,4.62500000000001);
#272=CYLINDRICAL_SURFACE('',#1964,4.625);
#273=CYLINDRICAL_SURFACE('',#1980,5.);
#274=CYLINDRICAL_SURFACE('',#1982,199.999999999999);
#275=FACE_BOUND('',#417,.T.);
#276=FACE_BOUND('',#423,.T.);
#277=FACE_BOUND('',#427,.T.);
#278=FACE_BOUND('',#431,.T.);
#279=FACE_BOUND('',#436,.T.);
#280=FACE_BOUND('',#477,.T.);
#281=FACE_BOUND('',#478,.T.);
#282=FACE_BOUND('',#479,.T.);
#283=FACE_BOUND('',#480,.T.);
#284=FACE_BOUND('',#481,.T.);
#285=FACE_BOUND('',#482,.T.);
#286=FACE_BOUND('',#483,.T.);
#287=FACE_BOUND('',#484,.T.);
#288=FACE_BOUND('',#485,.T.);
#289=FACE_BOUND('',#486,.T.);
#290=FACE_BOUND('',#487,.T.);
#291=FACE_BOUND('',#488,.T.);
#292=FACE_BOUND('',#489,.T.);
#293=FACE_BOUND('',#490,.T.);
#294=FACE_BOUND('',#543,.T.);
#295=FACE_BOUND('',#544,.T.);
#296=FACE_BOUND('',#545,.T.);
#297=FACE_BOUND('',#546,.T.);
#298=FACE_BOUND('',#547,.T.);
#299=FACE_BOUND('',#548,.T.);
#300=FACE_BOUND('',#549,.T.);
#301=FACE_BOUND('',#550,.T.);
#302=FACE_BOUND('',#551,.T.);
#303=FACE_BOUND('',#552,.T.);
#304=FACE_BOUND('',#553,.T.);
#305=FACE_BOUND('',#554,.T.);
#306=FACE_BOUND('',#555,.T.);
#307=FACE_BOUND('',#556,.T.);
#308=FACE_OUTER_BOUND('',#416,.T.);
#309=FACE_OUTER_BOUND('',#418,.T.);
#310=FACE_OUTER_BOUND('',#419,.T.);
#311=FACE_OUTER_BOUND('',#420,.T.);
#312=FACE_OUTER_BOUND('',#421,.T.);
#313=FACE_OUTER_BOUND('',#422,.T.);
#314=FACE_OUTER_BOUND('',#424,.T.);
#315=FACE_OUTER_BOUND('',#425,.T.);
#316=FACE_OUTER_BOUND('',#426,.T.);
#317=FACE_OUTER_BOUND('',#428,.T.);
#318=FACE_OUTER_BOUND('',#429,.T.);
#319=FACE_OUTER_BOUND('',#430,.T.);
#320=FACE_OUTER_BOUND('',#432,.T.);
#321=FACE_OUTER_BOUND('',#433,.T.);
#322=FACE_OUTER_BOUND('',#434,.T.);
#323=FACE_OUTER_BOUND('',#435,.T.);
#324=FACE_OUTER_BOUND('',#437,.T.);
#325=FACE_OUTER_BOUND('',#438,.T.);
#326=FACE_OUTER_BOUND('',#439,.T.);
#327=FACE_OUTER_BOUND('',#440,.T.);
#328=FACE_OUTER_BOUND('',#441,.T.);
#329=FACE_OUTER_BOUND('',#442,.T.);
#330=FACE_OUTER_BOUND('',#443,.T.);
#331=FACE_OUTER_BOUND('',#444,.T.);
#332=FACE_OUTER_BOUND('',#445,.T.);
#333=FACE_OUTER_BOUND('',#446,.T.);
#334=FACE_OUTER_BOUND('',#447,.T.);
#335=FACE_OUTER_BOUND('',#448,.T.);
#336=FACE_OUTER_BOUND('',#449,.T.);
#337=FACE_OUTER_BOUND('',#450,.T.);
#338=FACE_OUTER_BOUND('',#451,.T.);
#339=FACE_OUTER_BOUND('',#452,.T.);
#340=FACE_OUTER_BOUND('',#453,.T.);
#341=FACE_OUTER_BOUND('',#454,.T.);
#342=FACE_OUTER_BOUND('',#455,.T.);
#343=FACE_OUTER_BOUND('',#456,.T.);
#344=FACE_OUTER_BOUND('',#457,.T.);
#345=FACE_OUTER_BOUND('',#458,.T.);
#346=FACE_OUTER_BOUND('',#459,.T.);
#347=FACE_OUTER_BOUND('',#460,.T.);
#348=FACE_OUTER_BOUND('',#461,.T.);
#349=FACE_OUTER_BOUND('',#462,.T.);
#350=FACE_OUTER_BOUND('',#463,.T.);
#351=FACE_OUTER_BOUND('',#464,.T.);
#352=FACE_OUTER_BOUND('',#465,.T.);
#353=FACE_OUTER_BOUND('',#466,.T.);
#354=FACE_OUTER_BOUND('',#467,.T.);
#355=FACE_OUTER_BOUND('',#468,.T.);
#356=FACE_OUTER_BOUND('',#469,.T.);
#357=FACE_OUTER_BOUND('',#470,.T.);
#358=FACE_OUTER_BOUND('',#471,.T.);
#359=FACE_OUTER_BOUND('',#472,.T.);
#360=FACE_OUTER_BOUND('',#473,.T.);
#361=FACE_OUTER_BOUND('',#474,.T.);
#362=FACE_OUTER_BOUND('',#475,.T.);
#363=FACE_OUTER_BOUND('',#476,.T.);
#364=FACE_OUTER_BOUND('',#491,.T.);
#365=FACE_OUTER_BOUND('',#492,.T.);
#366=FACE_OUTER_BOUND('',#493,.T.);
#367=FACE_OUTER_BOUND('',#494,.T.);
#368=FACE_OUTER_BOUND('',#495,.T.);
#369=FACE_OUTER_BOUND('',#496,.T.);
#370=FACE_OUTER_BOUND('',#497,.T.);
#371=FACE_OUTER_BOUND('',#498,.T.);
#372=FACE_OUTER_BOUND('',#499,.T.);
#373=FACE_OUTER_BOUND('',#500,.T.);
#374=FACE_OUTER_BOUND('',#501,.T.);
#375=FACE_OUTER_BOUND('',#502,.T.);
#376=FACE_OUTER_BOUND('',#503,.T.);
#377=FACE_OUTER_BOUND('',#504,.T.);
#378=FACE_OUTER_BOUND('',#505,.T.);
#379=FACE_OUTER_BOUND('',#506,.T.);
#380=FACE_OUTER_BOUND('',#507,.T.);
#381=FACE_OUTER_BOUND('',#508,.T.);
#382=FACE_OUTER_BOUND('',#509,.T.);
#383=FACE_OUTER_BOUND('',#510,.T.);
#384=FACE_OUTER_BOUND('',#511,.T.);
#385=FACE_OUTER_BOUND('',#512,.T.);
#386=FACE_OUTER_BOUND('',#513,.T.);
#387=FACE_OUTER_BOUND('',#514,.T.);
#388=FACE_OUTER_BOUND('',#515,.T.);
#389=FACE_OUTER_BOUND('',#516,.T.);
#390=FACE_OUTER_BOUND('',#517,.T.);
#391=FACE_OUTER_BOUND('',#518,.T.);
#392=FACE_OUTER_BOUND('',#519,.T.);
#393=FACE_OUTER_BOUND('',#520,.T.);
#394=FACE_OUTER_BOUND('',#521,.T.);
#395=FACE_OUTER_BOUND('',#522,.T.);
#396=FACE_OUTER_BOUND('',#523,.T.);
#397=FACE_OUTER_BOUND('',#524,.T.);
#398=FACE_OUTER_BOUND('',#525,.T.);
#399=FACE_OUTER_BOUND('',#526,.T.);
#400=FACE_OUTER_BOUND('',#527,.T.);
#401=FACE_OUTER_BOUND('',#528,.T.);
#402=FACE_OUTER_BOUND('',#529,.T.);
#403=FACE_OUTER_BOUND('',#530,.T.);
#404=FACE_OUTER_BOUND('',#531,.T.);
#405=FACE_OUTER_BOUND('',#532,.T.);
#406=FACE_OUTER_BOUND('',#533,.T.);
#407=FACE_OUTER_BOUND('',#534,.T.);
#408=FACE_OUTER_BOUND('',#535,.T.);
#409=FACE_OUTER_BOUND('',#536,.T.);
#410=FACE_OUTER_BOUND('',#537,.T.);
#411=FACE_OUTER_BOUND('',#538,.T.);
#412=FACE_OUTER_BOUND('',#539,.T.);
#413=FACE_OUTER_BOUND('',#540,.T.);
#414=FACE_OUTER_BOUND('',#541,.T.);
#415=FACE_OUTER_BOUND('',#542,.T.);
#416=EDGE_LOOP('',(#1098));
#417=EDGE_LOOP('',(#1099));
#418=EDGE_LOOP('',(#1100,#1101,#1102,#1103));
#419=EDGE_LOOP('',(#1104,#1105,#1106,#1107));
#420=EDGE_LOOP('',(#1108,#1109,#1110,#1111));
#421=EDGE_LOOP('',(#1112,#1113,#1114,#1115));
#422=EDGE_LOOP('',(#1116));
#423=EDGE_LOOP('',(#1117));
#424=EDGE_LOOP('',(#1118,#1119,#1120,#1121));
#425=EDGE_LOOP('',(#1122,#1123,#1124,#1125));
#426=EDGE_LOOP('',(#1126,#1127,#1128,#1129));
#427=EDGE_LOOP('',(#1130));
#428=EDGE_LOOP('',(#1131,#1132,#1133,#1134));
#429=EDGE_LOOP('',(#1135,#1136,#1137,#1138));
#430=EDGE_LOOP('',(#1139,#1140,#1141,#1142));
#431=EDGE_LOOP('',(#1143));
#432=EDGE_LOOP('',(#1144,#1145,#1146,#1147,#1148,#1149,#1150,#1151,#1152,
#1153,#1154,#1155));
#433=EDGE_LOOP('',(#1156,#1157,#1158,#1159));
#434=EDGE_LOOP('',(#1160,#1161,#1162,#1163));
#435=EDGE_LOOP('',(#1164,#1165,#1166,#1167,#1168,#1169,#1170,#1171,#1172,
#1173,#1174,#1175));
#436=EDGE_LOOP('',(#1176,#1177,#1178,#1179,#1180,#1181,#1182,#1183));
#437=EDGE_LOOP('',(#1184,#1185,#1186,#1187));
#438=EDGE_LOOP('',(#1188,#1189,#1190,#1191));
#439=EDGE_LOOP('',(#1192,#1193,#1194,#1195,#1196));
#440=EDGE_LOOP('',(#1197,#1198,#1199,#1200,#1201));
#441=EDGE_LOOP('',(#1202));
#442=EDGE_LOOP('',(#1203,#1204,#1205,#1206,#1207));
#443=EDGE_LOOP('',(#1208,#1209,#1210,#1211,#1212));
#444=EDGE_LOOP('',(#1213));
#445=EDGE_LOOP('',(#1214,#1215,#1216,#1217,#1218));
#446=EDGE_LOOP('',(#1219,#1220,#1221,#1222,#1223));
#447=EDGE_LOOP('',(#1224));
#448=EDGE_LOOP('',(#1225,#1226,#1227,#1228,#1229));
#449=EDGE_LOOP('',(#1230,#1231,#1232,#1233,#1234));
#450=EDGE_LOOP('',(#1235));
#451=EDGE_LOOP('',(#1236,#1237,#1238,#1239,#1240));
#452=EDGE_LOOP('',(#1241,#1242,#1243,#1244,#1245));
#453=EDGE_LOOP('',(#1246));
#454=EDGE_LOOP('',(#1247,#1248,#1249,#1250,#1251));
#455=EDGE_LOOP('',(#1252,#1253,#1254,#1255,#1256));
#456=EDGE_LOOP('',(#1257));
#457=EDGE_LOOP('',(#1258,#1259,#1260,#1261,#1262));
#458=EDGE_LOOP('',(#1263,#1264,#1265,#1266,#1267));
#459=EDGE_LOOP('',(#1268));
#460=EDGE_LOOP('',(#1269,#1270,#1271,#1272,#1273));
#461=EDGE_LOOP('',(#1274,#1275,#1276,#1277,#1278));
#462=EDGE_LOOP('',(#1279));
#463=EDGE_LOOP('',(#1280,#1281,#1282,#1283,#1284));
#464=EDGE_LOOP('',(#1285,#1286,#1287,#1288,#1289));
#465=EDGE_LOOP('',(#1290));
#466=EDGE_LOOP('',(#1291,#1292,#1293,#1294,#1295));
#467=EDGE_LOOP('',(#1296,#1297,#1298,#1299,#1300));
#468=EDGE_LOOP('',(#1301));
#469=EDGE_LOOP('',(#1302,#1303,#1304,#1305,#1306));
#470=EDGE_LOOP('',(#1307,#1308,#1309,#1310,#1311));
#471=EDGE_LOOP('',(#1312));
#472=EDGE_LOOP('',(#1313,#1314,#1315,#1316,#1317));
#473=EDGE_LOOP('',(#1318,#1319,#1320,#1321,#1322));
#474=EDGE_LOOP('',(#1323));
#475=EDGE_LOOP('',(#1324,#1325,#1326,#1327));
#476=EDGE_LOOP('',(#1328,#1329,#1330,#1331,#1332,#1333));
#477=EDGE_LOOP('',(#1334));
#478=EDGE_LOOP('',(#1335,#1336,#1337,#1338));
#479=EDGE_LOOP('',(#1339));
#480=EDGE_LOOP('',(#1340));
#481=EDGE_LOOP('',(#1341));
#482=EDGE_LOOP('',(#1342));
#483=EDGE_LOOP('',(#1343));
#484=EDGE_LOOP('',(#1344));
#485=EDGE_LOOP('',(#1345));
#486=EDGE_LOOP('',(#1346));
#487=EDGE_LOOP('',(#1347));
#488=EDGE_LOOP('',(#1348));
#489=EDGE_LOOP('',(#1349));
#490=EDGE_LOOP('',(#1350));
#491=EDGE_LOOP('',(#1351,#1352,#1353,#1354,#1355));
#492=EDGE_LOOP('',(#1356,#1357,#1358,#1359,#1360));
#493=EDGE_LOOP('',(#1361));
#494=EDGE_LOOP('',(#1362,#1363,#1364,#1365,#1366));
#495=EDGE_LOOP('',(#1367,#1368,#1369,#1370,#1371));
#496=EDGE_LOOP('',(#1372));
#497=EDGE_LOOP('',(#1373,#1374,#1375,#1376,#1377));
#498=EDGE_LOOP('',(#1378,#1379,#1380,#1381,#1382));
#499=EDGE_LOOP('',(#1383));
#500=EDGE_LOOP('',(#1384,#1385,#1386,#1387,#1388));
#501=EDGE_LOOP('',(#1389,#1390,#1391,#1392,#1393));
#502=EDGE_LOOP('',(#1394));
#503=EDGE_LOOP('',(#1395,#1396,#1397,#1398,#1399));
#504=EDGE_LOOP('',(#1400,#1401,#1402,#1403,#1404));
#505=EDGE_LOOP('',(#1405));
#506=EDGE_LOOP('',(#1406,#1407,#1408,#1409,#1410));
#507=EDGE_LOOP('',(#1411,#1412,#1413,#1414,#1415));
#508=EDGE_LOOP('',(#1416));
#509=EDGE_LOOP('',(#1417,#1418,#1419,#1420,#1421));
#510=EDGE_LOOP('',(#1422,#1423,#1424,#1425,#1426));
#511=EDGE_LOOP('',(#1427));
#512=EDGE_LOOP('',(#1428,#1429,#1430,#1431,#1432));
#513=EDGE_LOOP('',(#1433,#1434,#1435,#1436,#1437));
#514=EDGE_LOOP('',(#1438));
#515=EDGE_LOOP('',(#1439,#1440,#1441,#1442,#1443));
#516=EDGE_LOOP('',(#1444,#1445,#1446,#1447,#1448));
#517=EDGE_LOOP('',(#1449));
#518=EDGE_LOOP('',(#1450,#1451,#1452,#1453,#1454));
#519=EDGE_LOOP('',(#1455,#1456,#1457,#1458,#1459));
#520=EDGE_LOOP('',(#1460));
#521=EDGE_LOOP('',(#1461,#1462,#1463,#1464,#1465));
#522=EDGE_LOOP('',(#1466,#1467,#1468,#1469,#1470));
#523=EDGE_LOOP('',(#1471));
#524=EDGE_LOOP('',(#1472,#1473,#1474,#1475,#1476));
#525=EDGE_LOOP('',(#1477,#1478,#1479,#1480,#1481));
#526=EDGE_LOOP('',(#1482));
#527=EDGE_LOOP('',(#1483,#1484,#1485,#1486));
#528=EDGE_LOOP('',(#1487,#1488,#1489,#1490));
#529=EDGE_LOOP('',(#1491,#1492,#1493,#1494));
#530=EDGE_LOOP('',(#1495,#1496,#1497,#1498));
#531=EDGE_LOOP('',(#1499,#1500,#1501,#1502));
#532=EDGE_LOOP('',(#1503,#1504,#1505,#1506,#1507,#1508,#1509));
#533=EDGE_LOOP('',(#1510,#1511,#1512,#1513));
#534=EDGE_LOOP('',(#1514,#1515,#1516,#1517));
#535=EDGE_LOOP('',(#1518,#1519,#1520,#1521,#1522,#1523,#1524));
#536=EDGE_LOOP('',(#1525,#1526,#1527,#1528,#1529,#1530,#1531,#1532));
#537=EDGE_LOOP('',(#1533,#1534,#1535,#1536));
#538=EDGE_LOOP('',(#1537,#1538,#1539,#1540,#1541,#1542,#1543,#1544,#1545,
#1546,#1547,#1548));
#539=EDGE_LOOP('',(#1549,#1550,#1551,#1552));
#540=EDGE_LOOP('',(#1553,#1554,#1555,#1556));
#541=EDGE_LOOP('',(#1557,#1558,#1559,#1560));
#542=EDGE_LOOP('',(#1561,#1562,#1563,#1564,#1565,#1566));
#543=EDGE_LOOP('',(#1567));
#544=EDGE_LOOP('',(#1568));
#545=EDGE_LOOP('',(#1569));
#546=EDGE_LOOP('',(#1570));
#547=EDGE_LOOP('',(#1571));
#548=EDGE_LOOP('',(#1572));
#549=EDGE_LOOP('',(#1573));
#550=EDGE_LOOP('',(#1574));
#551=EDGE_LOOP('',(#1575));
#552=EDGE_LOOP('',(#1576));
#553=EDGE_LOOP('',(#1577));
#554=EDGE_LOOP('',(#1578));
#555=EDGE_LOOP('',(#1579));
#556=EDGE_LOOP('',(#1580,#1581,#1582,#1583));
#557=CIRCLE('',#1767,5.);
#558=CIRCLE('',#1768,3.25);
#559=CIRCLE('',#1770,5.);
#560=CIRCLE('',#1772,3.25);
#561=CIRCLE('',#1774,52.8886290583952);
#562=CIRCLE('',#1775,52.8886290583952);
#563=CIRCLE('',#1777,52.8886290583952);
#564=CIRCLE('',#1778,52.8886290583952);
#565=CIRCLE('',#1780,5.);
#566=CIRCLE('',#1781,3.25);
#567=CIRCLE('',#1783,5.);
#568=CIRCLE('',#1785,3.25);
#569=CIRCLE('',#1795,4.625);
#570=CIRCLE('',#1796,4.625);
#571=CIRCLE('',#1797,4.6);
#572=CIRCLE('',#1798,0.0250000000000017);
#573=CIRCLE('',#1800,4.625);
#574=CIRCLE('',#1802,4.625);
#575=CIRCLE('',#1803,4.625);
#576=CIRCLE('',#1804,4.6);
#577=CIRCLE('',#1805,0.0249999999999972);
#578=CIRCLE('',#1807,4.625);
#579=CIRCLE('',#1809,4.625);
#580=CIRCLE('',#1810,4.625);
#581=CIRCLE('',#1811,4.6);
#582=CIRCLE('',#1812,0.0249999999999995);
#583=CIRCLE('',#1814,4.625);
#584=CIRCLE('',#1816,4.62500000000002);
#585=CIRCLE('',#1817,4.62500000000002);
#586=CIRCLE('',#1818,4.6);
#587=CIRCLE('',#1819,0.0250000000000167);
#588=CIRCLE('',#1821,4.62500000000002);
#589=CIRCLE('',#1823,4.625);
#590=CIRCLE('',#1824,4.625);
#591=CIRCLE('',#1825,4.6);
#592=CIRCLE('',#1826,0.025000000000005);
#593=CIRCLE('',#1828,4.625);
#594=CIRCLE('',#1830,4.625);
#595=CIRCLE('',#1831,4.625);
#596=CIRCLE('',#1832,4.6);
#597=CIRCLE('',#1833,0.0249999999999956);
#598=CIRCLE('',#1835,4.625);
#599=CIRCLE('',#1837,4.625);
#600=CIRCLE('',#1838,4.625);
#601=CIRCLE('',#1839,4.6);
#602=CIRCLE('',#1840,0.0249999999999972);
#603=CIRCLE('',#1842,4.625);
#604=CIRCLE('',#1844,4.625);
#605=CIRCLE('',#1845,4.625);
#606=CIRCLE('',#1846,4.6);
#607=CIRCLE('',#1847,0.0250000000000039);
#608=CIRCLE('',#1849,4.625);
#609=CIRCLE('',#1851,4.625);
#610=CIRCLE('',#1852,4.625);
#611=CIRCLE('',#1853,4.6);
#612=CIRCLE('',#1854,0.0249999999999956);
#613=CIRCLE('',#1856,4.625);
#614=CIRCLE('',#1858,4.62500000000001);
#615=CIRCLE('',#1859,4.62500000000001);
#616=CIRCLE('',#1860,4.6);
#617=CIRCLE('',#1861,0.0250000000000117);
#618=CIRCLE('',#1863,4.62500000000001);
#619=CIRCLE('',#1865,4.62500000000001);
#620=CIRCLE('',#1866,4.62500000000001);
#621=CIRCLE('',#1867,4.6);
#622=CIRCLE('',#1868,0.0250000000000089);
#623=CIRCLE('',#1870,4.62500000000001);
#624=CIRCLE('',#1872,4.625);
#625=CIRCLE('',#1873,4.625);
#626=CIRCLE('',#1874,4.6);
#627=CIRCLE('',#1875,0.0250000000000011);
#628=CIRCLE('',#1877,4.625);
#629=CIRCLE('',#1881,5.);
#630=CIRCLE('',#1882,199.999999999999);
#631=CIRCLE('',#1883,0.00500000000000111);
#632=CIRCLE('',#1884,4.62);
#633=CIRCLE('',#1885,4.625);
#634=CIRCLE('',#1886,4.625);
#635=CIRCLE('',#1888,4.625);
#636=CIRCLE('',#1890,0.00499999999999667);
#637=CIRCLE('',#1891,4.62);
#638=CIRCLE('',#1892,4.625);
#639=CIRCLE('',#1893,4.625);
#640=CIRCLE('',#1895,4.625);
#641=CIRCLE('',#1897,0.00499999999999889);
#642=CIRCLE('',#1898,4.62);
#643=CIRCLE('',#1899,4.625);
#644=CIRCLE('',#1900,4.625);
#645=CIRCLE('',#1902,4.625);
#646=CIRCLE('',#1904,0.0050000000000161);
#647=CIRCLE('',#1905,4.62);
#648=CIRCLE('',#1906,4.62500000000002);
#649=CIRCLE('',#1907,4.62500000000002);
#650=CIRCLE('',#1909,4.62500000000002);
#651=CIRCLE('',#1911,0.00500000000000445);
#652=CIRCLE('',#1912,4.62);
#653=CIRCLE('',#1913,4.625);
#654=CIRCLE('',#1914,4.625);
#655=CIRCLE('',#1916,4.625);
#656=CIRCLE('',#1918,0.00499999999999501);
#657=CIRCLE('',#1919,4.62);
#658=CIRCLE('',#1920,4.625);
#659=CIRCLE('',#1921,4.625);
#660=CIRCLE('',#1923,4.625);
#661=CIRCLE('',#1925,0.00499999999999667);
#662=CIRCLE('',#1926,4.62);
#663=CIRCLE('',#1927,4.625);
#664=CIRCLE('',#1928,4.625);
#665=CIRCLE('',#1930,4.625);
#666=CIRCLE('',#1932,0.00500000000000334);
#667=CIRCLE('',#1933,4.62);
#668=CIRCLE('',#1934,4.625);
#669=CIRCLE('',#1935,4.625);
#670=CIRCLE('',#1937,4.625);
#671=CIRCLE('',#1939,0.00499999999999501);
#672=CIRCLE('',#1940,4.62);
#673=CIRCLE('',#1941,4.625);
#674=CIRCLE('',#1942,4.625);
#675=CIRCLE('',#1944,4.625);
#676=CIRCLE('',#1946,0.00500000000001111);
#677=CIRCLE('',#1947,4.62);
#678=CIRCLE('',#1948,4.62500000000001);
#679=CIRCLE('',#1949,4.62500000000001);
#680=CIRCLE('',#1951,4.62500000000001);
#681=CIRCLE('',#1953,0.00500000000000833);
#682=CIRCLE('',#1954,4.62);
#683=CIRCLE('',#1955,4.62500000000001);
#684=CIRCLE('',#1956,4.62500000000001);
#685=CIRCLE('',#1958,4.62500000000001);
#686=CIRCLE('',#1960,0.00500000000000056);
#687=CIRCLE('',#1961,4.62);
#688=CIRCLE('',#1962,4.625);
#689=CIRCLE('',#1963,4.625);
#690=CIRCLE('',#1965,4.625);
#691=CIRCLE('',#1981,5.);
#692=CIRCLE('',#1983,199.999999999999);
#693=VERTEX_POINT('',#2523);
#694=VERTEX_POINT('',#2525);
#695=VERTEX_POINT('',#2528);
#696=VERTEX_POINT('',#2532);
#697=VERTEX_POINT('',#2536);
#698=VERTEX_POINT('',#2537);
#699=VERTEX_POINT('',#2539);
#700=VERTEX_POINT('',#2544);
#701=VERTEX_POINT('',#2548);
#702=VERTEX_POINT('',#2549);
#703=VERTEX_POINT('',#2551);
#704=VERTEX_POINT('',#2553);
#705=VERTEX_POINT('',#2560);
#706=VERTEX_POINT('',#2562);
#707=VERTEX_POINT('',#2565);
#708=VERTEX_POINT('',#2569);
#709=VERTEX_POINT('',#2573);
#710=VERTEX_POINT('',#2599);
#711=VERTEX_POINT('',#2603);
#712=VERTEX_POINT('',#2629);
#713=VERTEX_POINT('',#2633);
#714=VERTEX_POINT('',#2659);
#715=VERTEX_POINT('',#2663);
#716=VERTEX_POINT('',#2689);
#717=VERTEX_POINT('',#2778);
#718=VERTEX_POINT('',#2783);
#719=VERTEX_POINT('',#2827);
#720=VERTEX_POINT('',#2829);
#721=VERTEX_POINT('',#2884);
#722=VERTEX_POINT('',#2888);
#723=VERTEX_POINT('',#2893);
#724=VERTEX_POINT('',#2895);
#725=VERTEX_POINT('',#2898);
#726=VERTEX_POINT('',#2899);
#727=VERTEX_POINT('',#2901);
#728=VERTEX_POINT('',#2903);
#729=VERTEX_POINT('',#2905);
#730=VERTEX_POINT('',#2907);
#731=VERTEX_POINT('',#2909);
#732=VERTEX_POINT('',#2911);
#733=VERTEX_POINT('',#2915);
#734=VERTEX_POINT('',#2916);
#735=VERTEX_POINT('',#2918);
#736=VERTEX_POINT('',#2920);
#737=VERTEX_POINT('',#2924);
#738=VERTEX_POINT('',#2925);
#739=VERTEX_POINT('',#2927);
#740=VERTEX_POINT('',#2929);
#741=VERTEX_POINT('',#2959);
#742=VERTEX_POINT('',#2960);
#743=VERTEX_POINT('',#2963);
#744=VERTEX_POINT('',#2967);
#745=VERTEX_POINT('',#2998);
#746=VERTEX_POINT('',#2999);
#747=VERTEX_POINT('',#3002);
#748=VERTEX_POINT('',#3006);
#749=VERTEX_POINT('',#3037);
#750=VERTEX_POINT('',#3038);
#751=VERTEX_POINT('',#3041);
#752=VERTEX_POINT('',#3045);
#753=VERTEX_POINT('',#3076);
#754=VERTEX_POINT('',#3077);
#755=VERTEX_POINT('',#3080);
#756=VERTEX_POINT('',#3084);
#757=VERTEX_POINT('',#3115);
#758=VERTEX_POINT('',#3116);
#759=VERTEX_POINT('',#3119);
#760=VERTEX_POINT('',#3123);
#761=VERTEX_POINT('',#3154);
#762=VERTEX_POINT('',#3155);
#763=VERTEX_POINT('',#3158);
#764=VERTEX_POINT('',#3162);
#765=VERTEX_POINT('',#3193);
#766=VERTEX_POINT('',#3194);
#767=VERTEX_POINT('',#3197);
#768=VERTEX_POINT('',#3201);
#769=VERTEX_POINT('',#3232);
#770=VERTEX_POINT('',#3233);
#771=VERTEX_POINT('',#3236);
#772=VERTEX_POINT('',#3240);
#773=VERTEX_POINT('',#3271);
#774=VERTEX_POINT('',#3272);
#775=VERTEX_POINT('',#3275);
#776=VERTEX_POINT('',#3279);
#777=VERTEX_POINT('',#3310);
#778=VERTEX_POINT('',#3311);
#779=VERTEX_POINT('',#3314);
#780=VERTEX_POINT('',#3318);
#781=VERTEX_POINT('',#3349);
#782=VERTEX_POINT('',#3350);
#783=VERTEX_POINT('',#3353);
#784=VERTEX_POINT('',#3357);
#785=VERTEX_POINT('',#3388);
#786=VERTEX_POINT('',#3389);
#787=VERTEX_POINT('',#3392);
#788=VERTEX_POINT('',#3396);
#789=VERTEX_POINT('',#3402);
#790=VERTEX_POINT('',#3404);
#791=VERTEX_POINT('',#3407);
#792=VERTEX_POINT('',#3409);
#793=VERTEX_POINT('',#3439);
#794=VERTEX_POINT('',#3441);
#795=VERTEX_POINT('',#3443);
#796=VERTEX_POINT('',#3447);
#797=VERTEX_POINT('',#3478);
#798=VERTEX_POINT('',#3480);
#799=VERTEX_POINT('',#3482);
#800=VERTEX_POINT('',#3486);
#801=VERTEX_POINT('',#3517);
#802=VERTEX_POINT('',#3519);
#803=VERTEX_POINT('',#3521);
#804=VERTEX_POINT('',#3525);
#805=VERTEX_POINT('',#3556);
#806=VERTEX_POINT('',#3558);
#807=VERTEX_POINT('',#3560);
#808=VERTEX_POINT('',#3564);
#809=VERTEX_POINT('',#3595);
#810=VERTEX_POINT('',#3597);
#811=VERTEX_POINT('',#3599);
#812=VERTEX_POINT('',#3603);
#813=VERTEX_POINT('',#3634);
#814=VERTEX_POINT('',#3636);
#815=VERTEX_POINT('',#3638);
#816=VERTEX_POINT('',#3642);
#817=VERTEX_POINT('',#3673);
#818=VERTEX_POINT('',#3675);
#819=VERTEX_POINT('',#3677);
#820=VERTEX_POINT('',#3681);
#821=VERTEX_POINT('',#3712);
#822=VERTEX_POINT('',#3714);
#823=VERTEX_POINT('',#3716);
#824=VERTEX_POINT('',#3720);
#825=VERTEX_POINT('',#3751);
#826=VERTEX_POINT('',#3753);
#827=VERTEX_POINT('',#3755);
#828=VERTEX_POINT('',#3759);
#829=VERTEX_POINT('',#3790);
#830=VERTEX_POINT('',#3792);
#831=VERTEX_POINT('',#3794);
#832=VERTEX_POINT('',#3798);
#833=VERTEX_POINT('',#3829);
#834=VERTEX_POINT('',#3831);
#835=VERTEX_POINT('',#3833);
#836=VERTEX_POINT('',#3837);
#837=VERTEX_POINT('',#3868);
#838=VERTEX_POINT('',#3870);
#839=VERTEX_POINT('',#3872);
#840=VERTEX_POINT('',#3876);
#841=VERTEX_POINT('',#3881);
#842=VERTEX_POINT('',#3883);
#843=VERTEX_POINT('',#3887);
#844=VERTEX_POINT('',#3891);
#845=VERTEX_POINT('',#3895);
#846=VERTEX_POINT('',#3899);
#847=VERTEX_POINT('',#3904);
#848=VERTEX_POINT('',#3906);
#849=VERTEX_POINT('',#3910);
#850=VERTEX_POINT('',#3912);
#851=VERTEX_POINT('',#3921);
#852=VERTEX_POINT('',#3925);
#853=VERTEX_POINT('',#3931);
#854=VERTEX_POINT('',#3935);
#855=EDGE_CURVE('',#693,#693,#557,.T.);
#856=EDGE_CURVE('',#694,#694,#558,.T.);
#857=EDGE_CURVE('',#695,#695,#559,.T.);
#858=EDGE_CURVE('',#695,#693,#51,.T.);
#859=EDGE_CURVE('',#694,#696,#52,.T.);
#860=EDGE_CURVE('',#696,#696,#560,.T.);
#861=EDGE_CURVE('',#697,#698,#561,.T.);
#862=EDGE_CURVE('',#699,#698,#40,.T.);
#863=EDGE_CURVE('',#699,#700,#562,.T.);
#864=EDGE_CURVE('',#697,#700,#53,.T.);
#865=EDGE_CURVE('',#701,#702,#563,.T.);
#866=EDGE_CURVE('',#703,#701,#54,.T.);
#867=EDGE_CURVE('',#704,#703,#564,.T.);
#868=EDGE_CURVE('',#702,#704,#41,.T.);
#869=EDGE_CURVE('',#705,#705,#565,.T.);
#870=EDGE_CURVE('',#706,#706,#566,.T.);
#871=EDGE_CURVE('',#707,#707,#567,.T.);
#872=EDGE_CURVE('',#707,#705,#55,.T.);
#873=EDGE_CURVE('',#706,#708,#56,.T.);
#874=EDGE_CURVE('',#708,#708,#568,.T.);
#875=EDGE_CURVE('',#698,#709,#42,.T.);
#876=EDGE_CURVE('',#710,#697,#57,.T.);
#877=EDGE_CURVE('',#709,#710,#58,.T.);
#878=EDGE_CURVE('',#711,#699,#43,.T.);
#879=EDGE_CURVE('',#712,#711,#59,.T.);
#880=EDGE_CURVE('',#700,#712,#60,.T.);
#881=EDGE_CURVE('',#704,#713,#44,.T.);
#882=EDGE_CURVE('',#714,#703,#61,.T.);
#883=EDGE_CURVE('',#713,#714,#62,.T.);
#884=EDGE_CURVE('',#715,#702,#45,.T.);
#885=EDGE_CURVE('',#716,#715,#63,.T.);
#886=EDGE_CURVE('',#701,#716,#64,.T.);
#887=EDGE_CURVE('',#709,#717,#46,.T.);
#888=EDGE_CURVE('',#717,#718,#47,.T.);
#889=EDGE_CURVE('',#718,#719,#65,.T.);
#890=EDGE_CURVE('',#720,#719,#48,.T.);
#891=EDGE_CURVE('',#720,#715,#49,.T.);
#892=EDGE_CURVE('',#713,#711,#50,.T.);
#893=EDGE_CURVE('',#721,#720,#66,.T.);
#894=EDGE_CURVE('',#716,#721,#67,.T.);
#895=EDGE_CURVE('',#722,#710,#68,.T.);
#896=EDGE_CURVE('',#717,#722,#69,.T.);
#897=EDGE_CURVE('',#712,#714,#70,.T.);
#898=EDGE_CURVE('',#723,#721,#71,.T.);
#899=EDGE_CURVE('',#724,#723,#72,.T.);
#900=EDGE_CURVE('',#724,#722,#73,.T.);
#901=EDGE_CURVE('',#725,#726,#74,.T.);
#902=EDGE_CURVE('',#726,#727,#75,.T.);
#903=EDGE_CURVE('',#727,#728,#76,.T.);
#904=EDGE_CURVE('',#728,#729,#77,.T.);
#905=EDGE_CURVE('',#729,#730,#78,.T.);
#906=EDGE_CURVE('',#730,#731,#79,.T.);
#907=EDGE_CURVE('',#731,#732,#80,.T.);
#908=EDGE_CURVE('',#732,#725,#81,.T.);
#909=EDGE_CURVE('',#733,#734,#82,.T.);
#910=EDGE_CURVE('',#735,#734,#83,.T.);
#911=EDGE_CURVE('',#735,#736,#84,.T.);
#912=EDGE_CURVE('',#736,#733,#85,.T.);
#913=EDGE_CURVE('',#737,#738,#86,.T.);
#914=EDGE_CURVE('',#738,#739,#87,.T.);
#915=EDGE_CURVE('',#740,#739,#88,.T.);
#916=EDGE_CURVE('',#737,#740,#89,.T.);
#917=EDGE_CURVE('',#741,#742,#569,.T.);
#918=EDGE_CURVE('',#742,#741,#570,.T.);
#919=EDGE_CURVE('',#741,#743,#571,.T.);
#920=EDGE_CURVE('',#743,#743,#572,.T.);
#921=EDGE_CURVE('',#744,#744,#573,.T.);
#922=EDGE_CURVE('',#744,#742,#90,.T.);
#923=EDGE_CURVE('',#745,#746,#574,.T.);
#924=EDGE_CURVE('',#746,#745,#575,.T.);
#925=EDGE_CURVE('',#745,#747,#576,.T.);
#926=EDGE_CURVE('',#747,#747,#577,.T.);
#927=EDGE_CURVE('',#748,#748,#578,.T.);
#928=EDGE_CURVE('',#748,#746,#91,.T.);
#929=EDGE_CURVE('',#749,#750,#579,.T.);
#930=EDGE_CURVE('',#750,#749,#580,.T.);
#931=EDGE_CURVE('',#749,#751,#581,.T.);
#932=EDGE_CURVE('',#751,#751,#582,.T.);
#933=EDGE_CURVE('',#752,#752,#583,.T.);
#934=EDGE_CURVE('',#752,#750,#92,.T.);
#935=EDGE_CURVE('',#753,#754,#584,.T.);
#936=EDGE_CURVE('',#754,#753,#585,.T.);
#937=EDGE_CURVE('',#753,#755,#586,.T.);
#938=EDGE_CURVE('',#755,#755,#587,.T.);
#939=EDGE_CURVE('',#756,#756,#588,.T.);
#940=EDGE_CURVE('',#756,#754,#93,.T.);
#941=EDGE_CURVE('',#757,#758,#589,.T.);
#942=EDGE_CURVE('',#758,#757,#590,.T.);
#943=EDGE_CURVE('',#757,#759,#591,.T.);
#944=EDGE_CURVE('',#759,#759,#592,.T.);
#945=EDGE_CURVE('',#760,#760,#593,.T.);
#946=EDGE_CURVE('',#760,#758,#94,.T.);
#947=EDGE_CURVE('',#761,#762,#594,.T.);
#948=EDGE_CURVE('',#762,#761,#595,.T.);
#949=EDGE_CURVE('',#761,#763,#596,.T.);
#950=EDGE_CURVE('',#763,#763,#597,.T.);
#951=EDGE_CURVE('',#764,#764,#598,.T.);
#952=EDGE_CURVE('',#764,#762,#95,.T.);
#953=EDGE_CURVE('',#765,#766,#599,.T.);
#954=EDGE_CURVE('',#766,#765,#600,.T.);
#955=EDGE_CURVE('',#765,#767,#601,.T.);
#956=EDGE_CURVE('',#767,#767,#602,.T.);
#957=EDGE_CURVE('',#768,#768,#603,.T.);
#958=EDGE_CURVE('',#768,#766,#96,.T.);
#959=EDGE_CURVE('',#769,#770,#604,.T.);
#960=EDGE_CURVE('',#770,#769,#605,.T.);
#961=EDGE_CURVE('',#769,#771,#606,.T.);
#962=EDGE_CURVE('',#771,#771,#607,.T.);
#963=EDGE_CURVE('',#772,#772,#608,.T.);
#964=EDGE_CURVE('',#772,#770,#97,.T.);
#965=EDGE_CURVE('',#773,#774,#609,.T.);
#966=EDGE_CURVE('',#774,#773,#610,.T.);
#967=EDGE_CURVE('',#773,#775,#611,.T.);
#968=EDGE_CURVE('',#775,#775,#612,.T.);
#969=EDGE_CURVE('',#776,#776,#613,.T.);
#970=EDGE_CURVE('',#776,#774,#98,.T.);
#971=EDGE_CURVE('',#777,#778,#614,.T.);
#972=EDGE_CURVE('',#778,#777,#615,.T.);
#973=EDGE_CURVE('',#777,#779,#616,.T.);
#974=EDGE_CURVE('',#779,#779,#617,.T.);
#975=EDGE_CURVE('',#780,#780,#618,.T.);
#976=EDGE_CURVE('',#780,#778,#99,.T.);
#977=EDGE_CURVE('',#781,#782,#619,.T.);
#978=EDGE_CURVE('',#782,#781,#620,.T.);
#979=EDGE_CURVE('',#781,#783,#621,.T.);
#980=EDGE_CURVE('',#783,#783,#622,.T.);
#981=EDGE_CURVE('',#784,#784,#623,.T.);
#982=EDGE_CURVE('',#784,#782,#100,.T.);
#983=EDGE_CURVE('',#785,#786,#624,.T.);
#984=EDGE_CURVE('',#786,#785,#625,.T.);
#985=EDGE_CURVE('',#785,#787,#626,.T.);
#986=EDGE_CURVE('',#787,#787,#627,.T.);
#987=EDGE_CURVE('',#788,#788,#628,.T.);
#988=EDGE_CURVE('',#788,#786,#101,.T.);
#989=EDGE_CURVE('',#789,#724,#102,.T.);
#990=EDGE_CURVE('',#790,#789,#629,.T.);
#991=EDGE_CURVE('',#718,#790,#630,.T.);
#992=EDGE_CURVE('',#791,#735,#103,.T.);
#993=EDGE_CURVE('',#792,#791,#104,.T.);
#994=EDGE_CURVE('',#736,#792,#105,.T.);
#995=EDGE_CURVE('',#793,#793,#631,.T.);
#996=EDGE_CURVE('',#793,#794,#632,.T.);
#997=EDGE_CURVE('',#794,#795,#633,.T.);
#998=EDGE_CURVE('',#795,#794,#634,.T.);
#999=EDGE_CURVE('',#796,#796,#635,.T.);
#1000=EDGE_CURVE('',#796,#795,#106,.T.);
#1001=EDGE_CURVE('',#797,#797,#636,.T.);
#1002=EDGE_CURVE('',#797,#798,#637,.T.);
#1003=EDGE_CURVE('',#798,#799,#638,.T.);
#1004=EDGE_CURVE('',#799,#798,#639,.T.);
#1005=EDGE_CURVE('',#800,#800,#640,.T.);
#1006=EDGE_CURVE('',#800,#799,#107,.T.);
#1007=EDGE_CURVE('',#801,#801,#641,.T.);
#1008=EDGE_CURVE('',#801,#802,#642,.T.);
#1009=EDGE_CURVE('',#802,#803,#643,.T.);
#1010=EDGE_CURVE('',#803,#802,#644,.T.);
#1011=EDGE_CURVE('',#804,#804,#645,.T.);
#1012=EDGE_CURVE('',#804,#803,#108,.T.);
#1013=EDGE_CURVE('',#805,#805,#646,.T.);
#1014=EDGE_CURVE('',#805,#806,#647,.T.);
#1015=EDGE_CURVE('',#806,#807,#648,.T.);
#1016=EDGE_CURVE('',#807,#806,#649,.T.);
#1017=EDGE_CURVE('',#808,#808,#650,.T.);
#1018=EDGE_CURVE('',#808,#807,#109,.T.);
#1019=EDGE_CURVE('',#809,#809,#651,.T.);
#1020=EDGE_CURVE('',#809,#810,#652,.T.);
#1021=EDGE_CURVE('',#810,#811,#653,.T.);
#1022=EDGE_CURVE('',#811,#810,#654,.T.);
#1023=EDGE_CURVE('',#812,#812,#655,.T.);
#1024=EDGE_CURVE('',#812,#811,#110,.T.);
#1025=EDGE_CURVE('',#813,#813,#656,.T.);
#1026=EDGE_CURVE('',#813,#814,#657,.T.);
#1027=EDGE_CURVE('',#814,#815,#658,.T.);
#1028=EDGE_CURVE('',#815,#814,#659,.T.);
#1029=EDGE_CURVE('',#816,#816,#660,.T.);
#1030=EDGE_CURVE('',#816,#815,#111,.T.);
#1031=EDGE_CURVE('',#817,#817,#661,.T.);
#1032=EDGE_CURVE('',#817,#818,#662,.T.);
#1033=EDGE_CURVE('',#818,#819,#663,.T.);
#1034=EDGE_CURVE('',#819,#818,#664,.T.);
#1035=EDGE_CURVE('',#820,#820,#665,.T.);
#1036=EDGE_CURVE('',#820,#819,#112,.T.);
#1037=EDGE_CURVE('',#821,#821,#666,.T.);
#1038=EDGE_CURVE('',#821,#822,#667,.T.);
#1039=EDGE_CURVE('',#822,#823,#668,.T.);
#1040=EDGE_CURVE('',#823,#822,#669,.T.);
#1041=EDGE_CURVE('',#824,#824,#670,.T.);
#1042=EDGE_CURVE('',#824,#823,#113,.T.);
#1043=EDGE_CURVE('',#825,#825,#671,.T.);
#1044=EDGE_CURVE('',#825,#826,#672,.T.);
#1045=EDGE_CURVE('',#826,#827,#673,.T.);
#1046=EDGE_CURVE('',#827,#826,#674,.T.);
#1047=EDGE_CURVE('',#828,#828,#675,.T.);
#1048=EDGE_CURVE('',#828,#827,#114,.T.);
#1049=EDGE_CURVE('',#829,#829,#676,.T.);
#1050=EDGE_CURVE('',#829,#830,#677,.T.);
#1051=EDGE_CURVE('',#830,#831,#678,.T.);
#1052=EDGE_CURVE('',#831,#830,#679,.T.);
#1053=EDGE_CURVE('',#832,#832,#680,.T.);
#1054=EDGE_CURVE('',#832,#831,#115,.T.);
#1055=EDGE_CURVE('',#833,#833,#681,.T.);
#1056=EDGE_CURVE('',#833,#834,#682,.T.);
#1057=EDGE_CURVE('',#834,#835,#683,.T.);
#1058=EDGE_CURVE('',#835,#834,#684,.T.);
#1059=EDGE_CURVE('',#836,#836,#685,.T.);
#1060=EDGE_CURVE('',#836,#835,#116,.T.);
#1061=EDGE_CURVE('',#837,#837,#686,.T.);
#1062=EDGE_CURVE('',#837,#838,#687,.T.);
#1063=EDGE_CURVE('',#838,#839,#688,.T.);
#1064=EDGE_CURVE('',#839,#838,#689,.T.);
#1065=EDGE_CURVE('',#840,#840,#690,.T.);
#1066=EDGE_CURVE('',#840,#839,#117,.T.);
#1067=EDGE_CURVE('',#729,#841,#118,.T.);
#1068=EDGE_CURVE('',#841,#842,#119,.T.);
#1069=EDGE_CURVE('',#730,#842,#120,.T.);
#1070=EDGE_CURVE('',#728,#843,#121,.T.);
#1071=EDGE_CURVE('',#843,#841,#122,.T.);
#1072=EDGE_CURVE('',#727,#844,#123,.T.);
#1073=EDGE_CURVE('',#844,#843,#124,.T.);
#1074=EDGE_CURVE('',#726,#845,#125,.T.);
#1075=EDGE_CURVE('',#845,#844,#126,.T.);
#1076=EDGE_CURVE('',#842,#846,#127,.T.);
#1077=EDGE_CURVE('',#731,#846,#128,.T.);
#1078=EDGE_CURVE('',#737,#845,#129,.T.);
#1079=EDGE_CURVE('',#725,#847,#130,.T.);
#1080=EDGE_CURVE('',#847,#848,#131,.T.);
#1081=EDGE_CURVE('',#738,#848,#132,.T.);
#1082=EDGE_CURVE('',#848,#849,#133,.T.);
#1083=EDGE_CURVE('',#850,#847,#134,.T.);
#1084=EDGE_CURVE('',#849,#850,#135,.T.);
#1085=EDGE_CURVE('',#732,#850,#136,.T.);
#1086=EDGE_CURVE('',#849,#733,#137,.T.);
#1087=EDGE_CURVE('',#846,#734,#138,.T.);
#1088=EDGE_CURVE('',#792,#851,#139,.T.);
#1089=EDGE_CURVE('',#739,#851,#140,.T.);
#1090=EDGE_CURVE('',#791,#852,#141,.T.);
#1091=EDGE_CURVE('',#851,#852,#142,.T.);
#1092=EDGE_CURVE('',#852,#740,#143,.T.);
#1093=EDGE_CURVE('',#853,#723,#144,.T.);
#1094=EDGE_CURVE('',#789,#853,#145,.T.);
#1095=EDGE_CURVE('',#854,#853,#691,.T.);
#1096=EDGE_CURVE('',#790,#854,#146,.T.);
#1097=EDGE_CURVE('',#719,#854,#692,.T.);
#1098=ORIENTED_EDGE('',*,*,#855,.F.);
#1099=ORIENTED_EDGE('',*,*,#856,.T.);
#1100=ORIENTED_EDGE('',*,*,#857,.F.);
#1101=ORIENTED_EDGE('',*,*,#858,.T.);
#1102=ORIENTED_EDGE('',*,*,#855,.T.);
#1103=ORIENTED_EDGE('',*,*,#858,.F.);
#1104=ORIENTED_EDGE('',*,*,#856,.F.);
#1105=ORIENTED_EDGE('',*,*,#859,.T.);
#1106=ORIENTED_EDGE('',*,*,#860,.F.);
#1107=ORIENTED_EDGE('',*,*,#859,.F.);
#1108=ORIENTED_EDGE('',*,*,#861,.T.);
#1109=ORIENTED_EDGE('',*,*,#862,.F.);
#1110=ORIENTED_EDGE('',*,*,#863,.T.);
#1111=ORIENTED_EDGE('',*,*,#864,.F.);
#1112=ORIENTED_EDGE('',*,*,#865,.F.);
#1113=ORIENTED_EDGE('',*,*,#866,.F.);
#1114=ORIENTED_EDGE('',*,*,#867,.F.);
#1115=ORIENTED_EDGE('',*,*,#868,.F.);
#1116=ORIENTED_EDGE('',*,*,#869,.T.);
#1117=ORIENTED_EDGE('',*,*,#870,.F.);
#1118=ORIENTED_EDGE('',*,*,#871,.F.);
#1119=ORIENTED_EDGE('',*,*,#872,.T.);
#1120=ORIENTED_EDGE('',*,*,#869,.F.);
#1121=ORIENTED_EDGE('',*,*,#872,.F.);
#1122=ORIENTED_EDGE('',*,*,#870,.T.);
#1123=ORIENTED_EDGE('',*,*,#873,.T.);
#1124=ORIENTED_EDGE('',*,*,#874,.F.);
#1125=ORIENTED_EDGE('',*,*,#873,.F.);
#1126=ORIENTED_EDGE('',*,*,#875,.F.);
#1127=ORIENTED_EDGE('',*,*,#861,.F.);
#1128=ORIENTED_EDGE('',*,*,#876,.F.);
#1129=ORIENTED_EDGE('',*,*,#877,.F.);
#1130=ORIENTED_EDGE('',*,*,#874,.T.);
#1131=ORIENTED_EDGE('',*,*,#878,.F.);
#1132=ORIENTED_EDGE('',*,*,#879,.F.);
#1133=ORIENTED_EDGE('',*,*,#880,.F.);
#1134=ORIENTED_EDGE('',*,*,#863,.F.);
#1135=ORIENTED_EDGE('',*,*,#881,.F.);
#1136=ORIENTED_EDGE('',*,*,#867,.T.);
#1137=ORIENTED_EDGE('',*,*,#882,.F.);
#1138=ORIENTED_EDGE('',*,*,#883,.F.);
#1139=ORIENTED_EDGE('',*,*,#884,.F.);
#1140=ORIENTED_EDGE('',*,*,#885,.F.);
#1141=ORIENTED_EDGE('',*,*,#886,.F.);
#1142=ORIENTED_EDGE('',*,*,#865,.T.);
#1143=ORIENTED_EDGE('',*,*,#860,.T.);
#1144=ORIENTED_EDGE('',*,*,#878,.T.);
#1145=ORIENTED_EDGE('',*,*,#862,.T.);
#1146=ORIENTED_EDGE('',*,*,#875,.T.);
#1147=ORIENTED_EDGE('',*,*,#887,.T.);
#1148=ORIENTED_EDGE('',*,*,#888,.T.);
#1149=ORIENTED_EDGE('',*,*,#889,.T.);
#1150=ORIENTED_EDGE('',*,*,#890,.F.);
#1151=ORIENTED_EDGE('',*,*,#891,.T.);
#1152=ORIENTED_EDGE('',*,*,#884,.T.);
#1153=ORIENTED_EDGE('',*,*,#868,.T.);
#1154=ORIENTED_EDGE('',*,*,#881,.T.);
#1155=ORIENTED_EDGE('',*,*,#892,.T.);
#1156=ORIENTED_EDGE('',*,*,#885,.T.);
#1157=ORIENTED_EDGE('',*,*,#891,.F.);
#1158=ORIENTED_EDGE('',*,*,#893,.F.);
#1159=ORIENTED_EDGE('',*,*,#894,.F.);
#1160=ORIENTED_EDGE('',*,*,#877,.T.);
#1161=ORIENTED_EDGE('',*,*,#895,.F.);
#1162=ORIENTED_EDGE('',*,*,#896,.F.);
#1163=ORIENTED_EDGE('',*,*,#887,.F.);
#1164=ORIENTED_EDGE('',*,*,#880,.T.);
#1165=ORIENTED_EDGE('',*,*,#897,.T.);
#1166=ORIENTED_EDGE('',*,*,#882,.T.);
#1167=ORIENTED_EDGE('',*,*,#866,.T.);
#1168=ORIENTED_EDGE('',*,*,#886,.T.);
#1169=ORIENTED_EDGE('',*,*,#894,.T.);
#1170=ORIENTED_EDGE('',*,*,#898,.F.);
#1171=ORIENTED_EDGE('',*,*,#899,.F.);
#1172=ORIENTED_EDGE('',*,*,#900,.T.);
#1173=ORIENTED_EDGE('',*,*,#895,.T.);
#1174=ORIENTED_EDGE('',*,*,#876,.T.);
#1175=ORIENTED_EDGE('',*,*,#864,.T.);
#1176=ORIENTED_EDGE('',*,*,#901,.T.);
#1177=ORIENTED_EDGE('',*,*,#902,.T.);
#1178=ORIENTED_EDGE('',*,*,#903,.T.);
#1179=ORIENTED_EDGE('',*,*,#904,.T.);
#1180=ORIENTED_EDGE('',*,*,#905,.T.);
#1181=ORIENTED_EDGE('',*,*,#906,.T.);
#1182=ORIENTED_EDGE('',*,*,#907,.T.);
#1183=ORIENTED_EDGE('',*,*,#908,.T.);
#1184=ORIENTED_EDGE('',*,*,#909,.T.);
#1185=ORIENTED_EDGE('',*,*,#910,.F.);
#1186=ORIENTED_EDGE('',*,*,#911,.T.);
#1187=ORIENTED_EDGE('',*,*,#912,.T.);
#1188=ORIENTED_EDGE('',*,*,#913,.T.);
#1189=ORIENTED_EDGE('',*,*,#914,.T.);
#1190=ORIENTED_EDGE('',*,*,#915,.F.);
#1191=ORIENTED_EDGE('',*,*,#916,.F.);
#1192=ORIENTED_EDGE('',*,*,#917,.T.);
#1193=ORIENTED_EDGE('',*,*,#918,.T.);
#1194=ORIENTED_EDGE('',*,*,#919,.T.);
#1195=ORIENTED_EDGE('',*,*,#920,.T.);
#1196=ORIENTED_EDGE('',*,*,#919,.F.);
#1197=ORIENTED_EDGE('',*,*,#921,.F.);
#1198=ORIENTED_EDGE('',*,*,#922,.T.);
#1199=ORIENTED_EDGE('',*,*,#917,.F.);
#1200=ORIENTED_EDGE('',*,*,#918,.F.);
#1201=ORIENTED_EDGE('',*,*,#922,.F.);
#1202=ORIENTED_EDGE('',*,*,#920,.F.);
#1203=ORIENTED_EDGE('',*,*,#923,.T.);
#1204=ORIENTED_EDGE('',*,*,#924,.T.);
#1205=ORIENTED_EDGE('',*,*,#925,.T.);
#1206=ORIENTED_EDGE('',*,*,#926,.T.);
#1207=ORIENTED_EDGE('',*,*,#925,.F.);
#1208=ORIENTED_EDGE('',*,*,#927,.F.);
#1209=ORIENTED_EDGE('',*,*,#928,.T.);
#1210=ORIENTED_EDGE('',*,*,#923,.F.);
#1211=ORIENTED_EDGE('',*,*,#924,.F.);
#1212=ORIENTED_EDGE('',*,*,#928,.F.);
#1213=ORIENTED_EDGE('',*,*,#926,.F.);
#1214=ORIENTED_EDGE('',*,*,#929,.T.);
#1215=ORIENTED_EDGE('',*,*,#930,.T.);
#1216=ORIENTED_EDGE('',*,*,#931,.T.);
#1217=ORIENTED_EDGE('',*,*,#932,.T.);
#1218=ORIENTED_EDGE('',*,*,#931,.F.);
#1219=ORIENTED_EDGE('',*,*,#933,.F.);
#1220=ORIENTED_EDGE('',*,*,#934,.T.);
#1221=ORIENTED_EDGE('',*,*,#929,.F.);
#1222=ORIENTED_EDGE('',*,*,#930,.F.);
#1223=ORIENTED_EDGE('',*,*,#934,.F.);
#1224=ORIENTED_EDGE('',*,*,#932,.F.);
#1225=ORIENTED_EDGE('',*,*,#935,.T.);
#1226=ORIENTED_EDGE('',*,*,#936,.T.);
#1227=ORIENTED_EDGE('',*,*,#937,.T.);
#1228=ORIENTED_EDGE('',*,*,#938,.T.);
#1229=ORIENTED_EDGE('',*,*,#937,.F.);
#1230=ORIENTED_EDGE('',*,*,#939,.F.);
#1231=ORIENTED_EDGE('',*,*,#940,.T.);
#1232=ORIENTED_EDGE('',*,*,#935,.F.);
#1233=ORIENTED_EDGE('',*,*,#936,.F.);
#1234=ORIENTED_EDGE('',*,*,#940,.F.);
#1235=ORIENTED_EDGE('',*,*,#938,.F.);
#1236=ORIENTED_EDGE('',*,*,#941,.T.);
#1237=ORIENTED_EDGE('',*,*,#942,.T.);
#1238=ORIENTED_EDGE('',*,*,#943,.T.);
#1239=ORIENTED_EDGE('',*,*,#944,.T.);
#1240=ORIENTED_EDGE('',*,*,#943,.F.);
#1241=ORIENTED_EDGE('',*,*,#945,.F.);
#1242=ORIENTED_EDGE('',*,*,#946,.T.);
#1243=ORIENTED_EDGE('',*,*,#941,.F.);
#1244=ORIENTED_EDGE('',*,*,#942,.F.);
#1245=ORIENTED_EDGE('',*,*,#946,.F.);
#1246=ORIENTED_EDGE('',*,*,#944,.F.);
#1247=ORIENTED_EDGE('',*,*,#947,.T.);
#1248=ORIENTED_EDGE('',*,*,#948,.T.);
#1249=ORIENTED_EDGE('',*,*,#949,.T.);
#1250=ORIENTED_EDGE('',*,*,#950,.T.);
#1251=ORIENTED_EDGE('',*,*,#949,.F.);
#1252=ORIENTED_EDGE('',*,*,#951,.F.);
#1253=ORIENTED_EDGE('',*,*,#952,.T.);
#1254=ORIENTED_EDGE('',*,*,#947,.F.);
#1255=ORIENTED_EDGE('',*,*,#948,.F.);
#1256=ORIENTED_EDGE('',*,*,#952,.F.);
#1257=ORIENTED_EDGE('',*,*,#950,.F.);
#1258=ORIENTED_EDGE('',*,*,#953,.T.);
#1259=ORIENTED_EDGE('',*,*,#954,.T.);
#1260=ORIENTED_EDGE('',*,*,#955,.T.);
#1261=ORIENTED_EDGE('',*,*,#956,.T.);
#1262=ORIENTED_EDGE('',*,*,#955,.F.);
#1263=ORIENTED_EDGE('',*,*,#957,.F.);
#1264=ORIENTED_EDGE('',*,*,#958,.T.);
#1265=ORIENTED_EDGE('',*,*,#953,.F.);
#1266=ORIENTED_EDGE('',*,*,#954,.F.);
#1267=ORIENTED_EDGE('',*,*,#958,.F.);
#1268=ORIENTED_EDGE('',*,*,#956,.F.);
#1269=ORIENTED_EDGE('',*,*,#959,.T.);
#1270=ORIENTED_EDGE('',*,*,#960,.T.);
#1271=ORIENTED_EDGE('',*,*,#961,.T.);
#1272=ORIENTED_EDGE('',*,*,#962,.T.);
#1273=ORIENTED_EDGE('',*,*,#961,.F.);
#1274=ORIENTED_EDGE('',*,*,#963,.F.);
#1275=ORIENTED_EDGE('',*,*,#964,.T.);
#1276=ORIENTED_EDGE('',*,*,#959,.F.);
#1277=ORIENTED_EDGE('',*,*,#960,.F.);
#1278=ORIENTED_EDGE('',*,*,#964,.F.);
#1279=ORIENTED_EDGE('',*,*,#962,.F.);
#1280=ORIENTED_EDGE('',*,*,#965,.T.);
#1281=ORIENTED_EDGE('',*,*,#966,.T.);
#1282=ORIENTED_EDGE('',*,*,#967,.T.);
#1283=ORIENTED_EDGE('',*,*,#968,.T.);
#1284=ORIENTED_EDGE('',*,*,#967,.F.);
#1285=ORIENTED_EDGE('',*,*,#969,.F.);
#1286=ORIENTED_EDGE('',*,*,#970,.T.);
#1287=ORIENTED_EDGE('',*,*,#965,.F.);
#1288=ORIENTED_EDGE('',*,*,#966,.F.);
#1289=ORIENTED_EDGE('',*,*,#970,.F.);
#1290=ORIENTED_EDGE('',*,*,#968,.F.);
#1291=ORIENTED_EDGE('',*,*,#971,.T.);
#1292=ORIENTED_EDGE('',*,*,#972,.T.);
#1293=ORIENTED_EDGE('',*,*,#973,.T.);
#1294=ORIENTED_EDGE('',*,*,#974,.T.);
#1295=ORIENTED_EDGE('',*,*,#973,.F.);
#1296=ORIENTED_EDGE('',*,*,#975,.F.);
#1297=ORIENTED_EDGE('',*,*,#976,.T.);
#1298=ORIENTED_EDGE('',*,*,#971,.F.);
#1299=ORIENTED_EDGE('',*,*,#972,.F.);
#1300=ORIENTED_EDGE('',*,*,#976,.F.);
#1301=ORIENTED_EDGE('',*,*,#974,.F.);
#1302=ORIENTED_EDGE('',*,*,#977,.T.);
#1303=ORIENTED_EDGE('',*,*,#978,.T.);
#1304=ORIENTED_EDGE('',*,*,#979,.T.);
#1305=ORIENTED_EDGE('',*,*,#980,.T.);
#1306=ORIENTED_EDGE('',*,*,#979,.F.);
#1307=ORIENTED_EDGE('',*,*,#981,.F.);
#1308=ORIENTED_EDGE('',*,*,#982,.T.);
#1309=ORIENTED_EDGE('',*,*,#977,.F.);
#1310=ORIENTED_EDGE('',*,*,#978,.F.);
#1311=ORIENTED_EDGE('',*,*,#982,.F.);
#1312=ORIENTED_EDGE('',*,*,#980,.F.);
#1313=ORIENTED_EDGE('',*,*,#983,.T.);
#1314=ORIENTED_EDGE('',*,*,#984,.T.);
#1315=ORIENTED_EDGE('',*,*,#985,.T.);
#1316=ORIENTED_EDGE('',*,*,#986,.T.);
#1317=ORIENTED_EDGE('',*,*,#985,.F.);
#1318=ORIENTED_EDGE('',*,*,#987,.F.);
#1319=ORIENTED_EDGE('',*,*,#988,.T.);
#1320=ORIENTED_EDGE('',*,*,#983,.F.);
#1321=ORIENTED_EDGE('',*,*,#984,.F.);
#1322=ORIENTED_EDGE('',*,*,#988,.F.);
#1323=ORIENTED_EDGE('',*,*,#986,.F.);
#1324=ORIENTED_EDGE('',*,*,#879,.T.);
#1325=ORIENTED_EDGE('',*,*,#892,.F.);
#1326=ORIENTED_EDGE('',*,*,#883,.T.);
#1327=ORIENTED_EDGE('',*,*,#897,.F.);
#1328=ORIENTED_EDGE('',*,*,#896,.T.);
#1329=ORIENTED_EDGE('',*,*,#900,.F.);
#1330=ORIENTED_EDGE('',*,*,#989,.F.);
#1331=ORIENTED_EDGE('',*,*,#990,.F.);
#1332=ORIENTED_EDGE('',*,*,#991,.F.);
#1333=ORIENTED_EDGE('',*,*,#888,.F.);
#1334=ORIENTED_EDGE('',*,*,#871,.T.);
#1335=ORIENTED_EDGE('',*,*,#992,.F.);
#1336=ORIENTED_EDGE('',*,*,#993,.F.);
#1337=ORIENTED_EDGE('',*,*,#994,.F.);
#1338=ORIENTED_EDGE('',*,*,#911,.F.);
#1339=ORIENTED_EDGE('',*,*,#921,.T.);
#1340=ORIENTED_EDGE('',*,*,#927,.T.);
#1341=ORIENTED_EDGE('',*,*,#933,.T.);
#1342=ORIENTED_EDGE('',*,*,#975,.T.);
#1343=ORIENTED_EDGE('',*,*,#945,.T.);
#1344=ORIENTED_EDGE('',*,*,#951,.T.);
#1345=ORIENTED_EDGE('',*,*,#957,.T.);
#1346=ORIENTED_EDGE('',*,*,#963,.T.);
#1347=ORIENTED_EDGE('',*,*,#969,.T.);
#1348=ORIENTED_EDGE('',*,*,#939,.T.);
#1349=ORIENTED_EDGE('',*,*,#981,.T.);
#1350=ORIENTED_EDGE('',*,*,#987,.T.);
#1351=ORIENTED_EDGE('',*,*,#995,.T.);
#1352=ORIENTED_EDGE('',*,*,#996,.T.);
#1353=ORIENTED_EDGE('',*,*,#997,.T.);
#1354=ORIENTED_EDGE('',*,*,#998,.T.);
#1355=ORIENTED_EDGE('',*,*,#996,.F.);
#1356=ORIENTED_EDGE('',*,*,#999,.F.);
#1357=ORIENTED_EDGE('',*,*,#1000,.T.);
#1358=ORIENTED_EDGE('',*,*,#997,.F.);
#1359=ORIENTED_EDGE('',*,*,#998,.F.);
#1360=ORIENTED_EDGE('',*,*,#1000,.F.);
#1361=ORIENTED_EDGE('',*,*,#995,.F.);
#1362=ORIENTED_EDGE('',*,*,#1001,.T.);
#1363=ORIENTED_EDGE('',*,*,#1002,.T.);
#1364=ORIENTED_EDGE('',*,*,#1003,.T.);
#1365=ORIENTED_EDGE('',*,*,#1004,.T.);
#1366=ORIENTED_EDGE('',*,*,#1002,.F.);
#1367=ORIENTED_EDGE('',*,*,#1005,.F.);
#1368=ORIENTED_EDGE('',*,*,#1006,.T.);
#1369=ORIENTED_EDGE('',*,*,#1003,.F.);
#1370=ORIENTED_EDGE('',*,*,#1004,.F.);
#1371=ORIENTED_EDGE('',*,*,#1006,.F.);
#1372=ORIENTED_EDGE('',*,*,#1001,.F.);
#1373=ORIENTED_EDGE('',*,*,#1007,.T.);
#1374=ORIENTED_EDGE('',*,*,#1008,.T.);
#1375=ORIENTED_EDGE('',*,*,#1009,.T.);
#1376=ORIENTED_EDGE('',*,*,#1010,.T.);
#1377=ORIENTED_EDGE('',*,*,#1008,.F.);
#1378=ORIENTED_EDGE('',*,*,#1011,.F.);
#1379=ORIENTED_EDGE('',*,*,#1012,.T.);
#1380=ORIENTED_EDGE('',*,*,#1009,.F.);
#1381=ORIENTED_EDGE('',*,*,#1010,.F.);
#1382=ORIENTED_EDGE('',*,*,#1012,.F.);
#1383=ORIENTED_EDGE('',*,*,#1007,.F.);
#1384=ORIENTED_EDGE('',*,*,#1013,.T.);
#1385=ORIENTED_EDGE('',*,*,#1014,.T.);
#1386=ORIENTED_EDGE('',*,*,#1015,.T.);
#1387=ORIENTED_EDGE('',*,*,#1016,.T.);
#1388=ORIENTED_EDGE('',*,*,#1014,.F.);
#1389=ORIENTED_EDGE('',*,*,#1017,.F.);
#1390=ORIENTED_EDGE('',*,*,#1018,.T.);
#1391=ORIENTED_EDGE('',*,*,#1015,.F.);
#1392=ORIENTED_EDGE('',*,*,#1016,.F.);
#1393=ORIENTED_EDGE('',*,*,#1018,.F.);
#1394=ORIENTED_EDGE('',*,*,#1013,.F.);
#1395=ORIENTED_EDGE('',*,*,#1019,.T.);
#1396=ORIENTED_EDGE('',*,*,#1020,.T.);
#1397=ORIENTED_EDGE('',*,*,#1021,.T.);
#1398=ORIENTED_EDGE('',*,*,#1022,.T.);
#1399=ORIENTED_EDGE('',*,*,#1020,.F.);
#1400=ORIENTED_EDGE('',*,*,#1023,.F.);
#1401=ORIENTED_EDGE('',*,*,#1024,.T.);
#1402=ORIENTED_EDGE('',*,*,#1021,.F.);
#1403=ORIENTED_EDGE('',*,*,#1022,.F.);
#1404=ORIENTED_EDGE('',*,*,#1024,.F.);
#1405=ORIENTED_EDGE('',*,*,#1019,.F.);
#1406=ORIENTED_EDGE('',*,*,#1025,.T.);
#1407=ORIENTED_EDGE('',*,*,#1026,.T.);
#1408=ORIENTED_EDGE('',*,*,#1027,.T.);
#1409=ORIENTED_EDGE('',*,*,#1028,.T.);
#1410=ORIENTED_EDGE('',*,*,#1026,.F.);
#1411=ORIENTED_EDGE('',*,*,#1029,.F.);
#1412=ORIENTED_EDGE('',*,*,#1030,.T.);
#1413=ORIENTED_EDGE('',*,*,#1027,.F.);
#1414=ORIENTED_EDGE('',*,*,#1028,.F.);
#1415=ORIENTED_EDGE('',*,*,#1030,.F.);
#1416=ORIENTED_EDGE('',*,*,#1025,.F.);
#1417=ORIENTED_EDGE('',*,*,#1031,.T.);
#1418=ORIENTED_EDGE('',*,*,#1032,.T.);
#1419=ORIENTED_EDGE('',*,*,#1033,.T.);
#1420=ORIENTED_EDGE('',*,*,#1034,.T.);
#1421=ORIENTED_EDGE('',*,*,#1032,.F.);
#1422=ORIENTED_EDGE('',*,*,#1035,.F.);
#1423=ORIENTED_EDGE('',*,*,#1036,.T.);
#1424=ORIENTED_EDGE('',*,*,#1033,.F.);
#1425=ORIENTED_EDGE('',*,*,#1034,.F.);
#1426=ORIENTED_EDGE('',*,*,#1036,.F.);
#1427=ORIENTED_EDGE('',*,*,#1031,.F.);
#1428=ORIENTED_EDGE('',*,*,#1037,.T.);
#1429=ORIENTED_EDGE('',*,*,#1038,.T.);
#1430=ORIENTED_EDGE('',*,*,#1039,.T.);
#1431=ORIENTED_EDGE('',*,*,#1040,.T.);
#1432=ORIENTED_EDGE('',*,*,#1038,.F.);
#1433=ORIENTED_EDGE('',*,*,#1041,.F.);
#1434=ORIENTED_EDGE('',*,*,#1042,.T.);
#1435=ORIENTED_EDGE('',*,*,#1039,.F.);
#1436=ORIENTED_EDGE('',*,*,#1040,.F.);
#1437=ORIENTED_EDGE('',*,*,#1042,.F.);
#1438=ORIENTED_EDGE('',*,*,#1037,.F.);
#1439=ORIENTED_EDGE('',*,*,#1043,.T.);
#1440=ORIENTED_EDGE('',*,*,#1044,.T.);
#1441=ORIENTED_EDGE('',*,*,#1045,.T.);
#1442=ORIENTED_EDGE('',*,*,#1046,.T.);
#1443=ORIENTED_EDGE('',*,*,#1044,.F.);
#1444=ORIENTED_EDGE('',*,*,#1047,.F.);
#1445=ORIENTED_EDGE('',*,*,#1048,.T.);
#1446=ORIENTED_EDGE('',*,*,#1045,.F.);
#1447=ORIENTED_EDGE('',*,*,#1046,.F.);
#1448=ORIENTED_EDGE('',*,*,#1048,.F.);
#1449=ORIENTED_EDGE('',*,*,#1043,.F.);
#1450=ORIENTED_EDGE('',*,*,#1049,.T.);
#1451=ORIENTED_EDGE('',*,*,#1050,.T.);
#1452=ORIENTED_EDGE('',*,*,#1051,.T.);
#1453=ORIENTED_EDGE('',*,*,#1052,.T.);
#1454=ORIENTED_EDGE('',*,*,#1050,.F.);
#1455=ORIENTED_EDGE('',*,*,#1053,.F.);
#1456=ORIENTED_EDGE('',*,*,#1054,.T.);
#1457=ORIENTED_EDGE('',*,*,#1051,.F.);
#1458=ORIENTED_EDGE('',*,*,#1052,.F.);
#1459=ORIENTED_EDGE('',*,*,#1054,.F.);
#1460=ORIENTED_EDGE('',*,*,#1049,.F.);
#1461=ORIENTED_EDGE('',*,*,#1055,.T.);
#1462=ORIENTED_EDGE('',*,*,#1056,.T.);
#1463=ORIENTED_EDGE('',*,*,#1057,.T.);
#1464=ORIENTED_EDGE('',*,*,#1058,.T.);
#1465=ORIENTED_EDGE('',*,*,#1056,.F.);
#1466=ORIENTED_EDGE('',*,*,#1059,.F.);
#1467=ORIENTED_EDGE('',*,*,#1060,.T.);
#1468=ORIENTED_EDGE('',*,*,#1057,.F.);
#1469=ORIENTED_EDGE('',*,*,#1058,.F.);
#1470=ORIENTED_EDGE('',*,*,#1060,.F.);
#1471=ORIENTED_EDGE('',*,*,#1055,.F.);
#1472=ORIENTED_EDGE('',*,*,#1061,.T.);
#1473=ORIENTED_EDGE('',*,*,#1062,.T.);
#1474=ORIENTED_EDGE('',*,*,#1063,.T.);
#1475=ORIENTED_EDGE('',*,*,#1064,.T.);
#1476=ORIENTED_EDGE('',*,*,#1062,.F.);
#1477=ORIENTED_EDGE('',*,*,#1065,.F.);
#1478=ORIENTED_EDGE('',*,*,#1066,.T.);
#1479=ORIENTED_EDGE('',*,*,#1063,.F.);
#1480=ORIENTED_EDGE('',*,*,#1064,.F.);
#1481=ORIENTED_EDGE('',*,*,#1066,.F.);
#1482=ORIENTED_EDGE('',*,*,#1061,.F.);
#1483=ORIENTED_EDGE('',*,*,#905,.F.);
#1484=ORIENTED_EDGE('',*,*,#1067,.T.);
#1485=ORIENTED_EDGE('',*,*,#1068,.T.);
#1486=ORIENTED_EDGE('',*,*,#1069,.F.);
#1487=ORIENTED_EDGE('',*,*,#904,.F.);
#1488=ORIENTED_EDGE('',*,*,#1070,.T.);
#1489=ORIENTED_EDGE('',*,*,#1071,.T.);
#1490=ORIENTED_EDGE('',*,*,#1067,.F.);
#1491=ORIENTED_EDGE('',*,*,#903,.F.);
#1492=ORIENTED_EDGE('',*,*,#1072,.T.);
#1493=ORIENTED_EDGE('',*,*,#1073,.T.);
#1494=ORIENTED_EDGE('',*,*,#1070,.F.);
#1495=ORIENTED_EDGE('',*,*,#902,.F.);
#1496=ORIENTED_EDGE('',*,*,#1074,.T.);
#1497=ORIENTED_EDGE('',*,*,#1075,.T.);
#1498=ORIENTED_EDGE('',*,*,#1072,.F.);
#1499=ORIENTED_EDGE('',*,*,#906,.F.);
#1500=ORIENTED_EDGE('',*,*,#1069,.T.);
#1501=ORIENTED_EDGE('',*,*,#1076,.T.);
#1502=ORIENTED_EDGE('',*,*,#1077,.F.);
#1503=ORIENTED_EDGE('',*,*,#913,.F.);
#1504=ORIENTED_EDGE('',*,*,#1078,.T.);
#1505=ORIENTED_EDGE('',*,*,#1074,.F.);
#1506=ORIENTED_EDGE('',*,*,#901,.F.);
#1507=ORIENTED_EDGE('',*,*,#1079,.T.);
#1508=ORIENTED_EDGE('',*,*,#1080,.T.);
#1509=ORIENTED_EDGE('',*,*,#1081,.F.);
#1510=ORIENTED_EDGE('',*,*,#1082,.F.);
#1511=ORIENTED_EDGE('',*,*,#1080,.F.);
#1512=ORIENTED_EDGE('',*,*,#1083,.F.);
#1513=ORIENTED_EDGE('',*,*,#1084,.F.);
#1514=ORIENTED_EDGE('',*,*,#908,.F.);
#1515=ORIENTED_EDGE('',*,*,#1085,.T.);
#1516=ORIENTED_EDGE('',*,*,#1083,.T.);
#1517=ORIENTED_EDGE('',*,*,#1079,.F.);
#1518=ORIENTED_EDGE('',*,*,#909,.F.);
#1519=ORIENTED_EDGE('',*,*,#1086,.F.);
#1520=ORIENTED_EDGE('',*,*,#1084,.T.);
#1521=ORIENTED_EDGE('',*,*,#1085,.F.);
#1522=ORIENTED_EDGE('',*,*,#907,.F.);
#1523=ORIENTED_EDGE('',*,*,#1077,.T.);
#1524=ORIENTED_EDGE('',*,*,#1087,.T.);
#1525=ORIENTED_EDGE('',*,*,#1081,.T.);
#1526=ORIENTED_EDGE('',*,*,#1082,.T.);
#1527=ORIENTED_EDGE('',*,*,#1086,.T.);
#1528=ORIENTED_EDGE('',*,*,#912,.F.);
#1529=ORIENTED_EDGE('',*,*,#994,.T.);
#1530=ORIENTED_EDGE('',*,*,#1088,.T.);
#1531=ORIENTED_EDGE('',*,*,#1089,.F.);
#1532=ORIENTED_EDGE('',*,*,#914,.F.);
#1533=ORIENTED_EDGE('',*,*,#993,.T.);
#1534=ORIENTED_EDGE('',*,*,#1090,.T.);
#1535=ORIENTED_EDGE('',*,*,#1091,.F.);
#1536=ORIENTED_EDGE('',*,*,#1088,.F.);
#1537=ORIENTED_EDGE('',*,*,#916,.T.);
#1538=ORIENTED_EDGE('',*,*,#1092,.F.);
#1539=ORIENTED_EDGE('',*,*,#1090,.F.);
#1540=ORIENTED_EDGE('',*,*,#992,.T.);
#1541=ORIENTED_EDGE('',*,*,#910,.T.);
#1542=ORIENTED_EDGE('',*,*,#1087,.F.);
#1543=ORIENTED_EDGE('',*,*,#1076,.F.);
#1544=ORIENTED_EDGE('',*,*,#1068,.F.);
#1545=ORIENTED_EDGE('',*,*,#1071,.F.);
#1546=ORIENTED_EDGE('',*,*,#1073,.F.);
#1547=ORIENTED_EDGE('',*,*,#1075,.F.);
#1548=ORIENTED_EDGE('',*,*,#1078,.F.);
#1549=ORIENTED_EDGE('',*,*,#989,.T.);
#1550=ORIENTED_EDGE('',*,*,#899,.T.);
#1551=ORIENTED_EDGE('',*,*,#1093,.F.);
#1552=ORIENTED_EDGE('',*,*,#1094,.F.);
#1553=ORIENTED_EDGE('',*,*,#990,.T.);
#1554=ORIENTED_EDGE('',*,*,#1094,.T.);
#1555=ORIENTED_EDGE('',*,*,#1095,.F.);
#1556=ORIENTED_EDGE('',*,*,#1096,.F.);
#1557=ORIENTED_EDGE('',*,*,#991,.T.);
#1558=ORIENTED_EDGE('',*,*,#1096,.T.);
#1559=ORIENTED_EDGE('',*,*,#1097,.F.);
#1560=ORIENTED_EDGE('',*,*,#889,.F.);
#1561=ORIENTED_EDGE('',*,*,#893,.T.);
#1562=ORIENTED_EDGE('',*,*,#890,.T.);
#1563=ORIENTED_EDGE('',*,*,#1097,.T.);
#1564=ORIENTED_EDGE('',*,*,#1095,.T.);
#1565=ORIENTED_EDGE('',*,*,#1093,.T.);
#1566=ORIENTED_EDGE('',*,*,#898,.T.);
#1567=ORIENTED_EDGE('',*,*,#857,.T.);
#1568=ORIENTED_EDGE('',*,*,#1065,.T.);
#1569=ORIENTED_EDGE('',*,*,#1059,.T.);
#1570=ORIENTED_EDGE('',*,*,#1017,.T.);
#1571=ORIENTED_EDGE('',*,*,#1047,.T.);
#1572=ORIENTED_EDGE('',*,*,#1041,.T.);
#1573=ORIENTED_EDGE('',*,*,#1035,.T.);
#1574=ORIENTED_EDGE('',*,*,#1029,.T.);
#1575=ORIENTED_EDGE('',*,*,#1023,.T.);
#1576=ORIENTED_EDGE('',*,*,#1053,.T.);
#1577=ORIENTED_EDGE('',*,*,#1011,.T.);
#1578=ORIENTED_EDGE('',*,*,#1005,.T.);
#1579=ORIENTED_EDGE('',*,*,#999,.T.);
#1580=ORIENTED_EDGE('',*,*,#1092,.T.);
#1581=ORIENTED_EDGE('',*,*,#915,.T.);
#1582=ORIENTED_EDGE('',*,*,#1089,.T.);
#1583=ORIENTED_EDGE('',*,*,#1091,.T.);
#1584=PLANE('',#1766);
#1585=PLANE('',#1779);
#1586=PLANE('',#1786);
#1587=PLANE('',#1787);
#1588=PLANE('',#1788);
#1589=PLANE('',#1789);
#1590=PLANE('',#1790);
#1591=PLANE('',#1791);
#1592=PLANE('',#1792);
#1593=PLANE('',#1793);
#1594=PLANE('',#1794);
#1595=PLANE('',#1801);
#1596=PLANE('',#1808);
#1597=PLANE('',#1815);
#1598=PLANE('',#1822);
#1599=PLANE('',#1829);
#1600=PLANE('',#1836);
#1601=PLANE('',#1843);
#1602=PLANE('',#1850);
#1603=PLANE('',#1857);
#1604=PLANE('',#1864);
#1605=PLANE('',#1871);
#1606=PLANE('',#1878);
#1607=PLANE('',#1879);
#1608=PLANE('',#1880);
#1609=PLANE('',#1889);
#1610=PLANE('',#1896);
#1611=PLANE('',#1903);
#1612=PLANE('',#1910);
#1613=PLANE('',#1917);
#1614=PLANE('',#1924);
#1615=PLANE('',#1931);
#1616=PLANE('',#1938);
#1617=PLANE('',#1945);
#1618=PLANE('',#1952);
#1619=PLANE('',#1959);
#1620=PLANE('',#1966);
#1621=PLANE('',#1967);
#1622=PLANE('',#1968);
#1623=PLANE('',#1969);
#1624=PLANE('',#1970);
#1625=PLANE('',#1971);
#1626=PLANE('',#1972);
#1627=PLANE('',#1973);
#1628=PLANE('',#1974);
#1629=PLANE('',#1975);
#1630=PLANE('',#1976);
#1631=PLANE('',#1977);
#1632=PLANE('',#1978);
#1633=PLANE('',#1979);
#1634=PLANE('',#1984);
#1635=ADVANCED_FACE('',(#308,#275),#1584,.F.);
#1636=ADVANCED_FACE('',(#309),#243,.F.);
#1637=ADVANCED_FACE('',(#310),#244,.F.);
#1638=ADVANCED_FACE('',(#311),#245,.T.);
#1639=ADVANCED_FACE('',(#312),#246,.T.);
#1640=ADVANCED_FACE('',(#313,#276),#1585,.T.);
#1641=ADVANCED_FACE('',(#314),#247,.F.);
#1642=ADVANCED_FACE('',(#315),#248,.F.);
#1643=ADVANCED_FACE('',(#316,#277),#1586,.F.);
#1644=ADVANCED_FACE('',(#317),#1587,.F.);
#1645=ADVANCED_FACE('',(#318),#1588,.F.);
#1646=ADVANCED_FACE('',(#319,#278),#1589,.F.);
#1647=ADVANCED_FACE('',(#320),#39,.T.);
#1648=ADVANCED_FACE('',(#321),#1590,.F.);
#1649=ADVANCED_FACE('',(#322),#1591,.F.);
#1650=ADVANCED_FACE('',(#323,#279),#1592,.T.);
#1651=ADVANCED_FACE('',(#324),#1593,.T.);
#1652=ADVANCED_FACE('',(#325),#1594,.T.);
#1653=ADVANCED_FACE('',(#326),#15,.T.);
#1654=ADVANCED_FACE('',(#327),#249,.F.);
#1655=ADVANCED_FACE('',(#328),#1595,.F.);
#1656=ADVANCED_FACE('',(#329),#16,.T.);
#1657=ADVANCED_FACE('',(#330),#250,.F.);
#1658=ADVANCED_FACE('',(#331),#1596,.F.);
#1659=ADVANCED_FACE('',(#332),#17,.T.);
#1660=ADVANCED_FACE('',(#333),#251,.F.);
#1661=ADVANCED_FACE('',(#334),#1597,.F.);
#1662=ADVANCED_FACE('',(#335),#18,.T.);
#1663=ADVANCED_FACE('',(#336),#252,.F.);
#1664=ADVANCED_FACE('',(#337),#1598,.F.);
#1665=ADVANCED_FACE('',(#338),#19,.T.);
#1666=ADVANCED_FACE('',(#339),#253,.F.);
#1667=ADVANCED_FACE('',(#340),#1599,.F.);
#1668=ADVANCED_FACE('',(#341),#20,.T.);
#1669=ADVANCED_FACE('',(#342),#254,.F.);
#1670=ADVANCED_FACE('',(#343),#1600,.F.);
#1671=ADVANCED_FACE('',(#344),#21,.T.);
#1672=ADVANCED_FACE('',(#345),#255,.F.);
#1673=ADVANCED_FACE('',(#346),#1601,.F.);
#1674=ADVANCED_FACE('',(#347),#22,.T.);
#1675=ADVANCED_FACE('',(#348),#256,.F.);
#1676=ADVANCED_FACE('',(#349),#1602,.F.);
#1677=ADVANCED_FACE('',(#350),#23,.T.);
#1678=ADVANCED_FACE('',(#351),#257,.F.);
#1679=ADVANCED_FACE('',(#352),#1603,.F.);
#1680=ADVANCED_FACE('',(#353),#24,.T.);
#1681=ADVANCED_FACE('',(#354),#258,.F.);
#1682=ADVANCED_FACE('',(#355),#1604,.F.);
#1683=ADVANCED_FACE('',(#356),#25,.T.);
#1684=ADVANCED_FACE('',(#357),#259,.F.);
#1685=ADVANCED_FACE('',(#358),#1605,.F.);
#1686=ADVANCED_FACE('',(#359),#26,.T.);
#1687=ADVANCED_FACE('',(#360),#260,.F.);
#1688=ADVANCED_FACE('',(#361),#1606,.F.);
#1689=ADVANCED_FACE('',(#362),#1607,.F.);
#1690=ADVANCED_FACE('',(#363,#280,#281,#282,#283,#284,#285,#286,#287,#288,
#289,#290,#291,#292,#293),#1608,.F.);
#1691=ADVANCED_FACE('',(#364),#27,.T.);
#1692=ADVANCED_FACE('',(#365),#261,.F.);
#1693=ADVANCED_FACE('',(#366),#1609,.T.);
#1694=ADVANCED_FACE('',(#367),#28,.T.);
#1695=ADVANCED_FACE('',(#368),#262,.F.);
#1696=ADVANCED_FACE('',(#369),#1610,.T.);
#1697=ADVANCED_FACE('',(#370),#29,.T.);
#1698=ADVANCED_FACE('',(#371),#263,.F.);
#1699=ADVANCED_FACE('',(#372),#1611,.T.);
#1700=ADVANCED_FACE('',(#373),#30,.T.);
#1701=ADVANCED_FACE('',(#374),#264,.F.);
#1702=ADVANCED_FACE('',(#375),#1612,.T.);
#1703=ADVANCED_FACE('',(#376),#31,.T.);
#1704=ADVANCED_FACE('',(#377),#265,.F.);
#1705=ADVANCED_FACE('',(#378),#1613,.T.);
#1706=ADVANCED_FACE('',(#379),#32,.T.);
#1707=ADVANCED_FACE('',(#380),#266,.F.);
#1708=ADVANCED_FACE('',(#381),#1614,.T.);
#1709=ADVANCED_FACE('',(#382),#33,.T.);
#1710=ADVANCED_FACE('',(#383),#267,.F.);
#1711=ADVANCED_FACE('',(#384),#1615,.T.);
#1712=ADVANCED_FACE('',(#385),#34,.T.);
#1713=ADVANCED_FACE('',(#386),#268,.F.);
#1714=ADVANCED_FACE('',(#387),#1616,.T.);
#1715=ADVANCED_FACE('',(#388),#35,.T.);
#1716=ADVANCED_FACE('',(#389),#269,.F.);
#1717=ADVANCED_FACE('',(#390),#1617,.T.);
#1718=ADVANCED_FACE('',(#391),#36,.T.);
#1719=ADVANCED_FACE('',(#392),#270,.F.);
#1720=ADVANCED_FACE('',(#393),#1618,.T.);
#1721=ADVANCED_FACE('',(#394),#37,.T.);
#1722=ADVANCED_FACE('',(#395),#271,.F.);
#1723=ADVANCED_FACE('',(#396),#1619,.T.);
#1724=ADVANCED_FACE('',(#397),#38,.T.);
#1725=ADVANCED_FACE('',(#398),#272,.F.);
#1726=ADVANCED_FACE('',(#399),#1620,.T.);
#1727=ADVANCED_FACE('',(#400),#1621,.F.);
#1728=ADVANCED_FACE('',(#401),#1622,.F.);
#1729=ADVANCED_FACE('',(#402),#1623,.F.);
#1730=ADVANCED_FACE('',(#403),#1624,.F.);
#1731=ADVANCED_FACE('',(#404),#1625,.F.);
#1732=ADVANCED_FACE('',(#405),#1626,.F.);
#1733=ADVANCED_FACE('',(#406),#1627,.F.);
#1734=ADVANCED_FACE('',(#407),#1628,.F.);
#1735=ADVANCED_FACE('',(#408),#1629,.F.);
#1736=ADVANCED_FACE('',(#409),#1630,.T.);
#1737=ADVANCED_FACE('',(#410),#1631,.T.);
#1738=ADVANCED_FACE('',(#411),#1632,.T.);
#1739=ADVANCED_FACE('',(#412),#1633,.T.);
#1740=ADVANCED_FACE('',(#413),#273,.T.);
#1741=ADVANCED_FACE('',(#414),#274,.F.);
#1742=ADVANCED_FACE('',(#415,#294,#295,#296,#297,#298,#299,#300,#301,#302,
#303,#304,#305,#306,#307),#1634,.T.);
#1743=CLOSED_SHELL('',(#1635,#1636,#1637,#1638,#1639,#1640,#1641,#1642,
#1643,#1644,#1645,#1646,#1647,#1648,#1649,#1650,#1651,#1652,#1653,#1654,
#1655,#1656,#1657,#1658,#1659,#1660,#1661,#1662,#1663,#1664,#1665,#1666,
#1667,#1668,#1669,#1670,#1671,#1672,#1673,#1674,#1675,#1676,#1677,#1678,
#1679,#1680,#1681,#1682,#1683,#1684,#1685,#1686,#1687,#1688,#1689,#1690,
#1691,#1692,#1693,#1694,#1695,#1696,#1697,#1698,#1699,#1700,#1701,#1702,
#1703,#1704,#1705,#1706,#1707,#1708,#1709,#1710,#1711,#1712,#1713,#1714,
#1715,#1716,#1717,#1718,#1719,#1720,#1721,#1722,#1723,#1724,#1725,#1726,
#1727,#1728,#1729,#1730,#1731,#1732,#1733,#1734,#1735,#1736,#1737,#1738,
#1739,#1740,#1741,#1742));
#1744=DERIVED_UNIT_ELEMENT(#1747,1.);
#1745=DERIVED_UNIT_ELEMENT(#3946,-3.);
#1746=DIMENSIONAL_EXPONENTS(0.,1.,0.,0.,0.,0.,0.);
#1747=(
CONVERSION_BASED_UNIT('gram',#1749)
MASS_UNIT()
NAMED_UNIT(#1746)
);
#1748=(
MASS_UNIT()
NAMED_UNIT(*)
SI_UNIT(.KILO.,.GRAM.)
);
#1749=MASS_MEASURE_WITH_UNIT(MASS_MEASURE(0.001),#1748);
#1750=DERIVED_UNIT((#1744,#1745));
#1751=MEASURE_REPRESENTATION_ITEM('density measure',
POSITIVE_RATIO_MEASURE(0.952),#1750);
#1752=PROPERTY_DEFINITION_REPRESENTATION(#1757,#1754);
#1753=PROPERTY_DEFINITION_REPRESENTATION(#1758,#1755);
#1754=REPRESENTATION('material name',(#1756),#3943);
#1755=REPRESENTATION('density',(#1751),#3943);
#1756=DESCRIPTIVE_REPRESENTATION_ITEM('Plastic, Opaque White',
'Plastic, Opaque White');
#1757=PROPERTY_DEFINITION('material property','material name',#3953);
#1758=PROPERTY_DEFINITION('material property','density of part',#3953);
#1759=DATE_TIME_ROLE('creation_date');
#1760=APPLIED_DATE_AND_TIME_ASSIGNMENT(#1761,#1759,(#3953));
#1761=DATE_AND_TIME(#1762,#1763);
#1762=CALENDAR_DATE(2025,1,8);
#1763=LOCAL_TIME(0,0,0.,#1764);
#1764=COORDINATED_UNIVERSAL_TIME_OFFSET(0,0,.BEHIND.);
#1765=AXIS2_PLACEMENT_3D('',#2521,#1985,#1986);
#1766=AXIS2_PLACEMENT_3D('',#2522,#1987,#1988);
#1767=AXIS2_PLACEMENT_3D('',#2524,#1989,#1990);
#1768=AXIS2_PLACEMENT_3D('',#2526,#1991,#1992);
#1769=AXIS2_PLACEMENT_3D('',#2527,#1993,#1994);
#1770=AXIS2_PLACEMENT_3D('',#2529,#1995,#1996);
#1771=AXIS2_PLACEMENT_3D('',#2531,#1998,#1999);
#1772=AXIS2_PLACEMENT_3D('',#2534,#2001,#2002);
#1773=AXIS2_PLACEMENT_3D('',#2535,#2003,#2004);
#1774=AXIS2_PLACEMENT_3D('',#2538,#2005,#2006);
#1775=AXIS2_PLACEMENT_3D('',#2545,#2007,#2008);
#1776=AXIS2_PLACEMENT_3D('',#2547,#2010,#2011);
#1777=AXIS2_PLACEMENT_3D('',#2550,#2012,#2013);
#1778=AXIS2_PLACEMENT_3D('',#2554,#2015,#2016);
#1779=AXIS2_PLACEMENT_3D('',#2559,#2017,#2018);
#1780=AXIS2_PLACEMENT_3D('',#2561,#2019,#2020);
#1781=AXIS2_PLACEMENT_3D('',#2563,#2021,#2022);
#1782=AXIS2_PLACEMENT_3D('',#2564,#2023,#2024);
#1783=AXIS2_PLACEMENT_3D('',#2566,#2025,#2026);
#1784=AXIS2_PLACEMENT_3D('',#2568,#2028,#2029);
#1785=AXIS2_PLACEMENT_3D('',#2571,#2031,#2032);
#1786=AXIS2_PLACEMENT_3D('',#2572,#2033,#2034);
#1787=AXIS2_PLACEMENT_3D('',#2602,#2037,#2038);
#1788=AXIS2_PLACEMENT_3D('',#2632,#2041,#2042);
#1789=AXIS2_PLACEMENT_3D('',#2662,#2045,#2046);
#1790=AXIS2_PLACEMENT_3D('',#2883,#2050,#2051);
#1791=AXIS2_PLACEMENT_3D('',#2887,#2054,#2055);
#1792=AXIS2_PLACEMENT_3D('',#2891,#2058,#2059);
#1793=AXIS2_PLACEMENT_3D('',#2914,#2072,#2073);
#1794=AXIS2_PLACEMENT_3D('',#2923,#2078,#2079);
#1795=AXIS2_PLACEMENT_3D('',#2961,#2084,#2085);
#1796=AXIS2_PLACEMENT_3D('',#2962,#2086,#2087);
#1797=AXIS2_PLACEMENT_3D('',#2964,#2088,#2089);
#1798=AXIS2_PLACEMENT_3D('',#2965,#2090,#2091);
#1799=AXIS2_PLACEMENT_3D('',#2966,#2092,#2093);
#1800=AXIS2_PLACEMENT_3D('',#2968,#2094,#2095);
#1801=AXIS2_PLACEMENT_3D('',#2970,#2097,#2098);
#1802=AXIS2_PLACEMENT_3D('',#3000,#2099,#2100);
#1803=AXIS2_PLACEMENT_3D('',#3001,#2101,#2102);
#1804=AXIS2_PLACEMENT_3D('',#3003,#2103,#2104);
#1805=AXIS2_PLACEMENT_3D('',#3004,#2105,#2106);
#1806=AXIS2_PLACEMENT_3D('',#3005,#2107,#2108);
#1807=AXIS2_PLACEMENT_3D('',#3007,#2109,#2110);
#1808=AXIS2_PLACEMENT_3D('',#3009,#2112,#2113);
#1809=AXIS2_PLACEMENT_3D('',#3039,#2114,#2115);
#1810=AXIS2_PLACEMENT_3D('',#3040,#2116,#2117);
#1811=AXIS2_PLACEMENT_3D('',#3042,#2118,#2119);
#1812=AXIS2_PLACEMENT_3D('',#3043,#2120,#2121);
#1813=AXIS2_PLACEMENT_3D('',#3044,#2122,#2123);
#1814=AXIS2_PLACEMENT_3D('',#3046,#2124,#2125);
#1815=AXIS2_PLACEMENT_3D('',#3048,#2127,#2128);
#1816=AXIS2_PLACEMENT_3D('',#3078,#2129,#2130);
#1817=AXIS2_PLACEMENT_3D('',#3079,#2131,#2132);
#1818=AXIS2_PLACEMENT_3D('',#3081,#2133,#2134);
#1819=AXIS2_PLACEMENT_3D('',#3082,#2135,#2136);
#1820=AXIS2_PLACEMENT_3D('',#3083,#2137,#2138);
#1821=AXIS2_PLACEMENT_3D('',#3085,#2139,#2140);
#1822=AXIS2_PLACEMENT_3D('',#3087,#2142,#2143);
#1823=AXIS2_PLACEMENT_3D('',#3117,#2144,#2145);
#1824=AXIS2_PLACEMENT_3D('',#3118,#2146,#2147);
#1825=AXIS2_PLACEMENT_3D('',#3120,#2148,#2149);
#1826=AXIS2_PLACEMENT_3D('',#3121,#2150,#2151);
#1827=AXIS2_PLACEMENT_3D('',#3122,#2152,#2153);
#1828=AXIS2_PLACEMENT_3D('',#3124,#2154,#2155);
#1829=AXIS2_PLACEMENT_3D('',#3126,#2157,#2158);
#1830=AXIS2_PLACEMENT_3D('',#3156,#2159,#2160);
#1831=AXIS2_PLACEMENT_3D('',#3157,#2161,#2162);
#1832=AXIS2_PLACEMENT_3D('',#3159,#2163,#2164);
#1833=AXIS2_PLACEMENT_3D('',#3160,#2165,#2166);
#1834=AXIS2_PLACEMENT_3D('',#3161,#2167,#2168);
#1835=AXIS2_PLACEMENT_3D('',#3163,#2169,#2170);
#1836=AXIS2_PLACEMENT_3D('',#3165,#2172,#2173);
#1837=AXIS2_PLACEMENT_3D('',#3195,#2174,#2175);
#1838=AXIS2_PLACEMENT_3D('',#3196,#2176,#2177);
#1839=AXIS2_PLACEMENT_3D('',#3198,#2178,#2179);
#1840=AXIS2_PLACEMENT_3D('',#3199,#2180,#2181);
#1841=AXIS2_PLACEMENT_3D('',#3200,#2182,#2183);
#1842=AXIS2_PLACEMENT_3D('',#3202,#2184,#2185);
#1843=AXIS2_PLACEMENT_3D('',#3204,#2187,#2188);
#1844=AXIS2_PLACEMENT_3D('',#3234,#2189,#2190);
#1845=AXIS2_PLACEMENT_3D('',#3235,#2191,#2192);
#1846=AXIS2_PLACEMENT_3D('',#3237,#2193,#2194);
#1847=AXIS2_PLACEMENT_3D('',#3238,#2195,#2196);
#1848=AXIS2_PLACEMENT_3D('',#3239,#2197,#2198);
#1849=AXIS2_PLACEMENT_3D('',#3241,#2199,#2200);
#1850=AXIS2_PLACEMENT_3D('',#3243,#2202,#2203);
#1851=AXIS2_PLACEMENT_3D('',#3273,#2204,#2205);
#1852=AXIS2_PLACEMENT_3D('',#3274,#2206,#2207);
#1853=AXIS2_PLACEMENT_3D('',#3276,#2208,#2209);
#1854=AXIS2_PLACEMENT_3D('',#3277,#2210,#2211);
#1855=AXIS2_PLACEMENT_3D('',#3278,#2212,#2213);
#1856=AXIS2_PLACEMENT_3D('',#3280,#2214,#2215);
#1857=AXIS2_PLACEMENT_3D('',#3282,#2217,#2218);
#1858=AXIS2_PLACEMENT_3D('',#3312,#2219,#2220);
#1859=AXIS2_PLACEMENT_3D('',#3313,#2221,#2222);
#1860=AXIS2_PLACEMENT_3D('',#3315,#2223,#2224);
#1861=AXIS2_PLACEMENT_3D('',#3316,#2225,#2226);
#1862=AXIS2_PLACEMENT_3D('',#3317,#2227,#2228);
#1863=AXIS2_PLACEMENT_3D('',#3319,#2229,#2230);
#1864=AXIS2_PLACEMENT_3D('',#3321,#2232,#2233);
#1865=AXIS2_PLACEMENT_3D('',#3351,#2234,#2235);
#1866=AXIS2_PLACEMENT_3D('',#3352,#2236,#2237);
#1867=AXIS2_PLACEMENT_3D('',#3354,#2238,#2239);
#1868=AXIS2_PLACEMENT_3D('',#3355,#2240,#2241);
#1869=AXIS2_PLACEMENT_3D('',#3356,#2242,#2243);
#1870=AXIS2_PLACEMENT_3D('',#3358,#2244,#2245);
#1871=AXIS2_PLACEMENT_3D('',#3360,#2247,#2248);
#1872=AXIS2_PLACEMENT_3D('',#3390,#2249,#2250);
#1873=AXIS2_PLACEMENT_3D('',#3391,#2251,#2252);
#1874=AXIS2_PLACEMENT_3D('',#3393,#2253,#2254);
#1875=AXIS2_PLACEMENT_3D('',#3394,#2255,#2256);
#1876=AXIS2_PLACEMENT_3D('',#3395,#2257,#2258);
#1877=AXIS2_PLACEMENT_3D('',#3397,#2259,#2260);
#1878=AXIS2_PLACEMENT_3D('',#3399,#2262,#2263);
#1879=AXIS2_PLACEMENT_3D('',#3400,#2264,#2265);
#1880=AXIS2_PLACEMENT_3D('',#3401,#2266,#2267);
#1881=AXIS2_PLACEMENT_3D('',#3405,#2269,#2270);
#1882=AXIS2_PLACEMENT_3D('',#3406,#2271,#2272);
#1883=AXIS2_PLACEMENT_3D('',#3440,#2276,#2277);
#1884=AXIS2_PLACEMENT_3D('',#3442,#2278,#2279);
#1885=AXIS2_PLACEMENT_3D('',#3444,#2280,#2281);
#1886=AXIS2_PLACEMENT_3D('',#3445,#2282,#2283);
#1887=AXIS2_PLACEMENT_3D('',#3446,#2284,#2285);
#1888=AXIS2_PLACEMENT_3D('',#3448,#2286,#2287);
#1889=AXIS2_PLACEMENT_3D('',#3450,#2289,#2290);
#1890=AXIS2_PLACEMENT_3D('',#3479,#2291,#2292);
#1891=AXIS2_PLACEMENT_3D('',#3481,#2293,#2294);
#1892=AXIS2_PLACEMENT_3D('',#3483,#2295,#2296);
#1893=AXIS2_PLACEMENT_3D('',#3484,#2297,#2298);
#1894=AXIS2_PLACEMENT_3D('',#3485,#2299,#2300);
#1895=AXIS2_PLACEMENT_3D('',#3487,#2301,#2302);
#1896=AXIS2_PLACEMENT_3D('',#3489,#2304,#2305);
#1897=AXIS2_PLACEMENT_3D('',#3518,#2306,#2307);
#1898=AXIS2_PLACEMENT_3D('',#3520,#2308,#2309);
#1899=AXIS2_PLACEMENT_3D('',#3522,#2310,#2311);
#1900=AXIS2_PLACEMENT_3D('',#3523,#2312,#2313);
#1901=AXIS2_PLACEMENT_3D('',#3524,#2314,#2315);
#1902=AXIS2_PLACEMENT_3D('',#3526,#2316,#2317);
#1903=AXIS2_PLACEMENT_3D('',#3528,#2319,#2320);
#1904=AXIS2_PLACEMENT_3D('',#3557,#2321,#2322);
#1905=AXIS2_PLACEMENT_3D('',#3559,#2323,#2324);
#1906=AXIS2_PLACEMENT_3D('',#3561,#2325,#2326);
#1907=AXIS2_PLACEMENT_3D('',#3562,#2327,#2328);
#1908=AXIS2_PLACEMENT_3D('',#3563,#2329,#2330);
#1909=AXIS2_PLACEMENT_3D('',#3565,#2331,#2332);
#1910=AXIS2_PLACEMENT_3D('',#3567,#2334,#2335);
#1911=AXIS2_PLACEMENT_3D('',#3596,#2336,#2337);
#1912=AXIS2_PLACEMENT_3D('',#3598,#2338,#2339);
#1913=AXIS2_PLACEMENT_3D('',#3600,#2340,#2341);
#1914=AXIS2_PLACEMENT_3D('',#3601,#2342,#2343);
#1915=AXIS2_PLACEMENT_3D('',#3602,#2344,#2345);
#1916=AXIS2_PLACEMENT_3D('',#3604,#2346,#2347);
#1917=AXIS2_PLACEMENT_3D('',#3606,#2349,#2350);
#1918=AXIS2_PLACEMENT_3D('',#3635,#2351,#2352);
#1919=AXIS2_PLACEMENT_3D('',#3637,#2353,#2354);
#1920=AXIS2_PLACEMENT_3D('',#3639,#2355,#2356);
#1921=AXIS2_PLACEMENT_3D('',#3640,#2357,#2358);
#1922=AXIS2_PLACEMENT_3D('',#3641,#2359,#2360);
#1923=AXIS2_PLACEMENT_3D('',#3643,#2361,#2362);
#1924=AXIS2_PLACEMENT_3D('',#3645,#2364,#2365);
#1925=AXIS2_PLACEMENT_3D('',#3674,#2366,#2367);
#1926=AXIS2_PLACEMENT_3D('',#3676,#2368,#2369);
#1927=AXIS2_PLACEMENT_3D('',#3678,#2370,#2371);
#1928=AXIS2_PLACEMENT_3D('',#3679,#2372,#2373);
#1929=AXIS2_PLACEMENT_3D('',#3680,#2374,#2375);
#1930=AXIS2_PLACEMENT_3D('',#3682,#2376,#2377);
#1931=AXIS2_PLACEMENT_3D('',#3684,#2379,#2380);
#1932=AXIS2_PLACEMENT_3D('',#3713,#2381,#2382);
#1933=AXIS2_PLACEMENT_3D('',#3715,#2383,#2384);
#1934=AXIS2_PLACEMENT_3D('',#3717,#2385,#2386);
#1935=AXIS2_PLACEMENT_3D('',#3718,#2387,#2388);
#1936=AXIS2_PLACEMENT_3D('',#3719,#2389,#2390);
#1937=AXIS2_PLACEMENT_3D('',#3721,#2391,#2392);
#1938=AXIS2_PLACEMENT_3D('',#3723,#2394,#2395);
#1939=AXIS2_PLACEMENT_3D('',#3752,#2396,#2397);
#1940=AXIS2_PLACEMENT_3D('',#3754,#2398,#2399);
#1941=AXIS2_PLACEMENT_3D('',#3756,#2400,#2401);
#1942=AXIS2_PLACEMENT_3D('',#3757,#2402,#2403);
#1943=AXIS2_PLACEMENT_3D('',#3758,#2404,#2405);
#1944=AXIS2_PLACEMENT_3D('',#3760,#2406,#2407);
#1945=AXIS2_PLACEMENT_3D('',#3762,#2409,#2410);
#1946=AXIS2_PLACEMENT_3D('',#3791,#2411,#2412);
#1947=AXIS2_PLACEMENT_3D('',#3793,#2413,#2414);
#1948=AXIS2_PLACEMENT_3D('',#3795,#2415,#2416);
#1949=AXIS2_PLACEMENT_3D('',#3796,#2417,#2418);
#1950=AXIS2_PLACEMENT_3D('',#3797,#2419,#2420);
#1951=AXIS2_PLACEMENT_3D('',#3799,#2421,#2422);
#1952=AXIS2_PLACEMENT_3D('',#3801,#2424,#2425);
#1953=AXIS2_PLACEMENT_3D('',#3830,#2426,#2427);
#1954=AXIS2_PLACEMENT_3D('',#3832,#2428,#2429);
#1955=AXIS2_PLACEMENT_3D('',#3834,#2430,#2431);
#1956=AXIS2_PLACEMENT_3D('',#3835,#2432,#2433);
#1957=AXIS2_PLACEMENT_3D('',#3836,#2434,#2435);
#1958=AXIS2_PLACEMENT_3D('',#3838,#2436,#2437);
#1959=AXIS2_PLACEMENT_3D('',#3840,#2439,#2440);
#1960=AXIS2_PLACEMENT_3D('',#3869,#2441,#2442);
#1961=AXIS2_PLACEMENT_3D('',#3871,#2443,#2444);
#1962=AXIS2_PLACEMENT_3D('',#3873,#2445,#2446);
#1963=AXIS2_PLACEMENT_3D('',#3874,#2447,#2448);
#1964=AXIS2_PLACEMENT_3D('',#3875,#2449,#2450);
#1965=AXIS2_PLACEMENT_3D('',#3877,#2451,#2452);
#1966=AXIS2_PLACEMENT_3D('',#3879,#2454,#2455);
#1967=AXIS2_PLACEMENT_3D('',#3880,#2456,#2457);
#1968=AXIS2_PLACEMENT_3D('',#3886,#2461,#2462);
#1969=AXIS2_PLACEMENT_3D('',#3890,#2465,#2466);
#1970=AXIS2_PLACEMENT_3D('',#3894,#2469,#2470);
#1971=AXIS2_PLACEMENT_3D('',#3898,#2473,#2474);
#1972=AXIS2_PLACEMENT_3D('',#3902,#2477,#2478);
#1973=AXIS2_PLACEMENT_3D('',#3909,#2483,#2484);
#1974=AXIS2_PLACEMENT_3D('',#3915,#2488,#2489);
#1975=AXIS2_PLACEMENT_3D('',#3917,#2491,#2492);
#1976=AXIS2_PLACEMENT_3D('',#3920,#2495,#2496);
#1977=AXIS2_PLACEMENT_3D('',#3924,#2499,#2500);
#1978=AXIS2_PLACEMENT_3D('',#3928,#2503,#2504);
#1979=AXIS2_PLACEMENT_3D('',#3930,#2506,#2507);
#1980=AXIS2_PLACEMENT_3D('',#3934,#2510,#2511);
#1981=AXIS2_PLACEMENT_3D('',#3936,#2512,#2513);
#1982=AXIS2_PLACEMENT_3D('',#3938,#2515,#2516);
#1983=AXIS2_PLACEMENT_3D('',#3939,#2517,#2518);
#1984=AXIS2_PLACEMENT_3D('',#3940,#2519,#2520);
#1985=DIRECTION('axis',(0.,0.,1.));
#1986=DIRECTION('refdir',(1.,0.,0.));
#1987=DIRECTION('center_axis',(-1.,0.,0.));
#1988=DIRECTION('ref_axis',(0.,0.,1.));
#1989=DIRECTION('center_axis',(-1.,0.,0.));
#1990=DIRECTION('ref_axis',(0.,0.,1.));
#1991=DIRECTION('center_axis',(-1.,0.,0.));
#1992=DIRECTION('ref_axis',(0.,0.,1.));
#1993=DIRECTION('center_axis',(-1.,0.,0.));
#1994=DIRECTION('ref_axis',(0.,0.,1.));
#1995=DIRECTION('center_axis',(-1.,0.,0.));
#1996=DIRECTION('ref_axis',(0.,0.,1.));
#1997=DIRECTION('',(-1.,0.,0.));
#1998=DIRECTION('center_axis',(-1.,0.,0.));
#1999=DIRECTION('ref_axis',(0.,0.,1.));
#2000=DIRECTION('',(-1.,0.,0.));
#2001=DIRECTION('center_axis',(1.,0.,-5.48314688623729E-16));
#2002=DIRECTION('ref_axis',(0.,0.,1.));
#2003=DIRECTION('center_axis',(1.,0.,0.));
#2004=DIRECTION('ref_axis',(0.,0.985213316206388,0.171332196535305));
#2005=DIRECTION('center_axis',(1.,0.,5.48314688623729E-16));
#2006=DIRECTION('ref_axis',(0.,0.985213316206388,0.171332196535305));
#2007=DIRECTION('center_axis',(-1.,0.,-2.74157344311866E-16));
#2008=DIRECTION('ref_axis',(-4.69719799972379E-17,0.985213316206388,0.171332196535305));
#2009=DIRECTION('',(1.,0.,0.));
#2010=DIRECTION('center_axis',(1.,0.,0.));
#2011=DIRECTION('ref_axis',(0.,0.985213316206388,0.171332196535305));
#2012=DIRECTION('center_axis',(1.,0.,-5.48314688623729E-16));
#2013=DIRECTION('ref_axis',(0.,0.985213316206388,0.171332196535305));
#2014=DIRECTION('',(1.,0.,0.));
#2015=DIRECTION('center_axis',(-1.,0.,2.74157344311866E-16));
#2016=DIRECTION('ref_axis',(4.69719799972379E-17,0.985213316206388,0.171332196535305));
#2017=DIRECTION('center_axis',(-1.,0.,0.));
#2018=DIRECTION('ref_axis',(0.,0.,1.));
#2019=DIRECTION('center_axis',(-1.,0.,0.));
#2020=DIRECTION('ref_axis',(0.,0.,1.));
#2021=DIRECTION('center_axis',(-1.,0.,0.));
#2022=DIRECTION('ref_axis',(0.,0.,1.));
#2023=DIRECTION('center_axis',(-1.,0.,0.));
#2024=DIRECTION('ref_axis',(0.,0.,1.));
#2025=DIRECTION('center_axis',(1.,0.,0.));
#2026=DIRECTION('ref_axis',(0.,0.,1.));
#2027=DIRECTION('',(1.,0.,0.));
#2028=DIRECTION('center_axis',(-1.,0.,0.));
#2029=DIRECTION('ref_axis',(0.,0.,1.));
#2030=DIRECTION('',(1.,0.,0.));
#2031=DIRECTION('center_axis',(-1.,0.,-5.48314688623729E-16));
#2032=DIRECTION('ref_axis',(0.,0.,1.));
#2033=DIRECTION('center_axis',(-1.,0.,-5.48314688623729E-16));
#2034=DIRECTION('ref_axis',(-5.48314688623729E-16,0.,1.));
#2035=DIRECTION('',(-5.48314688623729E-16,0.,1.));
#2036=DIRECTION('',(0.,-1.,0.));
#2037=DIRECTION('center_axis',(1.,0.,2.74157344311866E-16));
#2038=DIRECTION('ref_axis',(2.74157344311866E-16,0.,-1.));
#2039=DIRECTION('',(0.,1.,0.));
#2040=DIRECTION('',(2.74157344311866E-16,0.,-1.));
#2041=DIRECTION('center_axis',(-1.,0.,2.74157344311866E-16));
#2042=DIRECTION('ref_axis',(2.74157344311866E-16,0.,1.));
#2043=DIRECTION('',(2.74157344311866E-16,0.,1.));
#2044=DIRECTION('',(0.,-1.,0.));
#2045=DIRECTION('center_axis',(1.,0.,-5.48314688623729E-16));
#2046=DIRECTION('ref_axis',(-5.48314688623729E-16,0.,-1.));
#2047=DIRECTION('',(0.,1.,0.));
#2048=DIRECTION('',(-5.48314688623729E-16,0.,-1.));
#2049=DIRECTION('',(1.,0.,0.));
#2050=DIRECTION('center_axis',(0.,0.,1.));
#2051=DIRECTION('ref_axis',(1.,0.,0.));
#2052=DIRECTION('',(0.,1.,0.));
#2053=DIRECTION('',(1.,0.,0.));
#2054=DIRECTION('center_axis',(0.,0.,1.));
#2055=DIRECTION('ref_axis',(1.,0.,0.));
#2056=DIRECTION('',(1.,0.,0.));
#2057=DIRECTION('',(0.,-1.,0.));
#2058=DIRECTION('center_axis',(0.,-1.,0.));
#2059=DIRECTION('ref_axis',(0.,0.,-1.));
#2060=DIRECTION('',(1.,0.,0.));
#2061=DIRECTION('',(0.,0.,-1.));
#2062=DIRECTION('',(1.,0.,0.));
#2063=DIRECTION('',(0.,0.,-1.));
#2064=DIRECTION('',(5.75875911620554E-16,0.,-1.));
#2065=DIRECTION('',(-1.,0.,0.));
#2066=DIRECTION('',(3.43047462250254E-16,0.,1.));
#2067=DIRECTION('',(-1.,0.,-1.75442650804963E-15));
#2068=DIRECTION('',(-2.28698308166836E-16,0.,-1.));
#2069=DIRECTION('',(-1.,0.,0.));
#2070=DIRECTION('',(-2.87937955810277E-16,0.,1.));
#2071=DIRECTION('',(1.,0.,0.));
#2072=DIRECTION('center_axis',(0.,0.0566120705044831,0.998396250730738));
#2073=DIRECTION('ref_axis',(0.,-0.998396250730738,0.0566120705044831));
#2074=DIRECTION('',(1.42642891678366E-17,0.998396250730738,-0.0566120705044831));
#2075=DIRECTION('',(1.,0.,0.));
#2076=DIRECTION('',(0.,-0.998396250730738,0.0566120705044831));
#2077=DIRECTION('',(1.,0.,0.));
#2078=DIRECTION('center_axis',(0.,0.0566120705044831,0.998396250730738));
#2079=DIRECTION('ref_axis',(0.,-0.998396250730738,0.0566120705044831));
#2080=DIRECTION('',(-2.85285783356731E-17,-0.998396250730738,0.0566120705044831));
#2081=DIRECTION('',(1.,0.,0.));
#2082=DIRECTION('',(0.,-0.998396250730738,0.0566120705044831));
#2083=DIRECTION('',(1.,0.,0.));
#2084=DIRECTION('center_axis',(-1.,0.,0.));
#2085=DIRECTION('ref_axis',(0.,1.20024110770287E-16,1.));
#2086=DIRECTION('center_axis',(-1.,0.,0.));
#2087=DIRECTION('ref_axis',(0.,1.20024110770287E-16,1.));
#2088=DIRECTION('center_axis',(0.,-1.,1.20024110770287E-16));
#2089=DIRECTION('ref_axis',(0.,-1.20024110770287E-16,-1.));
#2090=DIRECTION('center_axis',(1.,0.,0.));
#2091=DIRECTION('ref_axis',(0.,1.20024110770287E-16,1.));
#2092=DIRECTION('center_axis',(-1.,0.,0.));
#2093=DIRECTION('ref_axis',(0.,0.,-1.));
#2094=DIRECTION('center_axis',(1.,0.,0.));
#2095=DIRECTION('ref_axis',(0.,0.,-1.));
#2096=DIRECTION('',(1.,0.,0.));
#2097=DIRECTION('center_axis',(1.,0.,0.));
#2098=DIRECTION('ref_axis',(0.,0.,-1.));
#2099=DIRECTION('center_axis',(-1.,0.,0.));
#2100=DIRECTION('ref_axis',(0.,0.,1.));
#2101=DIRECTION('center_axis',(-1.,0.,0.));
#2102=DIRECTION('ref_axis',(0.,0.,1.));
#2103=DIRECTION('center_axis',(0.,-1.,0.));
#2104=DIRECTION('ref_axis',(0.,0.,-1.));
#2105=DIRECTION('center_axis',(1.,0.,0.));
#2106=DIRECTION('ref_axis',(0.,0.,1.));
#2107=DIRECTION('center_axis',(-1.,0.,0.));
#2108=DIRECTION('ref_axis',(0.,0.,-1.));
#2109=DIRECTION('center_axis',(1.,0.,0.));
#2110=DIRECTION('ref_axis',(0.,0.,-1.));
#2111=DIRECTION('',(1.,0.,0.));
#2112=DIRECTION('center_axis',(1.,0.,0.));
#2113=DIRECTION('ref_axis',(0.,0.,-1.));
#2114=DIRECTION('center_axis',(-1.,0.,0.));
#2115=DIRECTION('ref_axis',(0.,2.40048221540574E-16,1.));
#2116=DIRECTION('center_axis',(-1.,0.,0.));
#2117=DIRECTION('ref_axis',(0.,2.40048221540574E-16,1.));
#2118=DIRECTION('center_axis',(0.,-1.,2.40048221540574E-16));
#2119=DIRECTION('ref_axis',(0.,-2.40048221540574E-16,-1.));
#2120=DIRECTION('center_axis',(1.,0.,0.));
#2121=DIRECTION('ref_axis',(0.,2.40048221540574E-16,1.));
#2122=DIRECTION('center_axis',(-1.,0.,0.));
#2123=DIRECTION('ref_axis',(0.,0.,-1.));
#2124=DIRECTION('center_axis',(1.,0.,0.));
#2125=DIRECTION('ref_axis',(0.,0.,-1.));
#2126=DIRECTION('',(1.,0.,0.));
#2127=DIRECTION('center_axis',(1.,0.,0.));
#2128=DIRECTION('ref_axis',(0.,0.,-1.));
#2129=DIRECTION('center_axis',(-1.,0.,0.));
#2130=DIRECTION('ref_axis',(0.,2.40048221540573E-16,1.));
#2131=DIRECTION('center_axis',(-1.,0.,0.));
#2132=DIRECTION('ref_axis',(0.,2.40048221540573E-16,1.));
#2133=DIRECTION('center_axis',(0.,-1.,2.40048221540573E-16));
#2134=DIRECTION('ref_axis',(0.,-2.40048221540573E-16,-1.));
#2135=DIRECTION('center_axis',(1.,0.,0.));
#2136=DIRECTION('ref_axis',(0.,2.40048221540573E-16,1.));
#2137=DIRECTION('center_axis',(-1.,0.,0.));
#2138=DIRECTION('ref_axis',(0.,0.,-1.));
#2139=DIRECTION('center_axis',(1.,0.,0.));
#2140=DIRECTION('ref_axis',(0.,0.,-1.));
#2141=DIRECTION('',(1.,0.,0.));
#2142=DIRECTION('center_axis',(1.,0.,0.));
#2143=DIRECTION('ref_axis',(0.,0.,-1.));
#2144=DIRECTION('center_axis',(-1.,0.,0.));
#2145=DIRECTION('ref_axis',(0.,0.,1.));
#2146=DIRECTION('center_axis',(-1.,0.,0.));
#2147=DIRECTION('ref_axis',(0.,0.,1.));
#2148=DIRECTION('center_axis',(0.,-1.,0.));
#2149=DIRECTION('ref_axis',(0.,0.,-1.));
#2150=DIRECTION('center_axis',(1.,0.,0.));
#2151=DIRECTION('ref_axis',(0.,0.,1.));
#2152=DIRECTION('center_axis',(-1.,0.,0.));
#2153=DIRECTION('ref_axis',(0.,0.,-1.));
#2154=DIRECTION('center_axis',(1.,0.,0.));
#2155=DIRECTION('ref_axis',(0.,0.,-1.));
#2156=DIRECTION('',(1.,0.,0.));
#2157=DIRECTION('center_axis',(1.,0.,0.));
#2158=DIRECTION('ref_axis',(0.,0.,-1.));
#2159=DIRECTION('center_axis',(-1.,0.,0.));
#2160=DIRECTION('ref_axis',(0.,2.40048221540574E-16,1.));
#2161=DIRECTION('center_axis',(-1.,0.,0.));
#2162=DIRECTION('ref_axis',(0.,2.40048221540574E-16,1.));
#2163=DIRECTION('center_axis',(0.,-1.,2.40048221540574E-16));
#2164=DIRECTION('ref_axis',(0.,-2.40048221540574E-16,-1.));
#2165=DIRECTION('center_axis',(1.,0.,0.));
#2166=DIRECTION('ref_axis',(0.,2.40048221540574E-16,1.));
#2167=DIRECTION('center_axis',(-1.,0.,0.));
#2168=DIRECTION('ref_axis',(0.,0.,-1.));
#2169=DIRECTION('center_axis',(1.,0.,0.));
#2170=DIRECTION('ref_axis',(0.,0.,-1.));
#2171=DIRECTION('',(1.,0.,0.));
#2172=DIRECTION('center_axis',(1.,0.,0.));
#2173=DIRECTION('ref_axis',(0.,0.,-1.));
#2174=DIRECTION('center_axis',(-1.,0.,0.));
#2175=DIRECTION('ref_axis',(0.,2.40048221540575E-16,1.));
#2176=DIRECTION('center_axis',(-1.,0.,0.));
#2177=DIRECTION('ref_axis',(0.,2.40048221540575E-16,1.));
#2178=DIRECTION('center_axis',(0.,-1.,2.40048221540575E-16));
#2179=DIRECTION('ref_axis',(0.,-2.40048221540575E-16,-1.));
#2180=DIRECTION('center_axis',(1.,0.,0.));
#2181=DIRECTION('ref_axis',(0.,2.40048221540575E-16,1.));
#2182=DIRECTION('center_axis',(-1.,0.,0.));
#2183=DIRECTION('ref_axis',(0.,0.,-1.));
#2184=DIRECTION('center_axis',(1.,0.,0.));
#2185=DIRECTION('ref_axis',(0.,0.,-1.));
#2186=DIRECTION('',(1.,0.,0.));
#2187=DIRECTION('center_axis',(1.,0.,0.));
#2188=DIRECTION('ref_axis',(0.,0.,-1.));
#2189=DIRECTION('center_axis',(-1.,0.,0.));
#2190=DIRECTION('ref_axis',(0.,0.,1.));
#2191=DIRECTION('center_axis',(-1.,0.,0.));
#2192=DIRECTION('ref_axis',(0.,0.,1.));
#2193=DIRECTION('center_axis',(0.,-1.,0.));
#2194=DIRECTION('ref_axis',(0.,0.,-1.));
#2195=DIRECTION('center_axis',(1.,0.,0.));
#2196=DIRECTION('ref_axis',(0.,0.,1.));
#2197=DIRECTION('center_axis',(-1.,0.,0.));
#2198=DIRECTION('ref_axis',(0.,0.,-1.));
#2199=DIRECTION('center_axis',(1.,0.,0.));
#2200=DIRECTION('ref_axis',(0.,0.,-1.));
#2201=DIRECTION('',(1.,0.,0.));
#2202=DIRECTION('center_axis',(1.,0.,0.));
#2203=DIRECTION('ref_axis',(0.,0.,-1.));
#2204=DIRECTION('center_axis',(-1.,0.,0.));
#2205=DIRECTION('ref_axis',(0.,0.,1.));
#2206=DIRECTION('center_axis',(-1.,0.,0.));
#2207=DIRECTION('ref_axis',(0.,0.,1.));
#2208=DIRECTION('center_axis',(0.,-1.,0.));
#2209=DIRECTION('ref_axis',(0.,0.,-1.));
#2210=DIRECTION('center_axis',(1.,0.,0.));
#2211=DIRECTION('ref_axis',(0.,0.,1.));
#2212=DIRECTION('center_axis',(-1.,0.,0.));
#2213=DIRECTION('ref_axis',(0.,0.,-1.));
#2214=DIRECTION('center_axis',(1.,0.,0.));
#2215=DIRECTION('ref_axis',(0.,0.,-1.));
#2216=DIRECTION('',(1.,0.,0.));
#2217=DIRECTION('center_axis',(1.,0.,0.));
#2218=DIRECTION('ref_axis',(0.,0.,-1.));
#2219=DIRECTION('center_axis',(-1.,0.,0.));
#2220=DIRECTION('ref_axis',(0.,2.40048221540573E-16,1.));
#2221=DIRECTION('center_axis',(-1.,0.,0.));
#2222=DIRECTION('ref_axis',(0.,2.40048221540573E-16,1.));
#2223=DIRECTION('center_axis',(0.,-1.,2.40048221540573E-16));
#2224=DIRECTION('ref_axis',(0.,-2.40048221540573E-16,-1.));
#2225=DIRECTION('center_axis',(1.,0.,0.));
#2226=DIRECTION('ref_axis',(0.,2.40048221540573E-16,1.));
#2227=DIRECTION('center_axis',(-1.,0.,0.));
#2228=DIRECTION('ref_axis',(0.,0.,-1.));
#2229=DIRECTION('center_axis',(1.,0.,0.));
#2230=DIRECTION('ref_axis',(0.,0.,-1.));
#2231=DIRECTION('',(1.,0.,0.));
#2232=DIRECTION('center_axis',(1.,0.,0.));
#2233=DIRECTION('ref_axis',(0.,0.,-1.));
#2234=DIRECTION('center_axis',(-1.,0.,0.));
#2235=DIRECTION('ref_axis',(0.,1.20024110770287E-16,1.));
#2236=DIRECTION('center_axis',(-1.,0.,0.));
#2237=DIRECTION('ref_axis',(0.,1.20024110770287E-16,1.));
#2238=DIRECTION('center_axis',(0.,-1.,1.20024110770287E-16));
#2239=DIRECTION('ref_axis',(0.,-1.20024110770287E-16,-1.));
#2240=DIRECTION('center_axis',(1.,0.,0.));
#2241=DIRECTION('ref_axis',(0.,1.20024110770287E-16,1.));
#2242=DIRECTION('center_axis',(-1.,0.,0.));
#2243=DIRECTION('ref_axis',(0.,0.,-1.));
#2244=DIRECTION('center_axis',(1.,0.,0.));
#2245=DIRECTION('ref_axis',(0.,0.,-1.));
#2246=DIRECTION('',(1.,0.,0.));
#2247=DIRECTION('center_axis',(1.,0.,0.));
#2248=DIRECTION('ref_axis',(0.,0.,-1.));
#2249=DIRECTION('center_axis',(-1.,0.,0.));
#2250=DIRECTION('ref_axis',(0.,0.,1.));
#2251=DIRECTION('center_axis',(-1.,0.,0.));
#2252=DIRECTION('ref_axis',(0.,0.,1.));
#2253=DIRECTION('center_axis',(0.,-1.,0.));
#2254=DIRECTION('ref_axis',(0.,0.,-1.));
#2255=DIRECTION('center_axis',(1.,0.,0.));
#2256=DIRECTION('ref_axis',(0.,0.,1.));
#2257=DIRECTION('center_axis',(-1.,0.,0.));
#2258=DIRECTION('ref_axis',(0.,0.,-1.));
#2259=DIRECTION('center_axis',(1.,0.,0.));
#2260=DIRECTION('ref_axis',(0.,0.,-1.));
#2261=DIRECTION('',(1.,0.,0.));
#2262=DIRECTION('center_axis',(1.,0.,0.));
#2263=DIRECTION('ref_axis',(0.,0.,-1.));
#2264=DIRECTION('center_axis',(0.,0.,1.));
#2265=DIRECTION('ref_axis',(1.,0.,0.));
#2266=DIRECTION('center_axis',(1.,0.,0.));
#2267=DIRECTION('ref_axis',(0.,0.,-1.));
#2268=DIRECTION('',(0.,-1.,-6.49348747467288E-14));
#2269=DIRECTION('center_axis',(1.,0.,0.));
#2270=DIRECTION('ref_axis',(0.,0.999996585793936,-0.00261312082976726));
#2271=DIRECTION('center_axis',(-1.,0.,0.));
#2272=DIRECTION('ref_axis',(0.,0.999996585793936,-0.00261312082976729));
#2273=DIRECTION('',(0.,-0.0566120705045029,-0.998396250730737));
#2274=DIRECTION('',(0.,0.998445662487556,-0.0557338233013433));
#2275=DIRECTION('',(0.,0.0557338233013232,0.998445662487557));
#2276=DIRECTION('center_axis',(-1.,0.,0.));
#2277=DIRECTION('ref_axis',(0.,1.20024110770287E-16,1.));
#2278=DIRECTION('center_axis',(0.,-1.,1.20024110770287E-16));
#2279=DIRECTION('ref_axis',(0.,-1.20024110770287E-16,-1.));
#2280=DIRECTION('center_axis',(1.,0.,0.));
#2281=DIRECTION('ref_axis',(0.,1.20024110770287E-16,1.));
#2282=DIRECTION('center_axis',(1.,0.,0.));
#2283=DIRECTION('ref_axis',(0.,1.20024110770287E-16,1.));
#2284=DIRECTION('center_axis',(-1.,0.,0.));
#2285=DIRECTION('ref_axis',(0.,0.,-1.));
#2286=DIRECTION('center_axis',(-1.,0.,0.));
#2287=DIRECTION('ref_axis',(0.,0.,-1.));
#2288=DIRECTION('',(-1.,0.,0.));
#2289=DIRECTION('center_axis',(1.,0.,0.));
#2290=DIRECTION('ref_axis',(0.,0.,-1.));
#2291=DIRECTION('center_axis',(-1.,0.,0.));
#2292=DIRECTION('ref_axis',(0.,0.,1.));
#2293=DIRECTION('center_axis',(0.,-1.,0.));
#2294=DIRECTION('ref_axis',(0.,0.,-1.));
#2295=DIRECTION('center_axis',(1.,0.,0.));
#2296=DIRECTION('ref_axis',(0.,0.,1.));
#2297=DIRECTION('center_axis',(1.,0.,0.));
#2298=DIRECTION('ref_axis',(0.,0.,1.));
#2299=DIRECTION('center_axis',(-1.,0.,0.));
#2300=DIRECTION('ref_axis',(0.,0.,-1.));
#2301=DIRECTION('center_axis',(-1.,0.,0.));
#2302=DIRECTION('ref_axis',(0.,0.,-1.));
#2303=DIRECTION('',(-1.,0.,0.));
#2304=DIRECTION('center_axis',(1.,0.,0.));
#2305=DIRECTION('ref_axis',(0.,0.,-1.));
#2306=DIRECTION('center_axis',(-1.,0.,0.));
#2307=DIRECTION('ref_axis',(0.,2.40048221540574E-16,1.));
#2308=DIRECTION('center_axis',(0.,-1.,2.40048221540574E-16));
#2309=DIRECTION('ref_axis',(0.,-2.40048221540574E-16,-1.));
#2310=DIRECTION('center_axis',(1.,0.,0.));
#2311=DIRECTION('ref_axis',(0.,2.40048221540574E-16,1.));
#2312=DIRECTION('center_axis',(1.,0.,0.));
#2313=DIRECTION('ref_axis',(0.,2.40048221540574E-16,1.));
#2314=DIRECTION('center_axis',(-1.,0.,0.));
#2315=DIRECTION('ref_axis',(0.,0.,-1.));
#2316=DIRECTION('center_axis',(-1.,0.,0.));
#2317=DIRECTION('ref_axis',(0.,0.,-1.));
#2318=DIRECTION('',(-1.,0.,0.));
#2319=DIRECTION('center_axis',(1.,0.,0.));
#2320=DIRECTION('ref_axis',(0.,0.,-1.));
#2321=DIRECTION('center_axis',(-1.,0.,0.));
#2322=DIRECTION('ref_axis',(0.,2.40048221540573E-16,1.));
#2323=DIRECTION('center_axis',(0.,-1.,2.40048221540573E-16));
#2324=DIRECTION('ref_axis',(0.,-2.40048221540573E-16,-1.));
#2325=DIRECTION('center_axis',(1.,0.,0.));
#2326=DIRECTION('ref_axis',(0.,2.40048221540573E-16,1.));
#2327=DIRECTION('center_axis',(1.,0.,0.));
#2328=DIRECTION('ref_axis',(0.,2.40048221540573E-16,1.));
#2329=DIRECTION('center_axis',(-1.,0.,0.));
#2330=DIRECTION('ref_axis',(0.,0.,-1.));
#2331=DIRECTION('center_axis',(-1.,0.,0.));
#2332=DIRECTION('ref_axis',(0.,0.,-1.));
#2333=DIRECTION('',(-1.,0.,0.));
#2334=DIRECTION('center_axis',(1.,0.,0.));
#2335=DIRECTION('ref_axis',(0.,0.,-1.));
#2336=DIRECTION('center_axis',(-1.,0.,0.));
#2337=DIRECTION('ref_axis',(0.,0.,1.));
#2338=DIRECTION('center_axis',(0.,-1.,0.));
#2339=DIRECTION('ref_axis',(0.,0.,-1.));
#2340=DIRECTION('center_axis',(1.,0.,0.));
#2341=DIRECTION('ref_axis',(0.,0.,1.));
#2342=DIRECTION('center_axis',(1.,0.,0.));
#2343=DIRECTION('ref_axis',(0.,0.,1.));
#2344=DIRECTION('center_axis',(-1.,0.,0.));
#2345=DIRECTION('ref_axis',(0.,0.,-1.));
#2346=DIRECTION('center_axis',(-1.,0.,0.));
#2347=DIRECTION('ref_axis',(0.,0.,-1.));
#2348=DIRECTION('',(-1.,0.,0.));
#2349=DIRECTION('center_axis',(1.,0.,0.));
#2350=DIRECTION('ref_axis',(0.,0.,-1.));
#2351=DIRECTION('center_axis',(-1.,0.,0.));
#2352=DIRECTION('ref_axis',(0.,2.40048221540574E-16,1.));
#2353=DIRECTION('center_axis',(0.,-1.,2.40048221540574E-16));
#2354=DIRECTION('ref_axis',(0.,-2.40048221540574E-16,-1.));
#2355=DIRECTION('center_axis',(1.,0.,0.));
#2356=DIRECTION('ref_axis',(0.,2.40048221540574E-16,1.));
#2357=DIRECTION('center_axis',(1.,0.,0.));
#2358=DIRECTION('ref_axis',(0.,2.40048221540574E-16,1.));
#2359=DIRECTION('center_axis',(-1.,0.,0.));
#2360=DIRECTION('ref_axis',(0.,0.,-1.));
#2361=DIRECTION('center_axis',(-1.,0.,0.));
#2362=DIRECTION('ref_axis',(0.,0.,-1.));
#2363=DIRECTION('',(-1.,0.,0.));
#2364=DIRECTION('center_axis',(1.,0.,0.));
#2365=DIRECTION('ref_axis',(0.,0.,-1.));
#2366=DIRECTION('center_axis',(-1.,0.,0.));
#2367=DIRECTION('ref_axis',(0.,2.40048221540575E-16,1.));
#2368=DIRECTION('center_axis',(0.,-1.,2.40048221540575E-16));
#2369=DIRECTION('ref_axis',(0.,-2.40048221540575E-16,-1.));
#2370=DIRECTION('center_axis',(1.,0.,0.));
#2371=DIRECTION('ref_axis',(0.,2.40048221540575E-16,1.));
#2372=DIRECTION('center_axis',(1.,0.,0.));
#2373=DIRECTION('ref_axis',(0.,2.40048221540575E-16,1.));
#2374=DIRECTION('center_axis',(-1.,0.,0.));
#2375=DIRECTION('ref_axis',(0.,0.,-1.));
#2376=DIRECTION('center_axis',(-1.,0.,0.));
#2377=DIRECTION('ref_axis',(0.,0.,-1.));
#2378=DIRECTION('',(-1.,0.,0.));
#2379=DIRECTION('center_axis',(1.,0.,0.));
#2380=DIRECTION('ref_axis',(0.,0.,-1.));
#2381=DIRECTION('center_axis',(-1.,0.,0.));
#2382=DIRECTION('ref_axis',(0.,0.,1.));
#2383=DIRECTION('center_axis',(0.,-1.,0.));
#2384=DIRECTION('ref_axis',(0.,0.,-1.));
#2385=DIRECTION('center_axis',(1.,0.,0.));
#2386=DIRECTION('ref_axis',(0.,0.,1.));
#2387=DIRECTION('center_axis',(1.,0.,0.));
#2388=DIRECTION('ref_axis',(0.,0.,1.));
#2389=DIRECTION('center_axis',(-1.,0.,0.));
#2390=DIRECTION('ref_axis',(0.,0.,-1.));
#2391=DIRECTION('center_axis',(-1.,0.,0.));
#2392=DIRECTION('ref_axis',(0.,0.,-1.));
#2393=DIRECTION('',(-1.,0.,0.));
#2394=DIRECTION('center_axis',(1.,0.,0.));
#2395=DIRECTION('ref_axis',(0.,0.,-1.));
#2396=DIRECTION('center_axis',(-1.,0.,0.));
#2397=DIRECTION('ref_axis',(0.,0.,1.));
#2398=DIRECTION('center_axis',(0.,-1.,0.));
#2399=DIRECTION('ref_axis',(0.,0.,-1.));
#2400=DIRECTION('center_axis',(1.,0.,0.));
#2401=DIRECTION('ref_axis',(0.,0.,1.));
#2402=DIRECTION('center_axis',(1.,0.,0.));
#2403=DIRECTION('ref_axis',(0.,0.,1.));
#2404=DIRECTION('center_axis',(-1.,0.,0.));
#2405=DIRECTION('ref_axis',(0.,0.,-1.));
#2406=DIRECTION('center_axis',(-1.,0.,0.));
#2407=DIRECTION('ref_axis',(0.,0.,-1.));
#2408=DIRECTION('',(-1.,0.,0.));
#2409=DIRECTION('center_axis',(1.,0.,0.));
#2410=DIRECTION('ref_axis',(0.,0.,-1.));
#2411=DIRECTION('center_axis',(-1.,0.,0.));
#2412=DIRECTION('ref_axis',(0.,2.40048221540573E-16,1.));
#2413=DIRECTION('center_axis',(0.,-1.,2.40048221540573E-16));
#2414=DIRECTION('ref_axis',(0.,-2.40048221540573E-16,-1.));
#2415=DIRECTION('center_axis',(1.,0.,0.));
#2416=DIRECTION('ref_axis',(0.,2.40048221540573E-16,1.));
#2417=DIRECTION('center_axis',(1.,0.,0.));
#2418=DIRECTION('ref_axis',(0.,2.40048221540573E-16,1.));
#2419=DIRECTION('center_axis',(-1.,0.,0.));
#2420=DIRECTION('ref_axis',(0.,0.,-1.));
#2421=DIRECTION('center_axis',(-1.,0.,0.));
#2422=DIRECTION('ref_axis',(0.,0.,-1.));
#2423=DIRECTION('',(-1.,0.,0.));
#2424=DIRECTION('center_axis',(1.,0.,0.));
#2425=DIRECTION('ref_axis',(0.,0.,-1.));
#2426=DIRECTION('center_axis',(-1.,0.,0.));
#2427=DIRECTION('ref_axis',(0.,1.20024110770287E-16,1.));
#2428=DIRECTION('center_axis',(0.,-1.,1.20024110770287E-16));
#2429=DIRECTION('ref_axis',(0.,-1.20024110770287E-16,-1.));
#2430=DIRECTION('center_axis',(1.,0.,0.));
#2431=DIRECTION('ref_axis',(0.,1.20024110770287E-16,1.));
#2432=DIRECTION('center_axis',(1.,0.,0.));
#2433=DIRECTION('ref_axis',(0.,1.20024110770287E-16,1.));
#2434=DIRECTION('center_axis',(-1.,0.,0.));
#2435=DIRECTION('ref_axis',(0.,0.,-1.));
#2436=DIRECTION('center_axis',(-1.,0.,0.));
#2437=DIRECTION('ref_axis',(0.,0.,-1.));
#2438=DIRECTION('',(-1.,0.,0.));
#2439=DIRECTION('center_axis',(1.,0.,0.));
#2440=DIRECTION('ref_axis',(0.,0.,-1.));
#2441=DIRECTION('center_axis',(-1.,0.,0.));
#2442=DIRECTION('ref_axis',(0.,0.,1.));
#2443=DIRECTION('center_axis',(0.,-1.,0.));
#2444=DIRECTION('ref_axis',(0.,0.,-1.));
#2445=DIRECTION('center_axis',(1.,0.,0.));
#2446=DIRECTION('ref_axis',(0.,0.,1.));
#2447=DIRECTION('center_axis',(1.,0.,0.));
#2448=DIRECTION('ref_axis',(0.,0.,1.));
#2449=DIRECTION('center_axis',(-1.,0.,0.));
#2450=DIRECTION('ref_axis',(0.,0.,-1.));
#2451=DIRECTION('center_axis',(-1.,0.,0.));
#2452=DIRECTION('ref_axis',(0.,0.,-1.));
#2453=DIRECTION('',(-1.,0.,0.));
#2454=DIRECTION('center_axis',(1.,0.,0.));
#2455=DIRECTION('ref_axis',(0.,0.,-1.));
#2456=DIRECTION('center_axis',(1.,0.,-2.28698308166836E-16));
#2457=DIRECTION('ref_axis',(-2.28698308166836E-16,0.,-1.));
#2458=DIRECTION('',(0.,1.,0.));
#2459=DIRECTION('',(-1.67783833664707E-14,-0.0566120705045029,-0.998396250730737));
#2460=DIRECTION('',(0.,1.,0.));
#2461=DIRECTION('center_axis',(1.75442650804963E-15,0.,-1.));
#2462=DIRECTION('ref_axis',(-1.,0.,-1.75442650804963E-15));
#2463=DIRECTION('',(0.,1.,0.));
#2464=DIRECTION('',(-1.,-9.94812601669726E-17,-1.75442650804963E-15));
#2465=DIRECTION('center_axis',(-1.,0.,3.43047462250254E-16));
#2466=DIRECTION('ref_axis',(3.43047462250254E-16,0.,1.));
#2467=DIRECTION('',(0.,1.,0.));
#2468=DIRECTION('',(-3.35567667329391E-14,0.0566120705045029,0.998396250730737));
#2469=DIRECTION('center_axis',(0.,0.,-1.));
#2470=DIRECTION('ref_axis',(-1.,0.,0.));
#2471=DIRECTION('',(0.,1.,0.));
#2472=DIRECTION('',(-1.,0.,0.));
#2473=DIRECTION('center_axis',(0.,0.,-1.));
#2474=DIRECTION('ref_axis',(-1.,0.,0.));
#2475=DIRECTION('',(-1.,0.,0.));
#2476=DIRECTION('',(0.,1.,0.));
#2477=DIRECTION('center_axis',(1.,0.,5.03931018269575E-16));
#2478=DIRECTION('ref_axis',(5.03931018269575E-16,0.,-1.));
#2479=DIRECTION('',(0.,-0.0566120705045029,-0.998396250730737));
#2480=DIRECTION('',(0.,1.,0.));
#2481=DIRECTION('',(5.03931018269575E-16,0.,-1.));
#2482=DIRECTION('',(-5.03147739384195E-16,0.0557338233013232,0.998445662487557));
#2483=DIRECTION('center_axis',(0.,1.,0.));
#2484=DIRECTION('ref_axis',(0.,0.,1.));
#2485=DIRECTION('',(-1.,0.,0.));
#2486=DIRECTION('',(1.,0.,0.));
#2487=DIRECTION('',(-2.51965509134787E-16,0.,1.));
#2488=DIRECTION('center_axis',(0.,0.,1.));
#2489=DIRECTION('ref_axis',(1.,0.,0.));
#2490=DIRECTION('',(0.,1.,0.));
#2491=DIRECTION('center_axis',(-1.,0.,-2.51965509134787E-16));
#2492=DIRECTION('ref_axis',(-2.51965509134787E-16,0.,1.));
#2493=DIRECTION('',(2.51573869692097E-16,-0.0557338233013232,-0.998445662487557));
#2494=DIRECTION('',(1.77350800841711E-16,0.0566120705045029,0.998396250730737));
#2495=DIRECTION('center_axis',(0.,0.998445662487557,-0.0557338233013232));
#2496=DIRECTION('ref_axis',(0.,0.0557338233013232,0.998445662487557));
#2497=DIRECTION('',(1.,0.,0.));
#2498=DIRECTION('',(0.,0.0557338233013232,0.998445662487557));
#2499=DIRECTION('center_axis',(0.,-0.0557338233013433,-0.998445662487556));
#2500=DIRECTION('ref_axis',(0.,0.998445662487556,-0.0557338233013433));
#2501=DIRECTION('',(1.,0.,0.));
#2502=DIRECTION('',(0.,0.998445662487556,-0.0557338233013433));
#2503=DIRECTION('center_axis',(0.,-0.998396250730737,0.0566120705045028));
#2504=DIRECTION('ref_axis',(0.,-0.0566120705045029,-0.998396250730737));
#2505=DIRECTION('',(0.,-0.0566120705045029,-0.998396250730737));
#2506=DIRECTION('center_axis',(0.,-6.49348747467288E-14,1.));
#2507=DIRECTION('ref_axis',(0.,-1.,-6.49348747467288E-14));
#2508=DIRECTION('',(0.,-1.,-6.49348747467288E-14));
#2509=DIRECTION('',(1.,0.,0.));
#2510=DIRECTION('center_axis',(1.,0.,0.));
#2511=DIRECTION('ref_axis',(0.,0.999996585793936,-0.00261312082976726));
#2512=DIRECTION('center_axis',(1.,0.,0.));
#2513=DIRECTION('ref_axis',(0.,0.999996585793936,-0.00261312082976726));
#2514=DIRECTION('',(1.,0.,0.));
#2515=DIRECTION('center_axis',(1.,0.,0.));
#2516=DIRECTION('ref_axis',(0.,0.999996585793936,-0.00261312082976729));
#2517=DIRECTION('center_axis',(-1.,0.,0.));
#2518=DIRECTION('ref_axis',(0.,0.999996585793936,-0.00261312082976729));
#2519=DIRECTION('center_axis',(1.,0.,0.));
#2520=DIRECTION('ref_axis',(0.,0.,-1.));
#2521=CARTESIAN_POINT('',(0.,0.,0.));
#2522=CARTESIAN_POINT('Origin',(145.,8.45953289642529,-215.211881987811));
#2523=CARTESIAN_POINT('',(145.,8.45953289642529,-220.211881987811));
#2524=CARTESIAN_POINT('Origin',(145.,8.45953289642529,-215.211881987811));
#2525=CARTESIAN_POINT('',(145.,8.45953289642529,-218.461881987811));
#2526=CARTESIAN_POINT('Origin',(145.,8.45953289642529,-215.211881987811));
#2527=CARTESIAN_POINT('Origin',(147.5,8.45953289642529,-215.211881987811));
#2528=CARTESIAN_POINT('',(150.,8.45953289642529,-220.211881987811));
#2529=CARTESIAN_POINT('Origin',(150.,8.45953289642529,-215.211881987811));
#2530=CARTESIAN_POINT('',(147.5,8.45953289642529,-220.211881987811));
#2531=CARTESIAN_POINT('Origin',(142.03125,8.45953289642529,-215.211881987811));
#2532=CARTESIAN_POINT('',(138.846088047807,8.45953289642529,-218.461881987811));
#2533=CARTESIAN_POINT('',(142.03125,8.45953289642529,-218.461881987811));
#2534=CARTESIAN_POINT('Origin',(138.846088047807,8.45953289642529,-215.211881987811));
#2535=CARTESIAN_POINT('Origin',(24.1539119521932,49.6643727225187,-151.887765224519));
#2536=CARTESIAN_POINT('',(11.1539119521931,-2.44220890171229,-160.949290212834));
#2537=CARTESIAN_POINT('',(11.1539119521931,26.4482182886345,-199.408468680786));
#2538=CARTESIAN_POINT('Origin',(11.1539119521931,49.6643727225187,-151.887765224519));
#2539=CARTESIAN_POINT('',(24.1539119521932,26.4482182886345,-199.408468680786));
#2540=CARTESIAN_POINT('Ctrl Pts',(24.1539119521932,26.4482182886345,-199.408468680786));
#2541=CARTESIAN_POINT('Ctrl Pts',(19.8205786188598,26.4482182886345,-199.408468680786));
#2542=CARTESIAN_POINT('Ctrl Pts',(15.4872452855265,26.4482182886345,-199.408468680786));
#2543=CARTESIAN_POINT('Ctrl Pts',(11.1539119521931,26.4482182886345,-199.408468680786));
#2544=CARTESIAN_POINT('',(24.1539119521932,-2.44220890171229,-160.949290212834));
#2545=CARTESIAN_POINT('Origin',(24.1539119521932,49.6643727225187,-151.887765224519));
#2546=CARTESIAN_POINT('',(24.1539119521932,-2.44220890171229,-160.949290212834));
#2547=CARTESIAN_POINT('Origin',(125.846088047807,49.6643727225187,-151.887765224519));
#2548=CARTESIAN_POINT('',(138.846088047807,-2.44220890171229,-160.949290212834));
#2549=CARTESIAN_POINT('',(138.846088047807,26.4482182886345,-199.408468680786));
#2550=CARTESIAN_POINT('Origin',(138.846088047807,49.6643727225187,-151.887765224519));
#2551=CARTESIAN_POINT('',(125.846088047807,-2.44220890171229,-160.949290212834));
#2552=CARTESIAN_POINT('',(125.846088047807,-2.44220890171229,-160.949290212834));
#2553=CARTESIAN_POINT('',(125.846088047807,26.4482182886345,-199.408468680786));
#2554=CARTESIAN_POINT('Origin',(125.846088047807,49.6643727225187,-151.887765224519));
#2555=CARTESIAN_POINT('Ctrl Pts',(138.846088047807,26.4482182886345,-199.408468680786));
#2556=CARTESIAN_POINT('Ctrl Pts',(134.512754714474,26.4482182886345,-199.408468680786));
#2557=CARTESIAN_POINT('Ctrl Pts',(130.17942138114,26.4482182886345,-199.408468680786));
#2558=CARTESIAN_POINT('Ctrl Pts',(125.846088047807,26.4482182886345,-199.408468680786));
#2559=CARTESIAN_POINT('Origin',(5.,8.45953289642529,-215.211881987811));
#2560=CARTESIAN_POINT('',(5.,8.45953289642529,-220.211881987811));
#2561=CARTESIAN_POINT('Origin',(5.,8.45953289642529,-215.211881987811));
#2562=CARTESIAN_POINT('',(5.,8.45953289642529,-218.461881987811));
#2563=CARTESIAN_POINT('Origin',(5.,8.45953289642529,-215.211881987811));
#2564=CARTESIAN_POINT('Origin',(2.5,8.45953289642529,-215.211881987811));
#2565=CARTESIAN_POINT('',(0.,8.45953289642529,-220.211881987811));
#2566=CARTESIAN_POINT('Origin',(0.,8.45953289642529,-215.211881987811));
#2567=CARTESIAN_POINT('',(2.5,8.45953289642529,-220.211881987811));
#2568=CARTESIAN_POINT('Origin',(7.96875,8.45953289642529,-215.211881987811));
#2569=CARTESIAN_POINT('',(11.1539119521932,8.45953289642529,-218.461881987811));
#2570=CARTESIAN_POINT('',(7.96875,8.45953289642529,-218.461881987811));
#2571=CARTESIAN_POINT('Origin',(11.1539119521932,8.45953289642529,-215.211881987811));
#2572=CARTESIAN_POINT('Origin',(11.1539119521932,-2.44220890171229,-328.995136793502));
#2573=CARTESIAN_POINT('',(11.1539119521932,-0.0912521656190773,-328.995136793502));
#2574=CARTESIAN_POINT('Ctrl Pts',(11.1539119521931,26.4482182886346,-199.408468680785));
#2575=CARTESIAN_POINT('Ctrl Pts',(11.1539119521931,25.4236540734306,-207.222714282142));
#2576=CARTESIAN_POINT('Ctrl Pts',(11.1539119521931,24.2795737084454,-215.006602047067));
#2577=CARTESIAN_POINT('Ctrl Pts',(11.1539119521931,23.0732227776756,-222.614101057919));
#2578=CARTESIAN_POINT('Ctrl Pts',(11.1539119521931,21.8920075080921,-230.063089379443));
#2579=CARTESIAN_POINT('Ctrl Pts',(11.1539119521931,20.6698479366964,-237.332979892567));
#2580=CARTESIAN_POINT('Ctrl Pts',(11.1539119521931,19.3394881304497,-244.722787710351));
#2581=CARTESIAN_POINT('Ctrl Pts',(11.1539119521931,18.3275502246086,-250.343843467286));
#2582=CARTESIAN_POINT('Ctrl Pts',(11.1539119521931,17.2338104258696,-256.095760525817));
#2583=CARTESIAN_POINT('Ctrl Pts',(11.1539119521931,16.0283979003451,-262.054203507743));
#2584=CARTESIAN_POINT('Ctrl Pts',(11.1539119521931,14.8421703685512,-267.917813651268));
#2585=CARTESIAN_POINT('Ctrl Pts',(11.1539119521931,13.5479408687029,-273.98085877295));
#2586=CARTESIAN_POINT('Ctrl Pts',(11.1539119521931,12.2548415072165,-279.808573859771));
#2587=CARTESIAN_POINT('Ctrl Pts',(11.1539119521931,10.9936681402808,-285.492405494434));
#2588=CARTESIAN_POINT('Ctrl Pts',(11.1539119521931,9.75484106691011,-290.869368671787));
#2589=CARTESIAN_POINT('Ctrl Pts',(11.1539119521931,8.62982002895606,-295.602592116179));
#2590=CARTESIAN_POINT('Ctrl Pts',(11.1539119521931,7.51373688482547,-300.298211776142));
#2591=CARTESIAN_POINT('Ctrl Pts',(11.1539119521931,6.50946304902215,-304.361067050729));
#2592=CARTESIAN_POINT('Ctrl Pts',(11.1539119521931,5.58297307987619,-307.971376619013));
#2593=CARTESIAN_POINT('Ctrl Pts',(11.1539119521931,4.65654114164936,-311.581460054697));
#2594=CARTESIAN_POINT('Ctrl Pts',(11.1539119521931,3.80790893342487,-314.738909905786));
#2595=CARTESIAN_POINT('Ctrl Pts',(11.1539119521931,2.88072517874953,-318.129643587526));
#2596=CARTESIAN_POINT('Ctrl Pts',(11.1539119521931,2.02886713269593,-321.244909309389));
#2597=CARTESIAN_POINT('Ctrl Pts',(11.1539119521931,1.11071506263525,-324.557122940881));
#2598=CARTESIAN_POINT('Ctrl Pts',(11.1539119521931,-0.0912521656193313,
-328.995136793503));
#2599=CARTESIAN_POINT('',(11.1539119521932,-2.44220890171229,-328.995136793502));
#2600=CARTESIAN_POINT('',(11.1539119521931,-2.44220890171229,-87.7893091019388));
#2601=CARTESIAN_POINT('',(11.1539119521932,-1.22110445085614,-328.995136793503));
#2602=CARTESIAN_POINT('Origin',(24.1539119521932,-2.44220890171229,-199.408468680786));
#2603=CARTESIAN_POINT('',(24.1539119521932,-0.0912521656189255,-328.995136793501));
#2604=CARTESIAN_POINT('Ctrl Pts',(24.1539119521932,-0.0912521656193313,
-328.995136793503));
#2605=CARTESIAN_POINT('Ctrl Pts',(24.1539119521932,1.11071506263525,-324.557122940881));
#2606=CARTESIAN_POINT('Ctrl Pts',(24.1539119521932,2.02886713269593,-321.244909309389));
#2607=CARTESIAN_POINT('Ctrl Pts',(24.1539119521932,2.88072517874953,-318.129643587526));
#2608=CARTESIAN_POINT('Ctrl Pts',(24.1539119521932,3.80790893342487,-314.738909905786));
#2609=CARTESIAN_POINT('Ctrl Pts',(24.1539119521932,4.65654114164936,-311.581460054697));
#2610=CARTESIAN_POINT('Ctrl Pts',(24.1539119521932,5.58297307987619,-307.971376619013));
#2611=CARTESIAN_POINT('Ctrl Pts',(24.1539119521932,6.50946304902215,-304.361067050729));
#2612=CARTESIAN_POINT('Ctrl Pts',(24.1539119521932,7.51373688482547,-300.298211776142));
#2613=CARTESIAN_POINT('Ctrl Pts',(24.1539119521932,8.62982002895606,-295.602592116179));
#2614=CARTESIAN_POINT('Ctrl Pts',(24.1539119521932,9.75484106691012,-290.869368671787));
#2615=CARTESIAN_POINT('Ctrl Pts',(24.1539119521932,10.9936681402808,-285.492405494434));
#2616=CARTESIAN_POINT('Ctrl Pts',(24.1539119521932,12.2548415072165,-279.808573859771));
#2617=CARTESIAN_POINT('Ctrl Pts',(24.1539119521932,13.5479408687029,-273.98085877295));
#2618=CARTESIAN_POINT('Ctrl Pts',(24.1539119521932,14.8421703685512,-267.917813651268));
#2619=CARTESIAN_POINT('Ctrl Pts',(24.1539119521932,16.0283979003451,-262.054203507743));
#2620=CARTESIAN_POINT('Ctrl Pts',(24.1539119521932,17.2338104258696,-256.095760525817));
#2621=CARTESIAN_POINT('Ctrl Pts',(24.1539119521932,18.3275502246086,-250.343843467286));
#2622=CARTESIAN_POINT('Ctrl Pts',(24.1539119521932,19.3394881304497,-244.722787710351));
#2623=CARTESIAN_POINT('Ctrl Pts',(24.1539119521932,20.6698479366964,-237.332979892567));
#2624=CARTESIAN_POINT('Ctrl Pts',(24.1539119521932,21.8920075080921,-230.063089379443));
#2625=CARTESIAN_POINT('Ctrl Pts',(24.1539119521932,23.0732227776756,-222.614101057919));
#2626=CARTESIAN_POINT('Ctrl Pts',(24.1539119521932,24.2795737084454,-215.006602047067));
#2627=CARTESIAN_POINT('Ctrl Pts',(24.1539119521932,25.4236540734307,-207.222714282141));
#2628=CARTESIAN_POINT('Ctrl Pts',(24.1539119521932,26.4482182886348,-199.408468680784));
#2629=CARTESIAN_POINT('',(24.1539119521932,-2.44220890171229,-328.995136793501));
#2630=CARTESIAN_POINT('',(24.1539119521932,-1.22110445085614,-328.995136793503));
#2631=CARTESIAN_POINT('',(24.1539119521931,-2.44220890171229,-97.4041037189268));
#2632=CARTESIAN_POINT('Origin',(125.846088047807,-2.44220890171229,-328.995136793501));
#2633=CARTESIAN_POINT('',(125.846088047807,-0.0912521656188944,-328.995136793501));
#2634=CARTESIAN_POINT('Ctrl Pts',(125.846088047807,26.4482182886346,-199.408468680785));
#2635=CARTESIAN_POINT('Ctrl Pts',(125.846088047807,25.4236540734306,-207.222714282142));
#2636=CARTESIAN_POINT('Ctrl Pts',(125.846088047807,24.2795737084454,-215.006602047067));
#2637=CARTESIAN_POINT('Ctrl Pts',(125.846088047807,23.0732227776756,-222.614101057919));
#2638=CARTESIAN_POINT('Ctrl Pts',(125.846088047807,21.8920075080921,-230.063089379444));
#2639=CARTESIAN_POINT('Ctrl Pts',(125.846088047807,20.6698479366964,-237.332979892567));
#2640=CARTESIAN_POINT('Ctrl Pts',(125.846088047807,19.3394881304497,-244.722787710351));
#2641=CARTESIAN_POINT('Ctrl Pts',(125.846088047807,18.3275502246086,-250.343843467286));
#2642=CARTESIAN_POINT('Ctrl Pts',(125.846088047807,17.2338104258696,-256.095760525817));
#2643=CARTESIAN_POINT('Ctrl Pts',(125.846088047807,16.0283979003451,-262.054203507743));
#2644=CARTESIAN_POINT('Ctrl Pts',(125.846088047807,14.8421703685512,-267.917813651268));
#2645=CARTESIAN_POINT('Ctrl Pts',(125.846088047807,13.5479408687029,-273.98085877295));
#2646=CARTESIAN_POINT('Ctrl Pts',(125.846088047807,12.2548415072165,-279.808573859771));
#2647=CARTESIAN_POINT('Ctrl Pts',(125.846088047807,10.9936681402808,-285.492405494434));
#2648=CARTESIAN_POINT('Ctrl Pts',(125.846088047807,9.75484106691012,-290.869368671787));
#2649=CARTESIAN_POINT('Ctrl Pts',(125.846088047807,8.62982002895606,-295.602592116179));
#2650=CARTESIAN_POINT('Ctrl Pts',(125.846088047807,7.51373688482547,-300.298211776142));
#2651=CARTESIAN_POINT('Ctrl Pts',(125.846088047807,6.50946304902215,-304.361067050729));
#2652=CARTESIAN_POINT('Ctrl Pts',(125.846088047807,5.58297307987619,-307.971376619013));
#2653=CARTESIAN_POINT('Ctrl Pts',(125.846088047807,4.65654114164936,-311.581460054697));
#2654=CARTESIAN_POINT('Ctrl Pts',(125.846088047807,3.80790893342487,-314.738909905786));
#2655=CARTESIAN_POINT('Ctrl Pts',(125.846088047807,2.88072517874953,-318.129643587526));
#2656=CARTESIAN_POINT('Ctrl Pts',(125.846088047807,2.02886713269593,-321.244909309389));
#2657=CARTESIAN_POINT('Ctrl Pts',(125.846088047807,1.11071506263525,-324.557122940881));
#2658=CARTESIAN_POINT('Ctrl Pts',(125.846088047807,-0.0912521656193313,
-328.995136793503));
#2659=CARTESIAN_POINT('',(125.846088047807,-2.44220890171229,-328.995136793501));
#2660=CARTESIAN_POINT('',(125.846088047807,-2.44220890171229,-87.7893091019389));
#2661=CARTESIAN_POINT('',(125.846088047807,-1.22110445085614,-328.995136793503));
#2662=CARTESIAN_POINT('Origin',(138.846088047807,-2.44220890171229,-199.408468680786));
#2663=CARTESIAN_POINT('',(138.846088047807,-0.0912521656190921,-328.995136793502));
#2664=CARTESIAN_POINT('Ctrl Pts',(138.846088047807,-0.0912521656193313,
-328.995136793503));
#2665=CARTESIAN_POINT('Ctrl Pts',(138.846088047807,1.11071506263525,-324.557122940881));
#2666=CARTESIAN_POINT('Ctrl Pts',(138.846088047807,2.02886713269593,-321.244909309389));
#2667=CARTESIAN_POINT('Ctrl Pts',(138.846088047807,2.88072517874953,-318.129643587526));
#2668=CARTESIAN_POINT('Ctrl Pts',(138.846088047807,3.80790893342487,-314.738909905786));
#2669=CARTESIAN_POINT('Ctrl Pts',(138.846088047807,4.65654114164936,-311.581460054697));
#2670=CARTESIAN_POINT('Ctrl Pts',(138.846088047807,5.58297307987619,-307.971376619013));
#2671=CARTESIAN_POINT('Ctrl Pts',(138.846088047807,6.50946304902215,-304.361067050729));
#2672=CARTESIAN_POINT('Ctrl Pts',(138.846088047807,7.51373688482547,-300.298211776142));
#2673=CARTESIAN_POINT('Ctrl Pts',(138.846088047807,8.62982002895606,-295.602592116179));
#2674=CARTESIAN_POINT('Ctrl Pts',(138.846088047807,9.75484106691011,-290.869368671787));
#2675=CARTESIAN_POINT('Ctrl Pts',(138.846088047807,10.9936681402808,-285.492405494434));
#2676=CARTESIAN_POINT('Ctrl Pts',(138.846088047807,12.2548415072165,-279.808573859771));
#2677=CARTESIAN_POINT('Ctrl Pts',(138.846088047807,13.5479408687029,-273.98085877295));
#2678=CARTESIAN_POINT('Ctrl Pts',(138.846088047807,14.8421703685512,-267.917813651268));
#2679=CARTESIAN_POINT('Ctrl Pts',(138.846088047807,16.0283979003451,-262.054203507743));
#2680=CARTESIAN_POINT('Ctrl Pts',(138.846088047807,17.2338104258696,-256.095760525817));
#2681=CARTESIAN_POINT('Ctrl Pts',(138.846088047807,18.3275502246086,-250.343843467286));
#2682=CARTESIAN_POINT('Ctrl Pts',(138.846088047807,19.3394881304497,-244.722787710351));
#2683=CARTESIAN_POINT('Ctrl Pts',(138.846088047807,20.6698479366964,-237.332979892567));
#2684=CARTESIAN_POINT('Ctrl Pts',(138.846088047807,21.8920075080921,-230.063089379443));
#2685=CARTESIAN_POINT('Ctrl Pts',(138.846088047807,23.0732227776756,-222.614101057919));
#2686=CARTESIAN_POINT('Ctrl Pts',(138.846088047807,24.2795737084454,-215.006602047067));
#2687=CARTESIAN_POINT('Ctrl Pts',(138.846088047807,25.4236540734307,-207.222714282141));
#2688=CARTESIAN_POINT('Ctrl Pts',(138.846088047807,26.4482182886348,-199.408468680784));
#2689=CARTESIAN_POINT('',(138.846088047807,-2.44220890171229,-328.995136793502));
#2690=CARTESIAN_POINT('',(138.846088047807,-1.22110445085614,-328.995136793503));
#2691=CARTESIAN_POINT('',(138.846088047807,-2.44220890171229,-97.4041037189268));
#2692=CARTESIAN_POINT('Ctrl Pts',(0.,-0.404960139186272,-330.15521369278));
#2693=CARTESIAN_POINT('Ctrl Pts',(150.,-0.404960139186272,-330.15521369278));
#2694=CARTESIAN_POINT('Ctrl Pts',(0.,0.953697117559003,-325.123255061039));
#2695=CARTESIAN_POINT('Ctrl Pts',(150.,0.953697117559003,-325.123255061039));
#2696=CARTESIAN_POINT('Ctrl Pts',(0.,1.95625028183994,-321.510470910114));
#2697=CARTESIAN_POINT('Ctrl Pts',(150.,1.95625028183994,-321.510470910114));
#2698=CARTESIAN_POINT('Ctrl Pts',(0.,2.88072517874953,-318.129643587526));
#2699=CARTESIAN_POINT('Ctrl Pts',(150.,2.88072517874953,-318.129643587526));
#2700=CARTESIAN_POINT('Ctrl Pts',(0.,3.80790893342487,-314.738909905786));
#2701=CARTESIAN_POINT('Ctrl Pts',(150.,3.80790893342487,-314.738909905786));
#2702=CARTESIAN_POINT('Ctrl Pts',(0.,4.65654114164936,-311.581460054697));
#2703=CARTESIAN_POINT('Ctrl Pts',(150.,4.65654114164936,-311.581460054697));
#2704=CARTESIAN_POINT('Ctrl Pts',(0.,5.58297307987619,-307.971376619013));
#2705=CARTESIAN_POINT('Ctrl Pts',(150.,5.58297307987619,-307.971376619013));
#2706=CARTESIAN_POINT('Ctrl Pts',(0.,6.50946304902215,-304.361067050729));
#2707=CARTESIAN_POINT('Ctrl Pts',(150.,6.50946304902215,-304.361067050729));
#2708=CARTESIAN_POINT('Ctrl Pts',(0.,7.51373688482547,-300.298211776142));
#2709=CARTESIAN_POINT('Ctrl Pts',(150.,7.51373688482547,-300.298211776142));
#2710=CARTESIAN_POINT('Ctrl Pts',(0.,8.62982002895606,-295.602592116179));
#2711=CARTESIAN_POINT('Ctrl Pts',(150.,8.62982002895606,-295.602592116179));
#2712=CARTESIAN_POINT('Ctrl Pts',(0.,9.75484106691011,-290.869368671787));
#2713=CARTESIAN_POINT('Ctrl Pts',(150.,9.75484106691011,-290.869368671787));
#2714=CARTESIAN_POINT('Ctrl Pts',(0.,10.9936681402808,-285.492405494434));
#2715=CARTESIAN_POINT('Ctrl Pts',(150.,10.9936681402808,-285.492405494434));
#2716=CARTESIAN_POINT('Ctrl Pts',(0.,12.2548415072165,-279.808573859771));
#2717=CARTESIAN_POINT('Ctrl Pts',(150.,12.2548415072165,-279.808573859771));
#2718=CARTESIAN_POINT('Ctrl Pts',(0.,13.5479408687029,-273.98085877295));
#2719=CARTESIAN_POINT('Ctrl Pts',(150.,13.5479408687029,-273.98085877295));
#2720=CARTESIAN_POINT('Ctrl Pts',(0.,14.8421703685512,-267.917813651268));
#2721=CARTESIAN_POINT('Ctrl Pts',(150.,14.8421703685512,-267.917813651268));
#2722=CARTESIAN_POINT('Ctrl Pts',(0.,16.0283979003451,-262.054203507743));
#2723=CARTESIAN_POINT('Ctrl Pts',(150.,16.0283979003451,-262.054203507743));
#2724=CARTESIAN_POINT('Ctrl Pts',(0.,17.2338104258696,-256.095760525817));
#2725=CARTESIAN_POINT('Ctrl Pts',(150.,17.2338104258696,-256.095760525817));
#2726=CARTESIAN_POINT('Ctrl Pts',(0.,18.3275502246086,-250.343843467286));
#2727=CARTESIAN_POINT('Ctrl Pts',(150.,18.3275502246086,-250.343843467286));
#2728=CARTESIAN_POINT('Ctrl Pts',(0.,19.3394881304497,-244.722787710351));
#2729=CARTESIAN_POINT('Ctrl Pts',(150.,19.3394881304497,-244.722787710351));
#2730=CARTESIAN_POINT('Ctrl Pts',(0.,20.6698479366964,-237.332979892567));
#2731=CARTESIAN_POINT('Ctrl Pts',(150.,20.6698479366964,-237.332979892567));
#2732=CARTESIAN_POINT('Ctrl Pts',(0.,21.8920075080921,-230.063089379443));
#2733=CARTESIAN_POINT('Ctrl Pts',(150.,21.8920075080921,-230.063089379443));
#2734=CARTESIAN_POINT('Ctrl Pts',(0.,23.0732227776756,-222.614101057919));
#2735=CARTESIAN_POINT('Ctrl Pts',(150.,23.0732227776756,-222.614101057919));
#2736=CARTESIAN_POINT('Ctrl Pts',(0.,24.6539501374955,-212.645706688145));
#2737=CARTESIAN_POINT('Ctrl Pts',(150.,24.6539501374955,-212.645706688145));
#2738=CARTESIAN_POINT('Ctrl Pts',(0.,26.1277598422896,-202.374455395187));
#2739=CARTESIAN_POINT('Ctrl Pts',(150.,26.1277598422896,-202.374455395187));
#2740=CARTESIAN_POINT('Ctrl Pts',(0.,27.3658589956211,-192.128892082238));
#2741=CARTESIAN_POINT('Ctrl Pts',(150.,27.3658589956211,-192.128892082238));
#2742=CARTESIAN_POINT('Ctrl Pts',(0.,28.2425295568923,-184.874235849007));
#2743=CARTESIAN_POINT('Ctrl Pts',(150.,28.2425295568923,-184.874235849007));
#2744=CARTESIAN_POINT('Ctrl Pts',(0.,29.0102442238729,-177.661473510213));
#2745=CARTESIAN_POINT('Ctrl Pts',(150.,29.0102442238729,-177.661473510213));
#2746=CARTESIAN_POINT('Ctrl Pts',(0.,29.6986064329272,-170.629959876851));
#2747=CARTESIAN_POINT('Ctrl Pts',(150.,29.6986064329272,-170.629959876851));
#2748=CARTESIAN_POINT('Ctrl Pts',(0.,30.3697896043765,-163.773927458946));
#2749=CARTESIAN_POINT('Ctrl Pts',(150.,30.3697896043765,-163.773927458946));
#2750=CARTESIAN_POINT('Ctrl Pts',(0.,30.9693432629178,-157.103092325658));
#2751=CARTESIAN_POINT('Ctrl Pts',(150.,30.9693432629178,-157.103092325658));
#2752=CARTESIAN_POINT('Ctrl Pts',(0.,31.4539018654625,-150.233802136994));
#2753=CARTESIAN_POINT('Ctrl Pts',(150.,31.4539018654625,-150.233802136994));
#2754=CARTESIAN_POINT('Ctrl Pts',(0.,31.8153944460103,-145.109143481047));
#2755=CARTESIAN_POINT('Ctrl Pts',(150.,31.8153944460103,-145.109143481047));
#2756=CARTESIAN_POINT('Ctrl Pts',(0.,32.1062512253518,-139.805754737683));
#2757=CARTESIAN_POINT('Ctrl Pts',(150.,32.1062512253518,-139.805754737683));
#2758=CARTESIAN_POINT('Ctrl Pts',(0.,32.3035897291345,-134.267115566282));
#2759=CARTESIAN_POINT('Ctrl Pts',(150.,32.3035897291345,-134.267115566282));
#2760=CARTESIAN_POINT('Ctrl Pts',(0.,32.5007380147604,-128.733815189364));
#2761=CARTESIAN_POINT('Ctrl Pts',(150.,32.5007380147604,-128.733815189364));
#2762=CARTESIAN_POINT('Ctrl Pts',(0.,32.6045825349964,-122.965617904796));
#2763=CARTESIAN_POINT('Ctrl Pts',(150.,32.6045825349964,-122.965617904796));
#2764=CARTESIAN_POINT('Ctrl Pts',(0.,32.6262182109089,-117.429981371338));
#2765=CARTESIAN_POINT('Ctrl Pts',(150.,32.6262182109089,-117.429981371338));
#2766=CARTESIAN_POINT('Ctrl Pts',(0.,32.6455054114645,-112.495218415096));
#2767=CARTESIAN_POINT('Ctrl Pts',(150.,32.6455054114645,-112.495218415096));
#2768=CARTESIAN_POINT('Ctrl Pts',(0.,32.6029628172987,-107.823227911878));
#2769=CARTESIAN_POINT('Ctrl Pts',(150.,32.6029628172987,-107.823227911878));
#2770=CARTESIAN_POINT('Ctrl Pts',(0.,32.5117507529529,-103.694383956806));
#2771=CARTESIAN_POINT('Ctrl Pts',(150.,32.5117507529529,-103.694383956806));
#2772=CARTESIAN_POINT('Ctrl Pts',(0.,32.4627419185063,-101.475929289616));
#2773=CARTESIAN_POINT('Ctrl Pts',(150.,32.4627419185063,-101.475929289616));
#2774=CARTESIAN_POINT('Ctrl Pts',(0.,32.3996803237066,-99.4144195831996));
#2775=CARTESIAN_POINT('Ctrl Pts',(150.,32.3996803237066,-99.4144195831996));
#2776=CARTESIAN_POINT('Ctrl Pts',(0.,32.3222198750705,-97.4721745035797));
#2777=CARTESIAN_POINT('Ctrl Pts',(150.,32.3222198750705,-97.4721745035797));
#2778=CARTESIAN_POINT('',(0.,-0.0912521656193161,-328.995136793503));
#2779=CARTESIAN_POINT('Ctrl Pts',(11.1539119521932,-0.0912521656193313,
-328.995136793503));
#2780=CARTESIAN_POINT('Ctrl Pts',(7.43594130146214,-0.0912521656193313,
-328.995136793503));
#2781=CARTESIAN_POINT('Ctrl Pts',(3.71797065073107,-0.0912521656193313,
-328.995136793503));
#2782=CARTESIAN_POINT('Ctrl Pts',(0.,-0.0912521656193313,-328.995136793503));
#2783=CARTESIAN_POINT('',(0.,32.3222198750701,-97.4721745035797));
#2784=CARTESIAN_POINT('Ctrl Pts',(0.,-0.0912521656187908,-328.995136793501));
#2785=CARTESIAN_POINT('Ctrl Pts',(0.,1.11071506263552,-324.55712294088));
#2786=CARTESIAN_POINT('Ctrl Pts',(0.,2.02886713269606,-321.244909309388));
#2787=CARTESIAN_POINT('Ctrl Pts',(0.,2.88072517874953,-318.129643587526));
#2788=CARTESIAN_POINT('Ctrl Pts',(0.,3.80790893342487,-314.738909905786));
#2789=CARTESIAN_POINT('Ctrl Pts',(0.,4.65654114164936,-311.581460054697));
#2790=CARTESIAN_POINT('Ctrl Pts',(0.,5.58297307987619,-307.971376619013));
#2791=CARTESIAN_POINT('Ctrl Pts',(0.,6.50946304902215,-304.361067050729));
#2792=CARTESIAN_POINT('Ctrl Pts',(0.,7.51373688482547,-300.298211776142));
#2793=CARTESIAN_POINT('Ctrl Pts',(0.,8.62982002895606,-295.602592116179));
#2794=CARTESIAN_POINT('Ctrl Pts',(0.,9.75484106691011,-290.869368671787));
#2795=CARTESIAN_POINT('Ctrl Pts',(0.,10.9936681402808,-285.492405494434));
#2796=CARTESIAN_POINT('Ctrl Pts',(0.,12.2548415072165,-279.808573859771));
#2797=CARTESIAN_POINT('Ctrl Pts',(0.,13.5479408687029,-273.98085877295));
#2798=CARTESIAN_POINT('Ctrl Pts',(0.,14.8421703685512,-267.917813651268));
#2799=CARTESIAN_POINT('Ctrl Pts',(0.,16.0283979003451,-262.054203507743));
#2800=CARTESIAN_POINT('Ctrl Pts',(0.,17.2338104258696,-256.095760525817));
#2801=CARTESIAN_POINT('Ctrl Pts',(0.,18.3275502246086,-250.343843467286));
#2802=CARTESIAN_POINT('Ctrl Pts',(0.,19.3394881304497,-244.722787710351));
#2803=CARTESIAN_POINT('Ctrl Pts',(0.,20.6698479366964,-237.332979892567));
#2804=CARTESIAN_POINT('Ctrl Pts',(0.,21.8920075080921,-230.063089379443));
#2805=CARTESIAN_POINT('Ctrl Pts',(0.,23.0732227776756,-222.614101057919));
#2806=CARTESIAN_POINT('Ctrl Pts',(0.,24.6539501374955,-212.645706688145));
#2807=CARTESIAN_POINT('Ctrl Pts',(0.,26.1277598422896,-202.374455395187));
#2808=CARTESIAN_POINT('Ctrl Pts',(0.,27.3658589956211,-192.128892082238));
#2809=CARTESIAN_POINT('Ctrl Pts',(0.,28.2425295568923,-184.874235849007));
#2810=CARTESIAN_POINT('Ctrl Pts',(0.,29.0102442238729,-177.661473510213));
#2811=CARTESIAN_POINT('Ctrl Pts',(0.,29.6986064329272,-170.629959876851));
#2812=CARTESIAN_POINT('Ctrl Pts',(0.,30.3697896043765,-163.773927458946));
#2813=CARTESIAN_POINT('Ctrl Pts',(0.,30.9693432629178,-157.103092325658));
#2814=CARTESIAN_POINT('Ctrl Pts',(0.,31.4539018654625,-150.233802136994));
#2815=CARTESIAN_POINT('Ctrl Pts',(0.,31.8153944460103,-145.109143481047));
#2816=CARTESIAN_POINT('Ctrl Pts',(0.,32.1062512253518,-139.805754737683));
#2817=CARTESIAN_POINT('Ctrl Pts',(0.,32.3035897291345,-134.267115566282));
#2818=CARTESIAN_POINT('Ctrl Pts',(0.,32.5007380147604,-128.733815189364));
#2819=CARTESIAN_POINT('Ctrl Pts',(0.,32.6045825349964,-122.965617904796));
#2820=CARTESIAN_POINT('Ctrl Pts',(0.,32.6262182109089,-117.429981371338));
#2821=CARTESIAN_POINT('Ctrl Pts',(0.,32.6455054114645,-112.495218415096));
#2822=CARTESIAN_POINT('Ctrl Pts',(0.,32.6029628172987,-107.823227911878));
#2823=CARTESIAN_POINT('Ctrl Pts',(0.,32.5117507529529,-103.694383956806));
#2824=CARTESIAN_POINT('Ctrl Pts',(0.,32.4627419185063,-101.475929289616));
#2825=CARTESIAN_POINT('Ctrl Pts',(0.,32.3996803237066,-99.4144195831996));
#2826=CARTESIAN_POINT('Ctrl Pts',(0.,32.3222198750705,-97.4721745035797));
#2827=CARTESIAN_POINT('',(150.,32.3222198750701,-97.4721745035797));
#2828=CARTESIAN_POINT('',(0.,32.3222198750701,-97.4721745035797));
#2829=CARTESIAN_POINT('',(150.,-0.0912521656193093,-328.995136793503));
#2830=CARTESIAN_POINT('Ctrl Pts',(150.,-0.0912521656187903,-328.995136793501));
#2831=CARTESIAN_POINT('Ctrl Pts',(150.,1.11071506263552,-324.55712294088));
#2832=CARTESIAN_POINT('Ctrl Pts',(150.,2.02886713269606,-321.244909309388));
#2833=CARTESIAN_POINT('Ctrl Pts',(150.,2.88072517874953,-318.129643587526));
#2834=CARTESIAN_POINT('Ctrl Pts',(150.,3.80790893342487,-314.738909905786));
#2835=CARTESIAN_POINT('Ctrl Pts',(150.,4.65654114164936,-311.581460054697));
#2836=CARTESIAN_POINT('Ctrl Pts',(150.,5.58297307987619,-307.971376619013));
#2837=CARTESIAN_POINT('Ctrl Pts',(150.,6.50946304902215,-304.361067050729));
#2838=CARTESIAN_POINT('Ctrl Pts',(150.,7.51373688482547,-300.298211776142));
#2839=CARTESIAN_POINT('Ctrl Pts',(150.,8.62982002895606,-295.602592116179));
#2840=CARTESIAN_POINT('Ctrl Pts',(150.,9.75484106691011,-290.869368671787));
#2841=CARTESIAN_POINT('Ctrl Pts',(150.,10.9936681402808,-285.492405494434));
#2842=CARTESIAN_POINT('Ctrl Pts',(150.,12.2548415072165,-279.808573859771));
#2843=CARTESIAN_POINT('Ctrl Pts',(150.,13.5479408687029,-273.98085877295));
#2844=CARTESIAN_POINT('Ctrl Pts',(150.,14.8421703685512,-267.917813651268));
#2845=CARTESIAN_POINT('Ctrl Pts',(150.,16.0283979003451,-262.054203507743));
#2846=CARTESIAN_POINT('Ctrl Pts',(150.,17.2338104258696,-256.095760525817));
#2847=CARTESIAN_POINT('Ctrl Pts',(150.,18.3275502246086,-250.343843467286));
#2848=CARTESIAN_POINT('Ctrl Pts',(150.,19.3394881304497,-244.722787710351));
#2849=CARTESIAN_POINT('Ctrl Pts',(150.,20.6698479366964,-237.332979892567));
#2850=CARTESIAN_POINT('Ctrl Pts',(150.,21.8920075080921,-230.063089379443));
#2851=CARTESIAN_POINT('Ctrl Pts',(150.,23.0732227776756,-222.614101057919));
#2852=CARTESIAN_POINT('Ctrl Pts',(150.,24.6539501374955,-212.645706688145));
#2853=CARTESIAN_POINT('Ctrl Pts',(150.,26.1277598422896,-202.374455395187));
#2854=CARTESIAN_POINT('Ctrl Pts',(150.,27.3658589956211,-192.128892082238));
#2855=CARTESIAN_POINT('Ctrl Pts',(150.,28.2425295568923,-184.874235849007));
#2856=CARTESIAN_POINT('Ctrl Pts',(150.,29.0102442238729,-177.661473510213));
#2857=CARTESIAN_POINT('Ctrl Pts',(150.,29.6986064329272,-170.629959876851));
#2858=CARTESIAN_POINT('Ctrl Pts',(150.,30.3697896043765,-163.773927458946));
#2859=CARTESIAN_POINT('Ctrl Pts',(150.,30.9693432629178,-157.103092325658));
#2860=CARTESIAN_POINT('Ctrl Pts',(150.,31.4539018654625,-150.233802136994));
#2861=CARTESIAN_POINT('Ctrl Pts',(150.,31.8153944460103,-145.109143481047));
#2862=CARTESIAN_POINT('Ctrl Pts',(150.,32.1062512253518,-139.805754737683));
#2863=CARTESIAN_POINT('Ctrl Pts',(150.,32.3035897291345,-134.267115566282));
#2864=CARTESIAN_POINT('Ctrl Pts',(150.,32.5007380147604,-128.733815189364));
#2865=CARTESIAN_POINT('Ctrl Pts',(150.,32.6045825349964,-122.965617904796));
#2866=CARTESIAN_POINT('Ctrl Pts',(150.,32.6262182109089,-117.429981371338));
#2867=CARTESIAN_POINT('Ctrl Pts',(150.,32.6455054114645,-112.495218415096));
#2868=CARTESIAN_POINT('Ctrl Pts',(150.,32.6029628172987,-107.823227911878));
#2869=CARTESIAN_POINT('Ctrl Pts',(150.,32.5117507529529,-103.694383956806));
#2870=CARTESIAN_POINT('Ctrl Pts',(150.,32.4627419185063,-101.475929289616));
#2871=CARTESIAN_POINT('Ctrl Pts',(150.,32.3996803237066,-99.4144195831996));
#2872=CARTESIAN_POINT('Ctrl Pts',(150.,32.3222198750705,-97.4721745035797));
#2873=CARTESIAN_POINT('Ctrl Pts',(150.,-0.0912521656193313,-328.995136793503));
#2874=CARTESIAN_POINT('Ctrl Pts',(146.282029349269,-0.0912521656193313,
-328.995136793503));
#2875=CARTESIAN_POINT('Ctrl Pts',(142.564058698538,-0.0912521656193313,
-328.995136793503));
#2876=CARTESIAN_POINT('Ctrl Pts',(138.846088047807,-0.0912521656193313,
-328.995136793503));
#2877=CARTESIAN_POINT('Ctrl Pts',(125.846088047807,-0.0912521656193313,
-328.995136793503));
#2878=CARTESIAN_POINT('Ctrl Pts',(108.897392031871,-0.0912521656193313,
-328.995136793503));
#2879=CARTESIAN_POINT('Ctrl Pts',(91.9486960159356,-0.0912521656193313,
-328.995136793503));
#2880=CARTESIAN_POINT('Ctrl Pts',(58.0513039840644,-0.0912521656193313,
-328.995136793503));
#2881=CARTESIAN_POINT('Ctrl Pts',(41.1026079681288,-0.0912521656193313,
-328.995136793503));
#2882=CARTESIAN_POINT('Ctrl Pts',(24.1539119521932,-0.0912521656193313,
-328.995136793503));
#2883=CARTESIAN_POINT('Origin',(0.,0.,-328.995136793503));
#2884=CARTESIAN_POINT('',(150.,-2.44220890171229,-328.995136793503));
#2885=CARTESIAN_POINT('',(150.,7.55082412743771,-328.995136793503));
#2886=CARTESIAN_POINT('',(0.,-2.44220890171229,-328.995136793503));
#2887=CARTESIAN_POINT('Origin',(0.,0.,-328.995136793503));
#2888=CARTESIAN_POINT('',(0.,-2.44220890171229,-328.995136793503));
#2889=CARTESIAN_POINT('',(0.,-2.44220890171229,-328.995136793503));
#2890=CARTESIAN_POINT('',(0.,7.55082412743771,-328.995136793503));
#2891=CARTESIAN_POINT('Origin',(0.,-2.44220890171229,4.60026124293282));
#2892=CARTESIAN_POINT('',(0.,-2.44220890171229,-328.995136793503));
#2893=CARTESIAN_POINT('',(150.,-2.44220890171229,4.60026124293282));
#2894=CARTESIAN_POINT('',(150.,-2.44220890171229,4.60026124293282));
#2895=CARTESIAN_POINT('',(0.,-2.44220890171229,4.60026124293282));
#2896=CARTESIAN_POINT('',(0.,-2.44220890171229,4.60026124293282));
#2897=CARTESIAN_POINT('',(0.,-2.44220890171229,4.60026124293282));
#2898=CARTESIAN_POINT('',(105.25,-2.44220890171229,-98.1079283934797));
#2899=CARTESIAN_POINT('',(105.25,-2.44220890171229,-230.30027577441));
#2900=CARTESIAN_POINT('',(105.25,-2.44220890171229,-82.0038335752734));
#2901=CARTESIAN_POINT('',(85.125,-2.44220890171229,-230.30027577441));
#2902=CARTESIAN_POINT('',(52.625,-2.44220890171229,-230.30027577441));
#2903=CARTESIAN_POINT('',(85.125,-2.44220890171229,-229.771765974127));
#2904=CARTESIAN_POINT('',(85.125,-2.44220890171229,-112.850007265738));
#2905=CARTESIAN_POINT('',(64.875,-2.44220890171229,-229.771765974127));
#2906=CARTESIAN_POINT('',(42.5625000000002,-2.44220890171229,-229.771765974127));
#2907=CARTESIAN_POINT('',(64.875,-2.44220890171229,-230.30027577441));
#2908=CARTESIAN_POINT('',(64.875,-2.44220890171229,-112.585752365597));
#2909=CARTESIAN_POINT('',(44.7499999999999,-2.44220890171229,-230.30027577441));
#2910=CARTESIAN_POINT('',(32.4375,-2.44220890171229,-230.30027577441));
#2911=CARTESIAN_POINT('',(44.7499999999999,-2.44220890171229,-98.1079283934797));
#2912=CARTESIAN_POINT('',(44.7499999999999,-2.44220890171229,-112.850007265738));
#2913=CARTESIAN_POINT('',(22.375,-2.44220890171229,-98.1079283934797));
#2914=CARTESIAN_POINT('Origin',(0.,21.849892549677,-118.221110045992));
#2915=CARTESIAN_POINT('',(44.7499999999999,1.61450093360813,-117.073702475084));
#2916=CARTESIAN_POINT('',(44.7499999999999,21.849892549677,-118.221110045992));
#2917=CARTESIAN_POINT('',(44.7499999999999,11.1667327314519,-117.615342750295));
#2918=CARTESIAN_POINT('',(0.,21.849892549677,-118.221110045992));
#2919=CARTESIAN_POINT('',(0.,21.849892549677,-118.221110045992));
#2920=CARTESIAN_POINT('',(0.,1.61450093360813,-117.073702475084));
#2921=CARTESIAN_POINT('',(0.,21.849892549677,-118.221110045992));
#2922=CARTESIAN_POINT('',(0.,1.61450093360813,-117.073702475084));
#2923=CARTESIAN_POINT('Origin',(0.,21.849892549677,-118.221110045992));
#2924=CARTESIAN_POINT('',(105.25,21.849892549677,-118.221110045992));
#2925=CARTESIAN_POINT('',(105.25,1.61450093360813,-117.073702475084));
#2926=CARTESIAN_POINT('',(105.25,9.1743576488951,-117.502369090225));
#2927=CARTESIAN_POINT('',(150.,1.61450093360813,-117.073702475084));
#2928=CARTESIAN_POINT('',(0.,1.61450093360813,-117.073702475084));
#2929=CARTESIAN_POINT('',(150.,21.849892549677,-118.221110045992));
#2930=CARTESIAN_POINT('',(150.,21.849892549677,-118.221110045992));
#2931=CARTESIAN_POINT('',(0.,21.849892549677,-118.221110045992));
#2932=CARTESIAN_POINT('Ctrl Pts',(5.,3.88416721304976,-42.1816833373076));
#2933=CARTESIAN_POINT('Ctrl Pts',(5.,3.85916721304976,-42.1816833373076));
#2934=CARTESIAN_POINT('Ctrl Pts',(5.,3.85916721304976,-42.1566833373076));
#2935=CARTESIAN_POINT('Ctrl Pts',(5.,3.85916721304976,-42.1316833373076));
#2936=CARTESIAN_POINT('Ctrl Pts',(5.,3.88416721304976,-42.1316833373076));
#2937=CARTESIAN_POINT('Ctrl Pts',(5.,3.90916721304976,-42.1316833373076));
#2938=CARTESIAN_POINT('Ctrl Pts',(5.,3.90916721304976,-42.1566833373076));
#2939=CARTESIAN_POINT('Ctrl Pts',(5.,3.90916721304976,-42.1816833373076));
#2940=CARTESIAN_POINT('Ctrl Pts',(5.,3.88416721304976,-42.1816833373076));
#2941=CARTESIAN_POINT('Ctrl Pts',(5.,3.88416721304976,-46.7816833373076));
#2942=CARTESIAN_POINT('Ctrl Pts',(5.,-0.740832786950242,-46.7816833373076));
#2943=CARTESIAN_POINT('Ctrl Pts',(5.,-0.740832786950243,-42.1566833373076));
#2944=CARTESIAN_POINT('Ctrl Pts',(5.,-0.740832786950242,-37.5316833373076));
#2945=CARTESIAN_POINT('Ctrl Pts',(5.,3.88416721304976,-37.5316833373076));
#2946=CARTESIAN_POINT('Ctrl Pts',(5.,8.50916721304976,-37.5316833373076));
#2947=CARTESIAN_POINT('Ctrl Pts',(5.,8.50916721304976,-42.1566833373076));
#2948=CARTESIAN_POINT('Ctrl Pts',(5.,8.50916721304976,-46.7816833373076));
#2949=CARTESIAN_POINT('Ctrl Pts',(5.,3.88416721304976,-46.7816833373076));
#2950=CARTESIAN_POINT('Ctrl Pts',(0.4,3.88416721304976,-46.7816833373076));
#2951=CARTESIAN_POINT('Ctrl Pts',(0.4,-0.740832786950242,-46.7816833373076));
#2952=CARTESIAN_POINT('Ctrl Pts',(0.4,-0.740832786950243,-42.1566833373076));
#2953=CARTESIAN_POINT('Ctrl Pts',(0.4,-0.740832786950242,-37.5316833373076));
#2954=CARTESIAN_POINT('Ctrl Pts',(0.4,3.88416721304976,-37.5316833373076));
#2955=CARTESIAN_POINT('Ctrl Pts',(0.4,8.50916721304976,-37.5316833373076));
#2956=CARTESIAN_POINT('Ctrl Pts',(0.4,8.50916721304976,-42.1566833373076));
#2957=CARTESIAN_POINT('Ctrl Pts',(0.4,8.50916721304976,-46.7816833373076));
#2958=CARTESIAN_POINT('Ctrl Pts',(0.4,3.88416721304976,-46.7816833373076));
#2959=CARTESIAN_POINT('',(0.4,3.88416721304976,-46.7816833373076));
#2960=CARTESIAN_POINT('',(0.4,3.88416721304976,-37.5316833373076));
#2961=CARTESIAN_POINT('Origin',(0.4,3.88416721304976,-42.1566833373076));
#2962=CARTESIAN_POINT('Origin',(0.4,3.88416721304976,-42.1566833373076));
#2963=CARTESIAN_POINT('',(5.,3.88416721304976,-42.1816833373076));
#2964=CARTESIAN_POINT('Origin',(0.4,3.88416721304976,-42.1816833373076));
#2965=CARTESIAN_POINT('Origin',(5.,3.88416721304976,-42.1566833373076));
#2966=CARTESIAN_POINT('Origin',(0.,3.88416721304976,-42.1566833373076));
#2967=CARTESIAN_POINT('',(0.,3.88416721304976,-37.5316833373076));
#2968=CARTESIAN_POINT('Origin',(0.,3.88416721304976,-42.1566833373076));
#2969=CARTESIAN_POINT('',(0.,3.88416721304976,-37.5316833373076));
#2970=CARTESIAN_POINT('Origin',(5.,3.88416721304976,-42.1566833373076));
#2971=CARTESIAN_POINT('Ctrl Pts',(5.,11.9421280595789,-139.725916340787));
#2972=CARTESIAN_POINT('Ctrl Pts',(5.,11.9171280595789,-139.725916340787));
#2973=CARTESIAN_POINT('Ctrl Pts',(5.,11.9171280595789,-139.700916340787));
#2974=CARTESIAN_POINT('Ctrl Pts',(5.,11.9171280595789,-139.675916340787));
#2975=CARTESIAN_POINT('Ctrl Pts',(5.,11.9421280595789,-139.675916340787));
#2976=CARTESIAN_POINT('Ctrl Pts',(5.,11.9671280595789,-139.675916340787));
#2977=CARTESIAN_POINT('Ctrl Pts',(5.,11.9671280595789,-139.700916340787));
#2978=CARTESIAN_POINT('Ctrl Pts',(5.,11.9671280595789,-139.725916340787));
#2979=CARTESIAN_POINT('Ctrl Pts',(5.,11.9421280595789,-139.725916340787));
#2980=CARTESIAN_POINT('Ctrl Pts',(5.,11.9421280595789,-144.325916340787));
#2981=CARTESIAN_POINT('Ctrl Pts',(5.,7.31712805957896,-144.325916340787));
#2982=CARTESIAN_POINT('Ctrl Pts',(5.,7.31712805957896,-139.700916340787));
#2983=CARTESIAN_POINT('Ctrl Pts',(5.,7.31712805957896,-135.075916340787));
#2984=CARTESIAN_POINT('Ctrl Pts',(5.,11.9421280595789,-135.075916340787));
#2985=CARTESIAN_POINT('Ctrl Pts',(5.,16.5671280595789,-135.075916340787));
#2986=CARTESIAN_POINT('Ctrl Pts',(5.,16.5671280595789,-139.700916340787));
#2987=CARTESIAN_POINT('Ctrl Pts',(5.,16.5671280595789,-144.325916340787));
#2988=CARTESIAN_POINT('Ctrl Pts',(5.,11.9421280595789,-144.325916340787));
#2989=CARTESIAN_POINT('Ctrl Pts',(0.4,11.9421280595789,-144.325916340787));
#2990=CARTESIAN_POINT('Ctrl Pts',(0.4,7.31712805957896,-144.325916340787));
#2991=CARTESIAN_POINT('Ctrl Pts',(0.4,7.31712805957896,-139.700916340787));
#2992=CARTESIAN_POINT('Ctrl Pts',(0.4,7.31712805957896,-135.075916340787));
#2993=CARTESIAN_POINT('Ctrl Pts',(0.4,11.9421280595789,-135.075916340787));
#2994=CARTESIAN_POINT('Ctrl Pts',(0.4,16.5671280595789,-135.075916340787));
#2995=CARTESIAN_POINT('Ctrl Pts',(0.4,16.5671280595789,-139.700916340787));
#2996=CARTESIAN_POINT('Ctrl Pts',(0.4,16.5671280595789,-144.325916340787));
#2997=CARTESIAN_POINT('Ctrl Pts',(0.4,11.9421280595789,-144.325916340787));
#2998=CARTESIAN_POINT('',(0.4,11.9421280595789,-144.325916340787));
#2999=CARTESIAN_POINT('',(0.4,11.9421280595789,-135.075916340787));
#3000=CARTESIAN_POINT('Origin',(0.4,11.9421280595789,-139.700916340787));
#3001=CARTESIAN_POINT('Origin',(0.4,11.9421280595789,-139.700916340787));
#3002=CARTESIAN_POINT('',(5.,11.9421280595789,-139.725916340787));
#3003=CARTESIAN_POINT('Origin',(0.4,11.9421280595789,-139.725916340787));
#3004=CARTESIAN_POINT('Origin',(5.,11.9421280595789,-139.700916340787));
#3005=CARTESIAN_POINT('Origin',(0.,11.9421280595789,-139.700916340787));
#3006=CARTESIAN_POINT('',(0.,11.9421280595789,-135.075916340787));
#3007=CARTESIAN_POINT('Origin',(0.,11.9421280595789,-139.700916340787));
#3008=CARTESIAN_POINT('',(0.,11.9421280595789,-135.075916340787));
#3009=CARTESIAN_POINT('Origin',(5.,11.9421280595789,-139.700916340787));
#3010=CARTESIAN_POINT('Ctrl Pts',(5.,5.10921355234471,-154.293060959978));
#3011=CARTESIAN_POINT('Ctrl Pts',(5.,5.08421355234471,-154.293060959978));
#3012=CARTESIAN_POINT('Ctrl Pts',(5.,5.08421355234471,-154.268060959978));
#3013=CARTESIAN_POINT('Ctrl Pts',(5.,5.08421355234471,-154.243060959978));
#3014=CARTESIAN_POINT('Ctrl Pts',(5.,5.10921355234471,-154.243060959978));
#3015=CARTESIAN_POINT('Ctrl Pts',(5.,5.1342135523447,-154.243060959978));
#3016=CARTESIAN_POINT('Ctrl Pts',(5.,5.1342135523447,-154.268060959978));
#3017=CARTESIAN_POINT('Ctrl Pts',(5.,5.1342135523447,-154.293060959978));
#3018=CARTESIAN_POINT('Ctrl Pts',(5.,5.10921355234471,-154.293060959978));
#3019=CARTESIAN_POINT('Ctrl Pts',(5.,5.10921355234471,-158.893060959978));
#3020=CARTESIAN_POINT('Ctrl Pts',(5.,0.484213552344724,-158.893060959978));
#3021=CARTESIAN_POINT('Ctrl Pts',(5.,0.484213552344723,-154.268060959978));
#3022=CARTESIAN_POINT('Ctrl Pts',(5.,0.484213552344724,-149.643060959978));
#3023=CARTESIAN_POINT('Ctrl Pts',(5.,5.10921355234471,-149.643060959978));
#3024=CARTESIAN_POINT('Ctrl Pts',(5.,9.73421355234469,-149.643060959978));
#3025=CARTESIAN_POINT('Ctrl Pts',(5.,9.73421355234469,-154.268060959978));
#3026=CARTESIAN_POINT('Ctrl Pts',(5.,9.73421355234469,-158.893060959978));
#3027=CARTESIAN_POINT('Ctrl Pts',(5.,5.10921355234471,-158.893060959978));
#3028=CARTESIAN_POINT('Ctrl Pts',(0.4,5.10921355234471,-158.893060959978));
#3029=CARTESIAN_POINT('Ctrl Pts',(0.4,0.484213552344724,-158.893060959978));
#3030=CARTESIAN_POINT('Ctrl Pts',(0.4,0.484213552344723,-154.268060959978));
#3031=CARTESIAN_POINT('Ctrl Pts',(0.4,0.484213552344724,-149.643060959978));
#3032=CARTESIAN_POINT('Ctrl Pts',(0.4,5.10921355234471,-149.643060959978));
#3033=CARTESIAN_POINT('Ctrl Pts',(0.4,9.73421355234469,-149.643060959978));
#3034=CARTESIAN_POINT('Ctrl Pts',(0.4,9.73421355234469,-154.268060959978));
#3035=CARTESIAN_POINT('Ctrl Pts',(0.4,9.73421355234469,-158.893060959978));
#3036=CARTESIAN_POINT('Ctrl Pts',(0.4,5.10921355234471,-158.893060959978));
#3037=CARTESIAN_POINT('',(0.4,5.10921355234471,-158.893060959978));
#3038=CARTESIAN_POINT('',(0.4,5.10921355234471,-149.643060959978));
#3039=CARTESIAN_POINT('Origin',(0.4,5.10921355234471,-154.268060959978));
#3040=CARTESIAN_POINT('Origin',(0.4,5.10921355234471,-154.268060959978));
#3041=CARTESIAN_POINT('',(5.,5.10921355234471,-154.293060959978));
#3042=CARTESIAN_POINT('Origin',(0.4,5.10921355234471,-154.293060959978));
#3043=CARTESIAN_POINT('Origin',(5.,5.10921355234471,-154.268060959978));
#3044=CARTESIAN_POINT('Origin',(0.,5.10921355234471,-154.268060959978));
#3045=CARTESIAN_POINT('',(0.,5.10921355234471,-149.643060959978));
#3046=CARTESIAN_POINT('Origin',(0.,5.10921355234471,-154.268060959978));
#3047=CARTESIAN_POINT('',(0.,5.10921355234471,-149.643060959978));
#3048=CARTESIAN_POINT('Origin',(5.,5.10921355234471,-154.268060959978));
#3049=CARTESIAN_POINT('Ctrl Pts',(5.,9.05859512984605,-199.656586601039));
#3050=CARTESIAN_POINT('Ctrl Pts',(5.,9.03359512984604,-199.656586601039));
#3051=CARTESIAN_POINT('Ctrl Pts',(5.,9.03359512984604,-199.631586601039));
#3052=CARTESIAN_POINT('Ctrl Pts',(5.,9.03359512984604,-199.606586601039));
#3053=CARTESIAN_POINT('Ctrl Pts',(5.,9.05859512984605,-199.606586601039));
#3054=CARTESIAN_POINT('Ctrl Pts',(5.,9.08359512984607,-199.606586601039));
#3055=CARTESIAN_POINT('Ctrl Pts',(5.,9.08359512984607,-199.631586601039));
#3056=CARTESIAN_POINT('Ctrl Pts',(5.,9.08359512984607,-199.656586601039));
#3057=CARTESIAN_POINT('Ctrl Pts',(5.,9.05859512984605,-199.656586601039));
#3058=CARTESIAN_POINT('Ctrl Pts',(5.,9.05859512984605,-204.256586601039));
#3059=CARTESIAN_POINT('Ctrl Pts',(5.,4.43359512984603,-204.256586601039));
#3060=CARTESIAN_POINT('Ctrl Pts',(5.,4.43359512984603,-199.631586601039));
#3061=CARTESIAN_POINT('Ctrl Pts',(5.,4.43359512984603,-195.006586601039));
#3062=CARTESIAN_POINT('Ctrl Pts',(5.,9.05859512984605,-195.006586601039));
#3063=CARTESIAN_POINT('Ctrl Pts',(5.,13.6835951298461,-195.006586601039));
#3064=CARTESIAN_POINT('Ctrl Pts',(5.,13.6835951298461,-199.631586601039));
#3065=CARTESIAN_POINT('Ctrl Pts',(5.,13.6835951298461,-204.256586601039));
#3066=CARTESIAN_POINT('Ctrl Pts',(5.,9.05859512984605,-204.256586601039));
#3067=CARTESIAN_POINT('Ctrl Pts',(0.4,9.05859512984605,-204.256586601039));
#3068=CARTESIAN_POINT('Ctrl Pts',(0.4,4.43359512984603,-204.256586601039));
#3069=CARTESIAN_POINT('Ctrl Pts',(0.4,4.43359512984603,-199.631586601039));
#3070=CARTESIAN_POINT('Ctrl Pts',(0.4,4.43359512984603,-195.006586601039));
#3071=CARTESIAN_POINT('Ctrl Pts',(0.4,9.05859512984605,-195.006586601039));
#3072=CARTESIAN_POINT('Ctrl Pts',(0.4,13.6835951298461,-195.006586601039));
#3073=CARTESIAN_POINT('Ctrl Pts',(0.4,13.6835951298461,-199.631586601039));
#3074=CARTESIAN_POINT('Ctrl Pts',(0.4,13.6835951298461,-204.256586601039));
#3075=CARTESIAN_POINT('Ctrl Pts',(0.4,9.05859512984605,-204.256586601039));
#3076=CARTESIAN_POINT('',(0.4,9.05859512984605,-204.256586601039));
#3077=CARTESIAN_POINT('',(0.4,9.05859512984606,-195.006586601039));
#3078=CARTESIAN_POINT('Origin',(0.4,9.05859512984605,-199.631586601039));
#3079=CARTESIAN_POINT('Origin',(0.4,9.05859512984605,-199.631586601039));
#3080=CARTESIAN_POINT('',(5.,9.05859512984605,-199.656586601039));
#3081=CARTESIAN_POINT('Origin',(0.4,9.05859512984605,-199.656586601039));
#3082=CARTESIAN_POINT('Origin',(5.,9.05859512984605,-199.631586601039));
#3083=CARTESIAN_POINT('Origin',(0.,9.05859512984605,-199.631586601039));
#3084=CARTESIAN_POINT('',(0.,9.05859512984606,-195.006586601039));
#3085=CARTESIAN_POINT('Origin',(0.,9.05859512984605,-199.631586601039));
#3086=CARTESIAN_POINT('',(0.,9.05859512984606,-195.006586601039));
#3087=CARTESIAN_POINT('Origin',(5.,9.05859512984605,-199.631586601039));
#3088=CARTESIAN_POINT('Ctrl Pts',(5.,21.2229679966879,-156.192788242016));
#3089=CARTESIAN_POINT('Ctrl Pts',(5.,21.1979679966879,-156.192788242016));
#3090=CARTESIAN_POINT('Ctrl Pts',(5.,21.1979679966879,-156.167788242016));
#3091=CARTESIAN_POINT('Ctrl Pts',(5.,21.1979679966879,-156.142788242016));
#3092=CARTESIAN_POINT('Ctrl Pts',(5.,21.2229679966879,-156.142788242016));
#3093=CARTESIAN_POINT('Ctrl Pts',(5.,21.2479679966879,-156.142788242016));
#3094=CARTESIAN_POINT('Ctrl Pts',(5.,21.2479679966879,-156.167788242016));
#3095=CARTESIAN_POINT('Ctrl Pts',(5.,21.2479679966879,-156.192788242016));
#3096=CARTESIAN_POINT('Ctrl Pts',(5.,21.2229679966879,-156.192788242016));
#3097=CARTESIAN_POINT('Ctrl Pts',(5.,21.2229679966879,-160.792788242016));
#3098=CARTESIAN_POINT('Ctrl Pts',(5.,16.5979679966879,-160.792788242016));
#3099=CARTESIAN_POINT('Ctrl Pts',(5.,16.5979679966879,-156.167788242016));
#3100=CARTESIAN_POINT('Ctrl Pts',(5.,16.5979679966879,-151.542788242016));
#3101=CARTESIAN_POINT('Ctrl Pts',(5.,21.2229679966879,-151.542788242016));
#3102=CARTESIAN_POINT('Ctrl Pts',(5.,25.8479679966879,-151.542788242016));
#3103=CARTESIAN_POINT('Ctrl Pts',(5.,25.8479679966879,-156.167788242016));
#3104=CARTESIAN_POINT('Ctrl Pts',(5.,25.8479679966879,-160.792788242016));
#3105=CARTESIAN_POINT('Ctrl Pts',(5.,21.2229679966879,-160.792788242016));
#3106=CARTESIAN_POINT('Ctrl Pts',(0.4,21.2229679966879,-160.792788242016));
#3107=CARTESIAN_POINT('Ctrl Pts',(0.4,16.5979679966879,-160.792788242016));
#3108=CARTESIAN_POINT('Ctrl Pts',(0.4,16.5979679966879,-156.167788242016));
#3109=CARTESIAN_POINT('Ctrl Pts',(0.4,16.5979679966879,-151.542788242016));
#3110=CARTESIAN_POINT('Ctrl Pts',(0.4,21.2229679966879,-151.542788242016));
#3111=CARTESIAN_POINT('Ctrl Pts',(0.4,25.8479679966879,-151.542788242016));
#3112=CARTESIAN_POINT('Ctrl Pts',(0.4,25.8479679966879,-156.167788242016));
#3113=CARTESIAN_POINT('Ctrl Pts',(0.4,25.8479679966879,-160.792788242016));
#3114=CARTESIAN_POINT('Ctrl Pts',(0.4,21.2229679966879,-160.792788242016));
#3115=CARTESIAN_POINT('',(0.4,21.2229679966879,-160.792788242016));
#3116=CARTESIAN_POINT('',(0.4,21.2229679966879,-151.542788242016));
#3117=CARTESIAN_POINT('Origin',(0.4,21.2229679966879,-156.167788242016));
#3118=CARTESIAN_POINT('Origin',(0.4,21.2229679966879,-156.167788242016));
#3119=CARTESIAN_POINT('',(5.,21.2229679966879,-156.192788242016));
#3120=CARTESIAN_POINT('Origin',(0.4,21.2229679966879,-156.192788242016));
#3121=CARTESIAN_POINT('Origin',(5.,21.2229679966879,-156.167788242016));
#3122=CARTESIAN_POINT('Origin',(0.,21.2229679966879,-156.167788242016));
#3123=CARTESIAN_POINT('',(0.,21.2229679966879,-151.542788242016));
#3124=CARTESIAN_POINT('Origin',(0.,21.2229679966879,-156.167788242016));
#3125=CARTESIAN_POINT('',(0.,21.2229679966879,-151.542788242016));
#3126=CARTESIAN_POINT('Origin',(5.,21.2229679966879,-156.167788242016));
#3127=CARTESIAN_POINT('Ctrl Pts',(5.,5.98195235873938,-90.2604915403313));
#3128=CARTESIAN_POINT('Ctrl Pts',(5.,5.95695235873938,-90.2604915403313));
#3129=CARTESIAN_POINT('Ctrl Pts',(5.,5.95695235873938,-90.2354915403313));
#3130=CARTESIAN_POINT('Ctrl Pts',(5.,5.95695235873938,-90.2104915403313));
#3131=CARTESIAN_POINT('Ctrl Pts',(5.,5.98195235873938,-90.2104915403313));
#3132=CARTESIAN_POINT('Ctrl Pts',(5.,6.00695235873937,-90.2104915403313));
#3133=CARTESIAN_POINT('Ctrl Pts',(5.,6.00695235873937,-90.2354915403313));
#3134=CARTESIAN_POINT('Ctrl Pts',(5.,6.00695235873937,-90.2604915403313));
#3135=CARTESIAN_POINT('Ctrl Pts',(5.,5.98195235873938,-90.2604915403313));
#3136=CARTESIAN_POINT('Ctrl Pts',(5.,5.98195235873938,-94.8604915403313));
#3137=CARTESIAN_POINT('Ctrl Pts',(5.,1.35695235873939,-94.8604915403313));
#3138=CARTESIAN_POINT('Ctrl Pts',(5.,1.35695235873939,-90.2354915403313));
#3139=CARTESIAN_POINT('Ctrl Pts',(5.,1.35695235873939,-85.6104915403313));
#3140=CARTESIAN_POINT('Ctrl Pts',(5.,5.98195235873938,-85.6104915403313));
#3141=CARTESIAN_POINT('Ctrl Pts',(5.,10.6069523587394,-85.6104915403313));
#3142=CARTESIAN_POINT('Ctrl Pts',(5.,10.6069523587394,-90.2354915403313));
#3143=CARTESIAN_POINT('Ctrl Pts',(5.,10.6069523587394,-94.8604915403313));
#3144=CARTESIAN_POINT('Ctrl Pts',(5.,5.98195235873938,-94.8604915403313));
#3145=CARTESIAN_POINT('Ctrl Pts',(0.4,5.98195235873938,-94.8604915403313));
#3146=CARTESIAN_POINT('Ctrl Pts',(0.4,1.35695235873939,-94.8604915403313));
#3147=CARTESIAN_POINT('Ctrl Pts',(0.4,1.35695235873939,-90.2354915403313));
#3148=CARTESIAN_POINT('Ctrl Pts',(0.4,1.35695235873939,-85.6104915403313));
#3149=CARTESIAN_POINT('Ctrl Pts',(0.4,5.98195235873938,-85.6104915403313));
#3150=CARTESIAN_POINT('Ctrl Pts',(0.4,10.6069523587394,-85.6104915403313));
#3151=CARTESIAN_POINT('Ctrl Pts',(0.4,10.6069523587394,-90.2354915403313));
#3152=CARTESIAN_POINT('Ctrl Pts',(0.4,10.6069523587394,-94.8604915403313));
#3153=CARTESIAN_POINT('Ctrl Pts',(0.4,5.98195235873938,-94.8604915403313));
#3154=CARTESIAN_POINT('',(0.4,5.98195235873938,-94.8604915403313));
#3155=CARTESIAN_POINT('',(0.4,5.98195235873938,-85.6104915403313));
#3156=CARTESIAN_POINT('Origin',(0.4,5.98195235873938,-90.2354915403313));
#3157=CARTESIAN_POINT('Origin',(0.4,5.98195235873938,-90.2354915403313));
#3158=CARTESIAN_POINT('',(5.,5.98195235873938,-90.2604915403313));
#3159=CARTESIAN_POINT('Origin',(0.4,5.98195235873938,-90.2604915403313));
#3160=CARTESIAN_POINT('Origin',(5.,5.98195235873938,-90.2354915403313));
#3161=CARTESIAN_POINT('Origin',(0.,5.98195235873938,-90.2354915403313));
#3162=CARTESIAN_POINT('',(0.,5.98195235873938,-85.6104915403313));
#3163=CARTESIAN_POINT('Origin',(0.,5.98195235873938,-90.2354915403313));
#3164=CARTESIAN_POINT('',(0.,5.98195235873938,-85.6104915403313));
#3165=CARTESIAN_POINT('Origin',(5.,5.98195235873938,-90.2354915403313));
#3166=CARTESIAN_POINT('Ctrl Pts',(5.,7.42371882360583,-60.2951564102051));
#3167=CARTESIAN_POINT('Ctrl Pts',(5.,7.39871882360584,-60.2951564102051));
#3168=CARTESIAN_POINT('Ctrl Pts',(5.,7.39871882360584,-60.2701564102051));
#3169=CARTESIAN_POINT('Ctrl Pts',(5.,7.39871882360584,-60.2451564102051));
#3170=CARTESIAN_POINT('Ctrl Pts',(5.,7.42371882360583,-60.2451564102051));
#3171=CARTESIAN_POINT('Ctrl Pts',(5.,7.44871882360583,-60.2451564102051));
#3172=CARTESIAN_POINT('Ctrl Pts',(5.,7.44871882360583,-60.2701564102051));
#3173=CARTESIAN_POINT('Ctrl Pts',(5.,7.44871882360583,-60.2951564102051));
#3174=CARTESIAN_POINT('Ctrl Pts',(5.,7.42371882360583,-60.2951564102051));
#3175=CARTESIAN_POINT('Ctrl Pts',(5.,7.42371882360583,-64.8951564102051));
#3176=CARTESIAN_POINT('Ctrl Pts',(5.,2.79871882360584,-64.8951564102051));
#3177=CARTESIAN_POINT('Ctrl Pts',(5.,2.79871882360584,-60.2701564102051));
#3178=CARTESIAN_POINT('Ctrl Pts',(5.,2.79871882360584,-55.6451564102051));
#3179=CARTESIAN_POINT('Ctrl Pts',(5.,7.42371882360583,-55.6451564102051));
#3180=CARTESIAN_POINT('Ctrl Pts',(5.,12.0487188236058,-55.6451564102051));
#3181=CARTESIAN_POINT('Ctrl Pts',(5.,12.0487188236058,-60.2701564102051));
#3182=CARTESIAN_POINT('Ctrl Pts',(5.,12.0487188236058,-64.8951564102051));
#3183=CARTESIAN_POINT('Ctrl Pts',(5.,7.42371882360583,-64.8951564102051));
#3184=CARTESIAN_POINT('Ctrl Pts',(0.4,7.42371882360583,-64.8951564102051));
#3185=CARTESIAN_POINT('Ctrl Pts',(0.4,2.79871882360584,-64.8951564102051));
#3186=CARTESIAN_POINT('Ctrl Pts',(0.4,2.79871882360584,-60.2701564102051));
#3187=CARTESIAN_POINT('Ctrl Pts',(0.4,2.79871882360584,-55.6451564102051));
#3188=CARTESIAN_POINT('Ctrl Pts',(0.4,7.42371882360583,-55.6451564102051));
#3189=CARTESIAN_POINT('Ctrl Pts',(0.4,12.0487188236058,-55.6451564102051));
#3190=CARTESIAN_POINT('Ctrl Pts',(0.4,12.0487188236058,-60.2701564102051));
#3191=CARTESIAN_POINT('Ctrl Pts',(0.4,12.0487188236058,-64.8951564102051));
#3192=CARTESIAN_POINT('Ctrl Pts',(0.4,7.42371882360583,-64.8951564102051));
#3193=CARTESIAN_POINT('',(0.4,7.42371882360583,-64.8951564102051));
#3194=CARTESIAN_POINT('',(0.4,7.42371882360583,-55.6451564102051));
#3195=CARTESIAN_POINT('Origin',(0.4,7.42371882360583,-60.2701564102051));
#3196=CARTESIAN_POINT('Origin',(0.4,7.42371882360583,-60.2701564102051));
#3197=CARTESIAN_POINT('',(5.,7.42371882360583,-60.2951564102051));
#3198=CARTESIAN_POINT('Origin',(0.4,7.42371882360583,-60.2951564102051));
#3199=CARTESIAN_POINT('Origin',(5.,7.42371882360583,-60.2701564102051));
#3200=CARTESIAN_POINT('Origin',(0.,7.42371882360583,-60.2701564102051));
#3201=CARTESIAN_POINT('',(0.,7.42371882360583,-55.6451564102051));
#3202=CARTESIAN_POINT('Origin',(0.,7.42371882360583,-60.2701564102051));
#3203=CARTESIAN_POINT('',(0.,7.42371882360583,-55.6451564102051));
#3204=CARTESIAN_POINT('Origin',(5.,7.42371882360583,-60.2701564102051));
#3205=CARTESIAN_POINT('Ctrl Pts',(5.,22.6647344615543,-126.22745311189));
#3206=CARTESIAN_POINT('Ctrl Pts',(5.,22.6397344615544,-126.22745311189));
#3207=CARTESIAN_POINT('Ctrl Pts',(5.,22.6397344615544,-126.20245311189));
#3208=CARTESIAN_POINT('Ctrl Pts',(5.,22.6397344615544,-126.17745311189));
#3209=CARTESIAN_POINT('Ctrl Pts',(5.,22.6647344615543,-126.17745311189));
#3210=CARTESIAN_POINT('Ctrl Pts',(5.,22.6897344615543,-126.17745311189));
#3211=CARTESIAN_POINT('Ctrl Pts',(5.,22.6897344615543,-126.20245311189));
#3212=CARTESIAN_POINT('Ctrl Pts',(5.,22.6897344615543,-126.22745311189));
#3213=CARTESIAN_POINT('Ctrl Pts',(5.,22.6647344615543,-126.22745311189));
#3214=CARTESIAN_POINT('Ctrl Pts',(5.00000000000001,22.6647344615543,-130.82745311189));
#3215=CARTESIAN_POINT('Ctrl Pts',(5.00000000000001,18.0397344615543,-130.82745311189));
#3216=CARTESIAN_POINT('Ctrl Pts',(5.00000000000001,18.0397344615543,-126.20245311189));
#3217=CARTESIAN_POINT('Ctrl Pts',(5.00000000000001,18.0397344615543,-121.57745311189));
#3218=CARTESIAN_POINT('Ctrl Pts',(5.00000000000001,22.6647344615543,-121.57745311189));
#3219=CARTESIAN_POINT('Ctrl Pts',(5.00000000000001,27.2897344615543,-121.57745311189));
#3220=CARTESIAN_POINT('Ctrl Pts',(5.00000000000001,27.2897344615543,-126.20245311189));
#3221=CARTESIAN_POINT('Ctrl Pts',(5.00000000000001,27.2897344615543,-130.82745311189));
#3222=CARTESIAN_POINT('Ctrl Pts',(5.00000000000001,22.6647344615543,-130.82745311189));
#3223=CARTESIAN_POINT('Ctrl Pts',(0.4,22.6647344615543,-130.82745311189));
#3224=CARTESIAN_POINT('Ctrl Pts',(0.4,18.0397344615543,-130.82745311189));
#3225=CARTESIAN_POINT('Ctrl Pts',(0.4,18.0397344615543,-126.20245311189));
#3226=CARTESIAN_POINT('Ctrl Pts',(0.4,18.0397344615543,-121.57745311189));
#3227=CARTESIAN_POINT('Ctrl Pts',(0.4,22.6647344615543,-121.57745311189));
#3228=CARTESIAN_POINT('Ctrl Pts',(0.4,27.2897344615543,-121.57745311189));
#3229=CARTESIAN_POINT('Ctrl Pts',(0.4,27.2897344615543,-126.20245311189));
#3230=CARTESIAN_POINT('Ctrl Pts',(0.4,27.2897344615543,-130.82745311189));
#3231=CARTESIAN_POINT('Ctrl Pts',(0.4,22.6647344615543,-130.82745311189));
#3232=CARTESIAN_POINT('',(0.4,22.6647344615543,-130.82745311189));
#3233=CARTESIAN_POINT('',(0.4,22.6647344615543,-121.57745311189));
#3234=CARTESIAN_POINT('Origin',(0.4,22.6647344615543,-126.20245311189));
#3235=CARTESIAN_POINT('Origin',(0.4,22.6647344615543,-126.20245311189));
#3236=CARTESIAN_POINT('',(5.,22.6647344615543,-126.22745311189));
#3237=CARTESIAN_POINT('Origin',(0.4,22.6647344615543,-126.22745311189));
#3238=CARTESIAN_POINT('Origin',(5.,22.6647344615543,-126.20245311189));
#3239=CARTESIAN_POINT('Origin',(0.,22.6647344615543,-126.20245311189));
#3240=CARTESIAN_POINT('',(0.,22.6647344615543,-121.57745311189));
#3241=CARTESIAN_POINT('Origin',(0.,22.6647344615543,-126.20245311189));
#3242=CARTESIAN_POINT('',(0.,22.6647344615543,-121.57745311189));
#3243=CARTESIAN_POINT('Origin',(5.,22.6647344615543,-126.20245311189));
#3244=CARTESIAN_POINT('Ctrl Pts',(5.,10.5003615947125,-169.691251470913));
#3245=CARTESIAN_POINT('Ctrl Pts',(5.,10.4753615947125,-169.691251470913));
#3246=CARTESIAN_POINT('Ctrl Pts',(5.,10.4753615947125,-169.666251470913));
#3247=CARTESIAN_POINT('Ctrl Pts',(5.,10.4753615947125,-169.641251470913));
#3248=CARTESIAN_POINT('Ctrl Pts',(5.,10.5003615947125,-169.641251470913));
#3249=CARTESIAN_POINT('Ctrl Pts',(5.,10.5253615947125,-169.641251470913));
#3250=CARTESIAN_POINT('Ctrl Pts',(5.,10.5253615947125,-169.666251470913));
#3251=CARTESIAN_POINT('Ctrl Pts',(5.,10.5253615947125,-169.691251470913));
#3252=CARTESIAN_POINT('Ctrl Pts',(5.,10.5003615947125,-169.691251470913));
#3253=CARTESIAN_POINT('Ctrl Pts',(5.,10.5003615947125,-174.291251470913));
#3254=CARTESIAN_POINT('Ctrl Pts',(5.,5.87536159471249,-174.291251470913));
#3255=CARTESIAN_POINT('Ctrl Pts',(5.,5.87536159471249,-169.666251470913));
#3256=CARTESIAN_POINT('Ctrl Pts',(5.,5.87536159471249,-165.041251470913));
#3257=CARTESIAN_POINT('Ctrl Pts',(5.,10.5003615947125,-165.041251470913));
#3258=CARTESIAN_POINT('Ctrl Pts',(5.,15.1253615947125,-165.041251470913));
#3259=CARTESIAN_POINT('Ctrl Pts',(5.,15.1253615947125,-169.666251470913));
#3260=CARTESIAN_POINT('Ctrl Pts',(5.,15.1253615947125,-174.291251470913));
#3261=CARTESIAN_POINT('Ctrl Pts',(5.,10.5003615947125,-174.291251470913));
#3262=CARTESIAN_POINT('Ctrl Pts',(0.4,10.5003615947125,-174.291251470913));
#3263=CARTESIAN_POINT('Ctrl Pts',(0.4,5.87536159471249,-174.291251470913));
#3264=CARTESIAN_POINT('Ctrl Pts',(0.4,5.87536159471249,-169.666251470913));
#3265=CARTESIAN_POINT('Ctrl Pts',(0.4,5.87536159471249,-165.041251470913));
#3266=CARTESIAN_POINT('Ctrl Pts',(0.4,10.5003615947125,-165.041251470913));
#3267=CARTESIAN_POINT('Ctrl Pts',(0.4,15.1253615947125,-165.041251470913));
#3268=CARTESIAN_POINT('Ctrl Pts',(0.4,15.1253615947125,-169.666251470913));
#3269=CARTESIAN_POINT('Ctrl Pts',(0.4,15.1253615947125,-174.291251470913));
#3270=CARTESIAN_POINT('Ctrl Pts',(0.4,10.5003615947125,-174.291251470913));
#3271=CARTESIAN_POINT('',(0.4,10.5003615947125,-174.291251470913));
#3272=CARTESIAN_POINT('',(0.4,10.5003615947125,-165.041251470913));
#3273=CARTESIAN_POINT('Origin',(0.4,10.5003615947125,-169.666251470913));
#3274=CARTESIAN_POINT('Origin',(0.4,10.5003615947125,-169.666251470913));
#3275=CARTESIAN_POINT('',(5.,10.5003615947125,-169.691251470913));
#3276=CARTESIAN_POINT('Origin',(0.4,10.5003615947125,-169.691251470913));
#3277=CARTESIAN_POINT('Origin',(5.,10.5003615947125,-169.666251470913));
#3278=CARTESIAN_POINT('Origin',(0.,10.5003615947125,-169.666251470913));
#3279=CARTESIAN_POINT('',(0.,10.5003615947125,-165.041251470913));
#3280=CARTESIAN_POINT('Origin',(0.,10.5003615947125,-169.666251470913));
#3281=CARTESIAN_POINT('',(0.,10.5003615947125,-165.041251470913));
#3282=CARTESIAN_POINT('Origin',(5.,10.5003615947125,-169.666251470913));
#3283=CARTESIAN_POINT('Ctrl Pts',(5.,7.6168286649796,-229.621921731165));
#3284=CARTESIAN_POINT('Ctrl Pts',(5.,7.59182866497959,-229.621921731165));
#3285=CARTESIAN_POINT('Ctrl Pts',(5.,7.59182866497959,-229.596921731165));
#3286=CARTESIAN_POINT('Ctrl Pts',(5.,7.59182866497959,-229.571921731165));
#3287=CARTESIAN_POINT('Ctrl Pts',(5.,7.6168286649796,-229.571921731165));
#3288=CARTESIAN_POINT('Ctrl Pts',(5.,7.64182866497961,-229.571921731165));
#3289=CARTESIAN_POINT('Ctrl Pts',(5.,7.64182866497961,-229.596921731165));
#3290=CARTESIAN_POINT('Ctrl Pts',(5.,7.64182866497961,-229.621921731165));
#3291=CARTESIAN_POINT('Ctrl Pts',(5.,7.6168286649796,-229.621921731165));
#3292=CARTESIAN_POINT('Ctrl Pts',(5.,7.6168286649796,-234.221921731165));
#3293=CARTESIAN_POINT('Ctrl Pts',(5.,2.99182866497958,-234.221921731165));
#3294=CARTESIAN_POINT('Ctrl Pts',(5.,2.99182866497958,-229.596921731165));
#3295=CARTESIAN_POINT('Ctrl Pts',(5.,2.99182866497958,-224.971921731165));
#3296=CARTESIAN_POINT('Ctrl Pts',(5.,7.6168286649796,-224.971921731165));
#3297=CARTESIAN_POINT('Ctrl Pts',(5.,12.2418286649796,-224.971921731165));
#3298=CARTESIAN_POINT('Ctrl Pts',(5.,12.2418286649796,-229.596921731165));
#3299=CARTESIAN_POINT('Ctrl Pts',(5.,12.2418286649796,-234.221921731165));
#3300=CARTESIAN_POINT('Ctrl Pts',(5.,7.6168286649796,-234.221921731165));
#3301=CARTESIAN_POINT('Ctrl Pts',(0.4,7.6168286649796,-234.221921731165));
#3302=CARTESIAN_POINT('Ctrl Pts',(0.4,2.99182866497958,-234.221921731165));
#3303=CARTESIAN_POINT('Ctrl Pts',(0.4,2.99182866497958,-229.596921731165));
#3304=CARTESIAN_POINT('Ctrl Pts',(0.4,2.99182866497958,-224.971921731165));
#3305=CARTESIAN_POINT('Ctrl Pts',(0.4,7.6168286649796,-224.971921731165));
#3306=CARTESIAN_POINT('Ctrl Pts',(0.4,12.2418286649796,-224.971921731165));
#3307=CARTESIAN_POINT('Ctrl Pts',(0.4,12.2418286649796,-229.596921731165));
#3308=CARTESIAN_POINT('Ctrl Pts',(0.4,12.2418286649796,-234.221921731165));
#3309=CARTESIAN_POINT('Ctrl Pts',(0.4,7.6168286649796,-234.221921731165));
#3310=CARTESIAN_POINT('',(0.4,7.6168286649796,-234.221921731165));
#3311=CARTESIAN_POINT('',(0.4,7.6168286649796,-224.971921731165));
#3312=CARTESIAN_POINT('Origin',(0.4,7.6168286649796,-229.596921731165));
#3313=CARTESIAN_POINT('Origin',(0.4,7.6168286649796,-229.596921731165));
#3314=CARTESIAN_POINT('',(5.,7.6168286649796,-229.621921731165));
#3315=CARTESIAN_POINT('Origin',(0.4,7.6168286649796,-229.621921731165));
#3316=CARTESIAN_POINT('Origin',(5.,7.6168286649796,-229.596921731165));
#3317=CARTESIAN_POINT('Origin',(0.,7.6168286649796,-229.596921731165));
#3318=CARTESIAN_POINT('',(0.,7.6168286649796,-224.971921731165));
#3319=CARTESIAN_POINT('Origin',(0.,7.6168286649796,-229.596921731165));
#3320=CARTESIAN_POINT('',(0.,7.6168286649796,-224.971921731165));
#3321=CARTESIAN_POINT('Origin',(5.,7.6168286649796,-229.596921731165));
#3322=CARTESIAN_POINT('Ctrl Pts',(5.,4.98934668271421,-126.303148002609));
#3323=CARTESIAN_POINT('Ctrl Pts',(5.,4.96434668271419,-126.303148002609));
#3324=CARTESIAN_POINT('Ctrl Pts',(5.,4.96434668271419,-126.278148002609));
#3325=CARTESIAN_POINT('Ctrl Pts',(5.,4.96434668271419,-126.253148002609));
#3326=CARTESIAN_POINT('Ctrl Pts',(5.,4.98934668271421,-126.253148002609));
#3327=CARTESIAN_POINT('Ctrl Pts',(5.,5.01434668271422,-126.253148002609));
#3328=CARTESIAN_POINT('Ctrl Pts',(5.,5.01434668271422,-126.278148002609));
#3329=CARTESIAN_POINT('Ctrl Pts',(5.,5.01434668271422,-126.303148002609));
#3330=CARTESIAN_POINT('Ctrl Pts',(5.,4.98934668271421,-126.303148002609));
#3331=CARTESIAN_POINT('Ctrl Pts',(5.,4.98934668271421,-130.903148002609));
#3332=CARTESIAN_POINT('Ctrl Pts',(5.,0.364346682714204,-130.903148002609));
#3333=CARTESIAN_POINT('Ctrl Pts',(5.,0.364346682714203,-126.278148002609));
#3334=CARTESIAN_POINT('Ctrl Pts',(5.,0.364346682714204,-121.653148002609));
#3335=CARTESIAN_POINT('Ctrl Pts',(5.,4.98934668271421,-121.653148002609));
#3336=CARTESIAN_POINT('Ctrl Pts',(5.,9.61434668271421,-121.653148002609));
#3337=CARTESIAN_POINT('Ctrl Pts',(5.,9.61434668271421,-126.278148002609));
#3338=CARTESIAN_POINT('Ctrl Pts',(5.,9.61434668271421,-130.903148002609));
#3339=CARTESIAN_POINT('Ctrl Pts',(5.,4.98934668271421,-130.903148002609));
#3340=CARTESIAN_POINT('Ctrl Pts',(0.4,4.98934668271421,-130.903148002609));
#3341=CARTESIAN_POINT('Ctrl Pts',(0.4,0.364346682714204,-130.903148002609));
#3342=CARTESIAN_POINT('Ctrl Pts',(0.4,0.364346682714203,-126.278148002609));
#3343=CARTESIAN_POINT('Ctrl Pts',(0.4,0.364346682714204,-121.653148002609));
#3344=CARTESIAN_POINT('Ctrl Pts',(0.4,4.98934668271421,-121.653148002609));
#3345=CARTESIAN_POINT('Ctrl Pts',(0.4,9.61434668271421,-121.653148002609));
#3346=CARTESIAN_POINT('Ctrl Pts',(0.4,9.61434668271421,-126.278148002609));
#3347=CARTESIAN_POINT('Ctrl Pts',(0.4,9.61434668271421,-130.903148002609));
#3348=CARTESIAN_POINT('Ctrl Pts',(0.4,4.98934668271421,-130.903148002609));
#3349=CARTESIAN_POINT('',(0.4,4.98934668271421,-130.903148002609));
#3350=CARTESIAN_POINT('',(0.4,4.98934668271421,-121.653148002609));
#3351=CARTESIAN_POINT('Origin',(0.4,4.98934668271421,-126.278148002609));
#3352=CARTESIAN_POINT('Origin',(0.4,4.98934668271421,-126.278148002609));
#3353=CARTESIAN_POINT('',(5.,4.98934668271421,-126.303148002609));
#3354=CARTESIAN_POINT('Origin',(0.4,4.98934668271421,-126.303148002609));
#3355=CARTESIAN_POINT('Origin',(5.,4.98934668271421,-126.278148002609));
#3356=CARTESIAN_POINT('Origin',(0.,4.98934668271421,-126.278148002609));
#3357=CARTESIAN_POINT('',(0.,4.98934668271421,-121.653148002609));
#3358=CARTESIAN_POINT('Origin',(0.,4.98934668271421,-126.278148002609));
#3359=CARTESIAN_POINT('',(0.,4.98934668271421,-121.653148002609));
#3360=CARTESIAN_POINT('Origin',(5.,4.98934668271421,-126.278148002609));
#3361=CARTESIAN_POINT('Ctrl Pts',(5.,14.931063540036,-77.5511334064846));
#3362=CARTESIAN_POINT('Ctrl Pts',(5.,14.906063540036,-77.5511334064846));
#3363=CARTESIAN_POINT('Ctrl Pts',(5.,14.906063540036,-77.5261334064846));
#3364=CARTESIAN_POINT('Ctrl Pts',(5.,14.906063540036,-77.5011334064846));
#3365=CARTESIAN_POINT('Ctrl Pts',(5.,14.931063540036,-77.5011334064846));
#3366=CARTESIAN_POINT('Ctrl Pts',(5.,14.956063540036,-77.5011334064846));
#3367=CARTESIAN_POINT('Ctrl Pts',(5.,14.956063540036,-77.5261334064846));
#3368=CARTESIAN_POINT('Ctrl Pts',(5.,14.956063540036,-77.5511334064846));
#3369=CARTESIAN_POINT('Ctrl Pts',(5.,14.931063540036,-77.5511334064846));
#3370=CARTESIAN_POINT('Ctrl Pts',(5.,14.931063540036,-82.1511334064846));
#3371=CARTESIAN_POINT('Ctrl Pts',(5.,10.306063540036,-82.1511334064846));
#3372=CARTESIAN_POINT('Ctrl Pts',(5.,10.306063540036,-77.5261334064846));
#3373=CARTESIAN_POINT('Ctrl Pts',(5.,10.306063540036,-72.9011334064846));
#3374=CARTESIAN_POINT('Ctrl Pts',(5.,14.931063540036,-72.9011334064846));
#3375=CARTESIAN_POINT('Ctrl Pts',(5.,19.556063540036,-72.9011334064846));
#3376=CARTESIAN_POINT('Ctrl Pts',(5.,19.556063540036,-77.5261334064846));
#3377=CARTESIAN_POINT('Ctrl Pts',(5.,19.556063540036,-82.1511334064846));
#3378=CARTESIAN_POINT('Ctrl Pts',(5.,14.931063540036,-82.1511334064846));
#3379=CARTESIAN_POINT('Ctrl Pts',(0.4,14.931063540036,-82.1511334064846));
#3380=CARTESIAN_POINT('Ctrl Pts',(0.4,10.306063540036,-82.1511334064846));
#3381=CARTESIAN_POINT('Ctrl Pts',(0.4,10.306063540036,-77.5261334064846));
#3382=CARTESIAN_POINT('Ctrl Pts',(0.4,10.306063540036,-72.9011334064846));
#3383=CARTESIAN_POINT('Ctrl Pts',(0.4,14.931063540036,-72.9011334064846));
#3384=CARTESIAN_POINT('Ctrl Pts',(0.4,19.556063540036,-72.9011334064846));
#3385=CARTESIAN_POINT('Ctrl Pts',(0.4,19.556063540036,-77.5261334064846));
#3386=CARTESIAN_POINT('Ctrl Pts',(0.4,19.556063540036,-82.1511334064846));
#3387=CARTESIAN_POINT('Ctrl Pts',(0.4,14.931063540036,-82.1511334064846));
#3388=CARTESIAN_POINT('',(0.4,14.931063540036,-82.1511334064846));
#3389=CARTESIAN_POINT('',(0.4,14.931063540036,-72.9011334064846));
#3390=CARTESIAN_POINT('Origin',(0.4,14.931063540036,-77.5261334064846));
#3391=CARTESIAN_POINT('Origin',(0.4,14.931063540036,-77.5261334064846));
#3392=CARTESIAN_POINT('',(5.,14.931063540036,-77.5511334064846));
#3393=CARTESIAN_POINT('Origin',(0.4,14.931063540036,-77.5511334064846));
#3394=CARTESIAN_POINT('Origin',(5.,14.931063540036,-77.5261334064846));
#3395=CARTESIAN_POINT('Origin',(0.,14.931063540036,-77.5261334064846));
#3396=CARTESIAN_POINT('',(0.,14.931063540036,-72.9011334064846));
#3397=CARTESIAN_POINT('Origin',(0.,14.931063540036,-77.5261334064846));
#3398=CARTESIAN_POINT('',(0.,14.931063540036,-72.9011334064846));
#3399=CARTESIAN_POINT('Origin',(5.,14.931063540036,-77.5261334064846));
#3400=CARTESIAN_POINT('Origin',(0.,0.,-328.995136793503));
#3401=CARTESIAN_POINT('Origin',(0.,15.1016482548754,-162.777476224923));
#3402=CARTESIAN_POINT('',(0.,2.48186667923203,4.60026124293314));
#3403=CARTESIAN_POINT('',(0.,2.48186667923203,4.60026124293314));
#3404=CARTESIAN_POINT('',(0.,7.48184960820175,-0.412804361215694));
#3405=CARTESIAN_POINT('Origin',(0.,2.48186667923203,-0.399738757066858));
#3406=CARTESIAN_POINT('Origin',(0.,207.481166766988,-0.935428527169151));
#3407=CARTESIAN_POINT('',(0.,22.996788188193,-97.9947467409669));
#3408=CARTESIAN_POINT('',(0.,22.996788188193,-97.9947467409669));
#3409=CARTESIAN_POINT('',(0.,2.74261021062765,-96.8641466302877));
#3410=CARTESIAN_POINT('',(0.,2.74261021062765,-96.8641466302877));
#3411=CARTESIAN_POINT('',(0.,1.61450093360813,-117.073702475084));
#3412=CARTESIAN_POINT('Ctrl Pts',(149.62,3.88416721304976,-46.7816833373076));
#3413=CARTESIAN_POINT('Ctrl Pts',(149.62,-0.740832786950237,-46.7816833373076));
#3414=CARTESIAN_POINT('Ctrl Pts',(149.62,-0.740832786950238,-42.1566833373076));
#3415=CARTESIAN_POINT('Ctrl Pts',(149.62,-0.740832786950237,-37.5316833373076));
#3416=CARTESIAN_POINT('Ctrl Pts',(149.62,3.88416721304976,-37.5316833373076));
#3417=CARTESIAN_POINT('Ctrl Pts',(149.62,8.50916721304976,-37.5316833373076));
#3418=CARTESIAN_POINT('Ctrl Pts',(149.62,8.50916721304976,-42.1566833373076));
#3419=CARTESIAN_POINT('Ctrl Pts',(149.62,8.50916721304976,-46.7816833373076));
#3420=CARTESIAN_POINT('Ctrl Pts',(149.62,3.88416721304976,-46.7816833373076));
#3421=CARTESIAN_POINT('Ctrl Pts',(145.,3.88416721304976,-46.7816833373076));
#3422=CARTESIAN_POINT('Ctrl Pts',(145.,-0.740832786950237,-46.7816833373076));
#3423=CARTESIAN_POINT('Ctrl Pts',(145.,-0.740832786950238,-42.1566833373076));
#3424=CARTESIAN_POINT('Ctrl Pts',(145.,-0.740832786950237,-37.5316833373076));
#3425=CARTESIAN_POINT('Ctrl Pts',(145.,3.88416721304976,-37.5316833373076));
#3426=CARTESIAN_POINT('Ctrl Pts',(145.,8.50916721304976,-37.5316833373076));
#3427=CARTESIAN_POINT('Ctrl Pts',(145.,8.50916721304976,-42.1566833373076));
#3428=CARTESIAN_POINT('Ctrl Pts',(145.,8.50916721304976,-46.7816833373076));
#3429=CARTESIAN_POINT('Ctrl Pts',(145.,3.88416721304976,-46.7816833373076));
#3430=CARTESIAN_POINT('Ctrl Pts',(145.,3.88416721304976,-42.1616833373076));
#3431=CARTESIAN_POINT('Ctrl Pts',(145.,3.87916721304976,-42.1616833373076));
#3432=CARTESIAN_POINT('Ctrl Pts',(145.,3.87916721304976,-42.1566833373076));
#3433=CARTESIAN_POINT('Ctrl Pts',(145.,3.87916721304976,-42.1516833373076));
#3434=CARTESIAN_POINT('Ctrl Pts',(145.,3.88416721304976,-42.1516833373076));
#3435=CARTESIAN_POINT('Ctrl Pts',(145.,3.88916721304976,-42.1516833373076));
#3436=CARTESIAN_POINT('Ctrl Pts',(145.,3.88916721304976,-42.1566833373076));
#3437=CARTESIAN_POINT('Ctrl Pts',(145.,3.88916721304976,-42.1616833373076));
#3438=CARTESIAN_POINT('Ctrl Pts',(145.,3.88416721304976,-42.1616833373076));
#3439=CARTESIAN_POINT('',(145.,3.88416721304976,-42.1616833373076));
#3440=CARTESIAN_POINT('Origin',(145.,3.88416721304976,-42.1566833373076));
#3441=CARTESIAN_POINT('',(149.62,3.88416721304976,-46.7816833373076));
#3442=CARTESIAN_POINT('Origin',(149.62,3.88416721304976,-42.1616833373076));
#3443=CARTESIAN_POINT('',(149.62,3.88416721304976,-37.5316833373076));
#3444=CARTESIAN_POINT('Origin',(149.62,3.88416721304976,-42.1566833373076));
#3445=CARTESIAN_POINT('Origin',(149.62,3.88416721304976,-42.1566833373076));
#3446=CARTESIAN_POINT('Origin',(150.,3.88416721304976,-42.1566833373076));
#3447=CARTESIAN_POINT('',(150.,3.88416721304976,-37.5316833373076));
#3448=CARTESIAN_POINT('Origin',(150.,3.88416721304976,-42.1566833373076));
#3449=CARTESIAN_POINT('',(150.,3.88416721304976,-37.5316833373076));
#3450=CARTESIAN_POINT('Origin',(145.,3.88416721304976,-42.1566833373076));
#3451=CARTESIAN_POINT('Ctrl Pts',(149.62,11.9421280595789,-144.325916340787));
#3452=CARTESIAN_POINT('Ctrl Pts',(149.62,7.31712805957896,-144.325916340787));
#3453=CARTESIAN_POINT('Ctrl Pts',(149.62,7.31712805957896,-139.700916340787));
#3454=CARTESIAN_POINT('Ctrl Pts',(149.62,7.31712805957896,-135.075916340787));
#3455=CARTESIAN_POINT('Ctrl Pts',(149.62,11.9421280595789,-135.075916340787));
#3456=CARTESIAN_POINT('Ctrl Pts',(149.62,16.5671280595789,-135.075916340787));
#3457=CARTESIAN_POINT('Ctrl Pts',(149.62,16.5671280595789,-139.700916340787));
#3458=CARTESIAN_POINT('Ctrl Pts',(149.62,16.5671280595789,-144.325916340787));
#3459=CARTESIAN_POINT('Ctrl Pts',(149.62,11.9421280595789,-144.325916340787));
#3460=CARTESIAN_POINT('Ctrl Pts',(145.,11.9421280595789,-144.325916340787));
#3461=CARTESIAN_POINT('Ctrl Pts',(145.,7.31712805957896,-144.325916340787));
#3462=CARTESIAN_POINT('Ctrl Pts',(145.,7.31712805957896,-139.700916340787));
#3463=CARTESIAN_POINT('Ctrl Pts',(145.,7.31712805957896,-135.075916340787));
#3464=CARTESIAN_POINT('Ctrl Pts',(145.,11.9421280595789,-135.075916340787));
#3465=CARTESIAN_POINT('Ctrl Pts',(145.,16.5671280595789,-135.075916340787));
#3466=CARTESIAN_POINT('Ctrl Pts',(145.,16.5671280595789,-139.700916340787));
#3467=CARTESIAN_POINT('Ctrl Pts',(145.,16.5671280595789,-144.325916340787));
#3468=CARTESIAN_POINT('Ctrl Pts',(145.,11.9421280595789,-144.325916340787));
#3469=CARTESIAN_POINT('Ctrl Pts',(145.,11.9421280595789,-139.705916340787));
#3470=CARTESIAN_POINT('Ctrl Pts',(145.,11.937128059579,-139.705916340787));
#3471=CARTESIAN_POINT('Ctrl Pts',(145.,11.937128059579,-139.700916340787));
#3472=CARTESIAN_POINT('Ctrl Pts',(145.,11.937128059579,-139.695916340787));
#3473=CARTESIAN_POINT('Ctrl Pts',(145.,11.9421280595789,-139.695916340787));
#3474=CARTESIAN_POINT('Ctrl Pts',(145.,11.9471280595789,-139.695916340787));
#3475=CARTESIAN_POINT('Ctrl Pts',(145.,11.9471280595789,-139.700916340787));
#3476=CARTESIAN_POINT('Ctrl Pts',(145.,11.9471280595789,-139.705916340787));
#3477=CARTESIAN_POINT('Ctrl Pts',(145.,11.9421280595789,-139.705916340787));
#3478=CARTESIAN_POINT('',(145.,11.9421280595789,-139.705916340787));
#3479=CARTESIAN_POINT('Origin',(145.,11.9421280595789,-139.700916340787));
#3480=CARTESIAN_POINT('',(149.62,11.9421280595789,-144.325916340787));
#3481=CARTESIAN_POINT('Origin',(149.62,11.9421280595789,-139.705916340787));
#3482=CARTESIAN_POINT('',(149.62,11.9421280595789,-135.075916340787));
#3483=CARTESIAN_POINT('Origin',(149.62,11.9421280595789,-139.700916340787));
#3484=CARTESIAN_POINT('Origin',(149.62,11.9421280595789,-139.700916340787));
#3485=CARTESIAN_POINT('Origin',(150.,11.9421280595789,-139.700916340787));
#3486=CARTESIAN_POINT('',(150.,11.9421280595789,-135.075916340787));
#3487=CARTESIAN_POINT('Origin',(150.,11.9421280595789,-139.700916340787));
#3488=CARTESIAN_POINT('',(150.,11.9421280595789,-135.075916340787));
#3489=CARTESIAN_POINT('Origin',(145.,11.9421280595789,-139.700916340787));
#3490=CARTESIAN_POINT('Ctrl Pts',(149.62,5.10921355234471,-158.893060959978));
#3491=CARTESIAN_POINT('Ctrl Pts',(149.62,0.484213552344707,-158.893060959978));
#3492=CARTESIAN_POINT('Ctrl Pts',(149.62,0.484213552344706,-154.268060959978));
#3493=CARTESIAN_POINT('Ctrl Pts',(149.62,0.484213552344707,-149.643060959978));
#3494=CARTESIAN_POINT('Ctrl Pts',(149.62,5.10921355234471,-149.643060959978));
#3495=CARTESIAN_POINT('Ctrl Pts',(149.62,9.73421355234471,-149.643060959978));
#3496=CARTESIAN_POINT('Ctrl Pts',(149.62,9.73421355234471,-154.268060959978));
#3497=CARTESIAN_POINT('Ctrl Pts',(149.62,9.73421355234471,-158.893060959978));
#3498=CARTESIAN_POINT('Ctrl Pts',(149.62,5.10921355234471,-158.893060959978));
#3499=CARTESIAN_POINT('Ctrl Pts',(145.,5.10921355234471,-158.893060959978));
#3500=CARTESIAN_POINT('Ctrl Pts',(145.,0.484213552344707,-158.893060959978));
#3501=CARTESIAN_POINT('Ctrl Pts',(145.,0.484213552344706,-154.268060959978));
#3502=CARTESIAN_POINT('Ctrl Pts',(145.,0.484213552344707,-149.643060959978));
#3503=CARTESIAN_POINT('Ctrl Pts',(145.,5.10921355234471,-149.643060959978));
#3504=CARTESIAN_POINT('Ctrl Pts',(145.,9.73421355234471,-149.643060959978));
#3505=CARTESIAN_POINT('Ctrl Pts',(145.,9.73421355234471,-154.268060959978));
#3506=CARTESIAN_POINT('Ctrl Pts',(145.,9.73421355234471,-158.893060959978));
#3507=CARTESIAN_POINT('Ctrl Pts',(145.,5.10921355234471,-158.893060959978));
#3508=CARTESIAN_POINT('Ctrl Pts',(145.,5.10921355234471,-154.273060959978));
#3509=CARTESIAN_POINT('Ctrl Pts',(145.,5.1042135523447,-154.273060959978));
#3510=CARTESIAN_POINT('Ctrl Pts',(145.,5.1042135523447,-154.268060959978));
#3511=CARTESIAN_POINT('Ctrl Pts',(145.,5.1042135523447,-154.263060959978));
#3512=CARTESIAN_POINT('Ctrl Pts',(145.,5.10921355234471,-154.263060959978));
#3513=CARTESIAN_POINT('Ctrl Pts',(145.,5.11421355234472,-154.263060959978));
#3514=CARTESIAN_POINT('Ctrl Pts',(145.,5.11421355234472,-154.268060959978));
#3515=CARTESIAN_POINT('Ctrl Pts',(145.,5.11421355234472,-154.273060959978));
#3516=CARTESIAN_POINT('Ctrl Pts',(145.,5.10921355234471,-154.273060959978));
#3517=CARTESIAN_POINT('',(145.,5.10921355234471,-154.273060959978));
#3518=CARTESIAN_POINT('Origin',(145.,5.10921355234471,-154.268060959978));
#3519=CARTESIAN_POINT('',(149.62,5.10921355234471,-158.893060959978));
#3520=CARTESIAN_POINT('Origin',(149.62,5.10921355234471,-154.273060959978));
#3521=CARTESIAN_POINT('',(149.62,5.10921355234471,-149.643060959978));
#3522=CARTESIAN_POINT('Origin',(149.62,5.10921355234471,-154.268060959978));
#3523=CARTESIAN_POINT('Origin',(149.62,5.10921355234471,-154.268060959978));
#3524=CARTESIAN_POINT('Origin',(150.,5.10921355234471,-154.268060959978));
#3525=CARTESIAN_POINT('',(150.,5.10921355234471,-149.643060959978));
#3526=CARTESIAN_POINT('Origin',(150.,5.10921355234471,-154.268060959978));
#3527=CARTESIAN_POINT('',(150.,5.10921355234471,-149.643060959978));
#3528=CARTESIAN_POINT('Origin',(145.,5.10921355234471,-154.268060959978));
#3529=CARTESIAN_POINT('Ctrl Pts',(149.62,9.05859512984605,-204.256586601039));
#3530=CARTESIAN_POINT('Ctrl Pts',(149.62,4.43359512984603,-204.256586601039));
#3531=CARTESIAN_POINT('Ctrl Pts',(149.62,4.43359512984603,-199.631586601039));
#3532=CARTESIAN_POINT('Ctrl Pts',(149.62,4.43359512984603,-195.006586601039));
#3533=CARTESIAN_POINT('Ctrl Pts',(149.62,9.05859512984605,-195.006586601039));
#3534=CARTESIAN_POINT('Ctrl Pts',(149.62,13.6835951298461,-195.006586601039));
#3535=CARTESIAN_POINT('Ctrl Pts',(149.62,13.6835951298461,-199.631586601039));
#3536=CARTESIAN_POINT('Ctrl Pts',(149.62,13.6835951298461,-204.256586601039));
#3537=CARTESIAN_POINT('Ctrl Pts',(149.62,9.05859512984605,-204.256586601039));
#3538=CARTESIAN_POINT('Ctrl Pts',(145.,9.05859512984605,-204.256586601039));
#3539=CARTESIAN_POINT('Ctrl Pts',(145.,4.43359512984603,-204.256586601039));
#3540=CARTESIAN_POINT('Ctrl Pts',(145.,4.43359512984603,-199.631586601039));
#3541=CARTESIAN_POINT('Ctrl Pts',(145.,4.43359512984603,-195.006586601039));
#3542=CARTESIAN_POINT('Ctrl Pts',(145.,9.05859512984605,-195.006586601039));
#3543=CARTESIAN_POINT('Ctrl Pts',(145.,13.6835951298461,-195.006586601039));
#3544=CARTESIAN_POINT('Ctrl Pts',(145.,13.6835951298461,-199.631586601039));
#3545=CARTESIAN_POINT('Ctrl Pts',(145.,13.6835951298461,-204.256586601039));
#3546=CARTESIAN_POINT('Ctrl Pts',(145.,9.05859512984605,-204.256586601039));
#3547=CARTESIAN_POINT('Ctrl Pts',(145.,9.05859512984605,-199.636586601039));
#3548=CARTESIAN_POINT('Ctrl Pts',(145.,9.05359512984603,-199.636586601039));
#3549=CARTESIAN_POINT('Ctrl Pts',(145.,9.05359512984603,-199.631586601039));
#3550=CARTESIAN_POINT('Ctrl Pts',(145.,9.05359512984603,-199.626586601039));
#3551=CARTESIAN_POINT('Ctrl Pts',(145.,9.05859512984605,-199.626586601039));
#3552=CARTESIAN_POINT('Ctrl Pts',(145.,9.06359512984608,-199.626586601039));
#3553=CARTESIAN_POINT('Ctrl Pts',(145.,9.06359512984608,-199.631586601039));
#3554=CARTESIAN_POINT('Ctrl Pts',(145.,9.06359512984608,-199.636586601039));
#3555=CARTESIAN_POINT('Ctrl Pts',(145.,9.05859512984605,-199.636586601039));
#3556=CARTESIAN_POINT('',(145.,9.05859512984605,-199.636586601039));
#3557=CARTESIAN_POINT('Origin',(145.,9.05859512984605,-199.631586601039));
#3558=CARTESIAN_POINT('',(149.62,9.05859512984605,-204.256586601039));
#3559=CARTESIAN_POINT('Origin',(149.62,9.05859512984605,-199.636586601039));
#3560=CARTESIAN_POINT('',(149.62,9.05859512984606,-195.006586601039));
#3561=CARTESIAN_POINT('Origin',(149.62,9.05859512984605,-199.631586601039));
#3562=CARTESIAN_POINT('Origin',(149.62,9.05859512984605,-199.631586601039));
#3563=CARTESIAN_POINT('Origin',(150.,9.05859512984605,-199.631586601039));
#3564=CARTESIAN_POINT('',(150.,9.05859512984606,-195.006586601039));
#3565=CARTESIAN_POINT('Origin',(150.,9.05859512984605,-199.631586601039));
#3566=CARTESIAN_POINT('',(150.,9.05859512984606,-195.006586601039));
#3567=CARTESIAN_POINT('Origin',(145.,9.05859512984605,-199.631586601039));
#3568=CARTESIAN_POINT('Ctrl Pts',(149.62,21.2229679966879,-160.792788242016));
#3569=CARTESIAN_POINT('Ctrl Pts',(149.62,16.5979679966879,-160.792788242016));
#3570=CARTESIAN_POINT('Ctrl Pts',(149.62,16.5979679966879,-156.167788242016));
#3571=CARTESIAN_POINT('Ctrl Pts',(149.62,16.5979679966879,-151.542788242016));
#3572=CARTESIAN_POINT('Ctrl Pts',(149.62,21.2229679966879,-151.542788242016));
#3573=CARTESIAN_POINT('Ctrl Pts',(149.62,25.8479679966879,-151.542788242016));
#3574=CARTESIAN_POINT('Ctrl Pts',(149.62,25.8479679966879,-156.167788242016));
#3575=CARTESIAN_POINT('Ctrl Pts',(149.62,25.8479679966879,-160.792788242016));
#3576=CARTESIAN_POINT('Ctrl Pts',(149.62,21.2229679966879,-160.792788242016));
#3577=CARTESIAN_POINT('Ctrl Pts',(145.,21.2229679966879,-160.792788242016));
#3578=CARTESIAN_POINT('Ctrl Pts',(145.,16.5979679966879,-160.792788242016));
#3579=CARTESIAN_POINT('Ctrl Pts',(145.,16.5979679966879,-156.167788242016));
#3580=CARTESIAN_POINT('Ctrl Pts',(145.,16.5979679966879,-151.542788242016));
#3581=CARTESIAN_POINT('Ctrl Pts',(145.,21.2229679966879,-151.542788242016));
#3582=CARTESIAN_POINT('Ctrl Pts',(145.,25.8479679966879,-151.542788242016));
#3583=CARTESIAN_POINT('Ctrl Pts',(145.,25.8479679966879,-156.167788242016));
#3584=CARTESIAN_POINT('Ctrl Pts',(145.,25.8479679966879,-160.792788242016));
#3585=CARTESIAN_POINT('Ctrl Pts',(145.,21.2229679966879,-160.792788242016));
#3586=CARTESIAN_POINT('Ctrl Pts',(145.,21.2229679966879,-156.172788242016));
#3587=CARTESIAN_POINT('Ctrl Pts',(145.,21.2179679966879,-156.172788242016));
#3588=CARTESIAN_POINT('Ctrl Pts',(145.,21.2179679966879,-156.167788242016));
#3589=CARTESIAN_POINT('Ctrl Pts',(145.,21.2179679966879,-156.162788242016));
#3590=CARTESIAN_POINT('Ctrl Pts',(145.,21.2229679966879,-156.162788242016));
#3591=CARTESIAN_POINT('Ctrl Pts',(145.,21.2279679966879,-156.162788242016));
#3592=CARTESIAN_POINT('Ctrl Pts',(145.,21.2279679966879,-156.167788242016));
#3593=CARTESIAN_POINT('Ctrl Pts',(145.,21.2279679966879,-156.172788242016));
#3594=CARTESIAN_POINT('Ctrl Pts',(145.,21.2229679966879,-156.172788242016));
#3595=CARTESIAN_POINT('',(145.,21.2229679966879,-156.172788242016));
#3596=CARTESIAN_POINT('Origin',(145.,21.2229679966879,-156.167788242016));
#3597=CARTESIAN_POINT('',(149.62,21.2229679966879,-160.792788242016));
#3598=CARTESIAN_POINT('Origin',(149.62,21.2229679966879,-156.172788242016));
#3599=CARTESIAN_POINT('',(149.62,21.2229679966879,-151.542788242016));
#3600=CARTESIAN_POINT('Origin',(149.62,21.2229679966879,-156.167788242016));
#3601=CARTESIAN_POINT('Origin',(149.62,21.2229679966879,-156.167788242016));
#3602=CARTESIAN_POINT('Origin',(150.,21.2229679966879,-156.167788242016));
#3603=CARTESIAN_POINT('',(150.,21.2229679966879,-151.542788242016));
#3604=CARTESIAN_POINT('Origin',(150.,21.2229679966879,-156.167788242016));
#3605=CARTESIAN_POINT('',(150.,21.2229679966879,-151.542788242016));
#3606=CARTESIAN_POINT('Origin',(145.,21.2229679966879,-156.167788242016));
#3607=CARTESIAN_POINT('Ctrl Pts',(149.62,5.98195235873938,-94.8604915403313));
#3608=CARTESIAN_POINT('Ctrl Pts',(149.62,1.35695235873939,-94.8604915403313));
#3609=CARTESIAN_POINT('Ctrl Pts',(149.62,1.35695235873939,-90.2354915403313));
#3610=CARTESIAN_POINT('Ctrl Pts',(149.62,1.35695235873939,-85.6104915403313));
#3611=CARTESIAN_POINT('Ctrl Pts',(149.62,5.98195235873938,-85.6104915403313));
#3612=CARTESIAN_POINT('Ctrl Pts',(149.62,10.6069523587394,-85.6104915403313));
#3613=CARTESIAN_POINT('Ctrl Pts',(149.62,10.6069523587394,-90.2354915403313));
#3614=CARTESIAN_POINT('Ctrl Pts',(149.62,10.6069523587394,-94.8604915403313));
#3615=CARTESIAN_POINT('Ctrl Pts',(149.62,5.98195235873938,-94.8604915403313));
#3616=CARTESIAN_POINT('Ctrl Pts',(145.,5.98195235873938,-94.8604915403313));
#3617=CARTESIAN_POINT('Ctrl Pts',(145.,1.35695235873939,-94.8604915403313));
#3618=CARTESIAN_POINT('Ctrl Pts',(145.,1.35695235873939,-90.2354915403313));
#3619=CARTESIAN_POINT('Ctrl Pts',(145.,1.35695235873939,-85.6104915403313));
#3620=CARTESIAN_POINT('Ctrl Pts',(145.,5.98195235873938,-85.6104915403313));
#3621=CARTESIAN_POINT('Ctrl Pts',(145.,10.6069523587394,-85.6104915403313));
#3622=CARTESIAN_POINT('Ctrl Pts',(145.,10.6069523587394,-90.2354915403313));
#3623=CARTESIAN_POINT('Ctrl Pts',(145.,10.6069523587394,-94.8604915403313));
#3624=CARTESIAN_POINT('Ctrl Pts',(145.,5.98195235873938,-94.8604915403313));
#3625=CARTESIAN_POINT('Ctrl Pts',(145.,5.98195235873938,-90.2404915403313));
#3626=CARTESIAN_POINT('Ctrl Pts',(145.,5.97695235873939,-90.2404915403313));
#3627=CARTESIAN_POINT('Ctrl Pts',(145.,5.97695235873939,-90.2354915403313));
#3628=CARTESIAN_POINT('Ctrl Pts',(145.,5.97695235873939,-90.2304915403313));
#3629=CARTESIAN_POINT('Ctrl Pts',(145.,5.98195235873938,-90.2304915403313));
#3630=CARTESIAN_POINT('Ctrl Pts',(145.,5.98695235873937,-90.2304915403313));
#3631=CARTESIAN_POINT('Ctrl Pts',(145.,5.98695235873937,-90.2354915403313));
#3632=CARTESIAN_POINT('Ctrl Pts',(145.,5.98695235873937,-90.2404915403313));
#3633=CARTESIAN_POINT('Ctrl Pts',(145.,5.98195235873938,-90.2404915403313));
#3634=CARTESIAN_POINT('',(145.,5.98195235873938,-90.2404915403313));
#3635=CARTESIAN_POINT('Origin',(145.,5.98195235873938,-90.2354915403313));
#3636=CARTESIAN_POINT('',(149.62,5.98195235873938,-94.8604915403313));
#3637=CARTESIAN_POINT('Origin',(149.62,5.98195235873938,-90.2404915403313));
#3638=CARTESIAN_POINT('',(149.62,5.98195235873938,-85.6104915403313));
#3639=CARTESIAN_POINT('Origin',(149.62,5.98195235873938,-90.2354915403313));
#3640=CARTESIAN_POINT('Origin',(149.62,5.98195235873938,-90.2354915403313));
#3641=CARTESIAN_POINT('Origin',(150.,5.98195235873938,-90.2354915403313));
#3642=CARTESIAN_POINT('',(150.,5.98195235873938,-85.6104915403313));
#3643=CARTESIAN_POINT('Origin',(150.,5.98195235873938,-90.2354915403313));
#3644=CARTESIAN_POINT('',(150.,5.98195235873938,-85.6104915403313));
#3645=CARTESIAN_POINT('Origin',(145.,5.98195235873938,-90.2354915403313));
#3646=CARTESIAN_POINT('Ctrl Pts',(149.62,7.42371882360583,-64.8951564102051));
#3647=CARTESIAN_POINT('Ctrl Pts',(149.62,2.79871882360584,-64.8951564102051));
#3648=CARTESIAN_POINT('Ctrl Pts',(149.62,2.79871882360584,-60.2701564102051));
#3649=CARTESIAN_POINT('Ctrl Pts',(149.62,2.79871882360584,-55.6451564102051));
#3650=CARTESIAN_POINT('Ctrl Pts',(149.62,7.42371882360583,-55.6451564102051));
#3651=CARTESIAN_POINT('Ctrl Pts',(149.62,12.0487188236058,-55.6451564102051));
#3652=CARTESIAN_POINT('Ctrl Pts',(149.62,12.0487188236058,-60.2701564102051));
#3653=CARTESIAN_POINT('Ctrl Pts',(149.62,12.0487188236058,-64.8951564102051));
#3654=CARTESIAN_POINT('Ctrl Pts',(149.62,7.42371882360583,-64.8951564102051));
#3655=CARTESIAN_POINT('Ctrl Pts',(145.,7.42371882360583,-64.8951564102051));
#3656=CARTESIAN_POINT('Ctrl Pts',(145.,2.79871882360584,-64.8951564102051));
#3657=CARTESIAN_POINT('Ctrl Pts',(145.,2.79871882360584,-60.2701564102051));
#3658=CARTESIAN_POINT('Ctrl Pts',(145.,2.79871882360584,-55.6451564102051));
#3659=CARTESIAN_POINT('Ctrl Pts',(145.,7.42371882360583,-55.6451564102051));
#3660=CARTESIAN_POINT('Ctrl Pts',(145.,12.0487188236058,-55.6451564102051));
#3661=CARTESIAN_POINT('Ctrl Pts',(145.,12.0487188236058,-60.2701564102051));
#3662=CARTESIAN_POINT('Ctrl Pts',(145.,12.0487188236058,-64.8951564102051));
#3663=CARTESIAN_POINT('Ctrl Pts',(145.,7.42371882360583,-64.8951564102051));
#3664=CARTESIAN_POINT('Ctrl Pts',(145.,7.42371882360583,-60.2751564102051));
#3665=CARTESIAN_POINT('Ctrl Pts',(145.,7.41871882360583,-60.2751564102051));
#3666=CARTESIAN_POINT('Ctrl Pts',(145.,7.41871882360583,-60.2701564102051));
#3667=CARTESIAN_POINT('Ctrl Pts',(145.,7.41871882360583,-60.2651564102051));
#3668=CARTESIAN_POINT('Ctrl Pts',(145.,7.42371882360583,-60.2651564102051));
#3669=CARTESIAN_POINT('Ctrl Pts',(145.,7.42871882360583,-60.2651564102051));
#3670=CARTESIAN_POINT('Ctrl Pts',(145.,7.42871882360583,-60.2701564102051));
#3671=CARTESIAN_POINT('Ctrl Pts',(145.,7.42871882360583,-60.2751564102051));
#3672=CARTESIAN_POINT('Ctrl Pts',(145.,7.42371882360583,-60.2751564102051));
#3673=CARTESIAN_POINT('',(145.,7.42371882360583,-60.2751564102051));
#3674=CARTESIAN_POINT('Origin',(145.,7.42371882360583,-60.2701564102051));
#3675=CARTESIAN_POINT('',(149.62,7.42371882360583,-64.8951564102051));
#3676=CARTESIAN_POINT('Origin',(149.62,7.42371882360583,-60.2751564102051));
#3677=CARTESIAN_POINT('',(149.62,7.42371882360583,-55.6451564102051));
#3678=CARTESIAN_POINT('Origin',(149.62,7.42371882360583,-60.2701564102051));
#3679=CARTESIAN_POINT('Origin',(149.62,7.42371882360583,-60.2701564102051));
#3680=CARTESIAN_POINT('Origin',(150.,7.42371882360583,-60.2701564102051));
#3681=CARTESIAN_POINT('',(150.,7.42371882360583,-55.6451564102051));
#3682=CARTESIAN_POINT('Origin',(150.,7.42371882360583,-60.2701564102051));
#3683=CARTESIAN_POINT('',(150.,7.42371882360583,-55.6451564102051));
#3684=CARTESIAN_POINT('Origin',(145.,7.42371882360583,-60.2701564102051));
#3685=CARTESIAN_POINT('Ctrl Pts',(149.62,22.6647344615543,-130.82745311189));
#3686=CARTESIAN_POINT('Ctrl Pts',(149.62,18.0397344615543,-130.82745311189));
#3687=CARTESIAN_POINT('Ctrl Pts',(149.62,18.0397344615543,-126.20245311189));
#3688=CARTESIAN_POINT('Ctrl Pts',(149.62,18.0397344615543,-121.57745311189));
#3689=CARTESIAN_POINT('Ctrl Pts',(149.62,22.6647344615543,-121.57745311189));
#3690=CARTESIAN_POINT('Ctrl Pts',(149.62,27.2897344615543,-121.57745311189));
#3691=CARTESIAN_POINT('Ctrl Pts',(149.62,27.2897344615543,-126.20245311189));
#3692=CARTESIAN_POINT('Ctrl Pts',(149.62,27.2897344615543,-130.82745311189));
#3693=CARTESIAN_POINT('Ctrl Pts',(149.62,22.6647344615543,-130.82745311189));
#3694=CARTESIAN_POINT('Ctrl Pts',(145.,22.6647344615543,-130.82745311189));
#3695=CARTESIAN_POINT('Ctrl Pts',(145.,18.0397344615543,-130.82745311189));
#3696=CARTESIAN_POINT('Ctrl Pts',(145.,18.0397344615543,-126.20245311189));
#3697=CARTESIAN_POINT('Ctrl Pts',(145.,18.0397344615543,-121.57745311189));
#3698=CARTESIAN_POINT('Ctrl Pts',(145.,22.6647344615543,-121.57745311189));
#3699=CARTESIAN_POINT('Ctrl Pts',(145.,27.2897344615543,-121.57745311189));
#3700=CARTESIAN_POINT('Ctrl Pts',(145.,27.2897344615543,-126.20245311189));
#3701=CARTESIAN_POINT('Ctrl Pts',(145.,27.2897344615543,-130.82745311189));
#3702=CARTESIAN_POINT('Ctrl Pts',(145.,22.6647344615543,-130.82745311189));
#3703=CARTESIAN_POINT('Ctrl Pts',(145.,22.6647344615543,-126.20745311189));
#3704=CARTESIAN_POINT('Ctrl Pts',(145.,22.6597344615543,-126.20745311189));
#3705=CARTESIAN_POINT('Ctrl Pts',(145.,22.6597344615543,-126.20245311189));
#3706=CARTESIAN_POINT('Ctrl Pts',(145.,22.6597344615543,-126.19745311189));
#3707=CARTESIAN_POINT('Ctrl Pts',(145.,22.6647344615543,-126.19745311189));
#3708=CARTESIAN_POINT('Ctrl Pts',(145.,22.6697344615543,-126.19745311189));
#3709=CARTESIAN_POINT('Ctrl Pts',(145.,22.6697344615543,-126.20245311189));
#3710=CARTESIAN_POINT('Ctrl Pts',(145.,22.6697344615543,-126.20745311189));
#3711=CARTESIAN_POINT('Ctrl Pts',(145.,22.6647344615543,-126.20745311189));
#3712=CARTESIAN_POINT('',(145.,22.6647344615543,-126.20745311189));
#3713=CARTESIAN_POINT('Origin',(145.,22.6647344615543,-126.20245311189));
#3714=CARTESIAN_POINT('',(149.62,22.6647344615543,-130.82745311189));
#3715=CARTESIAN_POINT('Origin',(149.62,22.6647344615543,-126.20745311189));
#3716=CARTESIAN_POINT('',(149.62,22.6647344615543,-121.57745311189));
#3717=CARTESIAN_POINT('Origin',(149.62,22.6647344615543,-126.20245311189));
#3718=CARTESIAN_POINT('Origin',(149.62,22.6647344615543,-126.20245311189));
#3719=CARTESIAN_POINT('Origin',(150.,22.6647344615543,-126.20245311189));
#3720=CARTESIAN_POINT('',(150.,22.6647344615543,-121.57745311189));
#3721=CARTESIAN_POINT('Origin',(150.,22.6647344615543,-126.20245311189));
#3722=CARTESIAN_POINT('',(150.,22.6647344615543,-121.57745311189));
#3723=CARTESIAN_POINT('Origin',(145.,22.6647344615543,-126.20245311189));
#3724=CARTESIAN_POINT('Ctrl Pts',(149.62,10.5003615947125,-174.291251470913));
#3725=CARTESIAN_POINT('Ctrl Pts',(149.62,5.87536159471252,-174.291251470913));
#3726=CARTESIAN_POINT('Ctrl Pts',(149.62,5.87536159471252,-169.666251470913));
#3727=CARTESIAN_POINT('Ctrl Pts',(149.62,5.87536159471252,-165.041251470913));
#3728=CARTESIAN_POINT('Ctrl Pts',(149.62,10.5003615947125,-165.041251470913));
#3729=CARTESIAN_POINT('Ctrl Pts',(149.62,15.1253615947125,-165.041251470913));
#3730=CARTESIAN_POINT('Ctrl Pts',(149.62,15.1253615947125,-169.666251470913));
#3731=CARTESIAN_POINT('Ctrl Pts',(149.62,15.1253615947125,-174.291251470913));
#3732=CARTESIAN_POINT('Ctrl Pts',(149.62,10.5003615947125,-174.291251470913));
#3733=CARTESIAN_POINT('Ctrl Pts',(145.,10.5003615947125,-174.291251470913));
#3734=CARTESIAN_POINT('Ctrl Pts',(145.,5.87536159471252,-174.291251470913));
#3735=CARTESIAN_POINT('Ctrl Pts',(145.,5.87536159471252,-169.666251470913));
#3736=CARTESIAN_POINT('Ctrl Pts',(145.,5.87536159471252,-165.041251470913));
#3737=CARTESIAN_POINT('Ctrl Pts',(145.,10.5003615947125,-165.041251470913));
#3738=CARTESIAN_POINT('Ctrl Pts',(145.,15.1253615947125,-165.041251470913));
#3739=CARTESIAN_POINT('Ctrl Pts',(145.,15.1253615947125,-169.666251470913));
#3740=CARTESIAN_POINT('Ctrl Pts',(145.,15.1253615947125,-174.291251470913));
#3741=CARTESIAN_POINT('Ctrl Pts',(145.,10.5003615947125,-174.291251470913));
#3742=CARTESIAN_POINT('Ctrl Pts',(145.,10.5003615947125,-169.671251470913));
#3743=CARTESIAN_POINT('Ctrl Pts',(145.,10.4953615947125,-169.671251470913));
#3744=CARTESIAN_POINT('Ctrl Pts',(145.,10.4953615947125,-169.666251470913));
#3745=CARTESIAN_POINT('Ctrl Pts',(145.,10.4953615947125,-169.661251470913));
#3746=CARTESIAN_POINT('Ctrl Pts',(145.,10.5003615947125,-169.661251470913));
#3747=CARTESIAN_POINT('Ctrl Pts',(145.,10.5053615947125,-169.661251470913));
#3748=CARTESIAN_POINT('Ctrl Pts',(145.,10.5053615947125,-169.666251470913));
#3749=CARTESIAN_POINT('Ctrl Pts',(145.,10.5053615947125,-169.671251470913));
#3750=CARTESIAN_POINT('Ctrl Pts',(145.,10.5003615947125,-169.671251470913));
#3751=CARTESIAN_POINT('',(145.,10.5003615947125,-169.671251470913));
#3752=CARTESIAN_POINT('Origin',(145.,10.5003615947125,-169.666251470913));
#3753=CARTESIAN_POINT('',(149.62,10.5003615947125,-174.291251470913));
#3754=CARTESIAN_POINT('Origin',(149.62,10.5003615947125,-169.671251470913));
#3755=CARTESIAN_POINT('',(149.62,10.5003615947125,-165.041251470913));
#3756=CARTESIAN_POINT('Origin',(149.62,10.5003615947125,-169.666251470913));
#3757=CARTESIAN_POINT('Origin',(149.62,10.5003615947125,-169.666251470913));
#3758=CARTESIAN_POINT('Origin',(150.,10.5003615947125,-169.666251470913));
#3759=CARTESIAN_POINT('',(150.,10.5003615947125,-165.041251470913));
#3760=CARTESIAN_POINT('Origin',(150.,10.5003615947125,-169.666251470913));
#3761=CARTESIAN_POINT('',(150.,10.5003615947125,-165.041251470913));
#3762=CARTESIAN_POINT('Origin',(145.,10.5003615947125,-169.666251470913));
#3763=CARTESIAN_POINT('Ctrl Pts',(149.62,7.6168286649796,-234.221921731165));
#3764=CARTESIAN_POINT('Ctrl Pts',(149.62,2.99182866497958,-234.221921731165));
#3765=CARTESIAN_POINT('Ctrl Pts',(149.62,2.99182866497958,-229.596921731165));
#3766=CARTESIAN_POINT('Ctrl Pts',(149.62,2.99182866497958,-224.971921731165));
#3767=CARTESIAN_POINT('Ctrl Pts',(149.62,7.6168286649796,-224.971921731165));
#3768=CARTESIAN_POINT('Ctrl Pts',(149.62,12.2418286649796,-224.971921731165));
#3769=CARTESIAN_POINT('Ctrl Pts',(149.62,12.2418286649796,-229.596921731165));
#3770=CARTESIAN_POINT('Ctrl Pts',(149.62,12.2418286649796,-234.221921731165));
#3771=CARTESIAN_POINT('Ctrl Pts',(149.62,7.6168286649796,-234.221921731165));
#3772=CARTESIAN_POINT('Ctrl Pts',(145.,7.6168286649796,-234.221921731165));
#3773=CARTESIAN_POINT('Ctrl Pts',(145.,2.99182866497958,-234.221921731165));
#3774=CARTESIAN_POINT('Ctrl Pts',(145.,2.99182866497958,-229.596921731165));
#3775=CARTESIAN_POINT('Ctrl Pts',(145.,2.99182866497958,-224.971921731165));
#3776=CARTESIAN_POINT('Ctrl Pts',(145.,7.6168286649796,-224.971921731165));
#3777=CARTESIAN_POINT('Ctrl Pts',(145.,12.2418286649796,-224.971921731165));
#3778=CARTESIAN_POINT('Ctrl Pts',(145.,12.2418286649796,-229.596921731165));
#3779=CARTESIAN_POINT('Ctrl Pts',(145.,12.2418286649796,-234.221921731165));
#3780=CARTESIAN_POINT('Ctrl Pts',(145.,7.6168286649796,-234.221921731165));
#3781=CARTESIAN_POINT('Ctrl Pts',(145.,7.6168286649796,-229.601921731165));
#3782=CARTESIAN_POINT('Ctrl Pts',(145.,7.61182866497958,-229.601921731165));
#3783=CARTESIAN_POINT('Ctrl Pts',(145.,7.61182866497958,-229.596921731165));
#3784=CARTESIAN_POINT('Ctrl Pts',(145.,7.61182866497958,-229.591921731165));
#3785=CARTESIAN_POINT('Ctrl Pts',(145.,7.6168286649796,-229.591921731165));
#3786=CARTESIAN_POINT('Ctrl Pts',(145.,7.62182866497962,-229.591921731165));
#3787=CARTESIAN_POINT('Ctrl Pts',(145.,7.62182866497962,-229.596921731165));
#3788=CARTESIAN_POINT('Ctrl Pts',(145.,7.62182866497962,-229.601921731165));
#3789=CARTESIAN_POINT('Ctrl Pts',(145.,7.6168286649796,-229.601921731165));
#3790=CARTESIAN_POINT('',(145.,7.6168286649796,-229.601921731165));
#3791=CARTESIAN_POINT('Origin',(145.,7.6168286649796,-229.596921731165));
#3792=CARTESIAN_POINT('',(149.62,7.6168286649796,-234.221921731165));
#3793=CARTESIAN_POINT('Origin',(149.62,7.6168286649796,-229.601921731165));
#3794=CARTESIAN_POINT('',(149.62,7.6168286649796,-224.971921731165));
#3795=CARTESIAN_POINT('Origin',(149.62,7.6168286649796,-229.596921731165));
#3796=CARTESIAN_POINT('Origin',(149.62,7.6168286649796,-229.596921731165));
#3797=CARTESIAN_POINT('Origin',(150.,7.6168286649796,-229.596921731165));
#3798=CARTESIAN_POINT('',(150.,7.6168286649796,-224.971921731165));
#3799=CARTESIAN_POINT('Origin',(150.,7.6168286649796,-229.596921731165));
#3800=CARTESIAN_POINT('',(150.,7.6168286649796,-224.971921731165));
#3801=CARTESIAN_POINT('Origin',(145.,7.6168286649796,-229.596921731165));
#3802=CARTESIAN_POINT('Ctrl Pts',(149.62,4.98934668271421,-130.903148002609));
#3803=CARTESIAN_POINT('Ctrl Pts',(149.62,0.364346682714204,-130.903148002609));
#3804=CARTESIAN_POINT('Ctrl Pts',(149.62,0.364346682714203,-126.278148002609));
#3805=CARTESIAN_POINT('Ctrl Pts',(149.62,0.364346682714204,-121.653148002609));
#3806=CARTESIAN_POINT('Ctrl Pts',(149.62,4.98934668271421,-121.653148002609));
#3807=CARTESIAN_POINT('Ctrl Pts',(149.62,9.61434668271421,-121.653148002609));
#3808=CARTESIAN_POINT('Ctrl Pts',(149.62,9.61434668271421,-126.278148002609));
#3809=CARTESIAN_POINT('Ctrl Pts',(149.62,9.61434668271421,-130.903148002609));
#3810=CARTESIAN_POINT('Ctrl Pts',(149.62,4.98934668271421,-130.903148002609));
#3811=CARTESIAN_POINT('Ctrl Pts',(145.,4.98934668271421,-130.903148002609));
#3812=CARTESIAN_POINT('Ctrl Pts',(145.,0.364346682714204,-130.903148002609));
#3813=CARTESIAN_POINT('Ctrl Pts',(145.,0.364346682714203,-126.278148002609));
#3814=CARTESIAN_POINT('Ctrl Pts',(145.,0.364346682714204,-121.653148002609));
#3815=CARTESIAN_POINT('Ctrl Pts',(145.,4.98934668271421,-121.653148002609));
#3816=CARTESIAN_POINT('Ctrl Pts',(145.,9.61434668271421,-121.653148002609));
#3817=CARTESIAN_POINT('Ctrl Pts',(145.,9.61434668271421,-126.278148002609));
#3818=CARTESIAN_POINT('Ctrl Pts',(145.,9.61434668271421,-130.903148002609));
#3819=CARTESIAN_POINT('Ctrl Pts',(145.,4.98934668271421,-130.903148002609));
#3820=CARTESIAN_POINT('Ctrl Pts',(145.,4.98934668271421,-126.283148002609));
#3821=CARTESIAN_POINT('Ctrl Pts',(145.,4.9843466827142,-126.283148002609));
#3822=CARTESIAN_POINT('Ctrl Pts',(145.,4.9843466827142,-126.278148002609));
#3823=CARTESIAN_POINT('Ctrl Pts',(145.,4.9843466827142,-126.273148002609));
#3824=CARTESIAN_POINT('Ctrl Pts',(145.,4.98934668271421,-126.273148002609));
#3825=CARTESIAN_POINT('Ctrl Pts',(145.,4.99434668271421,-126.273148002609));
#3826=CARTESIAN_POINT('Ctrl Pts',(145.,4.99434668271421,-126.278148002609));
#3827=CARTESIAN_POINT('Ctrl Pts',(145.,4.99434668271421,-126.283148002609));
#3828=CARTESIAN_POINT('Ctrl Pts',(145.,4.98934668271421,-126.283148002609));
#3829=CARTESIAN_POINT('',(145.,4.98934668271421,-126.283148002609));
#3830=CARTESIAN_POINT('Origin',(145.,4.98934668271421,-126.278148002609));
#3831=CARTESIAN_POINT('',(149.62,4.98934668271421,-130.903148002609));
#3832=CARTESIAN_POINT('Origin',(149.62,4.98934668271421,-126.283148002609));
#3833=CARTESIAN_POINT('',(149.62,4.98934668271421,-121.653148002609));
#3834=CARTESIAN_POINT('Origin',(149.62,4.98934668271421,-126.278148002609));
#3835=CARTESIAN_POINT('Origin',(149.62,4.98934668271421,-126.278148002609));
#3836=CARTESIAN_POINT('Origin',(150.,4.98934668271421,-126.278148002609));
#3837=CARTESIAN_POINT('',(150.,4.98934668271421,-121.653148002609));
#3838=CARTESIAN_POINT('Origin',(150.,4.98934668271421,-126.278148002609));
#3839=CARTESIAN_POINT('',(150.,4.98934668271421,-121.653148002609));
#3840=CARTESIAN_POINT('Origin',(145.,4.98934668271421,-126.278148002609));
#3841=CARTESIAN_POINT('Ctrl Pts',(149.62,14.931063540036,-82.1511334064846));
#3842=CARTESIAN_POINT('Ctrl Pts',(149.62,10.306063540036,-82.1511334064846));
#3843=CARTESIAN_POINT('Ctrl Pts',(149.62,10.306063540036,-77.5261334064846));
#3844=CARTESIAN_POINT('Ctrl Pts',(149.62,10.306063540036,-72.9011334064846));
#3845=CARTESIAN_POINT('Ctrl Pts',(149.62,14.931063540036,-72.9011334064846));
#3846=CARTESIAN_POINT('Ctrl Pts',(149.62,19.556063540036,-72.9011334064846));
#3847=CARTESIAN_POINT('Ctrl Pts',(149.62,19.556063540036,-77.5261334064846));
#3848=CARTESIAN_POINT('Ctrl Pts',(149.62,19.556063540036,-82.1511334064846));
#3849=CARTESIAN_POINT('Ctrl Pts',(149.62,14.931063540036,-82.1511334064846));
#3850=CARTESIAN_POINT('Ctrl Pts',(145.,14.931063540036,-82.1511334064846));
#3851=CARTESIAN_POINT('Ctrl Pts',(145.,10.306063540036,-82.1511334064846));
#3852=CARTESIAN_POINT('Ctrl Pts',(145.,10.306063540036,-77.5261334064846));
#3853=CARTESIAN_POINT('Ctrl Pts',(145.,10.306063540036,-72.9011334064846));
#3854=CARTESIAN_POINT('Ctrl Pts',(145.,14.931063540036,-72.9011334064846));
#3855=CARTESIAN_POINT('Ctrl Pts',(145.,19.556063540036,-72.9011334064846));
#3856=CARTESIAN_POINT('Ctrl Pts',(145.,19.556063540036,-77.5261334064846));
#3857=CARTESIAN_POINT('Ctrl Pts',(145.,19.556063540036,-82.1511334064846));
#3858=CARTESIAN_POINT('Ctrl Pts',(145.,14.931063540036,-82.1511334064846));
#3859=CARTESIAN_POINT('Ctrl Pts',(145.,14.931063540036,-77.5311334064846));
#3860=CARTESIAN_POINT('Ctrl Pts',(145.,14.926063540036,-77.5311334064846));
#3861=CARTESIAN_POINT('Ctrl Pts',(145.,14.926063540036,-77.5261334064846));
#3862=CARTESIAN_POINT('Ctrl Pts',(145.,14.926063540036,-77.5211334064846));
#3863=CARTESIAN_POINT('Ctrl Pts',(145.,14.931063540036,-77.5211334064846));
#3864=CARTESIAN_POINT('Ctrl Pts',(145.,14.936063540036,-77.5211334064846));
#3865=CARTESIAN_POINT('Ctrl Pts',(145.,14.936063540036,-77.5261334064846));
#3866=CARTESIAN_POINT('Ctrl Pts',(145.,14.936063540036,-77.5311334064846));
#3867=CARTESIAN_POINT('Ctrl Pts',(145.,14.931063540036,-77.5311334064846));
#3868=CARTESIAN_POINT('',(145.,14.931063540036,-77.5311334064846));
#3869=CARTESIAN_POINT('Origin',(145.,14.931063540036,-77.5261334064846));
#3870=CARTESIAN_POINT('',(149.62,14.931063540036,-82.1511334064846));
#3871=CARTESIAN_POINT('Origin',(149.62,14.931063540036,-77.5311334064846));
#3872=CARTESIAN_POINT('',(149.62,14.931063540036,-72.9011334064846));
#3873=CARTESIAN_POINT('Origin',(149.62,14.931063540036,-77.5261334064846));
#3874=CARTESIAN_POINT('Origin',(149.62,14.931063540036,-77.5261334064846));
#3875=CARTESIAN_POINT('Origin',(150.,14.931063540036,-77.5261334064846));
#3876=CARTESIAN_POINT('',(150.,14.931063540036,-72.9011334064846));
#3877=CARTESIAN_POINT('Origin',(150.,14.931063540036,-77.5261334064846));
#3878=CARTESIAN_POINT('',(150.,14.931063540036,-72.9011334064846));
#3879=CARTESIAN_POINT('Origin',(145.,14.931063540036,-77.5261334064846));
#3880=CARTESIAN_POINT('Origin',(64.875,-2.44220890171229,-229.771765974127));
#3881=CARTESIAN_POINT('',(64.875,15.5246348239945,-229.771765974127));
#3882=CARTESIAN_POINT('',(64.875,-2.44220890171229,-229.771765974127));
#3883=CARTESIAN_POINT('',(64.875,15.4946667286075,-230.30027577441));
#3884=CARTESIAN_POINT('',(64.8750000000004,17.0939437059985,-202.095828845019));
#3885=CARTESIAN_POINT('',(64.875,-2.44220890171229,-230.30027577441));
#3886=CARTESIAN_POINT('Origin',(85.125,-2.44220890171229,-229.771765974127));
#3887=CARTESIAN_POINT('',(85.125,15.5246348239945,-229.771765974127));
#3888=CARTESIAN_POINT('',(85.125,-2.44220890171229,-229.771765974127));
#3889=CARTESIAN_POINT('',(80.0625,15.5246348239945,-229.771765974127));
#3890=CARTESIAN_POINT('Origin',(85.125,-2.44220890171229,-230.30027577441));
#3891=CARTESIAN_POINT('',(85.125,15.4946667286075,-230.30027577441));
#3892=CARTESIAN_POINT('',(85.125,-2.44220890171229,-230.30027577441));
#3893=CARTESIAN_POINT('',(85.124999999999,17.0790076810769,-202.359236827621));
#3894=CARTESIAN_POINT('Origin',(105.25,-2.44220890171229,-230.30027577441));
#3895=CARTESIAN_POINT('',(105.25,15.4946667286075,-230.30027577441));
#3896=CARTESIAN_POINT('',(105.25,-2.44220890171229,-230.30027577441));
#3897=CARTESIAN_POINT('',(90.125,15.4946667286075,-230.30027577441));
#3898=CARTESIAN_POINT('Origin',(64.875,-2.44220890171229,-230.30027577441));
#3899=CARTESIAN_POINT('',(44.7499999999999,15.4946667286075,-230.30027577441));
#3900=CARTESIAN_POINT('',(69.9374999999999,15.4946667286075,-230.30027577441));
#3901=CARTESIAN_POINT('',(44.7499999999999,-2.44220890171229,-230.30027577441));
#3902=CARTESIAN_POINT('Origin',(105.25,-2.44220890171229,-98.1079283934797));
#3903=CARTESIAN_POINT('',(105.25,20.2773514595525,-145.95404958537));
#3904=CARTESIAN_POINT('',(105.25,2.55779109828771,-98.1079283934797));
#3905=CARTESIAN_POINT('',(105.25,-2.44220890171229,-98.1079283934797));
#3906=CARTESIAN_POINT('',(105.25,2.55779109828771,-100.175095532231));
#3907=CARTESIAN_POINT('',(105.25,2.55779109828771,-168.60792839348));
#3908=CARTESIAN_POINT('',(105.25,2.13589639383211,-107.733143997931));
#3909=CARTESIAN_POINT('Origin',(74.9999999999999,2.55779109828771,-133.35792839348));
#3910=CARTESIAN_POINT('',(44.7499999999999,2.55779109828771,-100.175095532231));
#3911=CARTESIAN_POINT('',(37.5,2.55779109828771,-100.175095532231));
#3912=CARTESIAN_POINT('',(44.7499999999999,2.55779109828771,-98.1079283934797));
#3913=CARTESIAN_POINT('',(105.25,2.55779109828771,-98.1079283934797));
#3914=CARTESIAN_POINT('',(44.7499999999999,2.55779109828771,-98.1079283934797));
#3915=CARTESIAN_POINT('Origin',(44.7499999999999,-2.44220890171229,-98.1079283934797));
#3916=CARTESIAN_POINT('',(44.7499999999999,-2.44220890171229,-98.1079283934797));
#3917=CARTESIAN_POINT('Origin',(44.7499999999999,-2.44220890171229,-168.60792839348));
#3918=CARTESIAN_POINT('',(44.7499999999999,0.174332800782951,-142.873648366074));
#3919=CARTESIAN_POINT('',(44.7499999999999,17.0790076810769,-202.359236827621));
#3920=CARTESIAN_POINT('Origin',(0.,1.61450093360813,-117.073702475084));
#3921=CARTESIAN_POINT('',(150.,2.74261021062765,-96.8641466302877));
#3922=CARTESIAN_POINT('',(0.,2.74261021062765,-96.8641466302877));
#3923=CARTESIAN_POINT('',(150.,1.61450093360813,-117.073702475084));
#3924=CARTESIAN_POINT('Origin',(0.,2.74261021062765,-96.8641466302877));
#3925=CARTESIAN_POINT('',(150.,22.996788188193,-97.9947467409669));
#3926=CARTESIAN_POINT('',(0.,22.996788188193,-97.9947467409669));
#3927=CARTESIAN_POINT('',(150.,2.74261021062765,-96.8641466302877));
#3928=CARTESIAN_POINT('Origin',(0.,22.996788188193,-97.9947467409669));
#3929=CARTESIAN_POINT('',(150.,22.996788188193,-97.9947467409669));
#3930=CARTESIAN_POINT('Origin',(0.,2.48186667923203,4.60026124293314));
#3931=CARTESIAN_POINT('',(150.,2.48186667923203,4.60026124293314));
#3932=CARTESIAN_POINT('',(150.,2.48186667923203,4.60026124293314));
#3933=CARTESIAN_POINT('',(0.,2.48186667923203,4.60026124293314));
#3934=CARTESIAN_POINT('Origin',(0.,2.48186667923203,-0.399738757066858));
#3935=CARTESIAN_POINT('',(150.,7.48184960820175,-0.412804361215694));
#3936=CARTESIAN_POINT('Origin',(150.,2.48186667923203,-0.399738757066858));
#3937=CARTESIAN_POINT('',(0.,7.48184960820175,-0.412804361215694));
#3938=CARTESIAN_POINT('Origin',(0.,207.481166766988,-0.935428527169151));
#3939=CARTESIAN_POINT('Origin',(150.,207.481166766988,-0.935428527169151));
#3940=CARTESIAN_POINT('Origin',(150.,15.1016482548754,-162.777476224923));
#3941=UNCERTAINTY_MEASURE_WITH_UNIT(LENGTH_MEASURE(0.01),#3945,
'DISTANCE_ACCURACY_VALUE',
'Maximum model space distance between geometric entities at asserted c
onnectivities');
#3942=UNCERTAINTY_MEASURE_WITH_UNIT(LENGTH_MEASURE(0.01),#3945,
'DISTANCE_ACCURACY_VALUE',
'Maximum model space distance between geometric entities at asserted c
onnectivities');
#3943=(
GEOMETRIC_REPRESENTATION_CONTEXT(3)
GLOBAL_UNCERTAINTY_ASSIGNED_CONTEXT((#3941))
GLOBAL_UNIT_ASSIGNED_CONTEXT((#3945,#3947,#3948))
REPRESENTATION_CONTEXT('','3D')
);
#3944=(
GEOMETRIC_REPRESENTATION_CONTEXT(3)
GLOBAL_UNCERTAINTY_ASSIGNED_CONTEXT((#3942))
GLOBAL_UNIT_ASSIGNED_CONTEXT((#3945,#3947,#3948))
REPRESENTATION_CONTEXT('','3D')
);
#3945=(
LENGTH_UNIT()
NAMED_UNIT(*)
SI_UNIT(.MILLI.,.METRE.)
);
#3946=(
LENGTH_UNIT()
NAMED_UNIT(*)
SI_UNIT(.CENTI.,.METRE.)
);
#3947=(
NAMED_UNIT(*)
PLANE_ANGLE_UNIT()
SI_UNIT($,.RADIAN.)
);
#3948=(
NAMED_UNIT(*)
SI_UNIT($,.STERADIAN.)
SOLID_ANGLE_UNIT()
);
#3949=SHAPE_DEFINITION_REPRESENTATION(#3950,#3951);
#3950=PRODUCT_DEFINITION_SHAPE('',$,#3953);
#3951=SHAPE_REPRESENTATION('',(#1765),#3943);
#3952=PRODUCT_DEFINITION_CONTEXT('part definition',#3957,'design');
#3953=PRODUCT_DEFINITION('WingBox','WingBox',#3954,#3952);
#3954=PRODUCT_DEFINITION_FORMATION('',$,#3959);
#3955=PRODUCT_RELATED_PRODUCT_CATEGORY('WingBox','WingBox',(#3959));
#3956=APPLICATION_PROTOCOL_DEFINITION('international standard',
'automotive_design',2009,#3957);
#3957=APPLICATION_CONTEXT(
'Core Data for Automotive Mechanical Design Process');
#3958=PRODUCT_CONTEXT('part definition',#3957,'mechanical');
#3959=PRODUCT('WingBox','WingBox',$,(#3958));
#3960=PRESENTATION_STYLE_ASSIGNMENT((#3961));
#3961=SURFACE_STYLE_USAGE(.BOTH.,#3964);
#3962=SURFACE_STYLE_RENDERING_WITH_PROPERTIES($,#3968,(#3963));
#3963=SURFACE_STYLE_TRANSPARENT(0.);
#3964=SURFACE_SIDE_STYLE('',(#3965,#3962));
#3965=SURFACE_STYLE_FILL_AREA(#3966);
#3966=FILL_AREA_STYLE('',(#3967));
#3967=FILL_AREA_STYLE_COLOUR('',#3968);
#3968=COLOUR_RGB('',0.92156862745098,0.92156862745098,0.92156862745098);
ENDSEC;
END-ISO-10303-21;
