ISO-10303-21;
HEADER;
/* Generated by software containing ST-Developer
 * from STEP Tools, Inc. (www.steptools.com) 
 */

FILE_DESCRIPTION(
/* description */ (''),
/* implementation_level */ '2;1');

FILE_NAME(
/* name */ 'WingBox_v2.stp',
/* time_stamp */ '2026-09-22T10:56:31-04:00',
/* author */ ('mateo'),
/* organization */ (''),
/* preprocessor_version */ 'ST-DEVELOPER v20.1',
/* originating_system */ 'Autodesk Inventor 2027',
/* authorisation */ '');

FILE_SCHEMA (('AUTOMOTIVE_DESIGN { 1 0 10303 214 3 1 1 }'));
ENDSEC;

DATA;
#10=MECHANICAL_DESIGN_GEOMETRIC_PRESENTATION_REPRESENTATION('',(#16),#4234);
#11=GEOMETRICALLY_BOUNDED_WIREFRAME_SHAPE_REPRESENTATION('',(#12),#4233);
#12=GEOMETRIC_CURVE_SET('Sketch29',(#4230));
#13=SHAPE_REPRESENTATION_RELATIONSHIP('SRR','None',#4241,#15);
#14=SHAPE_REPRESENTATION_RELATIONSHIP('SRR','None',#4241,#11);
#15=ADVANCED_BREP_SHAPE_REPRESENTATION('',(#17),#4233);
#16=STYLED_ITEM('',(#4250),#17);
#17=MANIFOLD_SOLID_BREP('Solid1',#1702);
#18=(
BOUNDED_SURFACE()
B_SPLINE_SURFACE(2,2,((#3252,#3253,#3254,#3255,#3256,#3257,#3258,#3259,
#3260),(#3261,#3262,#3263,#3264,#3265,#3266,#3267,#3268,#3269),(#3270,#3271,
#3272,#3273,#3274,#3275,#3276,#3277,#3278)),.UNSPECIFIED.,.F.,.T.,.F.)
B_SPLINE_SURFACE_WITH_KNOTS((3,3),(3,2,2,2,3),(-1.5707963267949,0.),(-3.14159265358979,
-1.5707963267949,0.,1.5707963267949,3.14159265358979),.UNSPECIFIED.)
GEOMETRIC_REPRESENTATION_ITEM()
RATIONAL_B_SPLINE_SURFACE(((1.,0.707106781186548,1.,0.707106781186548,1.,
0.707106781186548,1.,0.707106781186548,1.),(0.707106781186549,0.500000000000001,
0.707106781186549,0.500000000000001,0.707106781186549,0.500000000000001,
0.707106781186549,0.500000000000001,0.707106781186549),(1.,0.707106781186548,
1.,0.707106781186548,1.,0.707106781186548,1.,0.707106781186548,1.)))
REPRESENTATION_ITEM('')
SURFACE()
);
#19=(
BOUNDED_SURFACE()
B_SPLINE_SURFACE(2,2,((#3291,#3292,#3293,#3294,#3295,#3296,#3297,#3298,
#3299),(#3300,#3301,#3302,#3303,#3304,#3305,#3306,#3307,#3308),(#3309,#3310,
#3311,#3312,#3313,#3314,#3315,#3316,#3317)),.UNSPECIFIED.,.F.,.T.,.F.)
B_SPLINE_SURFACE_WITH_KNOTS((3,3),(3,2,2,2,3),(-1.5707963267949,0.),(-3.14159265358979,
-1.5707963267949,0.,1.5707963267949,3.14159265358979),.UNSPECIFIED.)
GEOMETRIC_REPRESENTATION_ITEM()
RATIONAL_B_SPLINE_SURFACE(((1.,0.707106781186548,1.,0.707106781186548,1.,
0.707106781186548,1.,0.707106781186548,1.),(0.707106781186552,0.500000000000003,
0.707106781186552,0.500000000000003,0.707106781186552,0.500000000000003,
0.707106781186552,0.500000000000003,0.707106781186552),(1.,0.707106781186548,
1.,0.707106781186548,1.,0.707106781186548,1.,0.707106781186548,1.)))
REPRESENTATION_ITEM('')
SURFACE()
);
#20=(
BOUNDED_SURFACE()
B_SPLINE_SURFACE(2,2,((#3330,#3331,#3332,#3333,#3334,#3335,#3336,#3337,
#3338),(#3339,#3340,#3341,#3342,#3343,#3344,#3345,#3346,#3347),(#3348,#3349,
#3350,#3351,#3352,#3353,#3354,#3355,#3356)),.UNSPECIFIED.,.F.,.T.,.F.)
B_SPLINE_SURFACE_WITH_KNOTS((3,3),(3,2,2,2,3),(-1.5707963267949,0.),(-3.14159265358979,
-1.5707963267949,0.,1.5707963267949,3.14159265358979),.UNSPECIFIED.)
GEOMETRIC_REPRESENTATION_ITEM()
RATIONAL_B_SPLINE_SURFACE(((1.,0.707106781186548,1.,0.707106781186548,1.,
0.707106781186548,1.,0.707106781186548,1.),(0.707106781186552,0.500000000000003,
0.707106781186552,0.500000000000003,0.707106781186552,0.500000000000003,
0.707106781186552,0.500000000000003,0.707106781186552),(1.,0.707106781186548,
1.,0.707106781186548,1.,0.707106781186548,1.,0.707106781186548,1.)))
REPRESENTATION_ITEM('')
SURFACE()
);
#21=(
BOUNDED_SURFACE()
B_SPLINE_SURFACE(2,2,((#3369,#3370,#3371,#3372,#3373,#3374,#3375,#3376,
#3377),(#3378,#3379,#3380,#3381,#3382,#3383,#3384,#3385,#3386),(#3387,#3388,
#3389,#3390,#3391,#3392,#3393,#3394,#3395)),.UNSPECIFIED.,.F.,.T.,.F.)
B_SPLINE_SURFACE_WITH_KNOTS((3,3),(3,2,2,2,3),(-1.5707963267949,0.),(-3.14159265358979,
-1.5707963267949,0.,1.5707963267949,3.14159265358979),.UNSPECIFIED.)
GEOMETRIC_REPRESENTATION_ITEM()
RATIONAL_B_SPLINE_SURFACE(((1.,0.707106781186548,1.,0.707106781186548,1.,
0.707106781186548,1.,0.707106781186548,1.),(0.707106781186544,0.499999999999998,
0.707106781186544,0.499999999999998,0.707106781186544,0.499999999999998,
0.707106781186544,0.499999999999998,0.707106781186544),(1.,0.707106781186548,
1.,0.707106781186548,1.,0.707106781186548,1.,0.707106781186548,1.)))
REPRESENTATION_ITEM('')
SURFACE()
);
#22=(
BOUNDED_SURFACE()
B_SPLINE_SURFACE(2,2,((#3408,#3409,#3410,#3411,#3412,#3413,#3414,#3415,
#3416),(#3417,#3418,#3419,#3420,#3421,#3422,#3423,#3424,#3425),(#3426,#3427,
#3428,#3429,#3430,#3431,#3432,#3433,#3434)),.UNSPECIFIED.,.F.,.T.,.F.)
B_SPLINE_SURFACE_WITH_KNOTS((3,3),(3,2,2,2,3),(-1.5707963267949,0.),(-3.14159265358979,
-1.5707963267949,0.,1.5707963267949,3.14159265358979),.UNSPECIFIED.)
GEOMETRIC_REPRESENTATION_ITEM()
RATIONAL_B_SPLINE_SURFACE(((1.,0.707106781186548,1.,0.707106781186548,1.,
0.707106781186548,1.,0.707106781186548,1.),(0.707106781186544,0.499999999999998,
0.707106781186544,0.499999999999998,0.707106781186544,0.499999999999998,
0.707106781186544,0.499999999999998,0.707106781186544),(1.,0.707106781186548,
1.,0.707106781186548,1.,0.707106781186548,1.,0.707106781186548,1.)))
REPRESENTATION_ITEM('')
SURFACE()
);
#23=(
BOUNDED_SURFACE()
B_SPLINE_SURFACE(2,2,((#3447,#3448,#3449,#3450,#3451,#3452,#3453,#3454,
#3455),(#3456,#3457,#3458,#3459,#3460,#3461,#3462,#3463,#3464),(#3465,#3466,
#3467,#3468,#3469,#3470,#3471,#3472,#3473)),.UNSPECIFIED.,.F.,.T.,.F.)
B_SPLINE_SURFACE_WITH_KNOTS((3,3),(3,2,2,2,3),(-1.5707963267949,0.),(-3.14159265358979,
-1.5707963267949,0.,1.5707963267949,3.14159265358979),.UNSPECIFIED.)
GEOMETRIC_REPRESENTATION_ITEM()
RATIONAL_B_SPLINE_SURFACE(((1.,0.707106781186548,1.,0.707106781186548,1.,
0.707106781186548,1.,0.707106781186548,1.),(0.707106781186552,0.500000000000004,
0.707106781186552,0.500000000000004,0.707106781186552,0.500000000000004,
0.707106781186552,0.500000000000004,0.707106781186552),(1.,0.707106781186548,
1.,0.707106781186548,1.,0.707106781186548,1.,0.707106781186548,1.)))
REPRESENTATION_ITEM('')
SURFACE()
);
#24=(
BOUNDED_SURFACE()
B_SPLINE_SURFACE(2,2,((#3486,#3487,#3488,#3489,#3490,#3491,#3492,#3493,
#3494),(#3495,#3496,#3497,#3498,#3499,#3500,#3501,#3502,#3503),(#3504,#3505,
#3506,#3507,#3508,#3509,#3510,#3511,#3512)),.UNSPECIFIED.,.F.,.T.,.F.)
B_SPLINE_SURFACE_WITH_KNOTS((3,3),(3,2,2,2,3),(-1.5707963267949,0.),(-3.14159265358979,
-1.5707963267949,0.,1.5707963267949,3.14159265358979),.UNSPECIFIED.)
GEOMETRIC_REPRESENTATION_ITEM()
RATIONAL_B_SPLINE_SURFACE(((1.,0.707106781186548,1.,0.707106781186548,1.,
0.707106781186548,1.,0.707106781186548,1.),(0.707106781186548,0.5,0.707106781186548,
0.5,0.707106781186548,0.5,0.707106781186548,0.5,0.707106781186548),(1.,
0.707106781186548,1.,0.707106781186548,1.,0.707106781186548,1.,0.707106781186548,
1.)))
REPRESENTATION_ITEM('')
SURFACE()
);
#25=(
BOUNDED_SURFACE()
B_SPLINE_SURFACE(2,2,((#3525,#3526,#3527,#3528,#3529,#3530,#3531,#3532,
#3533),(#3534,#3535,#3536,#3537,#3538,#3539,#3540,#3541,#3542),(#3543,#3544,
#3545,#3546,#3547,#3548,#3549,#3550,#3551)),.UNSPECIFIED.,.F.,.T.,.F.)
B_SPLINE_SURFACE_WITH_KNOTS((3,3),(3,2,2,2,3),(-1.5707963267949,0.),(-3.14159265358979,
-1.5707963267949,0.,1.5707963267949,3.14159265358979),.UNSPECIFIED.)
GEOMETRIC_REPRESENTATION_ITEM()
RATIONAL_B_SPLINE_SURFACE(((1.,0.707106781186548,1.,0.707106781186548,1.,
0.707106781186548,1.,0.707106781186548,1.),(0.707106781186547,0.5,0.707106781186547,
0.5,0.707106781186547,0.5,0.707106781186547,0.5,0.707106781186547),(1.,
0.707106781186548,1.,0.707106781186548,1.,0.707106781186548,1.,0.707106781186548,
1.)))
REPRESENTATION_ITEM('')
SURFACE()
);
#26=(
BOUNDED_SURFACE()
B_SPLINE_SURFACE(2,2,((#3564,#3565,#3566,#3567,#3568,#3569,#3570,#3571,
#3572),(#3573,#3574,#3575,#3576,#3577,#3578,#3579,#3580,#3581),(#3582,#3583,
#3584,#3585,#3586,#3587,#3588,#3589,#3590)),.UNSPECIFIED.,.F.,.T.,.F.)
B_SPLINE_SURFACE_WITH_KNOTS((3,3),(3,2,2,2,3),(-1.5707963267949,0.),(-3.14159265358979,
-1.5707963267949,0.,1.5707963267949,3.14159265358979),.UNSPECIFIED.)
GEOMETRIC_REPRESENTATION_ITEM()
RATIONAL_B_SPLINE_SURFACE(((1.,0.707106781186548,1.,0.707106781186548,1.,
0.707106781186548,1.,0.707106781186548,1.),(0.707106781186544,0.499999999999998,
0.707106781186544,0.499999999999998,0.707106781186544,0.499999999999998,
0.707106781186544,0.499999999999998,0.707106781186544),(1.,0.707106781186548,
1.,0.707106781186548,1.,0.707106781186548,1.,0.707106781186548,1.)))
REPRESENTATION_ITEM('')
SURFACE()
);
#27=(
BOUNDED_SURFACE()
B_SPLINE_SURFACE(2,2,((#3603,#3604,#3605,#3606,#3607,#3608,#3609,#3610,
#3611),(#3612,#3613,#3614,#3615,#3616,#3617,#3618,#3619,#3620),(#3621,#3622,
#3623,#3624,#3625,#3626,#3627,#3628,#3629)),.UNSPECIFIED.,.F.,.T.,.F.)
B_SPLINE_SURFACE_WITH_KNOTS((3,3),(3,2,2,2,3),(-1.5707963267949,0.),(-3.14159265358979,
-1.5707963267949,0.,1.5707963267949,3.14159265358979),.UNSPECIFIED.)
GEOMETRIC_REPRESENTATION_ITEM()
RATIONAL_B_SPLINE_SURFACE(((1.,0.707106781186548,1.,0.707106781186548,1.,
0.707106781186548,1.,0.707106781186548,1.),(0.707106781186545,0.499999999999998,
0.707106781186545,0.499999999999998,0.707106781186545,0.499999999999998,
0.707106781186545,0.499999999999998,0.707106781186545),(1.,0.707106781186548,
1.,0.707106781186548,1.,0.707106781186548,1.,0.707106781186548,1.)))
REPRESENTATION_ITEM('')
SURFACE()
);
#28=(
BOUNDED_SURFACE()
B_SPLINE_SURFACE(2,2,((#3642,#3643,#3644,#3645,#3646,#3647,#3648,#3649,
#3650),(#3651,#3652,#3653,#3654,#3655,#3656,#3657,#3658,#3659),(#3660,#3661,
#3662,#3663,#3664,#3665,#3666,#3667,#3668)),.UNSPECIFIED.,.F.,.T.,.F.)
B_SPLINE_SURFACE_WITH_KNOTS((3,3),(3,2,2,2,3),(-1.5707963267949,0.),(-3.14159265358979,
-1.5707963267949,0.,1.5707963267949,3.14159265358979),.UNSPECIFIED.)
GEOMETRIC_REPRESENTATION_ITEM()
RATIONAL_B_SPLINE_SURFACE(((1.,0.707106781186548,1.,0.707106781186548,1.,
0.707106781186548,1.,0.707106781186548,1.),(0.707106781186552,0.500000000000004,
0.707106781186552,0.500000000000004,0.707106781186552,0.500000000000004,
0.707106781186552,0.500000000000004,0.707106781186552),(1.,0.707106781186548,
1.,0.707106781186548,1.,0.707106781186548,1.,0.707106781186548,1.)))
REPRESENTATION_ITEM('')
SURFACE()
);
#29=(
BOUNDED_SURFACE()
B_SPLINE_SURFACE(2,2,((#3681,#3682,#3683,#3684,#3685,#3686,#3687,#3688,
#3689),(#3690,#3691,#3692,#3693,#3694,#3695,#3696,#3697,#3698),(#3699,#3700,
#3701,#3702,#3703,#3704,#3705,#3706,#3707)),.UNSPECIFIED.,.F.,.T.,.F.)
B_SPLINE_SURFACE_WITH_KNOTS((3,3),(3,2,2,2,3),(-1.5707963267949,0.),(-3.14159265358979,
-1.5707963267949,0.,1.5707963267949,3.14159265358979),.UNSPECIFIED.)
GEOMETRIC_REPRESENTATION_ITEM()
RATIONAL_B_SPLINE_SURFACE(((1.,0.707106781186548,1.,0.707106781186548,1.,
0.707106781186548,1.,0.707106781186548,1.),(0.707106781186549,0.500000000000001,
0.707106781186549,0.500000000000001,0.707106781186549,0.500000000000001,
0.707106781186549,0.500000000000001,0.707106781186549),(1.,0.707106781186548,
1.,0.707106781186548,1.,0.707106781186548,1.,0.707106781186548,1.)))
REPRESENTATION_ITEM('')
SURFACE()
);
#30=(
BOUNDED_SURFACE()
B_SPLINE_SURFACE(2,2,((#3731,#3732,#3733,#3734,#3735,#3736,#3737,#3738,
#3739),(#3740,#3741,#3742,#3743,#3744,#3745,#3746,#3747,#3748),(#3749,#3750,
#3751,#3752,#3753,#3754,#3755,#3756,#3757)),.UNSPECIFIED.,.F.,.T.,.F.)
B_SPLINE_SURFACE_WITH_KNOTS((3,3),(3,2,2,2,3),(0.,1.5707963267949),(-3.14159265358979,
-1.5707963267949,0.,1.5707963267949,3.14159265358979),.UNSPECIFIED.)
GEOMETRIC_REPRESENTATION_ITEM()
RATIONAL_B_SPLINE_SURFACE(((1.,0.707106781186548,1.,0.707106781186548,1.,
0.707106781186548,1.,0.707106781186548,1.),(0.707106781186549,0.500000000000001,
0.707106781186549,0.500000000000001,0.707106781186549,0.500000000000001,
0.707106781186549,0.500000000000001,0.707106781186549),(1.,0.707106781186548,
1.,0.707106781186548,1.,0.707106781186548,1.,0.707106781186548,1.)))
REPRESENTATION_ITEM('')
SURFACE()
);
#31=(
BOUNDED_SURFACE()
B_SPLINE_SURFACE(2,2,((#3770,#3771,#3772,#3773,#3774,#3775,#3776,#3777,
#3778),(#3779,#3780,#3781,#3782,#3783,#3784,#3785,#3786,#3787),(#3788,#3789,
#3790,#3791,#3792,#3793,#3794,#3795,#3796)),.UNSPECIFIED.,.F.,.T.,.F.)
B_SPLINE_SURFACE_WITH_KNOTS((3,3),(3,2,2,2,3),(0.,1.5707963267949),(-3.14159265358979,
-1.5707963267949,0.,1.5707963267949,3.14159265358979),.UNSPECIFIED.)
GEOMETRIC_REPRESENTATION_ITEM()
RATIONAL_B_SPLINE_SURFACE(((1.,0.707106781186548,1.,0.707106781186548,1.,
0.707106781186548,1.,0.707106781186548,1.),(0.707106781186557,0.500000000000007,
0.707106781186557,0.500000000000007,0.707106781186557,0.500000000000007,
0.707106781186557,0.500000000000007,0.707106781186557),(1.,0.707106781186548,
1.,0.707106781186548,1.,0.707106781186548,1.,0.707106781186548,1.)))
REPRESENTATION_ITEM('')
SURFACE()
);
#32=(
BOUNDED_SURFACE()
B_SPLINE_SURFACE(2,2,((#3809,#3810,#3811,#3812,#3813,#3814,#3815,#3816,
#3817),(#3818,#3819,#3820,#3821,#3822,#3823,#3824,#3825,#3826),(#3827,#3828,
#3829,#3830,#3831,#3832,#3833,#3834,#3835)),.UNSPECIFIED.,.F.,.T.,.F.)
B_SPLINE_SURFACE_WITH_KNOTS((3,3),(3,2,2,2,3),(0.,1.5707963267949),(-3.14159265358979,
-1.5707963267949,0.,1.5707963267949,3.14159265358979),.UNSPECIFIED.)
GEOMETRIC_REPRESENTATION_ITEM()
RATIONAL_B_SPLINE_SURFACE(((1.,0.707106781186548,1.,0.707106781186548,1.,
0.707106781186548,1.,0.707106781186548,1.),(0.707106781186557,0.500000000000007,
0.707106781186557,0.500000000000007,0.707106781186557,0.500000000000007,
0.707106781186557,0.500000000000007,0.707106781186557),(1.,0.707106781186548,
1.,0.707106781186548,1.,0.707106781186548,1.,0.707106781186548,1.)))
REPRESENTATION_ITEM('')
SURFACE()
);
#33=(
BOUNDED_SURFACE()
B_SPLINE_SURFACE(2,2,((#3848,#3849,#3850,#3851,#3852,#3853,#3854,#3855,
#3856),(#3857,#3858,#3859,#3860,#3861,#3862,#3863,#3864,#3865),(#3866,#3867,
#3868,#3869,#3870,#3871,#3872,#3873,#3874)),.UNSPECIFIED.,.F.,.T.,.F.)
B_SPLINE_SURFACE_WITH_KNOTS((3,3),(3,2,2,2,3),(0.,1.5707963267949),(-3.14159265358979,
-1.5707963267949,0.,1.5707963267949,3.14159265358979),.UNSPECIFIED.)
GEOMETRIC_REPRESENTATION_ITEM()
RATIONAL_B_SPLINE_SURFACE(((1.,0.707106781186548,1.,0.707106781186548,1.,
0.707106781186548,1.,0.707106781186548,1.),(0.707106781186557,0.500000000000007,
0.707106781186557,0.500000000000007,0.707106781186557,0.500000000000007,
0.707106781186557,0.500000000000007,0.707106781186557),(1.,0.707106781186548,
1.,0.707106781186548,1.,0.707106781186548,1.,0.707106781186548,1.)))
REPRESENTATION_ITEM('')
SURFACE()
);
#34=(
BOUNDED_SURFACE()
B_SPLINE_SURFACE(2,2,((#3887,#3888,#3889,#3890,#3891,#3892,#3893,#3894,
#3895),(#3896,#3897,#3898,#3899,#3900,#3901,#3902,#3903,#3904),(#3905,#3906,
#3907,#3908,#3909,#3910,#3911,#3912,#3913)),.UNSPECIFIED.,.F.,.T.,.F.)
B_SPLINE_SURFACE_WITH_KNOTS((3,3),(3,2,2,2,3),(0.,1.5707963267949),(-3.14159265358979,
-1.5707963267949,0.,1.5707963267949,3.14159265358979),.UNSPECIFIED.)
GEOMETRIC_REPRESENTATION_ITEM()
RATIONAL_B_SPLINE_SURFACE(((1.,0.707106781186548,1.,0.707106781186548,1.,
0.707106781186548,1.,0.707106781186548,1.),(0.707106781186557,0.500000000000007,
0.707106781186557,0.500000000000007,0.707106781186557,0.500000000000007,
0.707106781186557,0.500000000000007,0.707106781186557),(1.,0.707106781186548,
1.,0.707106781186548,1.,0.707106781186548,1.,0.707106781186548,1.)))
REPRESENTATION_ITEM('')
SURFACE()
);
#35=(
BOUNDED_SURFACE()
B_SPLINE_SURFACE(2,2,((#3926,#3927,#3928,#3929,#3930,#3931,#3932,#3933,
#3934),(#3935,#3936,#3937,#3938,#3939,#3940,#3941,#3942,#3943),(#3944,#3945,
#3946,#3947,#3948,#3949,#3950,#3951,#3952)),.UNSPECIFIED.,.F.,.T.,.F.)
B_SPLINE_SURFACE_WITH_KNOTS((3,3),(3,2,2,2,3),(0.,1.5707963267949),(-3.14159265358979,
-1.5707963267949,0.,1.5707963267949,3.14159265358979),.UNSPECIFIED.)
GEOMETRIC_REPRESENTATION_ITEM()
RATIONAL_B_SPLINE_SURFACE(((1.,0.707106781186548,1.,0.707106781186548,1.,
0.707106781186548,1.,0.707106781186548,1.),(0.707106781186557,0.500000000000007,
0.707106781186557,0.500000000000007,0.707106781186557,0.500000000000007,
0.707106781186557,0.500000000000007,0.707106781186557),(1.,0.707106781186548,
1.,0.707106781186548,1.,0.707106781186548,1.,0.707106781186548,1.)))
REPRESENTATION_ITEM('')
SURFACE()
);
#36=(
BOUNDED_SURFACE()
B_SPLINE_SURFACE(2,2,((#3965,#3966,#3967,#3968,#3969,#3970,#3971,#3972,
#3973),(#3974,#3975,#3976,#3977,#3978,#3979,#3980,#3981,#3982),(#3983,#3984,
#3985,#3986,#3987,#3988,#3989,#3990,#3991)),.UNSPECIFIED.,.F.,.T.,.F.)
B_SPLINE_SURFACE_WITH_KNOTS((3,3),(3,2,2,2,3),(0.,1.5707963267949),(-3.14159265358979,
-1.5707963267949,0.,1.5707963267949,3.14159265358979),.UNSPECIFIED.)
GEOMETRIC_REPRESENTATION_ITEM()
RATIONAL_B_SPLINE_SURFACE(((1.,0.707106781186548,1.,0.707106781186548,1.,
0.707106781186548,1.,0.707106781186548,1.),(0.707106781186551,0.500000000000003,
0.707106781186551,0.500000000000003,0.707106781186551,0.500000000000003,
0.707106781186551,0.500000000000003,0.707106781186551),(1.,0.707106781186548,
1.,0.707106781186548,1.,0.707106781186548,1.,0.707106781186548,1.)))
REPRESENTATION_ITEM('')
SURFACE()
);
#37=(
BOUNDED_SURFACE()
B_SPLINE_SURFACE(2,2,((#4004,#4005,#4006,#4007,#4008,#4009,#4010,#4011,
#4012),(#4013,#4014,#4015,#4016,#4017,#4018,#4019,#4020,#4021),(#4022,#4023,
#4024,#4025,#4026,#4027,#4028,#4029,#4030)),.UNSPECIFIED.,.F.,.T.,.F.)
B_SPLINE_SURFACE_WITH_KNOTS((3,3),(3,2,2,2,3),(0.,1.5707963267949),(-3.14159265358979,
-1.5707963267949,0.,1.5707963267949,3.14159265358979),.UNSPECIFIED.)
GEOMETRIC_REPRESENTATION_ITEM()
RATIONAL_B_SPLINE_SURFACE(((1.,0.707106781186548,1.,0.707106781186548,1.,
0.707106781186548,1.,0.707106781186548,1.),(0.707106781186557,0.500000000000007,
0.707106781186557,0.500000000000007,0.707106781186557,0.500000000000007,
0.707106781186557,0.500000000000007,0.707106781186557),(1.,0.707106781186548,
1.,0.707106781186548,1.,0.707106781186548,1.,0.707106781186548,1.)))
REPRESENTATION_ITEM('')
SURFACE()
);
#38=(
BOUNDED_SURFACE()
B_SPLINE_SURFACE(2,2,((#4043,#4044,#4045,#4046,#4047,#4048,#4049,#4050,
#4051),(#4052,#4053,#4054,#4055,#4056,#4057,#4058,#4059,#4060),(#4061,#4062,
#4063,#4064,#4065,#4066,#4067,#4068,#4069)),.UNSPECIFIED.,.F.,.T.,.F.)
B_SPLINE_SURFACE_WITH_KNOTS((3,3),(3,2,2,2,3),(0.,1.5707963267949),(-3.14159265358979,
-1.5707963267949,0.,1.5707963267949,3.14159265358979),.UNSPECIFIED.)
GEOMETRIC_REPRESENTATION_ITEM()
RATIONAL_B_SPLINE_SURFACE(((1.,0.707106781186548,1.,0.707106781186548,1.,
0.707106781186548,1.,0.707106781186548,1.),(0.707106781186557,0.500000000000007,
0.707106781186557,0.500000000000007,0.707106781186557,0.500000000000007,
0.707106781186557,0.500000000000007,0.707106781186557),(1.,0.707106781186548,
1.,0.707106781186548,1.,0.707106781186548,1.,0.707106781186548,1.)))
REPRESENTATION_ITEM('')
SURFACE()
);
#39=(
BOUNDED_SURFACE()
B_SPLINE_SURFACE(2,2,((#4082,#4083,#4084,#4085,#4086,#4087,#4088,#4089,
#4090),(#4091,#4092,#4093,#4094,#4095,#4096,#4097,#4098,#4099),(#4100,#4101,
#4102,#4103,#4104,#4105,#4106,#4107,#4108)),.UNSPECIFIED.,.F.,.T.,.F.)
B_SPLINE_SURFACE_WITH_KNOTS((3,3),(3,2,2,2,3),(0.,1.5707963267949),(-3.14159265358979,
-1.5707963267949,0.,1.5707963267949,3.14159265358979),.UNSPECIFIED.)
GEOMETRIC_REPRESENTATION_ITEM()
RATIONAL_B_SPLINE_SURFACE(((1.,0.707106781186548,1.,0.707106781186548,1.,
0.707106781186548,1.,0.707106781186548,1.),(0.707106781186557,0.500000000000007,
0.707106781186557,0.500000000000007,0.707106781186557,0.500000000000007,
0.707106781186557,0.500000000000007,0.707106781186557),(1.,0.707106781186548,
1.,0.707106781186548,1.,0.707106781186548,1.,0.707106781186548,1.)))
REPRESENTATION_ITEM('')
SURFACE()
);
#40=(
BOUNDED_SURFACE()
B_SPLINE_SURFACE(2,2,((#4121,#4122,#4123,#4124,#4125,#4126,#4127,#4128,
#4129),(#4130,#4131,#4132,#4133,#4134,#4135,#4136,#4137,#4138),(#4139,#4140,
#4141,#4142,#4143,#4144,#4145,#4146,#4147)),.UNSPECIFIED.,.F.,.T.,.F.)
B_SPLINE_SURFACE_WITH_KNOTS((3,3),(3,2,2,2,3),(0.,1.5707963267949),(-3.14159265358979,
-1.5707963267949,0.,1.5707963267949,3.14159265358979),.UNSPECIFIED.)
GEOMETRIC_REPRESENTATION_ITEM()
RATIONAL_B_SPLINE_SURFACE(((1.,0.707106781186548,1.,0.707106781186548,1.,
0.707106781186548,1.,0.707106781186548,1.),(0.707106781186557,0.500000000000007,
0.707106781186557,0.500000000000007,0.707106781186557,0.500000000000007,
0.707106781186557,0.500000000000007,0.707106781186557),(1.,0.707106781186548,
1.,0.707106781186548,1.,0.707106781186548,1.,0.707106781186548,1.)))
REPRESENTATION_ITEM('')
SURFACE()
);
#41=(
BOUNDED_SURFACE()
B_SPLINE_SURFACE(2,2,((#4160,#4161,#4162,#4163,#4164,#4165,#4166,#4167,
#4168),(#4169,#4170,#4171,#4172,#4173,#4174,#4175,#4176,#4177),(#4178,#4179,
#4180,#4181,#4182,#4183,#4184,#4185,#4186)),.UNSPECIFIED.,.F.,.T.,.F.)
B_SPLINE_SURFACE_WITH_KNOTS((3,3),(3,2,2,2,3),(0.,1.5707963267949),(-3.14159265358979,
-1.5707963267949,0.,1.5707963267949,3.14159265358979),.UNSPECIFIED.)
GEOMETRIC_REPRESENTATION_ITEM()
RATIONAL_B_SPLINE_SURFACE(((1.,0.707106781186548,1.,0.707106781186548,1.,
0.707106781186548,1.,0.707106781186548,1.),(0.707106781186551,0.500000000000003,
0.707106781186551,0.500000000000003,0.707106781186551,0.500000000000003,
0.707106781186551,0.500000000000003,0.707106781186551),(1.,0.707106781186548,
1.,0.707106781186548,1.,0.707106781186548,1.,0.707106781186548,1.)))
REPRESENTATION_ITEM('')
SURFACE()
);
#42=ELLIPSE('',#1732,35.3400584514766,30.5803081583428);
#43=ELLIPSE('',#1733,35.2822564095283,30.5803081583428);
#44=ELLIPSE('',#1734,35.3400584514765,30.5803081583428);
#45=ELLIPSE('',#1735,35.2822564095283,30.5803081583428);
#46=CYLINDRICAL_SURFACE('',#1730,30.5803081583428);
#47=CYLINDRICAL_SURFACE('',#1757,4.625);
#48=CYLINDRICAL_SURFACE('',#1764,4.625);
#49=CYLINDRICAL_SURFACE('',#1771,4.625);
#50=CYLINDRICAL_SURFACE('',#1778,4.62500000000002);
#51=CYLINDRICAL_SURFACE('',#1785,4.625);
#52=CYLINDRICAL_SURFACE('',#1792,4.625);
#53=CYLINDRICAL_SURFACE('',#1799,4.625);
#54=CYLINDRICAL_SURFACE('',#1806,4.625);
#55=CYLINDRICAL_SURFACE('',#1813,4.625);
#56=CYLINDRICAL_SURFACE('',#1820,4.62500000000001);
#57=CYLINDRICAL_SURFACE('',#1827,4.62500000000001);
#58=CYLINDRICAL_SURFACE('',#1834,4.625);
#59=CYLINDRICAL_SURFACE('',#1844,4.625);
#60=CYLINDRICAL_SURFACE('',#1851,4.625);
#61=CYLINDRICAL_SURFACE('',#1858,4.625);
#62=CYLINDRICAL_SURFACE('',#1865,4.62500000000002);
#63=CYLINDRICAL_SURFACE('',#1872,4.625);
#64=CYLINDRICAL_SURFACE('',#1879,4.625);
#65=CYLINDRICAL_SURFACE('',#1886,4.625);
#66=CYLINDRICAL_SURFACE('',#1893,4.625);
#67=CYLINDRICAL_SURFACE('',#1900,4.625);
#68=CYLINDRICAL_SURFACE('',#1907,4.62500000000001);
#69=CYLINDRICAL_SURFACE('',#1914,4.62500000000001);
#70=CYLINDRICAL_SURFACE('',#1921,4.625);
#71=CYLINDRICAL_SURFACE('',#1931,5.);
#72=CYLINDRICAL_SURFACE('',#1933,199.999999999999);
#73=B_SPLINE_SURFACE_WITH_KNOTS('',3,1,((#2972,#2973),(#2974,#2975),(#2976,
#2977),(#2978,#2979),(#2980,#2981),(#2982,#2983),(#2984,#2985),(#2986,#2987),
(#2988,#2989),(#2990,#2991),(#2992,#2993),(#2994,#2995),(#2996,#2997),(#2998,
#2999),(#3000,#3001),(#3002,#3003),(#3004,#3005),(#3006,#3007),(#3008,#3009),
(#3010,#3011),(#3012,#3013),(#3014,#3015),(#3016,#3017),(#3018,#3019),(#3020,
#3021),(#3022,#3023),(#3024,#3025),(#3026,#3027),(#3028,#3029),(#3030,#3031),
(#3032,#3033),(#3034,#3035),(#3036,#3037),(#3038,#3039),(#3040,#3041),(#3042,
#3043),(#3044,#3045),(#3046,#3047),(#3048,#3049),(#3050,#3051),(#3052,#3053),
(#3054,#3055),(#3056,#3057)),.UNSPECIFIED.,.F.,.F.,.F.,(4,3,3,3,3,3,3,3,
3,3,3,3,3,3,4),(2,2),(0.,0.0195962066040756,0.0392498331950508,0.0589046908727272,
0.0787169499339615,0.0990307467626703,0.119673080953987,0.14681084460206,
0.183127176254235,0.208841965548011,0.233915006462171,0.252620108826851,
0.271307181004999,0.287965838232213,0.296916642931289),(0.,15.),
 .UNSPECIFIED.);
#74=FACE_BOUND('',#337,.T.);
#75=FACE_BOUND('',#341,.T.);
#76=FACE_BOUND('',#396,.T.);
#77=FACE_BOUND('',#397,.T.);
#78=FACE_BOUND('',#398,.T.);
#79=FACE_BOUND('',#399,.T.);
#80=FACE_BOUND('',#400,.T.);
#81=FACE_BOUND('',#401,.T.);
#82=FACE_BOUND('',#402,.T.);
#83=FACE_BOUND('',#403,.T.);
#84=FACE_BOUND('',#404,.T.);
#85=FACE_BOUND('',#405,.T.);
#86=FACE_BOUND('',#406,.T.);
#87=FACE_BOUND('',#407,.T.);
#88=FACE_BOUND('',#408,.T.);
#89=FACE_BOUND('',#455,.T.);
#90=FACE_BOUND('',#456,.T.);
#91=FACE_BOUND('',#457,.T.);
#92=FACE_BOUND('',#458,.T.);
#93=FACE_BOUND('',#459,.T.);
#94=FACE_BOUND('',#460,.T.);
#95=FACE_BOUND('',#461,.T.);
#96=FACE_BOUND('',#462,.T.);
#97=FACE_BOUND('',#463,.T.);
#98=FACE_BOUND('',#464,.T.);
#99=FACE_BOUND('',#465,.T.);
#100=FACE_BOUND('',#466,.T.);
#101=FACE_BOUND('',#467,.T.);
#102=CIRCLE('',#1727,30.5803081583428);
#103=CIRCLE('',#1731,30.5803081583428);
#104=CIRCLE('',#1753,4.625);
#105=CIRCLE('',#1754,4.625);
#106=CIRCLE('',#1755,4.6);
#107=CIRCLE('',#1756,0.0250000000000017);
#108=CIRCLE('',#1758,4.625);
#109=CIRCLE('',#1760,4.625);
#110=CIRCLE('',#1761,4.625);
#111=CIRCLE('',#1762,4.6);
#112=CIRCLE('',#1763,0.0249999999999972);
#113=CIRCLE('',#1765,4.625);
#114=CIRCLE('',#1767,4.625);
#115=CIRCLE('',#1768,4.625);
#116=CIRCLE('',#1769,4.6);
#117=CIRCLE('',#1770,0.0249999999999995);
#118=CIRCLE('',#1772,4.625);
#119=CIRCLE('',#1774,4.62500000000002);
#120=CIRCLE('',#1775,4.62500000000002);
#121=CIRCLE('',#1776,4.6);
#122=CIRCLE('',#1777,0.0250000000000167);
#123=CIRCLE('',#1779,4.62500000000002);
#124=CIRCLE('',#1781,4.625);
#125=CIRCLE('',#1782,4.625);
#126=CIRCLE('',#1783,4.6);
#127=CIRCLE('',#1784,0.025000000000005);
#128=CIRCLE('',#1786,4.625);
#129=CIRCLE('',#1788,4.625);
#130=CIRCLE('',#1789,4.625);
#131=CIRCLE('',#1790,4.6);
#132=CIRCLE('',#1791,0.0249999999999956);
#133=CIRCLE('',#1793,4.625);
#134=CIRCLE('',#1795,4.625);
#135=CIRCLE('',#1796,4.625);
#136=CIRCLE('',#1797,4.6);
#137=CIRCLE('',#1798,0.0249999999999972);
#138=CIRCLE('',#1800,4.625);
#139=CIRCLE('',#1802,4.625);
#140=CIRCLE('',#1803,4.625);
#141=CIRCLE('',#1804,4.6);
#142=CIRCLE('',#1805,0.0250000000000039);
#143=CIRCLE('',#1807,4.625);
#144=CIRCLE('',#1809,4.625);
#145=CIRCLE('',#1810,4.625);
#146=CIRCLE('',#1811,4.6);
#147=CIRCLE('',#1812,0.0249999999999956);
#148=CIRCLE('',#1814,4.625);
#149=CIRCLE('',#1816,4.62500000000001);
#150=CIRCLE('',#1817,4.62500000000001);
#151=CIRCLE('',#1818,4.6);
#152=CIRCLE('',#1819,0.0250000000000117);
#153=CIRCLE('',#1821,4.62500000000001);
#154=CIRCLE('',#1823,4.62500000000001);
#155=CIRCLE('',#1824,4.62500000000001);
#156=CIRCLE('',#1825,4.6);
#157=CIRCLE('',#1826,0.0250000000000089);
#158=CIRCLE('',#1828,4.62500000000001);
#159=CIRCLE('',#1830,4.625);
#160=CIRCLE('',#1831,4.625);
#161=CIRCLE('',#1832,4.6);
#162=CIRCLE('',#1833,0.0250000000000011);
#163=CIRCLE('',#1835,4.625);
#164=CIRCLE('',#1838,5.);
#165=CIRCLE('',#1839,199.999999999999);
#166=CIRCLE('',#1840,0.00500000000000111);
#167=CIRCLE('',#1841,4.62);
#168=CIRCLE('',#1842,4.625);
#169=CIRCLE('',#1843,4.625);
#170=CIRCLE('',#1845,4.625);
#171=CIRCLE('',#1847,0.00499999999999667);
#172=CIRCLE('',#1848,4.62);
#173=CIRCLE('',#1849,4.625);
#174=CIRCLE('',#1850,4.625);
#175=CIRCLE('',#1852,4.625);
#176=CIRCLE('',#1854,0.00499999999999889);
#177=CIRCLE('',#1855,4.62);
#178=CIRCLE('',#1856,4.625);
#179=CIRCLE('',#1857,4.625);
#180=CIRCLE('',#1859,4.625);
#181=CIRCLE('',#1861,0.0050000000000161);
#182=CIRCLE('',#1862,4.62);
#183=CIRCLE('',#1863,4.62500000000002);
#184=CIRCLE('',#1864,4.62500000000002);
#185=CIRCLE('',#1866,4.62500000000002);
#186=CIRCLE('',#1868,0.00500000000000445);
#187=CIRCLE('',#1869,4.62);
#188=CIRCLE('',#1870,4.625);
#189=CIRCLE('',#1871,4.625);
#190=CIRCLE('',#1873,4.625);
#191=CIRCLE('',#1875,0.00499999999999501);
#192=CIRCLE('',#1876,4.62);
#193=CIRCLE('',#1877,4.625);
#194=CIRCLE('',#1878,4.625);
#195=CIRCLE('',#1880,4.625);
#196=CIRCLE('',#1882,0.00499999999999667);
#197=CIRCLE('',#1883,4.62);
#198=CIRCLE('',#1884,4.625);
#199=CIRCLE('',#1885,4.625);
#200=CIRCLE('',#1887,4.625);
#201=CIRCLE('',#1889,0.00500000000000334);
#202=CIRCLE('',#1890,4.62);
#203=CIRCLE('',#1891,4.625);
#204=CIRCLE('',#1892,4.625);
#205=CIRCLE('',#1894,4.625);
#206=CIRCLE('',#1896,0.00499999999999501);
#207=CIRCLE('',#1897,4.62);
#208=CIRCLE('',#1898,4.625);
#209=CIRCLE('',#1899,4.625);
#210=CIRCLE('',#1901,4.625);
#211=CIRCLE('',#1903,0.00500000000001111);
#212=CIRCLE('',#1904,4.62);
#213=CIRCLE('',#1905,4.62500000000001);
#214=CIRCLE('',#1906,4.62500000000001);
#215=CIRCLE('',#1908,4.62500000000001);
#216=CIRCLE('',#1910,0.00500000000000833);
#217=CIRCLE('',#1911,4.62);
#218=CIRCLE('',#1912,4.62500000000001);
#219=CIRCLE('',#1913,4.62500000000001);
#220=CIRCLE('',#1915,4.62500000000001);
#221=CIRCLE('',#1917,0.00500000000000056);
#222=CIRCLE('',#1918,4.62);
#223=CIRCLE('',#1919,4.625);
#224=CIRCLE('',#1920,4.625);
#225=CIRCLE('',#1922,4.625);
#226=CIRCLE('',#1932,5.);
#227=CIRCLE('',#1934,199.999999999999);
#228=FACE_OUTER_BOUND('',#334,.T.);
#229=FACE_OUTER_BOUND('',#335,.T.);
#230=FACE_OUTER_BOUND('',#336,.T.);
#231=FACE_OUTER_BOUND('',#338,.T.);
#232=FACE_OUTER_BOUND('',#339,.T.);
#233=FACE_OUTER_BOUND('',#340,.T.);
#234=FACE_OUTER_BOUND('',#342,.T.);
#235=FACE_OUTER_BOUND('',#343,.T.);
#236=FACE_OUTER_BOUND('',#344,.T.);
#237=FACE_OUTER_BOUND('',#345,.T.);
#238=FACE_OUTER_BOUND('',#346,.T.);
#239=FACE_OUTER_BOUND('',#347,.T.);
#240=FACE_OUTER_BOUND('',#348,.T.);
#241=FACE_OUTER_BOUND('',#349,.T.);
#242=FACE_OUTER_BOUND('',#350,.T.);
#243=FACE_OUTER_BOUND('',#351,.T.);
#244=FACE_OUTER_BOUND('',#352,.T.);
#245=FACE_OUTER_BOUND('',#353,.T.);
#246=FACE_OUTER_BOUND('',#354,.T.);
#247=FACE_OUTER_BOUND('',#355,.T.);
#248=FACE_OUTER_BOUND('',#356,.T.);
#249=FACE_OUTER_BOUND('',#357,.T.);
#250=FACE_OUTER_BOUND('',#358,.T.);
#251=FACE_OUTER_BOUND('',#359,.T.);
#252=FACE_OUTER_BOUND('',#360,.T.);
#253=FACE_OUTER_BOUND('',#361,.T.);
#254=FACE_OUTER_BOUND('',#362,.T.);
#255=FACE_OUTER_BOUND('',#363,.T.);
#256=FACE_OUTER_BOUND('',#364,.T.);
#257=FACE_OUTER_BOUND('',#365,.T.);
#258=FACE_OUTER_BOUND('',#366,.T.);
#259=FACE_OUTER_BOUND('',#367,.T.);
#260=FACE_OUTER_BOUND('',#368,.T.);
#261=FACE_OUTER_BOUND('',#369,.T.);
#262=FACE_OUTER_BOUND('',#370,.T.);
#263=FACE_OUTER_BOUND('',#371,.T.);
#264=FACE_OUTER_BOUND('',#372,.T.);
#265=FACE_OUTER_BOUND('',#373,.T.);
#266=FACE_OUTER_BOUND('',#374,.T.);
#267=FACE_OUTER_BOUND('',#375,.T.);
#268=FACE_OUTER_BOUND('',#376,.T.);
#269=FACE_OUTER_BOUND('',#377,.T.);
#270=FACE_OUTER_BOUND('',#378,.T.);
#271=FACE_OUTER_BOUND('',#379,.T.);
#272=FACE_OUTER_BOUND('',#380,.T.);
#273=FACE_OUTER_BOUND('',#381,.T.);
#274=FACE_OUTER_BOUND('',#382,.T.);
#275=FACE_OUTER_BOUND('',#383,.T.);
#276=FACE_OUTER_BOUND('',#384,.T.);
#277=FACE_OUTER_BOUND('',#385,.T.);
#278=FACE_OUTER_BOUND('',#386,.T.);
#279=FACE_OUTER_BOUND('',#387,.T.);
#280=FACE_OUTER_BOUND('',#388,.T.);
#281=FACE_OUTER_BOUND('',#389,.T.);
#282=FACE_OUTER_BOUND('',#390,.T.);
#283=FACE_OUTER_BOUND('',#391,.T.);
#284=FACE_OUTER_BOUND('',#392,.T.);
#285=FACE_OUTER_BOUND('',#393,.T.);
#286=FACE_OUTER_BOUND('',#394,.T.);
#287=FACE_OUTER_BOUND('',#395,.T.);
#288=FACE_OUTER_BOUND('',#409,.T.);
#289=FACE_OUTER_BOUND('',#410,.T.);
#290=FACE_OUTER_BOUND('',#411,.T.);
#291=FACE_OUTER_BOUND('',#412,.T.);
#292=FACE_OUTER_BOUND('',#413,.T.);
#293=FACE_OUTER_BOUND('',#414,.T.);
#294=FACE_OUTER_BOUND('',#415,.T.);
#295=FACE_OUTER_BOUND('',#416,.T.);
#296=FACE_OUTER_BOUND('',#417,.T.);
#297=FACE_OUTER_BOUND('',#418,.T.);
#298=FACE_OUTER_BOUND('',#419,.T.);
#299=FACE_OUTER_BOUND('',#420,.T.);
#300=FACE_OUTER_BOUND('',#421,.T.);
#301=FACE_OUTER_BOUND('',#422,.T.);
#302=FACE_OUTER_BOUND('',#423,.T.);
#303=FACE_OUTER_BOUND('',#424,.T.);
#304=FACE_OUTER_BOUND('',#425,.T.);
#305=FACE_OUTER_BOUND('',#426,.T.);
#306=FACE_OUTER_BOUND('',#427,.T.);
#307=FACE_OUTER_BOUND('',#428,.T.);
#308=FACE_OUTER_BOUND('',#429,.T.);
#309=FACE_OUTER_BOUND('',#430,.T.);
#310=FACE_OUTER_BOUND('',#431,.T.);
#311=FACE_OUTER_BOUND('',#432,.T.);
#312=FACE_OUTER_BOUND('',#433,.T.);
#313=FACE_OUTER_BOUND('',#434,.T.);
#314=FACE_OUTER_BOUND('',#435,.T.);
#315=FACE_OUTER_BOUND('',#436,.T.);
#316=FACE_OUTER_BOUND('',#437,.T.);
#317=FACE_OUTER_BOUND('',#438,.T.);
#318=FACE_OUTER_BOUND('',#439,.T.);
#319=FACE_OUTER_BOUND('',#440,.T.);
#320=FACE_OUTER_BOUND('',#441,.T.);
#321=FACE_OUTER_BOUND('',#442,.T.);
#322=FACE_OUTER_BOUND('',#443,.T.);
#323=FACE_OUTER_BOUND('',#444,.T.);
#324=FACE_OUTER_BOUND('',#445,.T.);
#325=FACE_OUTER_BOUND('',#446,.T.);
#326=FACE_OUTER_BOUND('',#447,.T.);
#327=FACE_OUTER_BOUND('',#448,.T.);
#328=FACE_OUTER_BOUND('',#449,.T.);
#329=FACE_OUTER_BOUND('',#450,.T.);
#330=FACE_OUTER_BOUND('',#451,.T.);
#331=FACE_OUTER_BOUND('',#452,.T.);
#332=FACE_OUTER_BOUND('',#453,.T.);
#333=FACE_OUTER_BOUND('',#454,.T.);
#334=EDGE_LOOP('',(#1068,#1069,#1070,#1071,#1072));
#335=EDGE_LOOP('',(#1073,#1074,#1075));
#336=EDGE_LOOP('',(#1076,#1077,#1078,#1079,#1080,#1081,#1082,#1083,#1084,
#1085));
#337=EDGE_LOOP('',(#1086,#1087,#1088,#1089));
#338=EDGE_LOOP('',(#1090,#1091,#1092,#1093,#1094));
#339=EDGE_LOOP('',(#1095,#1096,#1097,#1098,#1099,#1100,#1101,#1102,#1103));
#340=EDGE_LOOP('',(#1104,#1105,#1106,#1107));
#341=EDGE_LOOP('',(#1108,#1109,#1110,#1111,#1112,#1113));
#342=EDGE_LOOP('',(#1114,#1115,#1116,#1117));
#343=EDGE_LOOP('',(#1118,#1119,#1120,#1121));
#344=EDGE_LOOP('',(#1122,#1123,#1124,#1125));
#345=EDGE_LOOP('',(#1126,#1127,#1128,#1129));
#346=EDGE_LOOP('',(#1130,#1131,#1132,#1133));
#347=EDGE_LOOP('',(#1134,#1135,#1136,#1137));
#348=EDGE_LOOP('',(#1138,#1139,#1140,#1141,#1142,#1143));
#349=EDGE_LOOP('',(#1144,#1145,#1146,#1147));
#350=EDGE_LOOP('',(#1148,#1149,#1150,#1151,#1152));
#351=EDGE_LOOP('',(#1153,#1154,#1155));
#352=EDGE_LOOP('',(#1156,#1157,#1158,#1159));
#353=EDGE_LOOP('',(#1160,#1161,#1162));
#354=EDGE_LOOP('',(#1163,#1164,#1165,#1166,#1167,#1168));
#355=EDGE_LOOP('',(#1169,#1170,#1171));
#356=EDGE_LOOP('',(#1172,#1173,#1174,#1175,#1176,#1177));
#357=EDGE_LOOP('',(#1178,#1179,#1180,#1181,#1182));
#358=EDGE_LOOP('',(#1183,#1184,#1185,#1186,#1187));
#359=EDGE_LOOP('',(#1188,#1189,#1190,#1191,#1192));
#360=EDGE_LOOP('',(#1193,#1194,#1195,#1196,#1197));
#361=EDGE_LOOP('',(#1198));
#362=EDGE_LOOP('',(#1199,#1200,#1201,#1202,#1203));
#363=EDGE_LOOP('',(#1204,#1205,#1206,#1207,#1208));
#364=EDGE_LOOP('',(#1209));
#365=EDGE_LOOP('',(#1210,#1211,#1212,#1213,#1214));
#366=EDGE_LOOP('',(#1215,#1216,#1217,#1218,#1219));
#367=EDGE_LOOP('',(#1220));
#368=EDGE_LOOP('',(#1221,#1222,#1223,#1224,#1225));
#369=EDGE_LOOP('',(#1226,#1227,#1228,#1229,#1230));
#370=EDGE_LOOP('',(#1231));
#371=EDGE_LOOP('',(#1232,#1233,#1234,#1235,#1236));
#372=EDGE_LOOP('',(#1237,#1238,#1239,#1240,#1241));
#373=EDGE_LOOP('',(#1242));
#374=EDGE_LOOP('',(#1243,#1244,#1245,#1246,#1247));
#375=EDGE_LOOP('',(#1248,#1249,#1250,#1251,#1252));
#376=EDGE_LOOP('',(#1253));
#377=EDGE_LOOP('',(#1254,#1255,#1256,#1257,#1258));
#378=EDGE_LOOP('',(#1259,#1260,#1261,#1262,#1263));
#379=EDGE_LOOP('',(#1264));
#380=EDGE_LOOP('',(#1265,#1266,#1267,#1268,#1269));
#381=EDGE_LOOP('',(#1270,#1271,#1272,#1273,#1274));
#382=EDGE_LOOP('',(#1275));
#383=EDGE_LOOP('',(#1276,#1277,#1278,#1279,#1280));
#384=EDGE_LOOP('',(#1281,#1282,#1283,#1284,#1285));
#385=EDGE_LOOP('',(#1286));
#386=EDGE_LOOP('',(#1287,#1288,#1289,#1290,#1291));
#387=EDGE_LOOP('',(#1292,#1293,#1294,#1295,#1296));
#388=EDGE_LOOP('',(#1297));
#389=EDGE_LOOP('',(#1298,#1299,#1300,#1301,#1302));
#390=EDGE_LOOP('',(#1303,#1304,#1305,#1306,#1307));
#391=EDGE_LOOP('',(#1308));
#392=EDGE_LOOP('',(#1309,#1310,#1311,#1312,#1313));
#393=EDGE_LOOP('',(#1314,#1315,#1316,#1317,#1318));
#394=EDGE_LOOP('',(#1319));
#395=EDGE_LOOP('',(#1320,#1321,#1322,#1323,#1324,#1325));
#396=EDGE_LOOP('',(#1326,#1327,#1328,#1329));
#397=EDGE_LOOP('',(#1330));
#398=EDGE_LOOP('',(#1331));
#399=EDGE_LOOP('',(#1332));
#400=EDGE_LOOP('',(#1333));
#401=EDGE_LOOP('',(#1334));
#402=EDGE_LOOP('',(#1335));
#403=EDGE_LOOP('',(#1336));
#404=EDGE_LOOP('',(#1337));
#405=EDGE_LOOP('',(#1338));
#406=EDGE_LOOP('',(#1339));
#407=EDGE_LOOP('',(#1340));
#408=EDGE_LOOP('',(#1341));
#409=EDGE_LOOP('',(#1342,#1343,#1344,#1345,#1346));
#410=EDGE_LOOP('',(#1347,#1348,#1349,#1350,#1351));
#411=EDGE_LOOP('',(#1352));
#412=EDGE_LOOP('',(#1353,#1354,#1355,#1356,#1357));
#413=EDGE_LOOP('',(#1358,#1359,#1360,#1361,#1362));
#414=EDGE_LOOP('',(#1363));
#415=EDGE_LOOP('',(#1364,#1365,#1366,#1367,#1368));
#416=EDGE_LOOP('',(#1369,#1370,#1371,#1372,#1373));
#417=EDGE_LOOP('',(#1374));
#418=EDGE_LOOP('',(#1375,#1376,#1377,#1378,#1379));
#419=EDGE_LOOP('',(#1380,#1381,#1382,#1383,#1384));
#420=EDGE_LOOP('',(#1385));
#421=EDGE_LOOP('',(#1386,#1387,#1388,#1389,#1390));
#422=EDGE_LOOP('',(#1391,#1392,#1393,#1394,#1395));
#423=EDGE_LOOP('',(#1396));
#424=EDGE_LOOP('',(#1397,#1398,#1399,#1400,#1401));
#425=EDGE_LOOP('',(#1402,#1403,#1404,#1405,#1406));
#426=EDGE_LOOP('',(#1407));
#427=EDGE_LOOP('',(#1408,#1409,#1410,#1411,#1412));
#428=EDGE_LOOP('',(#1413,#1414,#1415,#1416,#1417));
#429=EDGE_LOOP('',(#1418));
#430=EDGE_LOOP('',(#1419,#1420,#1421,#1422,#1423));
#431=EDGE_LOOP('',(#1424,#1425,#1426,#1427,#1428));
#432=EDGE_LOOP('',(#1429));
#433=EDGE_LOOP('',(#1430,#1431,#1432,#1433,#1434));
#434=EDGE_LOOP('',(#1435,#1436,#1437,#1438,#1439));
#435=EDGE_LOOP('',(#1440));
#436=EDGE_LOOP('',(#1441,#1442,#1443,#1444,#1445));
#437=EDGE_LOOP('',(#1446,#1447,#1448,#1449,#1450));
#438=EDGE_LOOP('',(#1451));
#439=EDGE_LOOP('',(#1452,#1453,#1454,#1455,#1456));
#440=EDGE_LOOP('',(#1457,#1458,#1459,#1460,#1461));
#441=EDGE_LOOP('',(#1462));
#442=EDGE_LOOP('',(#1463,#1464,#1465,#1466,#1467));
#443=EDGE_LOOP('',(#1468,#1469,#1470,#1471,#1472));
#444=EDGE_LOOP('',(#1473));
#445=EDGE_LOOP('',(#1474,#1475,#1476,#1477,#1478,#1479));
#446=EDGE_LOOP('',(#1480,#1481,#1482,#1483));
#447=EDGE_LOOP('',(#1484,#1485,#1486,#1487));
#448=EDGE_LOOP('',(#1488,#1489,#1490,#1491,#1492,#1493,#1494,#1495));
#449=EDGE_LOOP('',(#1496,#1497,#1498,#1499));
#450=EDGE_LOOP('',(#1500,#1501,#1502,#1503,#1504,#1505,#1506,#1507));
#451=EDGE_LOOP('',(#1508,#1509,#1510,#1511));
#452=EDGE_LOOP('',(#1512,#1513,#1514,#1515));
#453=EDGE_LOOP('',(#1516,#1517,#1518,#1519));
#454=EDGE_LOOP('',(#1520,#1521,#1522,#1523,#1524,#1525));
#455=EDGE_LOOP('',(#1526));
#456=EDGE_LOOP('',(#1527));
#457=EDGE_LOOP('',(#1528));
#458=EDGE_LOOP('',(#1529));
#459=EDGE_LOOP('',(#1530));
#460=EDGE_LOOP('',(#1531));
#461=EDGE_LOOP('',(#1532));
#462=EDGE_LOOP('',(#1533));
#463=EDGE_LOOP('',(#1534));
#464=EDGE_LOOP('',(#1535));
#465=EDGE_LOOP('',(#1536));
#466=EDGE_LOOP('',(#1537));
#467=EDGE_LOOP('',(#1538,#1539,#1540,#1541));
#468=LINE('',#2702,#567);
#469=LINE('',#2704,#568);
#470=LINE('',#2706,#569);
#471=LINE('',#2707,#570);
#472=LINE('',#2710,#571);
#473=LINE('',#2714,#572);
#474=LINE('',#2716,#573);
#475=LINE('',#2718,#574);
#476=LINE('',#2720,#575);
#477=LINE('',#2722,#576);
#478=LINE('',#2724,#577);
#479=LINE('',#2726,#578);
#480=LINE('',#2727,#579);
#481=LINE('',#2730,#580);
#482=LINE('',#2732,#581);
#483=LINE('',#2734,#582);
#484=LINE('',#2735,#583);
#485=LINE('',#2969,#584);
#486=LINE('',#2970,#585);
#487=LINE('',#2971,#586);
#488=LINE('',#3117,#587);
#489=LINE('',#3168,#588);
#490=LINE('',#3171,#589);
#491=LINE('',#3177,#590);
#492=LINE('',#3183,#591);
#493=LINE('',#3185,#592);
#494=LINE('',#3186,#593);
#495=LINE('',#3189,#594);
#496=LINE('',#3190,#595);
#497=LINE('',#3193,#596);
#498=LINE('',#3194,#597);
#499=LINE('',#3197,#598);
#500=LINE('',#3198,#599);
#501=LINE('',#3201,#600);
#502=LINE('',#3202,#601);
#503=LINE('',#3204,#602);
#504=LINE('',#3207,#603);
#505=LINE('',#3211,#604);
#506=LINE('',#3215,#605);
#507=LINE('',#3217,#606);
#508=LINE('',#3218,#607);
#509=LINE('',#3221,#608);
#510=LINE('',#3223,#609);
#511=LINE('',#3224,#610);
#512=LINE('',#3225,#611);
#513=LINE('',#3228,#612);
#514=LINE('',#3229,#613);
#515=LINE('',#3232,#614);
#516=LINE('',#3234,#615);
#517=LINE('',#3236,#616);
#518=LINE('',#3237,#617);
#519=LINE('',#3240,#618);
#520=LINE('',#3242,#619);
#521=LINE('',#3243,#620);
#522=LINE('',#3246,#621);
#523=LINE('',#3248,#622);
#524=LINE('',#3250,#623);
#525=LINE('',#3251,#624);
#526=LINE('',#3289,#625);
#527=LINE('',#3328,#626);
#528=LINE('',#3367,#627);
#529=LINE('',#3406,#628);
#530=LINE('',#3445,#629);
#531=LINE('',#3484,#630);
#532=LINE('',#3523,#631);
#533=LINE('',#3562,#632);
#534=LINE('',#3601,#633);
#535=LINE('',#3640,#634);
#536=LINE('',#3679,#635);
#537=LINE('',#3718,#636);
#538=LINE('',#3722,#637);
#539=LINE('',#3727,#638);
#540=LINE('',#3729,#639);
#541=LINE('',#3730,#640);
#542=LINE('',#3768,#641);
#543=LINE('',#3807,#642);
#544=LINE('',#3846,#643);
#545=LINE('',#3885,#644);
#546=LINE('',#3924,#645);
#547=LINE('',#3963,#646);
#548=LINE('',#4002,#647);
#549=LINE('',#4041,#648);
#550=LINE('',#4080,#649);
#551=LINE('',#4119,#650);
#552=LINE('',#4158,#651);
#553=LINE('',#4197,#652);
#554=LINE('',#4201,#653);
#555=LINE('',#4203,#654);
#556=LINE('',#4204,#655);
#557=LINE('',#4206,#656);
#558=LINE('',#4207,#657);
#559=LINE('',#4211,#658);
#560=LINE('',#4212,#659);
#561=LINE('',#4215,#660);
#562=LINE('',#4216,#661);
#563=LINE('',#4218,#662);
#564=LINE('',#4221,#663);
#565=LINE('',#4222,#664);
#566=LINE('',#4226,#665);
#567=VECTOR('',#1940,10.);
#568=VECTOR('',#1941,10.);
#569=VECTOR('',#1942,10.);
#570=VECTOR('',#1943,10.);
#571=VECTOR('',#1946,10.);
#572=VECTOR('',#1951,10.);
#573=VECTOR('',#1952,10.);
#574=VECTOR('',#1953,10.);
#575=VECTOR('',#1954,10.);
#576=VECTOR('',#1955,10.);
#577=VECTOR('',#1956,10.);
#578=VECTOR('',#1957,10.);
#579=VECTOR('',#1958,10.);
#580=VECTOR('',#1959,10.);
#581=VECTOR('',#1960,10.);
#582=VECTOR('',#1961,10.);
#583=VECTOR('',#1962,10.);
#584=VECTOR('',#1965,10.);
#585=VECTOR('',#1966,10.);
#586=VECTOR('',#1967,10.);
#587=VECTOR('',#1968,10.);
#588=VECTOR('',#1973,10.);
#589=VECTOR('',#1974,10.);
#590=VECTOR('',#1979,10.);
#591=VECTOR('',#1986,10.);
#592=VECTOR('',#1987,10.);
#593=VECTOR('',#1988,10.);
#594=VECTOR('',#1991,10.);
#595=VECTOR('',#1992,10.);
#596=VECTOR('',#1995,10.);
#597=VECTOR('',#1996,10.);
#598=VECTOR('',#1999,10.);
#599=VECTOR('',#2000,10.);
#600=VECTOR('',#2003,10.);
#601=VECTOR('',#2004,10.);
#602=VECTOR('',#2007,10.);
#603=VECTOR('',#2012,10.);
#604=VECTOR('',#2019,10.);
#605=VECTOR('',#2022,10.);
#606=VECTOR('',#2023,10.);
#607=VECTOR('',#2024,10.);
#608=VECTOR('',#2027,10.);
#609=VECTOR('',#2028,10.);
#610=VECTOR('',#2029,10.);
#611=VECTOR('',#2030,10.);
#612=VECTOR('',#2033,10.);
#613=VECTOR('',#2034,10.);
#614=VECTOR('',#2037,10.);
#615=VECTOR('',#2038,10.);
#616=VECTOR('',#2039,10.);
#617=VECTOR('',#2040,10.);
#618=VECTOR('',#2043,10.);
#619=VECTOR('',#2044,10.);
#620=VECTOR('',#2045,10.);
#621=VECTOR('',#2048,10.);
#622=VECTOR('',#2049,10.);
#623=VECTOR('',#2050,10.);
#624=VECTOR('',#2051,10.);
#625=VECTOR('',#2064,4.625);
#626=VECTOR('',#2079,4.625);
#627=VECTOR('',#2094,4.625);
#628=VECTOR('',#2109,4.62500000000002);
#629=VECTOR('',#2124,4.625);
#630=VECTOR('',#2139,4.625);
#631=VECTOR('',#2154,4.625);
#632=VECTOR('',#2169,4.625);
#633=VECTOR('',#2184,4.625);
#634=VECTOR('',#2199,4.62500000000001);
#635=VECTOR('',#2214,4.62500000000001);
#636=VECTOR('',#2229,4.625);
#637=VECTOR('',#2234,10.);
#638=VECTOR('',#2239,10.);
#639=VECTOR('',#2240,10.);
#640=VECTOR('',#2241,10.);
#641=VECTOR('',#2254,4.625);
#642=VECTOR('',#2269,4.625);
#643=VECTOR('',#2284,4.625);
#644=VECTOR('',#2299,4.62500000000002);
#645=VECTOR('',#2314,4.625);
#646=VECTOR('',#2329,4.625);
#647=VECTOR('',#2344,4.625);
#648=VECTOR('',#2359,4.625);
#649=VECTOR('',#2374,4.625);
#650=VECTOR('',#2389,4.62500000000001);
#651=VECTOR('',#2404,4.62500000000001);
#652=VECTOR('',#2419,4.625);
#653=VECTOR('',#2424,10.);
#654=VECTOR('',#2425,10.);
#655=VECTOR('',#2426,10.);
#656=VECTOR('',#2429,10.);
#657=VECTOR('',#2430,10.);
#658=VECTOR('',#2435,10.);
#659=VECTOR('',#2436,10.);
#660=VECTOR('',#2439,10.);
#661=VECTOR('',#2440,10.);
#662=VECTOR('',#2443,10.);
#663=VECTOR('',#2446,10.);
#664=VECTOR('',#2447,10.);
#665=VECTOR('',#2452,10.);
#666=B_SPLINE_CURVE_WITH_KNOTS('',3,(#2463,#2464,#2465,#2466,#2467,#2468,
#2469,#2470,#2471,#2472,#2473,#2474,#2475,#2476,#2477,#2478,#2479,#2480,
#2481,#2482,#2483,#2484,#2485,#2486,#2487,#2488,#2489,#2490,#2491,#2492,
#2493,#2494,#2495,#2496,#2497,#2498,#2499,#2500,#2501,#2502,#2503,#2504,
#2505,#2506,#2507,#2508,#2509,#2510,#2511,#2512,#2513,#2514,#2515,#2516,
#2517,#2518,#2519,#2520,#2521,#2522,#2523,#2524,#2525,#2526,#2527,#2528,
#2529,#2530,#2531,#2532,#2533,#2534,#2535,#2536,#2537,#2538,#2539,#2540,
#2541,#2542,#2543,#2544,#2545,#2546,#2547,#2548,#2549,#2550,#2551,#2552,
#2553,#2554,#2555,#2556,#2557,#2558,#2559,#2560,#2561,#2562,#2563,#2564,
#2565,#2566,#2567,#2568,#2569,#2570,#2571,#2572,#2573,#2574,#2575,#2576,
#2577,#2578,#2579,#2580,#2581,#2582,#2583,#2584,#2585,#2586,#2587,#2588,
#2589,#2590,#2591,#2592,#2593,#2594,#2595,#2596,#2597,#2598,#2599,#2600,
#2601,#2602,#2603,#2604,#2605,#2606,#2607,#2608,#2609,#2610,#2611,#2612,
#2613,#2614,#2615,#2616,#2617,#2618,#2619,#2620,#2621,#2622,#2623,#2624,
#2625,#2626,#2627,#2628,#2629,#2630,#2631,#2632,#2633,#2634,#2635,#2636,
#2637,#2638,#2639,#2640,#2641,#2642,#2643,#2644,#2645,#2646,#2647,#2648,
#2649,#2650,#2651,#2652,#2653,#2654,#2655,#2656,#2657,#2658,#2659,#2660,
#2661,#2662,#2663,#2664,#2665,#2666,#2667,#2668,#2669,#2670,#2671,#2672,
#2673,#2674,#2675,#2676,#2677,#2678,#2679,#2680,#2681,#2682,#2683,#2684,
#2685,#2686,#2687,#2688,#2689,#2690,#2691,#2692,#2693,#2694,#2695,#2696,
#2697,#2698,#2699,#2700),.UNSPECIFIED.,.F.,.F.,(4,3,3,3,3,3,3,3,3,3,3,3,
3,3,3,3,3,3,3,3,3,3,3,3,3,3,3,3,3,3,3,3,3,3,3,3,3,3,3,3,3,3,3,3,3,3,3,3,
3,3,3,3,3,3,3,3,3,3,3,3,3,3,3,3,3,3,3,3,3,3,3,3,3,3,3,3,3,3,3,4),(-15.3312518247421,
-15.2170156687382,-15.1023251305985,-14.9870820329112,-14.8704095998889,
-14.7533241228603,-14.6353497734452,-14.5163604519064,-14.3955009185526,
-14.2734415325288,-14.1491470149418,-14.0537025687326,-13.9087466070627,
-13.7585962093439,-13.6043720270063,-13.4450900564781,-13.2744540634776,
-13.0947193243731,-12.8901209179926,-12.7671818259558,-12.5507945465072,
-12.346330780621,-12.148289991523,-11.9575608618253,-11.9016327081612,-11.6928304829628,
-11.5079707070778,-11.375723364397,-11.2406882496359,-11.1001116851974,
-10.9572370338586,-10.810967689154,-10.6609844554777,-10.5046342526365,
-10.3440823824793,-10.1763668302137,-10.1160757341276,-9.92620686719999,
-9.71844468957618,-9.47454909024905,-9.20651739726702,-8.98973657783958,
-8.80114699714226,-8.61255741644495,-8.36869835193166,-8.24170676438161,
-8.04806147523933,-7.85243937309503,-7.65261299189815,-7.44962439306822,
-7.24072281244332,-7.17252340335276,-6.92491178060287,-6.64294810928393,
-6.34120321026895,-6.09174015270543,-5.86684728363669,-5.65281134428649,
-5.44965939939797,-5.34335098001489,-5.0650252977176,-4.79576622218557,
-4.53708132323534,-4.49377596637148,-4.2323578054911,-3.96257291698637,
-3.68064684963651,-3.38493462575721,-3.06653780700706,-2.7281071941597,
-2.40243067932843,-2.06768653743384,-1.74333910954906,-1.43408530422014,
-1.13961132771827,-0.864255280881568,-0.598141303291957,-0.344911634545321,
-0.147706310260468,-0.0503106306891434),.UNSPECIFIED.);
#667=B_SPLINE_CURVE_WITH_KNOTS('',3,(#2739,#2740,#2741,#2742,#2743,#2744,
#2745,#2746,#2747,#2748,#2749,#2750,#2751,#2752,#2753,#2754,#2755,#2756,
#2757,#2758,#2759,#2760,#2761,#2762,#2763,#2764,#2765,#2766,#2767,#2768,
#2769,#2770,#2771,#2772,#2773,#2774,#2775,#2776,#2777,#2778,#2779,#2780,
#2781,#2782,#2783,#2784,#2785,#2786,#2787,#2788,#2789,#2790,#2791,#2792,
#2793,#2794,#2795,#2796,#2797,#2798,#2799,#2800,#2801,#2802,#2803,#2804,
#2805,#2806,#2807,#2808,#2809,#2810,#2811,#2812,#2813,#2814,#2815,#2816,
#2817,#2818,#2819,#2820,#2821,#2822,#2823,#2824,#2825,#2826,#2827,#2828,
#2829,#2830,#2831,#2832,#2833,#2834,#2835,#2836,#2837,#2838,#2839,#2840,
#2841,#2842,#2843,#2844,#2845,#2846,#2847,#2848,#2849,#2850,#2851,#2852,
#2853,#2854,#2855,#2856,#2857,#2858,#2859,#2860,#2861,#2862,#2863,#2864,
#2865,#2866,#2867,#2868,#2869,#2870,#2871,#2872,#2873,#2874,#2875,#2876,
#2877,#2878,#2879,#2880,#2881,#2882,#2883,#2884,#2885,#2886,#2887,#2888,
#2889,#2890,#2891,#2892,#2893,#2894,#2895,#2896,#2897,#2898,#2899,#2900,
#2901,#2902,#2903,#2904,#2905,#2906,#2907,#2908,#2909,#2910,#2911,#2912,
#2913,#2914,#2915,#2916,#2917,#2918,#2919,#2920,#2921,#2922,#2923,#2924,
#2925,#2926,#2927,#2928,#2929,#2930,#2931,#2932,#2933,#2934,#2935,#2936,
#2937,#2938,#2939,#2940,#2941,#2942,#2943,#2944,#2945,#2946,#2947,#2948,
#2949,#2950,#2951,#2952,#2953,#2954,#2955,#2956,#2957,#2958,#2959,#2960,
#2961,#2962,#2963,#2964,#2965,#2966,#2967),.UNSPECIFIED.,.F.,.F.,(4,3,3,
3,3,3,3,3,3,3,3,3,3,3,3,3,3,3,3,3,3,3,3,3,3,3,3,3,3,3,3,3,3,3,3,3,3,3,3,
3,3,3,3,3,3,3,3,3,3,3,3,3,3,3,3,3,3,3,3,3,3,3,3,3,3,3,3,3,3,3,3,3,3,3,3,
3,4),(-14.4167793685086,-14.3282485920053,-14.0998320276381,-13.8580475867512,
-13.6066232058573,-13.3442867360556,-13.0624584612303,-12.769461696207,
-12.466204351986,-12.2900806577068,-11.9839239979404,-11.6898644156592,
-11.4110335357454,-11.1530515055362,-10.9052777458527,-10.6712346238147,
-10.5127762782377,-10.2667755861776,-10.0129961979558,-9.74938875030552,
-9.65080584749842,-9.45657868225245,-9.24495253894393,-9.01489510196525,
-8.7520363640714,-8.48737648966953,-8.25479753530332,-8.0467527367479,-7.9519949315022,
-7.76259868111359,-7.57603581953083,-7.39277982077314,-7.24755023767209,
-6.94530862746533,-6.66767243199578,-6.58372658100104,-6.37787409883123,
-6.15200857850561,-5.87479652186091,-5.58245439681514,-5.36259292910133,
-5.18187722810705,-4.9944970081917,-4.81447059806839,-4.64050699670073,
-4.47170867175113,-4.30965278403245,-4.15085024975855,-3.99687776648678,
-3.84668167734523,-3.60646851620096,-3.5164541038622,-3.33911384449261,
-3.15004107875276,-2.96117961790846,-2.76280451652978,-2.58282278153321,
-2.35389494404919,-2.16538563069936,-1.99306937621652,-1.83064730426269,
-1.6779043759879,-1.52921586933996,-1.38544206077683,-1.29087166373255,
-1.1680889213048,-1.04731386206751,-0.928250276670636,-0.811328815549708,
-0.695500243395642,-0.580618189769914,-0.466552119341386,-0.349914089506039,
-0.237372952611171,-0.125220770120815,-0.0134870780900731,0.),
 .UNSPECIFIED.);
#668=B_SPLINE_CURVE_WITH_KNOTS('',3,(#3059,#3060,#3061,#3062),
 .UNSPECIFIED.,.F.,.F.,(4,4),(-2.54999999999999,-0.0499999999999727),
 .UNSPECIFIED.);
#669=B_SPLINE_CURVE_WITH_KNOTS('',3,(#3063,#3064,#3065,#3066),
 .UNSPECIFIED.,.F.,.F.,(4,4),(-2.54999999999999,-0.0499999999999998),
 .UNSPECIFIED.);
#670=B_SPLINE_CURVE_WITH_KNOTS('',3,(#3068,#3069,#3070,#3071),
 .UNSPECIFIED.,.F.,.F.,(4,4),(-4.96,0.),.UNSPECIFIED.);
#671=B_SPLINE_CURVE_WITH_KNOTS('',3,(#3073,#3074,#3075,#3076,#3077,#3078,
#3079,#3080,#3081,#3082,#3083,#3084,#3085,#3086,#3087,#3088,#3089,#3090,
#3091,#3092,#3093,#3094,#3095,#3096,#3097,#3098,#3099,#3100,#3101,#3102,
#3103,#3104,#3105,#3106,#3107,#3108,#3109,#3110,#3111,#3112,#3113,#3114,
#3115),.UNSPECIFIED.,.F.,.F.,(4,3,3,3,3,3,3,3,3,3,3,3,3,3,4),(0.00153926820194994,
0.0195962066040756,0.0392498331950508,0.0589046908727272,0.0787169499339615,
0.0990307467626703,0.119673080953987,0.14681084460206,0.183127176254235,
0.208841965548011,0.233915006462171,0.252620108826851,0.271307181004999,
0.287965838232213,0.296916642931289),.UNSPECIFIED.);
#672=B_SPLINE_CURVE_WITH_KNOTS('',3,(#3119,#3120,#3121,#3122,#3123,#3124,
#3125,#3126,#3127,#3128,#3129,#3130,#3131,#3132,#3133,#3134,#3135,#3136,
#3137,#3138,#3139,#3140,#3141,#3142,#3143,#3144,#3145,#3146,#3147,#3148,
#3149,#3150,#3151,#3152,#3153,#3154,#3155,#3156,#3157,#3158,#3159,#3160,
#3161),.UNSPECIFIED.,.F.,.F.,(4,3,3,3,3,3,3,3,3,3,3,3,3,3,4),(0.00153926820194994,
0.0195962066040756,0.0392498331950508,0.0589046908727272,0.0787169499339615,
0.0990307467626703,0.119673080953987,0.14681084460206,0.183127176254235,
0.208841965548011,0.233915006462171,0.252620108826851,0.271307181004999,
0.287965838232213,0.296916642931289),.UNSPECIFIED.);
#673=B_SPLINE_CURVE_WITH_KNOTS('',3,(#3162,#3163,#3164,#3165),
 .UNSPECIFIED.,.F.,.F.,(4,4),(-15.,-10.04),.UNSPECIFIED.);
#674=VERTEX_POINT('',#2461);
#675=VERTEX_POINT('',#2462);
#676=VERTEX_POINT('',#2701);
#677=VERTEX_POINT('',#2703);
#678=VERTEX_POINT('',#2705);
#679=VERTEX_POINT('',#2709);
#680=VERTEX_POINT('',#2713);
#681=VERTEX_POINT('',#2715);
#682=VERTEX_POINT('',#2717);
#683=VERTEX_POINT('',#2719);
#684=VERTEX_POINT('',#2721);
#685=VERTEX_POINT('',#2723);
#686=VERTEX_POINT('',#2725);
#687=VERTEX_POINT('',#2728);
#688=VERTEX_POINT('',#2729);
#689=VERTEX_POINT('',#2731);
#690=VERTEX_POINT('',#2733);
#691=VERTEX_POINT('',#2737);
#692=VERTEX_POINT('',#2738);
#693=VERTEX_POINT('',#2968);
#694=VERTEX_POINT('',#3058);
#695=VERTEX_POINT('',#3067);
#696=VERTEX_POINT('',#3072);
#697=VERTEX_POINT('',#3116);
#698=VERTEX_POINT('',#3118);
#699=VERTEX_POINT('',#3169);
#700=VERTEX_POINT('',#3170);
#701=VERTEX_POINT('',#3172);
#702=VERTEX_POINT('',#3174);
#703=VERTEX_POINT('',#3176);
#704=VERTEX_POINT('',#3178);
#705=VERTEX_POINT('',#3182);
#706=VERTEX_POINT('',#3184);
#707=VERTEX_POINT('',#3188);
#708=VERTEX_POINT('',#3192);
#709=VERTEX_POINT('',#3196);
#710=VERTEX_POINT('',#3200);
#711=VERTEX_POINT('',#3213);
#712=VERTEX_POINT('',#3214);
#713=VERTEX_POINT('',#3216);
#714=VERTEX_POINT('',#3220);
#715=VERTEX_POINT('',#3222);
#716=VERTEX_POINT('',#3227);
#717=VERTEX_POINT('',#3231);
#718=VERTEX_POINT('',#3233);
#719=VERTEX_POINT('',#3235);
#720=VERTEX_POINT('',#3239);
#721=VERTEX_POINT('',#3241);
#722=VERTEX_POINT('',#3245);
#723=VERTEX_POINT('',#3247);
#724=VERTEX_POINT('',#3249);
#725=VERTEX_POINT('',#3279);
#726=VERTEX_POINT('',#3280);
#727=VERTEX_POINT('',#3283);
#728=VERTEX_POINT('',#3287);
#729=VERTEX_POINT('',#3318);
#730=VERTEX_POINT('',#3319);
#731=VERTEX_POINT('',#3322);
#732=VERTEX_POINT('',#3326);
#733=VERTEX_POINT('',#3357);
#734=VERTEX_POINT('',#3358);
#735=VERTEX_POINT('',#3361);
#736=VERTEX_POINT('',#3365);
#737=VERTEX_POINT('',#3396);
#738=VERTEX_POINT('',#3397);
#739=VERTEX_POINT('',#3400);
#740=VERTEX_POINT('',#3404);
#741=VERTEX_POINT('',#3435);
#742=VERTEX_POINT('',#3436);
#743=VERTEX_POINT('',#3439);
#744=VERTEX_POINT('',#3443);
#745=VERTEX_POINT('',#3474);
#746=VERTEX_POINT('',#3475);
#747=VERTEX_POINT('',#3478);
#748=VERTEX_POINT('',#3482);
#749=VERTEX_POINT('',#3513);
#750=VERTEX_POINT('',#3514);
#751=VERTEX_POINT('',#3517);
#752=VERTEX_POINT('',#3521);
#753=VERTEX_POINT('',#3552);
#754=VERTEX_POINT('',#3553);
#755=VERTEX_POINT('',#3556);
#756=VERTEX_POINT('',#3560);
#757=VERTEX_POINT('',#3591);
#758=VERTEX_POINT('',#3592);
#759=VERTEX_POINT('',#3595);
#760=VERTEX_POINT('',#3599);
#761=VERTEX_POINT('',#3630);
#762=VERTEX_POINT('',#3631);
#763=VERTEX_POINT('',#3634);
#764=VERTEX_POINT('',#3638);
#765=VERTEX_POINT('',#3669);
#766=VERTEX_POINT('',#3670);
#767=VERTEX_POINT('',#3673);
#768=VERTEX_POINT('',#3677);
#769=VERTEX_POINT('',#3708);
#770=VERTEX_POINT('',#3709);
#771=VERTEX_POINT('',#3712);
#772=VERTEX_POINT('',#3716);
#773=VERTEX_POINT('',#3721);
#774=VERTEX_POINT('',#3723);
#775=VERTEX_POINT('',#3726);
#776=VERTEX_POINT('',#3728);
#777=VERTEX_POINT('',#3758);
#778=VERTEX_POINT('',#3760);
#779=VERTEX_POINT('',#3762);
#780=VERTEX_POINT('',#3766);
#781=VERTEX_POINT('',#3797);
#782=VERTEX_POINT('',#3799);
#783=VERTEX_POINT('',#3801);
#784=VERTEX_POINT('',#3805);
#785=VERTEX_POINT('',#3836);
#786=VERTEX_POINT('',#3838);
#787=VERTEX_POINT('',#3840);
#788=VERTEX_POINT('',#3844);
#789=VERTEX_POINT('',#3875);
#790=VERTEX_POINT('',#3877);
#791=VERTEX_POINT('',#3879);
#792=VERTEX_POINT('',#3883);
#793=VERTEX_POINT('',#3914);
#794=VERTEX_POINT('',#3916);
#795=VERTEX_POINT('',#3918);
#796=VERTEX_POINT('',#3922);
#797=VERTEX_POINT('',#3953);
#798=VERTEX_POINT('',#3955);
#799=VERTEX_POINT('',#3957);
#800=VERTEX_POINT('',#3961);
#801=VERTEX_POINT('',#3992);
#802=VERTEX_POINT('',#3994);
#803=VERTEX_POINT('',#3996);
#804=VERTEX_POINT('',#4000);
#805=VERTEX_POINT('',#4031);
#806=VERTEX_POINT('',#4033);
#807=VERTEX_POINT('',#4035);
#808=VERTEX_POINT('',#4039);
#809=VERTEX_POINT('',#4070);
#810=VERTEX_POINT('',#4072);
#811=VERTEX_POINT('',#4074);
#812=VERTEX_POINT('',#4078);
#813=VERTEX_POINT('',#4109);
#814=VERTEX_POINT('',#4111);
#815=VERTEX_POINT('',#4113);
#816=VERTEX_POINT('',#4117);
#817=VERTEX_POINT('',#4148);
#818=VERTEX_POINT('',#4150);
#819=VERTEX_POINT('',#4152);
#820=VERTEX_POINT('',#4156);
#821=VERTEX_POINT('',#4187);
#822=VERTEX_POINT('',#4189);
#823=VERTEX_POINT('',#4191);
#824=VERTEX_POINT('',#4195);
#825=VERTEX_POINT('',#4200);
#826=VERTEX_POINT('',#4202);
#827=VERTEX_POINT('',#4210);
#828=VERTEX_POINT('',#4214);
#829=VERTEX_POINT('',#4220);
#830=VERTEX_POINT('',#4224);
#831=EDGE_CURVE('',#674,#675,#666,.T.);
#832=EDGE_CURVE('',#676,#674,#468,.T.);
#833=EDGE_CURVE('',#677,#676,#469,.T.);
#834=EDGE_CURVE('',#678,#677,#470,.T.);
#835=EDGE_CURVE('',#678,#675,#471,.T.);
#836=EDGE_CURVE('',#679,#677,#472,.T.);
#837=EDGE_CURVE('',#679,#678,#102,.T.);
#838=EDGE_CURVE('',#676,#680,#473,.T.);
#839=EDGE_CURVE('',#681,#680,#474,.T.);
#840=EDGE_CURVE('',#682,#681,#475,.T.);
#841=EDGE_CURVE('',#682,#683,#476,.T.);
#842=EDGE_CURVE('',#683,#684,#477,.T.);
#843=EDGE_CURVE('',#684,#685,#478,.T.);
#844=EDGE_CURVE('',#685,#686,#479,.T.);
#845=EDGE_CURVE('',#686,#679,#480,.T.);
#846=EDGE_CURVE('',#687,#688,#481,.T.);
#847=EDGE_CURVE('',#688,#689,#482,.T.);
#848=EDGE_CURVE('',#689,#690,#483,.T.);
#849=EDGE_CURVE('',#690,#687,#484,.T.);
#850=EDGE_CURVE('',#691,#692,#667,.T.);
#851=EDGE_CURVE('',#693,#691,#485,.T.);
#852=EDGE_CURVE('',#685,#693,#486,.T.);
#853=EDGE_CURVE('',#692,#684,#487,.T.);
#854=EDGE_CURVE('',#675,#694,#668,.T.);
#855=EDGE_CURVE('',#694,#691,#669,.T.);
#856=EDGE_CURVE('',#692,#695,#670,.T.);
#857=EDGE_CURVE('',#695,#696,#671,.T.);
#858=EDGE_CURVE('',#696,#697,#488,.T.);
#859=EDGE_CURVE('',#698,#697,#672,.T.);
#860=EDGE_CURVE('',#698,#674,#673,.T.);
#861=EDGE_CURVE('',#693,#686,#103,.T.);
#862=EDGE_CURVE('',#678,#693,#489,.T.);
#863=EDGE_CURVE('',#699,#700,#490,.T.);
#864=EDGE_CURVE('',#701,#699,#42,.T.);
#865=EDGE_CURVE('',#702,#701,#43,.T.);
#866=EDGE_CURVE('',#703,#702,#491,.T.);
#867=EDGE_CURVE('',#704,#703,#44,.T.);
#868=EDGE_CURVE('',#700,#704,#45,.T.);
#869=EDGE_CURVE('',#702,#705,#492,.T.);
#870=EDGE_CURVE('',#705,#706,#493,.T.);
#871=EDGE_CURVE('',#703,#706,#494,.T.);
#872=EDGE_CURVE('',#701,#707,#495,.T.);
#873=EDGE_CURVE('',#707,#705,#496,.T.);
#874=EDGE_CURVE('',#699,#708,#497,.T.);
#875=EDGE_CURVE('',#708,#707,#498,.T.);
#876=EDGE_CURVE('',#700,#709,#499,.T.);
#877=EDGE_CURVE('',#709,#708,#500,.T.);
#878=EDGE_CURVE('',#704,#710,#501,.T.);
#879=EDGE_CURVE('',#710,#709,#502,.T.);
#880=EDGE_CURVE('',#706,#710,#503,.T.);
#881=EDGE_CURVE('',#680,#698,#504,.T.);
#882=EDGE_CURVE('',#695,#683,#505,.T.);
#883=EDGE_CURVE('',#711,#712,#506,.T.);
#884=EDGE_CURVE('',#713,#711,#507,.T.);
#885=EDGE_CURVE('',#712,#713,#508,.T.);
#886=EDGE_CURVE('',#714,#713,#509,.T.);
#887=EDGE_CURVE('',#715,#714,#510,.T.);
#888=EDGE_CURVE('',#688,#715,#511,.T.);
#889=EDGE_CURVE('',#712,#687,#512,.T.);
#890=EDGE_CURVE('',#716,#714,#513,.T.);
#891=EDGE_CURVE('',#715,#716,#514,.T.);
#892=EDGE_CURVE('',#717,#715,#515,.T.);
#893=EDGE_CURVE('',#718,#717,#516,.T.);
#894=EDGE_CURVE('',#718,#719,#517,.T.);
#895=EDGE_CURVE('',#689,#719,#518,.T.);
#896=EDGE_CURVE('',#720,#716,#519,.T.);
#897=EDGE_CURVE('',#720,#721,#520,.T.);
#898=EDGE_CURVE('',#721,#717,#521,.T.);
#899=EDGE_CURVE('',#712,#722,#522,.T.);
#900=EDGE_CURVE('',#722,#723,#523,.T.);
#901=EDGE_CURVE('',#724,#723,#524,.T.);
#902=EDGE_CURVE('',#711,#724,#525,.T.);
#903=EDGE_CURVE('',#725,#726,#104,.T.);
#904=EDGE_CURVE('',#726,#725,#105,.T.);
#905=EDGE_CURVE('',#725,#727,#106,.T.);
#906=EDGE_CURVE('',#727,#727,#107,.T.);
#907=EDGE_CURVE('',#728,#728,#108,.T.);
#908=EDGE_CURVE('',#728,#726,#526,.T.);
#909=EDGE_CURVE('',#729,#730,#109,.T.);
#910=EDGE_CURVE('',#730,#729,#110,.T.);
#911=EDGE_CURVE('',#729,#731,#111,.T.);
#912=EDGE_CURVE('',#731,#731,#112,.T.);
#913=EDGE_CURVE('',#732,#732,#113,.T.);
#914=EDGE_CURVE('',#732,#730,#527,.T.);
#915=EDGE_CURVE('',#733,#734,#114,.T.);
#916=EDGE_CURVE('',#734,#733,#115,.T.);
#917=EDGE_CURVE('',#733,#735,#116,.T.);
#918=EDGE_CURVE('',#735,#735,#117,.T.);
#919=EDGE_CURVE('',#736,#736,#118,.T.);
#920=EDGE_CURVE('',#736,#734,#528,.T.);
#921=EDGE_CURVE('',#737,#738,#119,.T.);
#922=EDGE_CURVE('',#738,#737,#120,.T.);
#923=EDGE_CURVE('',#737,#739,#121,.T.);
#924=EDGE_CURVE('',#739,#739,#122,.T.);
#925=EDGE_CURVE('',#740,#740,#123,.T.);
#926=EDGE_CURVE('',#740,#738,#529,.T.);
#927=EDGE_CURVE('',#741,#742,#124,.T.);
#928=EDGE_CURVE('',#742,#741,#125,.T.);
#929=EDGE_CURVE('',#741,#743,#126,.T.);
#930=EDGE_CURVE('',#743,#743,#127,.T.);
#931=EDGE_CURVE('',#744,#744,#128,.T.);
#932=EDGE_CURVE('',#744,#742,#530,.T.);
#933=EDGE_CURVE('',#745,#746,#129,.T.);
#934=EDGE_CURVE('',#746,#745,#130,.T.);
#935=EDGE_CURVE('',#745,#747,#131,.T.);
#936=EDGE_CURVE('',#747,#747,#132,.T.);
#937=EDGE_CURVE('',#748,#748,#133,.T.);
#938=EDGE_CURVE('',#748,#746,#531,.T.);
#939=EDGE_CURVE('',#749,#750,#134,.T.);
#940=EDGE_CURVE('',#750,#749,#135,.T.);
#941=EDGE_CURVE('',#749,#751,#136,.T.);
#942=EDGE_CURVE('',#751,#751,#137,.T.);
#943=EDGE_CURVE('',#752,#752,#138,.T.);
#944=EDGE_CURVE('',#752,#750,#532,.T.);
#945=EDGE_CURVE('',#753,#754,#139,.T.);
#946=EDGE_CURVE('',#754,#753,#140,.T.);
#947=EDGE_CURVE('',#753,#755,#141,.T.);
#948=EDGE_CURVE('',#755,#755,#142,.T.);
#949=EDGE_CURVE('',#756,#756,#143,.T.);
#950=EDGE_CURVE('',#756,#754,#533,.T.);
#951=EDGE_CURVE('',#757,#758,#144,.T.);
#952=EDGE_CURVE('',#758,#757,#145,.T.);
#953=EDGE_CURVE('',#757,#759,#146,.T.);
#954=EDGE_CURVE('',#759,#759,#147,.T.);
#955=EDGE_CURVE('',#760,#760,#148,.T.);
#956=EDGE_CURVE('',#760,#758,#534,.T.);
#957=EDGE_CURVE('',#761,#762,#149,.T.);
#958=EDGE_CURVE('',#762,#761,#150,.T.);
#959=EDGE_CURVE('',#761,#763,#151,.T.);
#960=EDGE_CURVE('',#763,#763,#152,.T.);
#961=EDGE_CURVE('',#764,#764,#153,.T.);
#962=EDGE_CURVE('',#764,#762,#535,.T.);
#963=EDGE_CURVE('',#765,#766,#154,.T.);
#964=EDGE_CURVE('',#766,#765,#155,.T.);
#965=EDGE_CURVE('',#765,#767,#156,.T.);
#966=EDGE_CURVE('',#767,#767,#157,.T.);
#967=EDGE_CURVE('',#768,#768,#158,.T.);
#968=EDGE_CURVE('',#768,#766,#536,.T.);
#969=EDGE_CURVE('',#769,#770,#159,.T.);
#970=EDGE_CURVE('',#770,#769,#160,.T.);
#971=EDGE_CURVE('',#769,#771,#161,.T.);
#972=EDGE_CURVE('',#771,#771,#162,.T.);
#973=EDGE_CURVE('',#772,#772,#163,.T.);
#974=EDGE_CURVE('',#772,#770,#537,.T.);
#975=EDGE_CURVE('',#773,#682,#538,.T.);
#976=EDGE_CURVE('',#774,#773,#164,.T.);
#977=EDGE_CURVE('',#696,#774,#165,.T.);
#978=EDGE_CURVE('',#775,#720,#539,.T.);
#979=EDGE_CURVE('',#776,#775,#540,.T.);
#980=EDGE_CURVE('',#721,#776,#541,.T.);
#981=EDGE_CURVE('',#777,#777,#166,.T.);
#982=EDGE_CURVE('',#777,#778,#167,.T.);
#983=EDGE_CURVE('',#778,#779,#168,.T.);
#984=EDGE_CURVE('',#779,#778,#169,.T.);
#985=EDGE_CURVE('',#780,#780,#170,.T.);
#986=EDGE_CURVE('',#780,#779,#542,.T.);
#987=EDGE_CURVE('',#781,#781,#171,.T.);
#988=EDGE_CURVE('',#781,#782,#172,.T.);
#989=EDGE_CURVE('',#782,#783,#173,.T.);
#990=EDGE_CURVE('',#783,#782,#174,.T.);
#991=EDGE_CURVE('',#784,#784,#175,.T.);
#992=EDGE_CURVE('',#784,#783,#543,.T.);
#993=EDGE_CURVE('',#785,#785,#176,.T.);
#994=EDGE_CURVE('',#785,#786,#177,.T.);
#995=EDGE_CURVE('',#786,#787,#178,.T.);
#996=EDGE_CURVE('',#787,#786,#179,.T.);
#997=EDGE_CURVE('',#788,#788,#180,.T.);
#998=EDGE_CURVE('',#788,#787,#544,.T.);
#999=EDGE_CURVE('',#789,#789,#181,.T.);
#1000=EDGE_CURVE('',#789,#790,#182,.T.);
#1001=EDGE_CURVE('',#790,#791,#183,.T.);
#1002=EDGE_CURVE('',#791,#790,#184,.T.);
#1003=EDGE_CURVE('',#792,#792,#185,.T.);
#1004=EDGE_CURVE('',#792,#791,#545,.T.);
#1005=EDGE_CURVE('',#793,#793,#186,.T.);
#1006=EDGE_CURVE('',#793,#794,#187,.T.);
#1007=EDGE_CURVE('',#794,#795,#188,.T.);
#1008=EDGE_CURVE('',#795,#794,#189,.T.);
#1009=EDGE_CURVE('',#796,#796,#190,.T.);
#1010=EDGE_CURVE('',#796,#795,#546,.T.);
#1011=EDGE_CURVE('',#797,#797,#191,.T.);
#1012=EDGE_CURVE('',#797,#798,#192,.T.);
#1013=EDGE_CURVE('',#798,#799,#193,.T.);
#1014=EDGE_CURVE('',#799,#798,#194,.T.);
#1015=EDGE_CURVE('',#800,#800,#195,.T.);
#1016=EDGE_CURVE('',#800,#799,#547,.T.);
#1017=EDGE_CURVE('',#801,#801,#196,.T.);
#1018=EDGE_CURVE('',#801,#802,#197,.T.);
#1019=EDGE_CURVE('',#802,#803,#198,.T.);
#1020=EDGE_CURVE('',#803,#802,#199,.T.);
#1021=EDGE_CURVE('',#804,#804,#200,.T.);
#1022=EDGE_CURVE('',#804,#803,#548,.T.);
#1023=EDGE_CURVE('',#805,#805,#201,.T.);
#1024=EDGE_CURVE('',#805,#806,#202,.T.);
#1025=EDGE_CURVE('',#806,#807,#203,.T.);
#1026=EDGE_CURVE('',#807,#806,#204,.T.);
#1027=EDGE_CURVE('',#808,#808,#205,.T.);
#1028=EDGE_CURVE('',#808,#807,#549,.T.);
#1029=EDGE_CURVE('',#809,#809,#206,.T.);
#1030=EDGE_CURVE('',#809,#810,#207,.T.);
#1031=EDGE_CURVE('',#810,#811,#208,.T.);
#1032=EDGE_CURVE('',#811,#810,#209,.T.);
#1033=EDGE_CURVE('',#812,#812,#210,.T.);
#1034=EDGE_CURVE('',#812,#811,#550,.T.);
#1035=EDGE_CURVE('',#813,#813,#211,.T.);
#1036=EDGE_CURVE('',#813,#814,#212,.T.);
#1037=EDGE_CURVE('',#814,#815,#213,.T.);
#1038=EDGE_CURVE('',#815,#814,#214,.T.);
#1039=EDGE_CURVE('',#816,#816,#215,.T.);
#1040=EDGE_CURVE('',#816,#815,#551,.T.);
#1041=EDGE_CURVE('',#817,#817,#216,.T.);
#1042=EDGE_CURVE('',#817,#818,#217,.T.);
#1043=EDGE_CURVE('',#818,#819,#218,.T.);
#1044=EDGE_CURVE('',#819,#818,#219,.T.);
#1045=EDGE_CURVE('',#820,#820,#220,.T.);
#1046=EDGE_CURVE('',#820,#819,#552,.T.);
#1047=EDGE_CURVE('',#821,#821,#221,.T.);
#1048=EDGE_CURVE('',#821,#822,#222,.T.);
#1049=EDGE_CURVE('',#822,#823,#223,.T.);
#1050=EDGE_CURVE('',#823,#822,#224,.T.);
#1051=EDGE_CURVE('',#824,#824,#225,.T.);
#1052=EDGE_CURVE('',#824,#823,#553,.T.);
#1053=EDGE_CURVE('',#690,#825,#554,.T.);
#1054=EDGE_CURVE('',#825,#826,#555,.T.);
#1055=EDGE_CURVE('',#722,#826,#556,.T.);
#1056=EDGE_CURVE('',#826,#718,#557,.T.);
#1057=EDGE_CURVE('',#719,#825,#558,.T.);
#1058=EDGE_CURVE('',#776,#827,#559,.T.);
#1059=EDGE_CURVE('',#723,#827,#560,.T.);
#1060=EDGE_CURVE('',#775,#828,#561,.T.);
#1061=EDGE_CURVE('',#827,#828,#562,.T.);
#1062=EDGE_CURVE('',#828,#724,#563,.T.);
#1063=EDGE_CURVE('',#829,#681,#564,.T.);
#1064=EDGE_CURVE('',#773,#829,#565,.T.);
#1065=EDGE_CURVE('',#830,#829,#226,.T.);
#1066=EDGE_CURVE('',#774,#830,#566,.T.);
#1067=EDGE_CURVE('',#697,#830,#227,.T.);
#1068=ORIENTED_EDGE('',*,*,#831,.F.);
#1069=ORIENTED_EDGE('',*,*,#832,.F.);
#1070=ORIENTED_EDGE('',*,*,#833,.F.);
#1071=ORIENTED_EDGE('',*,*,#834,.F.);
#1072=ORIENTED_EDGE('',*,*,#835,.T.);
#1073=ORIENTED_EDGE('',*,*,#834,.T.);
#1074=ORIENTED_EDGE('',*,*,#836,.F.);
#1075=ORIENTED_EDGE('',*,*,#837,.T.);
#1076=ORIENTED_EDGE('',*,*,#833,.T.);
#1077=ORIENTED_EDGE('',*,*,#838,.T.);
#1078=ORIENTED_EDGE('',*,*,#839,.F.);
#1079=ORIENTED_EDGE('',*,*,#840,.F.);
#1080=ORIENTED_EDGE('',*,*,#841,.T.);
#1081=ORIENTED_EDGE('',*,*,#842,.T.);
#1082=ORIENTED_EDGE('',*,*,#843,.T.);
#1083=ORIENTED_EDGE('',*,*,#844,.T.);
#1084=ORIENTED_EDGE('',*,*,#845,.T.);
#1085=ORIENTED_EDGE('',*,*,#836,.T.);
#1086=ORIENTED_EDGE('',*,*,#846,.T.);
#1087=ORIENTED_EDGE('',*,*,#847,.T.);
#1088=ORIENTED_EDGE('',*,*,#848,.T.);
#1089=ORIENTED_EDGE('',*,*,#849,.T.);
#1090=ORIENTED_EDGE('',*,*,#850,.F.);
#1091=ORIENTED_EDGE('',*,*,#851,.F.);
#1092=ORIENTED_EDGE('',*,*,#852,.F.);
#1093=ORIENTED_EDGE('',*,*,#843,.F.);
#1094=ORIENTED_EDGE('',*,*,#853,.F.);
#1095=ORIENTED_EDGE('',*,*,#831,.T.);
#1096=ORIENTED_EDGE('',*,*,#854,.T.);
#1097=ORIENTED_EDGE('',*,*,#855,.T.);
#1098=ORIENTED_EDGE('',*,*,#850,.T.);
#1099=ORIENTED_EDGE('',*,*,#856,.T.);
#1100=ORIENTED_EDGE('',*,*,#857,.T.);
#1101=ORIENTED_EDGE('',*,*,#858,.T.);
#1102=ORIENTED_EDGE('',*,*,#859,.F.);
#1103=ORIENTED_EDGE('',*,*,#860,.T.);
#1104=ORIENTED_EDGE('',*,*,#837,.F.);
#1105=ORIENTED_EDGE('',*,*,#845,.F.);
#1106=ORIENTED_EDGE('',*,*,#861,.F.);
#1107=ORIENTED_EDGE('',*,*,#862,.F.);
#1108=ORIENTED_EDGE('',*,*,#863,.F.);
#1109=ORIENTED_EDGE('',*,*,#864,.F.);
#1110=ORIENTED_EDGE('',*,*,#865,.F.);
#1111=ORIENTED_EDGE('',*,*,#866,.F.);
#1112=ORIENTED_EDGE('',*,*,#867,.F.);
#1113=ORIENTED_EDGE('',*,*,#868,.F.);
#1114=ORIENTED_EDGE('',*,*,#866,.T.);
#1115=ORIENTED_EDGE('',*,*,#869,.T.);
#1116=ORIENTED_EDGE('',*,*,#870,.T.);
#1117=ORIENTED_EDGE('',*,*,#871,.F.);
#1118=ORIENTED_EDGE('',*,*,#865,.T.);
#1119=ORIENTED_EDGE('',*,*,#872,.T.);
#1120=ORIENTED_EDGE('',*,*,#873,.T.);
#1121=ORIENTED_EDGE('',*,*,#869,.F.);
#1122=ORIENTED_EDGE('',*,*,#864,.T.);
#1123=ORIENTED_EDGE('',*,*,#874,.T.);
#1124=ORIENTED_EDGE('',*,*,#875,.T.);
#1125=ORIENTED_EDGE('',*,*,#872,.F.);
#1126=ORIENTED_EDGE('',*,*,#863,.T.);
#1127=ORIENTED_EDGE('',*,*,#876,.T.);
#1128=ORIENTED_EDGE('',*,*,#877,.T.);
#1129=ORIENTED_EDGE('',*,*,#874,.F.);
#1130=ORIENTED_EDGE('',*,*,#868,.T.);
#1131=ORIENTED_EDGE('',*,*,#878,.T.);
#1132=ORIENTED_EDGE('',*,*,#879,.T.);
#1133=ORIENTED_EDGE('',*,*,#876,.F.);
#1134=ORIENTED_EDGE('',*,*,#867,.T.);
#1135=ORIENTED_EDGE('',*,*,#871,.T.);
#1136=ORIENTED_EDGE('',*,*,#880,.T.);
#1137=ORIENTED_EDGE('',*,*,#878,.F.);
#1138=ORIENTED_EDGE('',*,*,#875,.F.);
#1139=ORIENTED_EDGE('',*,*,#877,.F.);
#1140=ORIENTED_EDGE('',*,*,#879,.F.);
#1141=ORIENTED_EDGE('',*,*,#880,.F.);
#1142=ORIENTED_EDGE('',*,*,#870,.F.);
#1143=ORIENTED_EDGE('',*,*,#873,.F.);
#1144=ORIENTED_EDGE('',*,*,#832,.T.);
#1145=ORIENTED_EDGE('',*,*,#860,.F.);
#1146=ORIENTED_EDGE('',*,*,#881,.F.);
#1147=ORIENTED_EDGE('',*,*,#838,.F.);
#1148=ORIENTED_EDGE('',*,*,#862,.T.);
#1149=ORIENTED_EDGE('',*,*,#851,.T.);
#1150=ORIENTED_EDGE('',*,*,#855,.F.);
#1151=ORIENTED_EDGE('',*,*,#854,.F.);
#1152=ORIENTED_EDGE('',*,*,#835,.F.);
#1153=ORIENTED_EDGE('',*,*,#852,.T.);
#1154=ORIENTED_EDGE('',*,*,#861,.T.);
#1155=ORIENTED_EDGE('',*,*,#844,.F.);
#1156=ORIENTED_EDGE('',*,*,#853,.T.);
#1157=ORIENTED_EDGE('',*,*,#842,.F.);
#1158=ORIENTED_EDGE('',*,*,#882,.F.);
#1159=ORIENTED_EDGE('',*,*,#856,.F.);
#1160=ORIENTED_EDGE('',*,*,#883,.F.);
#1161=ORIENTED_EDGE('',*,*,#884,.F.);
#1162=ORIENTED_EDGE('',*,*,#885,.F.);
#1163=ORIENTED_EDGE('',*,*,#886,.F.);
#1164=ORIENTED_EDGE('',*,*,#887,.F.);
#1165=ORIENTED_EDGE('',*,*,#888,.F.);
#1166=ORIENTED_EDGE('',*,*,#846,.F.);
#1167=ORIENTED_EDGE('',*,*,#889,.F.);
#1168=ORIENTED_EDGE('',*,*,#885,.T.);
#1169=ORIENTED_EDGE('',*,*,#890,.F.);
#1170=ORIENTED_EDGE('',*,*,#891,.F.);
#1171=ORIENTED_EDGE('',*,*,#887,.T.);
#1172=ORIENTED_EDGE('',*,*,#888,.T.);
#1173=ORIENTED_EDGE('',*,*,#892,.F.);
#1174=ORIENTED_EDGE('',*,*,#893,.F.);
#1175=ORIENTED_EDGE('',*,*,#894,.T.);
#1176=ORIENTED_EDGE('',*,*,#895,.F.);
#1177=ORIENTED_EDGE('',*,*,#847,.F.);
#1178=ORIENTED_EDGE('',*,*,#892,.T.);
#1179=ORIENTED_EDGE('',*,*,#891,.T.);
#1180=ORIENTED_EDGE('',*,*,#896,.F.);
#1181=ORIENTED_EDGE('',*,*,#897,.T.);
#1182=ORIENTED_EDGE('',*,*,#898,.T.);
#1183=ORIENTED_EDGE('',*,*,#883,.T.);
#1184=ORIENTED_EDGE('',*,*,#899,.T.);
#1185=ORIENTED_EDGE('',*,*,#900,.T.);
#1186=ORIENTED_EDGE('',*,*,#901,.F.);
#1187=ORIENTED_EDGE('',*,*,#902,.F.);
#1188=ORIENTED_EDGE('',*,*,#903,.T.);
#1189=ORIENTED_EDGE('',*,*,#904,.T.);
#1190=ORIENTED_EDGE('',*,*,#905,.T.);
#1191=ORIENTED_EDGE('',*,*,#906,.T.);
#1192=ORIENTED_EDGE('',*,*,#905,.F.);
#1193=ORIENTED_EDGE('',*,*,#907,.F.);
#1194=ORIENTED_EDGE('',*,*,#908,.T.);
#1195=ORIENTED_EDGE('',*,*,#903,.F.);
#1196=ORIENTED_EDGE('',*,*,#904,.F.);
#1197=ORIENTED_EDGE('',*,*,#908,.F.);
#1198=ORIENTED_EDGE('',*,*,#906,.F.);
#1199=ORIENTED_EDGE('',*,*,#909,.T.);
#1200=ORIENTED_EDGE('',*,*,#910,.T.);
#1201=ORIENTED_EDGE('',*,*,#911,.T.);
#1202=ORIENTED_EDGE('',*,*,#912,.T.);
#1203=ORIENTED_EDGE('',*,*,#911,.F.);
#1204=ORIENTED_EDGE('',*,*,#913,.F.);
#1205=ORIENTED_EDGE('',*,*,#914,.T.);
#1206=ORIENTED_EDGE('',*,*,#909,.F.);
#1207=ORIENTED_EDGE('',*,*,#910,.F.);
#1208=ORIENTED_EDGE('',*,*,#914,.F.);
#1209=ORIENTED_EDGE('',*,*,#912,.F.);
#1210=ORIENTED_EDGE('',*,*,#915,.T.);
#1211=ORIENTED_EDGE('',*,*,#916,.T.);
#1212=ORIENTED_EDGE('',*,*,#917,.T.);
#1213=ORIENTED_EDGE('',*,*,#918,.T.);
#1214=ORIENTED_EDGE('',*,*,#917,.F.);
#1215=ORIENTED_EDGE('',*,*,#919,.F.);
#1216=ORIENTED_EDGE('',*,*,#920,.T.);
#1217=ORIENTED_EDGE('',*,*,#915,.F.);
#1218=ORIENTED_EDGE('',*,*,#916,.F.);
#1219=ORIENTED_EDGE('',*,*,#920,.F.);
#1220=ORIENTED_EDGE('',*,*,#918,.F.);
#1221=ORIENTED_EDGE('',*,*,#921,.T.);
#1222=ORIENTED_EDGE('',*,*,#922,.T.);
#1223=ORIENTED_EDGE('',*,*,#923,.T.);
#1224=ORIENTED_EDGE('',*,*,#924,.T.);
#1225=ORIENTED_EDGE('',*,*,#923,.F.);
#1226=ORIENTED_EDGE('',*,*,#925,.F.);
#1227=ORIENTED_EDGE('',*,*,#926,.T.);
#1228=ORIENTED_EDGE('',*,*,#921,.F.);
#1229=ORIENTED_EDGE('',*,*,#922,.F.);
#1230=ORIENTED_EDGE('',*,*,#926,.F.);
#1231=ORIENTED_EDGE('',*,*,#924,.F.);
#1232=ORIENTED_EDGE('',*,*,#927,.T.);
#1233=ORIENTED_EDGE('',*,*,#928,.T.);
#1234=ORIENTED_EDGE('',*,*,#929,.T.);
#1235=ORIENTED_EDGE('',*,*,#930,.T.);
#1236=ORIENTED_EDGE('',*,*,#929,.F.);
#1237=ORIENTED_EDGE('',*,*,#931,.F.);
#1238=ORIENTED_EDGE('',*,*,#932,.T.);
#1239=ORIENTED_EDGE('',*,*,#927,.F.);
#1240=ORIENTED_EDGE('',*,*,#928,.F.);
#1241=ORIENTED_EDGE('',*,*,#932,.F.);
#1242=ORIENTED_EDGE('',*,*,#930,.F.);
#1243=ORIENTED_EDGE('',*,*,#933,.T.);
#1244=ORIENTED_EDGE('',*,*,#934,.T.);
#1245=ORIENTED_EDGE('',*,*,#935,.T.);
#1246=ORIENTED_EDGE('',*,*,#936,.T.);
#1247=ORIENTED_EDGE('',*,*,#935,.F.);
#1248=ORIENTED_EDGE('',*,*,#937,.F.);
#1249=ORIENTED_EDGE('',*,*,#938,.T.);
#1250=ORIENTED_EDGE('',*,*,#933,.F.);
#1251=ORIENTED_EDGE('',*,*,#934,.F.);
#1252=ORIENTED_EDGE('',*,*,#938,.F.);
#1253=ORIENTED_EDGE('',*,*,#936,.F.);
#1254=ORIENTED_EDGE('',*,*,#939,.T.);
#1255=ORIENTED_EDGE('',*,*,#940,.T.);
#1256=ORIENTED_EDGE('',*,*,#941,.T.);
#1257=ORIENTED_EDGE('',*,*,#942,.T.);
#1258=ORIENTED_EDGE('',*,*,#941,.F.);
#1259=ORIENTED_EDGE('',*,*,#943,.F.);
#1260=ORIENTED_EDGE('',*,*,#944,.T.);
#1261=ORIENTED_EDGE('',*,*,#939,.F.);
#1262=ORIENTED_EDGE('',*,*,#940,.F.);
#1263=ORIENTED_EDGE('',*,*,#944,.F.);
#1264=ORIENTED_EDGE('',*,*,#942,.F.);
#1265=ORIENTED_EDGE('',*,*,#945,.T.);
#1266=ORIENTED_EDGE('',*,*,#946,.T.);
#1267=ORIENTED_EDGE('',*,*,#947,.T.);
#1268=ORIENTED_EDGE('',*,*,#948,.T.);
#1269=ORIENTED_EDGE('',*,*,#947,.F.);
#1270=ORIENTED_EDGE('',*,*,#949,.F.);
#1271=ORIENTED_EDGE('',*,*,#950,.T.);
#1272=ORIENTED_EDGE('',*,*,#945,.F.);
#1273=ORIENTED_EDGE('',*,*,#946,.F.);
#1274=ORIENTED_EDGE('',*,*,#950,.F.);
#1275=ORIENTED_EDGE('',*,*,#948,.F.);
#1276=ORIENTED_EDGE('',*,*,#951,.T.);
#1277=ORIENTED_EDGE('',*,*,#952,.T.);
#1278=ORIENTED_EDGE('',*,*,#953,.T.);
#1279=ORIENTED_EDGE('',*,*,#954,.T.);
#1280=ORIENTED_EDGE('',*,*,#953,.F.);
#1281=ORIENTED_EDGE('',*,*,#955,.F.);
#1282=ORIENTED_EDGE('',*,*,#956,.T.);
#1283=ORIENTED_EDGE('',*,*,#951,.F.);
#1284=ORIENTED_EDGE('',*,*,#952,.F.);
#1285=ORIENTED_EDGE('',*,*,#956,.F.);
#1286=ORIENTED_EDGE('',*,*,#954,.F.);
#1287=ORIENTED_EDGE('',*,*,#957,.T.);
#1288=ORIENTED_EDGE('',*,*,#958,.T.);
#1289=ORIENTED_EDGE('',*,*,#959,.T.);
#1290=ORIENTED_EDGE('',*,*,#960,.T.);
#1291=ORIENTED_EDGE('',*,*,#959,.F.);
#1292=ORIENTED_EDGE('',*,*,#961,.F.);
#1293=ORIENTED_EDGE('',*,*,#962,.T.);
#1294=ORIENTED_EDGE('',*,*,#957,.F.);
#1295=ORIENTED_EDGE('',*,*,#958,.F.);
#1296=ORIENTED_EDGE('',*,*,#962,.F.);
#1297=ORIENTED_EDGE('',*,*,#960,.F.);
#1298=ORIENTED_EDGE('',*,*,#963,.T.);
#1299=ORIENTED_EDGE('',*,*,#964,.T.);
#1300=ORIENTED_EDGE('',*,*,#965,.T.);
#1301=ORIENTED_EDGE('',*,*,#966,.T.);
#1302=ORIENTED_EDGE('',*,*,#965,.F.);
#1303=ORIENTED_EDGE('',*,*,#967,.F.);
#1304=ORIENTED_EDGE('',*,*,#968,.T.);
#1305=ORIENTED_EDGE('',*,*,#963,.F.);
#1306=ORIENTED_EDGE('',*,*,#964,.F.);
#1307=ORIENTED_EDGE('',*,*,#968,.F.);
#1308=ORIENTED_EDGE('',*,*,#966,.F.);
#1309=ORIENTED_EDGE('',*,*,#969,.T.);
#1310=ORIENTED_EDGE('',*,*,#970,.T.);
#1311=ORIENTED_EDGE('',*,*,#971,.T.);
#1312=ORIENTED_EDGE('',*,*,#972,.T.);
#1313=ORIENTED_EDGE('',*,*,#971,.F.);
#1314=ORIENTED_EDGE('',*,*,#973,.F.);
#1315=ORIENTED_EDGE('',*,*,#974,.T.);
#1316=ORIENTED_EDGE('',*,*,#969,.F.);
#1317=ORIENTED_EDGE('',*,*,#970,.F.);
#1318=ORIENTED_EDGE('',*,*,#974,.F.);
#1319=ORIENTED_EDGE('',*,*,#972,.F.);
#1320=ORIENTED_EDGE('',*,*,#882,.T.);
#1321=ORIENTED_EDGE('',*,*,#841,.F.);
#1322=ORIENTED_EDGE('',*,*,#975,.F.);
#1323=ORIENTED_EDGE('',*,*,#976,.F.);
#1324=ORIENTED_EDGE('',*,*,#977,.F.);
#1325=ORIENTED_EDGE('',*,*,#857,.F.);
#1326=ORIENTED_EDGE('',*,*,#978,.F.);
#1327=ORIENTED_EDGE('',*,*,#979,.F.);
#1328=ORIENTED_EDGE('',*,*,#980,.F.);
#1329=ORIENTED_EDGE('',*,*,#897,.F.);
#1330=ORIENTED_EDGE('',*,*,#907,.T.);
#1331=ORIENTED_EDGE('',*,*,#913,.T.);
#1332=ORIENTED_EDGE('',*,*,#919,.T.);
#1333=ORIENTED_EDGE('',*,*,#961,.T.);
#1334=ORIENTED_EDGE('',*,*,#931,.T.);
#1335=ORIENTED_EDGE('',*,*,#937,.T.);
#1336=ORIENTED_EDGE('',*,*,#943,.T.);
#1337=ORIENTED_EDGE('',*,*,#949,.T.);
#1338=ORIENTED_EDGE('',*,*,#955,.T.);
#1339=ORIENTED_EDGE('',*,*,#925,.T.);
#1340=ORIENTED_EDGE('',*,*,#967,.T.);
#1341=ORIENTED_EDGE('',*,*,#973,.T.);
#1342=ORIENTED_EDGE('',*,*,#981,.T.);
#1343=ORIENTED_EDGE('',*,*,#982,.T.);
#1344=ORIENTED_EDGE('',*,*,#983,.T.);
#1345=ORIENTED_EDGE('',*,*,#984,.T.);
#1346=ORIENTED_EDGE('',*,*,#982,.F.);
#1347=ORIENTED_EDGE('',*,*,#985,.F.);
#1348=ORIENTED_EDGE('',*,*,#986,.T.);
#1349=ORIENTED_EDGE('',*,*,#983,.F.);
#1350=ORIENTED_EDGE('',*,*,#984,.F.);
#1351=ORIENTED_EDGE('',*,*,#986,.F.);
#1352=ORIENTED_EDGE('',*,*,#981,.F.);
#1353=ORIENTED_EDGE('',*,*,#987,.T.);
#1354=ORIENTED_EDGE('',*,*,#988,.T.);
#1355=ORIENTED_EDGE('',*,*,#989,.T.);
#1356=ORIENTED_EDGE('',*,*,#990,.T.);
#1357=ORIENTED_EDGE('',*,*,#988,.F.);
#1358=ORIENTED_EDGE('',*,*,#991,.F.);
#1359=ORIENTED_EDGE('',*,*,#992,.T.);
#1360=ORIENTED_EDGE('',*,*,#989,.F.);
#1361=ORIENTED_EDGE('',*,*,#990,.F.);
#1362=ORIENTED_EDGE('',*,*,#992,.F.);
#1363=ORIENTED_EDGE('',*,*,#987,.F.);
#1364=ORIENTED_EDGE('',*,*,#993,.T.);
#1365=ORIENTED_EDGE('',*,*,#994,.T.);
#1366=ORIENTED_EDGE('',*,*,#995,.T.);
#1367=ORIENTED_EDGE('',*,*,#996,.T.);
#1368=ORIENTED_EDGE('',*,*,#994,.F.);
#1369=ORIENTED_EDGE('',*,*,#997,.F.);
#1370=ORIENTED_EDGE('',*,*,#998,.T.);
#1371=ORIENTED_EDGE('',*,*,#995,.F.);
#1372=ORIENTED_EDGE('',*,*,#996,.F.);
#1373=ORIENTED_EDGE('',*,*,#998,.F.);
#1374=ORIENTED_EDGE('',*,*,#993,.F.);
#1375=ORIENTED_EDGE('',*,*,#999,.T.);
#1376=ORIENTED_EDGE('',*,*,#1000,.T.);
#1377=ORIENTED_EDGE('',*,*,#1001,.T.);
#1378=ORIENTED_EDGE('',*,*,#1002,.T.);
#1379=ORIENTED_EDGE('',*,*,#1000,.F.);
#1380=ORIENTED_EDGE('',*,*,#1003,.F.);
#1381=ORIENTED_EDGE('',*,*,#1004,.T.);
#1382=ORIENTED_EDGE('',*,*,#1001,.F.);
#1383=ORIENTED_EDGE('',*,*,#1002,.F.);
#1384=ORIENTED_EDGE('',*,*,#1004,.F.);
#1385=ORIENTED_EDGE('',*,*,#999,.F.);
#1386=ORIENTED_EDGE('',*,*,#1005,.T.);
#1387=ORIENTED_EDGE('',*,*,#1006,.T.);
#1388=ORIENTED_EDGE('',*,*,#1007,.T.);
#1389=ORIENTED_EDGE('',*,*,#1008,.T.);
#1390=ORIENTED_EDGE('',*,*,#1006,.F.);
#1391=ORIENTED_EDGE('',*,*,#1009,.F.);
#1392=ORIENTED_EDGE('',*,*,#1010,.T.);
#1393=ORIENTED_EDGE('',*,*,#1007,.F.);
#1394=ORIENTED_EDGE('',*,*,#1008,.F.);
#1395=ORIENTED_EDGE('',*,*,#1010,.F.);
#1396=ORIENTED_EDGE('',*,*,#1005,.F.);
#1397=ORIENTED_EDGE('',*,*,#1011,.T.);
#1398=ORIENTED_EDGE('',*,*,#1012,.T.);
#1399=ORIENTED_EDGE('',*,*,#1013,.T.);
#1400=ORIENTED_EDGE('',*,*,#1014,.T.);
#1401=ORIENTED_EDGE('',*,*,#1012,.F.);
#1402=ORIENTED_EDGE('',*,*,#1015,.F.);
#1403=ORIENTED_EDGE('',*,*,#1016,.T.);
#1404=ORIENTED_EDGE('',*,*,#1013,.F.);
#1405=ORIENTED_EDGE('',*,*,#1014,.F.);
#1406=ORIENTED_EDGE('',*,*,#1016,.F.);
#1407=ORIENTED_EDGE('',*,*,#1011,.F.);
#1408=ORIENTED_EDGE('',*,*,#1017,.T.);
#1409=ORIENTED_EDGE('',*,*,#1018,.T.);
#1410=ORIENTED_EDGE('',*,*,#1019,.T.);
#1411=ORIENTED_EDGE('',*,*,#1020,.T.);
#1412=ORIENTED_EDGE('',*,*,#1018,.F.);
#1413=ORIENTED_EDGE('',*,*,#1021,.F.);
#1414=ORIENTED_EDGE('',*,*,#1022,.T.);
#1415=ORIENTED_EDGE('',*,*,#1019,.F.);
#1416=ORIENTED_EDGE('',*,*,#1020,.F.);
#1417=ORIENTED_EDGE('',*,*,#1022,.F.);
#1418=ORIENTED_EDGE('',*,*,#1017,.F.);
#1419=ORIENTED_EDGE('',*,*,#1023,.T.);
#1420=ORIENTED_EDGE('',*,*,#1024,.T.);
#1421=ORIENTED_EDGE('',*,*,#1025,.T.);
#1422=ORIENTED_EDGE('',*,*,#1026,.T.);
#1423=ORIENTED_EDGE('',*,*,#1024,.F.);
#1424=ORIENTED_EDGE('',*,*,#1027,.F.);
#1425=ORIENTED_EDGE('',*,*,#1028,.T.);
#1426=ORIENTED_EDGE('',*,*,#1025,.F.);
#1427=ORIENTED_EDGE('',*,*,#1026,.F.);
#1428=ORIENTED_EDGE('',*,*,#1028,.F.);
#1429=ORIENTED_EDGE('',*,*,#1023,.F.);
#1430=ORIENTED_EDGE('',*,*,#1029,.T.);
#1431=ORIENTED_EDGE('',*,*,#1030,.T.);
#1432=ORIENTED_EDGE('',*,*,#1031,.T.);
#1433=ORIENTED_EDGE('',*,*,#1032,.T.);
#1434=ORIENTED_EDGE('',*,*,#1030,.F.);
#1435=ORIENTED_EDGE('',*,*,#1033,.F.);
#1436=ORIENTED_EDGE('',*,*,#1034,.T.);
#1437=ORIENTED_EDGE('',*,*,#1031,.F.);
#1438=ORIENTED_EDGE('',*,*,#1032,.F.);
#1439=ORIENTED_EDGE('',*,*,#1034,.F.);
#1440=ORIENTED_EDGE('',*,*,#1029,.F.);
#1441=ORIENTED_EDGE('',*,*,#1035,.T.);
#1442=ORIENTED_EDGE('',*,*,#1036,.T.);
#1443=ORIENTED_EDGE('',*,*,#1037,.T.);
#1444=ORIENTED_EDGE('',*,*,#1038,.T.);
#1445=ORIENTED_EDGE('',*,*,#1036,.F.);
#1446=ORIENTED_EDGE('',*,*,#1039,.F.);
#1447=ORIENTED_EDGE('',*,*,#1040,.T.);
#1448=ORIENTED_EDGE('',*,*,#1037,.F.);
#1449=ORIENTED_EDGE('',*,*,#1038,.F.);
#1450=ORIENTED_EDGE('',*,*,#1040,.F.);
#1451=ORIENTED_EDGE('',*,*,#1035,.F.);
#1452=ORIENTED_EDGE('',*,*,#1041,.T.);
#1453=ORIENTED_EDGE('',*,*,#1042,.T.);
#1454=ORIENTED_EDGE('',*,*,#1043,.T.);
#1455=ORIENTED_EDGE('',*,*,#1044,.T.);
#1456=ORIENTED_EDGE('',*,*,#1042,.F.);
#1457=ORIENTED_EDGE('',*,*,#1045,.F.);
#1458=ORIENTED_EDGE('',*,*,#1046,.T.);
#1459=ORIENTED_EDGE('',*,*,#1043,.F.);
#1460=ORIENTED_EDGE('',*,*,#1044,.F.);
#1461=ORIENTED_EDGE('',*,*,#1046,.F.);
#1462=ORIENTED_EDGE('',*,*,#1041,.F.);
#1463=ORIENTED_EDGE('',*,*,#1047,.T.);
#1464=ORIENTED_EDGE('',*,*,#1048,.T.);
#1465=ORIENTED_EDGE('',*,*,#1049,.T.);
#1466=ORIENTED_EDGE('',*,*,#1050,.T.);
#1467=ORIENTED_EDGE('',*,*,#1048,.F.);
#1468=ORIENTED_EDGE('',*,*,#1051,.F.);
#1469=ORIENTED_EDGE('',*,*,#1052,.T.);
#1470=ORIENTED_EDGE('',*,*,#1049,.F.);
#1471=ORIENTED_EDGE('',*,*,#1050,.F.);
#1472=ORIENTED_EDGE('',*,*,#1052,.F.);
#1473=ORIENTED_EDGE('',*,*,#1047,.F.);
#1474=ORIENTED_EDGE('',*,*,#889,.T.);
#1475=ORIENTED_EDGE('',*,*,#849,.F.);
#1476=ORIENTED_EDGE('',*,*,#1053,.T.);
#1477=ORIENTED_EDGE('',*,*,#1054,.T.);
#1478=ORIENTED_EDGE('',*,*,#1055,.F.);
#1479=ORIENTED_EDGE('',*,*,#899,.F.);
#1480=ORIENTED_EDGE('',*,*,#1056,.F.);
#1481=ORIENTED_EDGE('',*,*,#1054,.F.);
#1482=ORIENTED_EDGE('',*,*,#1057,.F.);
#1483=ORIENTED_EDGE('',*,*,#894,.F.);
#1484=ORIENTED_EDGE('',*,*,#848,.F.);
#1485=ORIENTED_EDGE('',*,*,#895,.T.);
#1486=ORIENTED_EDGE('',*,*,#1057,.T.);
#1487=ORIENTED_EDGE('',*,*,#1053,.F.);
#1488=ORIENTED_EDGE('',*,*,#1055,.T.);
#1489=ORIENTED_EDGE('',*,*,#1056,.T.);
#1490=ORIENTED_EDGE('',*,*,#893,.T.);
#1491=ORIENTED_EDGE('',*,*,#898,.F.);
#1492=ORIENTED_EDGE('',*,*,#980,.T.);
#1493=ORIENTED_EDGE('',*,*,#1058,.T.);
#1494=ORIENTED_EDGE('',*,*,#1059,.F.);
#1495=ORIENTED_EDGE('',*,*,#900,.F.);
#1496=ORIENTED_EDGE('',*,*,#979,.T.);
#1497=ORIENTED_EDGE('',*,*,#1060,.T.);
#1498=ORIENTED_EDGE('',*,*,#1061,.F.);
#1499=ORIENTED_EDGE('',*,*,#1058,.F.);
#1500=ORIENTED_EDGE('',*,*,#884,.T.);
#1501=ORIENTED_EDGE('',*,*,#902,.T.);
#1502=ORIENTED_EDGE('',*,*,#1062,.F.);
#1503=ORIENTED_EDGE('',*,*,#1060,.F.);
#1504=ORIENTED_EDGE('',*,*,#978,.T.);
#1505=ORIENTED_EDGE('',*,*,#896,.T.);
#1506=ORIENTED_EDGE('',*,*,#890,.T.);
#1507=ORIENTED_EDGE('',*,*,#886,.T.);
#1508=ORIENTED_EDGE('',*,*,#975,.T.);
#1509=ORIENTED_EDGE('',*,*,#840,.T.);
#1510=ORIENTED_EDGE('',*,*,#1063,.F.);
#1511=ORIENTED_EDGE('',*,*,#1064,.F.);
#1512=ORIENTED_EDGE('',*,*,#976,.T.);
#1513=ORIENTED_EDGE('',*,*,#1064,.T.);
#1514=ORIENTED_EDGE('',*,*,#1065,.F.);
#1515=ORIENTED_EDGE('',*,*,#1066,.F.);
#1516=ORIENTED_EDGE('',*,*,#977,.T.);
#1517=ORIENTED_EDGE('',*,*,#1066,.T.);
#1518=ORIENTED_EDGE('',*,*,#1067,.F.);
#1519=ORIENTED_EDGE('',*,*,#858,.F.);
#1520=ORIENTED_EDGE('',*,*,#881,.T.);
#1521=ORIENTED_EDGE('',*,*,#859,.T.);
#1522=ORIENTED_EDGE('',*,*,#1067,.T.);
#1523=ORIENTED_EDGE('',*,*,#1065,.T.);
#1524=ORIENTED_EDGE('',*,*,#1063,.T.);
#1525=ORIENTED_EDGE('',*,*,#839,.T.);
#1526=ORIENTED_EDGE('',*,*,#1051,.T.);
#1527=ORIENTED_EDGE('',*,*,#1045,.T.);
#1528=ORIENTED_EDGE('',*,*,#1003,.T.);
#1529=ORIENTED_EDGE('',*,*,#1033,.T.);
#1530=ORIENTED_EDGE('',*,*,#1027,.T.);
#1531=ORIENTED_EDGE('',*,*,#1021,.T.);
#1532=ORIENTED_EDGE('',*,*,#1015,.T.);
#1533=ORIENTED_EDGE('',*,*,#1009,.T.);
#1534=ORIENTED_EDGE('',*,*,#1039,.T.);
#1535=ORIENTED_EDGE('',*,*,#997,.T.);
#1536=ORIENTED_EDGE('',*,*,#991,.T.);
#1537=ORIENTED_EDGE('',*,*,#985,.T.);
#1538=ORIENTED_EDGE('',*,*,#1062,.T.);
#1539=ORIENTED_EDGE('',*,*,#901,.T.);
#1540=ORIENTED_EDGE('',*,*,#1059,.T.);
#1541=ORIENTED_EDGE('',*,*,#1061,.T.);
#1542=PLANE('',#1725);
#1543=PLANE('',#1726);
#1544=PLANE('',#1728);
#1545=PLANE('',#1729);
#1546=PLANE('',#1736);
#1547=PLANE('',#1737);
#1548=PLANE('',#1738);
#1549=PLANE('',#1739);
#1550=PLANE('',#1740);
#1551=PLANE('',#1741);
#1552=PLANE('',#1742);
#1553=PLANE('',#1743);
#1554=PLANE('',#1744);
#1555=PLANE('',#1745);
#1556=PLANE('',#1746);
#1557=PLANE('',#1747);
#1558=PLANE('',#1748);
#1559=PLANE('',#1749);
#1560=PLANE('',#1750);
#1561=PLANE('',#1751);
#1562=PLANE('',#1752);
#1563=PLANE('',#1759);
#1564=PLANE('',#1766);
#1565=PLANE('',#1773);
#1566=PLANE('',#1780);
#1567=PLANE('',#1787);
#1568=PLANE('',#1794);
#1569=PLANE('',#1801);
#1570=PLANE('',#1808);
#1571=PLANE('',#1815);
#1572=PLANE('',#1822);
#1573=PLANE('',#1829);
#1574=PLANE('',#1836);
#1575=PLANE('',#1837);
#1576=PLANE('',#1846);
#1577=PLANE('',#1853);
#1578=PLANE('',#1860);
#1579=PLANE('',#1867);
#1580=PLANE('',#1874);
#1581=PLANE('',#1881);
#1582=PLANE('',#1888);
#1583=PLANE('',#1895);
#1584=PLANE('',#1902);
#1585=PLANE('',#1909);
#1586=PLANE('',#1916);
#1587=PLANE('',#1923);
#1588=PLANE('',#1924);
#1589=PLANE('',#1925);
#1590=PLANE('',#1926);
#1591=PLANE('',#1927);
#1592=PLANE('',#1928);
#1593=PLANE('',#1929);
#1594=PLANE('',#1930);
#1595=PLANE('',#1935);
#1596=ADVANCED_FACE('',(#228),#1542,.T.);
#1597=ADVANCED_FACE('',(#229),#1543,.T.);
#1598=ADVANCED_FACE('',(#230,#74),#1544,.T.);
#1599=ADVANCED_FACE('',(#231),#1545,.F.);
#1600=ADVANCED_FACE('',(#232),#73,.T.);
#1601=ADVANCED_FACE('',(#233,#75),#46,.T.);
#1602=ADVANCED_FACE('',(#234),#1546,.F.);
#1603=ADVANCED_FACE('',(#235),#1547,.F.);
#1604=ADVANCED_FACE('',(#236),#1548,.F.);
#1605=ADVANCED_FACE('',(#237),#1549,.F.);
#1606=ADVANCED_FACE('',(#238),#1550,.F.);
#1607=ADVANCED_FACE('',(#239),#1551,.F.);
#1608=ADVANCED_FACE('',(#240),#1552,.F.);
#1609=ADVANCED_FACE('',(#241),#1553,.F.);
#1610=ADVANCED_FACE('',(#242),#1554,.T.);
#1611=ADVANCED_FACE('',(#243),#1555,.F.);
#1612=ADVANCED_FACE('',(#244),#1556,.F.);
#1613=ADVANCED_FACE('',(#245),#1557,.T.);
#1614=ADVANCED_FACE('',(#246),#1558,.T.);
#1615=ADVANCED_FACE('',(#247),#1559,.T.);
#1616=ADVANCED_FACE('',(#248),#1560,.F.);
#1617=ADVANCED_FACE('',(#249),#1561,.T.);
#1618=ADVANCED_FACE('',(#250),#1562,.T.);
#1619=ADVANCED_FACE('',(#251),#18,.T.);
#1620=ADVANCED_FACE('',(#252),#47,.F.);
#1621=ADVANCED_FACE('',(#253),#1563,.F.);
#1622=ADVANCED_FACE('',(#254),#19,.T.);
#1623=ADVANCED_FACE('',(#255),#48,.F.);
#1624=ADVANCED_FACE('',(#256),#1564,.F.);
#1625=ADVANCED_FACE('',(#257),#20,.T.);
#1626=ADVANCED_FACE('',(#258),#49,.F.);
#1627=ADVANCED_FACE('',(#259),#1565,.F.);
#1628=ADVANCED_FACE('',(#260),#21,.T.);
#1629=ADVANCED_FACE('',(#261),#50,.F.);
#1630=ADVANCED_FACE('',(#262),#1566,.F.);
#1631=ADVANCED_FACE('',(#263),#22,.T.);
#1632=ADVANCED_FACE('',(#264),#51,.F.);
#1633=ADVANCED_FACE('',(#265),#1567,.F.);
#1634=ADVANCED_FACE('',(#266),#23,.T.);
#1635=ADVANCED_FACE('',(#267),#52,.F.);
#1636=ADVANCED_FACE('',(#268),#1568,.F.);
#1637=ADVANCED_FACE('',(#269),#24,.T.);
#1638=ADVANCED_FACE('',(#270),#53,.F.);
#1639=ADVANCED_FACE('',(#271),#1569,.F.);
#1640=ADVANCED_FACE('',(#272),#25,.T.);
#1641=ADVANCED_FACE('',(#273),#54,.F.);
#1642=ADVANCED_FACE('',(#274),#1570,.F.);
#1643=ADVANCED_FACE('',(#275),#26,.T.);
#1644=ADVANCED_FACE('',(#276),#55,.F.);
#1645=ADVANCED_FACE('',(#277),#1571,.F.);
#1646=ADVANCED_FACE('',(#278),#27,.T.);
#1647=ADVANCED_FACE('',(#279),#56,.F.);
#1648=ADVANCED_FACE('',(#280),#1572,.F.);
#1649=ADVANCED_FACE('',(#281),#28,.T.);
#1650=ADVANCED_FACE('',(#282),#57,.F.);
#1651=ADVANCED_FACE('',(#283),#1573,.F.);
#1652=ADVANCED_FACE('',(#284),#29,.T.);
#1653=ADVANCED_FACE('',(#285),#58,.F.);
#1654=ADVANCED_FACE('',(#286),#1574,.F.);
#1655=ADVANCED_FACE('',(#287,#76,#77,#78,#79,#80,#81,#82,#83,#84,#85,#86,
#87,#88),#1575,.F.);
#1656=ADVANCED_FACE('',(#288),#30,.T.);
#1657=ADVANCED_FACE('',(#289),#59,.F.);
#1658=ADVANCED_FACE('',(#290),#1576,.T.);
#1659=ADVANCED_FACE('',(#291),#31,.T.);
#1660=ADVANCED_FACE('',(#292),#60,.F.);
#1661=ADVANCED_FACE('',(#293),#1577,.T.);
#1662=ADVANCED_FACE('',(#294),#32,.T.);
#1663=ADVANCED_FACE('',(#295),#61,.F.);
#1664=ADVANCED_FACE('',(#296),#1578,.T.);
#1665=ADVANCED_FACE('',(#297),#33,.T.);
#1666=ADVANCED_FACE('',(#298),#62,.F.);
#1667=ADVANCED_FACE('',(#299),#1579,.T.);
#1668=ADVANCED_FACE('',(#300),#34,.T.);
#1669=ADVANCED_FACE('',(#301),#63,.F.);
#1670=ADVANCED_FACE('',(#302),#1580,.T.);
#1671=ADVANCED_FACE('',(#303),#35,.T.);
#1672=ADVANCED_FACE('',(#304),#64,.F.);
#1673=ADVANCED_FACE('',(#305),#1581,.T.);
#1674=ADVANCED_FACE('',(#306),#36,.T.);
#1675=ADVANCED_FACE('',(#307),#65,.F.);
#1676=ADVANCED_FACE('',(#308),#1582,.T.);
#1677=ADVANCED_FACE('',(#309),#37,.T.);
#1678=ADVANCED_FACE('',(#310),#66,.F.);
#1679=ADVANCED_FACE('',(#311),#1583,.T.);
#1680=ADVANCED_FACE('',(#312),#38,.T.);
#1681=ADVANCED_FACE('',(#313),#67,.F.);
#1682=ADVANCED_FACE('',(#314),#1584,.T.);
#1683=ADVANCED_FACE('',(#315),#39,.T.);
#1684=ADVANCED_FACE('',(#316),#68,.F.);
#1685=ADVANCED_FACE('',(#317),#1585,.T.);
#1686=ADVANCED_FACE('',(#318),#40,.T.);
#1687=ADVANCED_FACE('',(#319),#69,.F.);
#1688=ADVANCED_FACE('',(#320),#1586,.T.);
#1689=ADVANCED_FACE('',(#321),#41,.T.);
#1690=ADVANCED_FACE('',(#322),#70,.F.);
#1691=ADVANCED_FACE('',(#323),#1587,.T.);
#1692=ADVANCED_FACE('',(#324),#1588,.F.);
#1693=ADVANCED_FACE('',(#325),#1589,.F.);
#1694=ADVANCED_FACE('',(#326),#1590,.F.);
#1695=ADVANCED_FACE('',(#327),#1591,.T.);
#1696=ADVANCED_FACE('',(#328),#1592,.T.);
#1697=ADVANCED_FACE('',(#329),#1593,.T.);
#1698=ADVANCED_FACE('',(#330),#1594,.T.);
#1699=ADVANCED_FACE('',(#331),#71,.T.);
#1700=ADVANCED_FACE('',(#332),#72,.F.);
#1701=ADVANCED_FACE('',(#333,#89,#90,#91,#92,#93,#94,#95,#96,#97,#98,#99,
#100,#101),#1595,.T.);
#1702=CLOSED_SHELL('',(#1596,#1597,#1598,#1599,#1600,#1601,#1602,#1603,
#1604,#1605,#1606,#1607,#1608,#1609,#1610,#1611,#1612,#1613,#1614,#1615,
#1616,#1617,#1618,#1619,#1620,#1621,#1622,#1623,#1624,#1625,#1626,#1627,
#1628,#1629,#1630,#1631,#1632,#1633,#1634,#1635,#1636,#1637,#1638,#1639,
#1640,#1641,#1642,#1643,#1644,#1645,#1646,#1647,#1648,#1649,#1650,#1651,
#1652,#1653,#1654,#1655,#1656,#1657,#1658,#1659,#1660,#1661,#1662,#1663,
#1664,#1665,#1666,#1667,#1668,#1669,#1670,#1671,#1672,#1673,#1674,#1675,
#1676,#1677,#1678,#1679,#1680,#1681,#1682,#1683,#1684,#1685,#1686,#1687,
#1688,#1689,#1690,#1691,#1692,#1693,#1694,#1695,#1696,#1697,#1698,#1699,
#1700,#1701));
#1703=DERIVED_UNIT_ELEMENT(#1706,1.);
#1704=DERIVED_UNIT_ELEMENT(#4236,-3.);
#1705=DIMENSIONAL_EXPONENTS(0.,1.,0.,0.,0.,0.,0.);
#1706=(
CONVERSION_BASED_UNIT('gram',#1708)
MASS_UNIT()
NAMED_UNIT(#1705)
);
#1707=(
MASS_UNIT()
NAMED_UNIT(*)
SI_UNIT(.KILO.,.GRAM.)
);
#1708=MASS_MEASURE_WITH_UNIT(MASS_MEASURE(0.001),#1707);
#1709=DERIVED_UNIT((#1703,#1704));
#1710=MEASURE_REPRESENTATION_ITEM('density measure',
POSITIVE_RATIO_MEASURE(0.952),#1709);
#1711=PROPERTY_DEFINITION_REPRESENTATION(#1716,#1713);
#1712=PROPERTY_DEFINITION_REPRESENTATION(#1717,#1714);
#1713=REPRESENTATION('material name',(#1715),#4233);
#1714=REPRESENTATION('density',(#1710),#4233);
#1715=DESCRIPTIVE_REPRESENTATION_ITEM('Plastic, Opaque White',
'Plastic, Opaque White');
#1716=PROPERTY_DEFINITION('material property','material name',#4243);
#1717=PROPERTY_DEFINITION('material property','density of part',#4243);
#1718=DATE_TIME_ROLE('creation_date');
#1719=APPLIED_DATE_AND_TIME_ASSIGNMENT(#1720,#1718,(#4243));
#1720=DATE_AND_TIME(#1721,#1722);
#1721=CALENDAR_DATE(2025,1,8);
#1722=LOCAL_TIME(0,0,0.,#1723);
#1723=COORDINATED_UNIVERSAL_TIME_OFFSET(0,0,.BEHIND.);
#1724=AXIS2_PLACEMENT_3D('',#2459,#1936,#1937);
#1725=AXIS2_PLACEMENT_3D('',#2460,#1938,#1939);
#1726=AXIS2_PLACEMENT_3D('',#2708,#1944,#1945);
#1727=AXIS2_PLACEMENT_3D('',#2711,#1947,#1948);
#1728=AXIS2_PLACEMENT_3D('',#2712,#1949,#1950);
#1729=AXIS2_PLACEMENT_3D('',#2736,#1963,#1964);
#1730=AXIS2_PLACEMENT_3D('',#3166,#1969,#1970);
#1731=AXIS2_PLACEMENT_3D('',#3167,#1971,#1972);
#1732=AXIS2_PLACEMENT_3D('',#3173,#1975,#1976);
#1733=AXIS2_PLACEMENT_3D('',#3175,#1977,#1978);
#1734=AXIS2_PLACEMENT_3D('',#3179,#1980,#1981);
#1735=AXIS2_PLACEMENT_3D('',#3180,#1982,#1983);
#1736=AXIS2_PLACEMENT_3D('',#3181,#1984,#1985);
#1737=AXIS2_PLACEMENT_3D('',#3187,#1989,#1990);
#1738=AXIS2_PLACEMENT_3D('',#3191,#1993,#1994);
#1739=AXIS2_PLACEMENT_3D('',#3195,#1997,#1998);
#1740=AXIS2_PLACEMENT_3D('',#3199,#2001,#2002);
#1741=AXIS2_PLACEMENT_3D('',#3203,#2005,#2006);
#1742=AXIS2_PLACEMENT_3D('',#3205,#2008,#2009);
#1743=AXIS2_PLACEMENT_3D('',#3206,#2010,#2011);
#1744=AXIS2_PLACEMENT_3D('',#3208,#2013,#2014);
#1745=AXIS2_PLACEMENT_3D('',#3209,#2015,#2016);
#1746=AXIS2_PLACEMENT_3D('',#3210,#2017,#2018);
#1747=AXIS2_PLACEMENT_3D('',#3212,#2020,#2021);
#1748=AXIS2_PLACEMENT_3D('',#3219,#2025,#2026);
#1749=AXIS2_PLACEMENT_3D('',#3226,#2031,#2032);
#1750=AXIS2_PLACEMENT_3D('',#3230,#2035,#2036);
#1751=AXIS2_PLACEMENT_3D('',#3238,#2041,#2042);
#1752=AXIS2_PLACEMENT_3D('',#3244,#2046,#2047);
#1753=AXIS2_PLACEMENT_3D('',#3281,#2052,#2053);
#1754=AXIS2_PLACEMENT_3D('',#3282,#2054,#2055);
#1755=AXIS2_PLACEMENT_3D('',#3284,#2056,#2057);
#1756=AXIS2_PLACEMENT_3D('',#3285,#2058,#2059);
#1757=AXIS2_PLACEMENT_3D('',#3286,#2060,#2061);
#1758=AXIS2_PLACEMENT_3D('',#3288,#2062,#2063);
#1759=AXIS2_PLACEMENT_3D('',#3290,#2065,#2066);
#1760=AXIS2_PLACEMENT_3D('',#3320,#2067,#2068);
#1761=AXIS2_PLACEMENT_3D('',#3321,#2069,#2070);
#1762=AXIS2_PLACEMENT_3D('',#3323,#2071,#2072);
#1763=AXIS2_PLACEMENT_3D('',#3324,#2073,#2074);
#1764=AXIS2_PLACEMENT_3D('',#3325,#2075,#2076);
#1765=AXIS2_PLACEMENT_3D('',#3327,#2077,#2078);
#1766=AXIS2_PLACEMENT_3D('',#3329,#2080,#2081);
#1767=AXIS2_PLACEMENT_3D('',#3359,#2082,#2083);
#1768=AXIS2_PLACEMENT_3D('',#3360,#2084,#2085);
#1769=AXIS2_PLACEMENT_3D('',#3362,#2086,#2087);
#1770=AXIS2_PLACEMENT_3D('',#3363,#2088,#2089);
#1771=AXIS2_PLACEMENT_3D('',#3364,#2090,#2091);
#1772=AXIS2_PLACEMENT_3D('',#3366,#2092,#2093);
#1773=AXIS2_PLACEMENT_3D('',#3368,#2095,#2096);
#1774=AXIS2_PLACEMENT_3D('',#3398,#2097,#2098);
#1775=AXIS2_PLACEMENT_3D('',#3399,#2099,#2100);
#1776=AXIS2_PLACEMENT_3D('',#3401,#2101,#2102);
#1777=AXIS2_PLACEMENT_3D('',#3402,#2103,#2104);
#1778=AXIS2_PLACEMENT_3D('',#3403,#2105,#2106);
#1779=AXIS2_PLACEMENT_3D('',#3405,#2107,#2108);
#1780=AXIS2_PLACEMENT_3D('',#3407,#2110,#2111);
#1781=AXIS2_PLACEMENT_3D('',#3437,#2112,#2113);
#1782=AXIS2_PLACEMENT_3D('',#3438,#2114,#2115);
#1783=AXIS2_PLACEMENT_3D('',#3440,#2116,#2117);
#1784=AXIS2_PLACEMENT_3D('',#3441,#2118,#2119);
#1785=AXIS2_PLACEMENT_3D('',#3442,#2120,#2121);
#1786=AXIS2_PLACEMENT_3D('',#3444,#2122,#2123);
#1787=AXIS2_PLACEMENT_3D('',#3446,#2125,#2126);
#1788=AXIS2_PLACEMENT_3D('',#3476,#2127,#2128);
#1789=AXIS2_PLACEMENT_3D('',#3477,#2129,#2130);
#1790=AXIS2_PLACEMENT_3D('',#3479,#2131,#2132);
#1791=AXIS2_PLACEMENT_3D('',#3480,#2133,#2134);
#1792=AXIS2_PLACEMENT_3D('',#3481,#2135,#2136);
#1793=AXIS2_PLACEMENT_3D('',#3483,#2137,#2138);
#1794=AXIS2_PLACEMENT_3D('',#3485,#2140,#2141);
#1795=AXIS2_PLACEMENT_3D('',#3515,#2142,#2143);
#1796=AXIS2_PLACEMENT_3D('',#3516,#2144,#2145);
#1797=AXIS2_PLACEMENT_3D('',#3518,#2146,#2147);
#1798=AXIS2_PLACEMENT_3D('',#3519,#2148,#2149);
#1799=AXIS2_PLACEMENT_3D('',#3520,#2150,#2151);
#1800=AXIS2_PLACEMENT_3D('',#3522,#2152,#2153);
#1801=AXIS2_PLACEMENT_3D('',#3524,#2155,#2156);
#1802=AXIS2_PLACEMENT_3D('',#3554,#2157,#2158);
#1803=AXIS2_PLACEMENT_3D('',#3555,#2159,#2160);
#1804=AXIS2_PLACEMENT_3D('',#3557,#2161,#2162);
#1805=AXIS2_PLACEMENT_3D('',#3558,#2163,#2164);
#1806=AXIS2_PLACEMENT_3D('',#3559,#2165,#2166);
#1807=AXIS2_PLACEMENT_3D('',#3561,#2167,#2168);
#1808=AXIS2_PLACEMENT_3D('',#3563,#2170,#2171);
#1809=AXIS2_PLACEMENT_3D('',#3593,#2172,#2173);
#1810=AXIS2_PLACEMENT_3D('',#3594,#2174,#2175);
#1811=AXIS2_PLACEMENT_3D('',#3596,#2176,#2177);
#1812=AXIS2_PLACEMENT_3D('',#3597,#2178,#2179);
#1813=AXIS2_PLACEMENT_3D('',#3598,#2180,#2181);
#1814=AXIS2_PLACEMENT_3D('',#3600,#2182,#2183);
#1815=AXIS2_PLACEMENT_3D('',#3602,#2185,#2186);
#1816=AXIS2_PLACEMENT_3D('',#3632,#2187,#2188);
#1817=AXIS2_PLACEMENT_3D('',#3633,#2189,#2190);
#1818=AXIS2_PLACEMENT_3D('',#3635,#2191,#2192);
#1819=AXIS2_PLACEMENT_3D('',#3636,#2193,#2194);
#1820=AXIS2_PLACEMENT_3D('',#3637,#2195,#2196);
#1821=AXIS2_PLACEMENT_3D('',#3639,#2197,#2198);
#1822=AXIS2_PLACEMENT_3D('',#3641,#2200,#2201);
#1823=AXIS2_PLACEMENT_3D('',#3671,#2202,#2203);
#1824=AXIS2_PLACEMENT_3D('',#3672,#2204,#2205);
#1825=AXIS2_PLACEMENT_3D('',#3674,#2206,#2207);
#1826=AXIS2_PLACEMENT_3D('',#3675,#2208,#2209);
#1827=AXIS2_PLACEMENT_3D('',#3676,#2210,#2211);
#1828=AXIS2_PLACEMENT_3D('',#3678,#2212,#2213);
#1829=AXIS2_PLACEMENT_3D('',#3680,#2215,#2216);
#1830=AXIS2_PLACEMENT_3D('',#3710,#2217,#2218);
#1831=AXIS2_PLACEMENT_3D('',#3711,#2219,#2220);
#1832=AXIS2_PLACEMENT_3D('',#3713,#2221,#2222);
#1833=AXIS2_PLACEMENT_3D('',#3714,#2223,#2224);
#1834=AXIS2_PLACEMENT_3D('',#3715,#2225,#2226);
#1835=AXIS2_PLACEMENT_3D('',#3717,#2227,#2228);
#1836=AXIS2_PLACEMENT_3D('',#3719,#2230,#2231);
#1837=AXIS2_PLACEMENT_3D('',#3720,#2232,#2233);
#1838=AXIS2_PLACEMENT_3D('',#3724,#2235,#2236);
#1839=AXIS2_PLACEMENT_3D('',#3725,#2237,#2238);
#1840=AXIS2_PLACEMENT_3D('',#3759,#2242,#2243);
#1841=AXIS2_PLACEMENT_3D('',#3761,#2244,#2245);
#1842=AXIS2_PLACEMENT_3D('',#3763,#2246,#2247);
#1843=AXIS2_PLACEMENT_3D('',#3764,#2248,#2249);
#1844=AXIS2_PLACEMENT_3D('',#3765,#2250,#2251);
#1845=AXIS2_PLACEMENT_3D('',#3767,#2252,#2253);
#1846=AXIS2_PLACEMENT_3D('',#3769,#2255,#2256);
#1847=AXIS2_PLACEMENT_3D('',#3798,#2257,#2258);
#1848=AXIS2_PLACEMENT_3D('',#3800,#2259,#2260);
#1849=AXIS2_PLACEMENT_3D('',#3802,#2261,#2262);
#1850=AXIS2_PLACEMENT_3D('',#3803,#2263,#2264);
#1851=AXIS2_PLACEMENT_3D('',#3804,#2265,#2266);
#1852=AXIS2_PLACEMENT_3D('',#3806,#2267,#2268);
#1853=AXIS2_PLACEMENT_3D('',#3808,#2270,#2271);
#1854=AXIS2_PLACEMENT_3D('',#3837,#2272,#2273);
#1855=AXIS2_PLACEMENT_3D('',#3839,#2274,#2275);
#1856=AXIS2_PLACEMENT_3D('',#3841,#2276,#2277);
#1857=AXIS2_PLACEMENT_3D('',#3842,#2278,#2279);
#1858=AXIS2_PLACEMENT_3D('',#3843,#2280,#2281);
#1859=AXIS2_PLACEMENT_3D('',#3845,#2282,#2283);
#1860=AXIS2_PLACEMENT_3D('',#3847,#2285,#2286);
#1861=AXIS2_PLACEMENT_3D('',#3876,#2287,#2288);
#1862=AXIS2_PLACEMENT_3D('',#3878,#2289,#2290);
#1863=AXIS2_PLACEMENT_3D('',#3880,#2291,#2292);
#1864=AXIS2_PLACEMENT_3D('',#3881,#2293,#2294);
#1865=AXIS2_PLACEMENT_3D('',#3882,#2295,#2296);
#1866=AXIS2_PLACEMENT_3D('',#3884,#2297,#2298);
#1867=AXIS2_PLACEMENT_3D('',#3886,#2300,#2301);
#1868=AXIS2_PLACEMENT_3D('',#3915,#2302,#2303);
#1869=AXIS2_PLACEMENT_3D('',#3917,#2304,#2305);
#1870=AXIS2_PLACEMENT_3D('',#3919,#2306,#2307);
#1871=AXIS2_PLACEMENT_3D('',#3920,#2308,#2309);
#1872=AXIS2_PLACEMENT_3D('',#3921,#2310,#2311);
#1873=AXIS2_PLACEMENT_3D('',#3923,#2312,#2313);
#1874=AXIS2_PLACEMENT_3D('',#3925,#2315,#2316);
#1875=AXIS2_PLACEMENT_3D('',#3954,#2317,#2318);
#1876=AXIS2_PLACEMENT_3D('',#3956,#2319,#2320);
#1877=AXIS2_PLACEMENT_3D('',#3958,#2321,#2322);
#1878=AXIS2_PLACEMENT_3D('',#3959,#2323,#2324);
#1879=AXIS2_PLACEMENT_3D('',#3960,#2325,#2326);
#1880=AXIS2_PLACEMENT_3D('',#3962,#2327,#2328);
#1881=AXIS2_PLACEMENT_3D('',#3964,#2330,#2331);
#1882=AXIS2_PLACEMENT_3D('',#3993,#2332,#2333);
#1883=AXIS2_PLACEMENT_3D('',#3995,#2334,#2335);
#1884=AXIS2_PLACEMENT_3D('',#3997,#2336,#2337);
#1885=AXIS2_PLACEMENT_3D('',#3998,#2338,#2339);
#1886=AXIS2_PLACEMENT_3D('',#3999,#2340,#2341);
#1887=AXIS2_PLACEMENT_3D('',#4001,#2342,#2343);
#1888=AXIS2_PLACEMENT_3D('',#4003,#2345,#2346);
#1889=AXIS2_PLACEMENT_3D('',#4032,#2347,#2348);
#1890=AXIS2_PLACEMENT_3D('',#4034,#2349,#2350);
#1891=AXIS2_PLACEMENT_3D('',#4036,#2351,#2352);
#1892=AXIS2_PLACEMENT_3D('',#4037,#2353,#2354);
#1893=AXIS2_PLACEMENT_3D('',#4038,#2355,#2356);
#1894=AXIS2_PLACEMENT_3D('',#4040,#2357,#2358);
#1895=AXIS2_PLACEMENT_3D('',#4042,#2360,#2361);
#1896=AXIS2_PLACEMENT_3D('',#4071,#2362,#2363);
#1897=AXIS2_PLACEMENT_3D('',#4073,#2364,#2365);
#1898=AXIS2_PLACEMENT_3D('',#4075,#2366,#2367);
#1899=AXIS2_PLACEMENT_3D('',#4076,#2368,#2369);
#1900=AXIS2_PLACEMENT_3D('',#4077,#2370,#2371);
#1901=AXIS2_PLACEMENT_3D('',#4079,#2372,#2373);
#1902=AXIS2_PLACEMENT_3D('',#4081,#2375,#2376);
#1903=AXIS2_PLACEMENT_3D('',#4110,#2377,#2378);
#1904=AXIS2_PLACEMENT_3D('',#4112,#2379,#2380);
#1905=AXIS2_PLACEMENT_3D('',#4114,#2381,#2382);
#1906=AXIS2_PLACEMENT_3D('',#4115,#2383,#2384);
#1907=AXIS2_PLACEMENT_3D('',#4116,#2385,#2386);
#1908=AXIS2_PLACEMENT_3D('',#4118,#2387,#2388);
#1909=AXIS2_PLACEMENT_3D('',#4120,#2390,#2391);
#1910=AXIS2_PLACEMENT_3D('',#4149,#2392,#2393);
#1911=AXIS2_PLACEMENT_3D('',#4151,#2394,#2395);
#1912=AXIS2_PLACEMENT_3D('',#4153,#2396,#2397);
#1913=AXIS2_PLACEMENT_3D('',#4154,#2398,#2399);
#1914=AXIS2_PLACEMENT_3D('',#4155,#2400,#2401);
#1915=AXIS2_PLACEMENT_3D('',#4157,#2402,#2403);
#1916=AXIS2_PLACEMENT_3D('',#4159,#2405,#2406);
#1917=AXIS2_PLACEMENT_3D('',#4188,#2407,#2408);
#1918=AXIS2_PLACEMENT_3D('',#4190,#2409,#2410);
#1919=AXIS2_PLACEMENT_3D('',#4192,#2411,#2412);
#1920=AXIS2_PLACEMENT_3D('',#4193,#2413,#2414);
#1921=AXIS2_PLACEMENT_3D('',#4194,#2415,#2416);
#1922=AXIS2_PLACEMENT_3D('',#4196,#2417,#2418);
#1923=AXIS2_PLACEMENT_3D('',#4198,#2420,#2421);
#1924=AXIS2_PLACEMENT_3D('',#4199,#2422,#2423);
#1925=AXIS2_PLACEMENT_3D('',#4205,#2427,#2428);
#1926=AXIS2_PLACEMENT_3D('',#4208,#2431,#2432);
#1927=AXIS2_PLACEMENT_3D('',#4209,#2433,#2434);
#1928=AXIS2_PLACEMENT_3D('',#4213,#2437,#2438);
#1929=AXIS2_PLACEMENT_3D('',#4217,#2441,#2442);
#1930=AXIS2_PLACEMENT_3D('',#4219,#2444,#2445);
#1931=AXIS2_PLACEMENT_3D('',#4223,#2448,#2449);
#1932=AXIS2_PLACEMENT_3D('',#4225,#2450,#2451);
#1933=AXIS2_PLACEMENT_3D('',#4227,#2453,#2454);
#1934=AXIS2_PLACEMENT_3D('',#4228,#2455,#2456);
#1935=AXIS2_PLACEMENT_3D('',#4229,#2457,#2458);
#1936=DIRECTION('axis',(0.,0.,1.));
#1937=DIRECTION('refdir',(1.,0.,0.));
#1938=DIRECTION('center_axis',(-0.999996848638149,0.,-0.00251052061743474));
#1939=DIRECTION('ref_axis',(-0.00251052061743474,0.,0.999996848638149));
#1940=DIRECTION('',(0.,1.,0.));
#1941=DIRECTION('',(0.00251052061743474,0.,-0.999996848638149));
#1942=DIRECTION('',(0.,-1.,0.));
#1943=DIRECTION('',(0.,1.,0.));
#1944=DIRECTION('center_axis',(-1.,0.,5.57449315378949E-17));
#1945=DIRECTION('ref_axis',(5.57449315378949E-17,0.,1.));
#1946=DIRECTION('',(0.,0.,-1.));
#1947=DIRECTION('center_axis',(1.,0.,-5.57449315378949E-17));
#1948=DIRECTION('ref_axis',(0.,0.989645648577504,0.143532192387674));
#1949=DIRECTION('center_axis',(0.,-1.,0.));
#1950=DIRECTION('ref_axis',(0.,0.,-1.));
#1951=DIRECTION('',(1.,0.,0.));
#1952=DIRECTION('',(0.,0.,-1.));
#1953=DIRECTION('',(1.,0.,0.));
#1954=DIRECTION('',(0.,0.,-1.));
#1955=DIRECTION('',(1.,0.,0.));
#1956=DIRECTION('',(0.00251052061743474,0.,0.999996848638149));
#1957=DIRECTION('',(-5.57449315378949E-17,0.,1.));
#1958=DIRECTION('',(1.,0.,0.));
#1959=DIRECTION('',(-1.,0.,0.));
#1960=DIRECTION('',(-2.87937955810277E-16,0.,1.));
#1961=DIRECTION('',(1.,0.,0.));
#1962=DIRECTION('',(5.75875911620554E-16,0.,-1.));
#1963=DIRECTION('center_axis',(-0.999996848638149,0.,0.00251052061743474));
#1964=DIRECTION('ref_axis',(0.00251052061743474,0.,0.999996848638149));
#1965=DIRECTION('',(0.,1.,0.));
#1966=DIRECTION('',(0.,1.,0.));
#1967=DIRECTION('',(0.,-1.,0.));
#1968=DIRECTION('',(1.,0.,0.));
#1969=DIRECTION('center_axis',(1.,0.,0.));
#1970=DIRECTION('ref_axis',(0.,0.989645648577504,0.143532192387674));
#1971=DIRECTION('center_axis',(-1.,-1.54074395550979E-33,-5.57449315378949E-17));
#1972=DIRECTION('ref_axis',(-8.00119223813485E-18,0.989645648577504,0.143532192387674));
#1973=DIRECTION('',(-1.,0.,0.));
#1974=DIRECTION('',(0.999998913243063,-0.00141762507828857,0.000404786153703401));
#1975=DIRECTION('center_axis',(0.865315720977962,-0.501227197015874,0.));
#1976=DIRECTION('ref_axis',(0.501227197015874,0.865315720977962,-7.85385673703356E-17));
#1977=DIRECTION('center_axis',(0.866733346172392,0.498771798153031,0.));
#1978=DIRECTION('ref_axis',(-0.498771798153031,0.866733346172392,1.57334470298409E-17));
#1979=DIRECTION('',(-0.999998257588944,0.00141762414881449,-0.00121456199855248));
#1980=DIRECTION('center_axis',(-0.865315720977965,0.501227197015868,0.));
#1981=DIRECTION('ref_axis',(0.501227197015868,0.865315720977965,3.14154269481343E-17));
#1982=DIRECTION('center_axis',(-0.866733346172392,-0.498771798153031,0.));
#1983=DIRECTION('ref_axis',(-0.498771798153031,0.866733346172392,-3.14668940596818E-17));
#1984=DIRECTION('center_axis',(-0.00141762519442719,-0.999998995168899,
0.));
#1985=DIRECTION('ref_axis',(0.999998995168899,-0.00141762519442719,0.));
#1986=DIRECTION('',(0.,0.,1.));
#1987=DIRECTION('',(0.999998995168899,-0.00141762519442719,0.));
#1988=DIRECTION('',(0.,0.,1.));
#1989=DIRECTION('center_axis',(-0.866733346172392,-0.498771798153031,0.));
#1990=DIRECTION('ref_axis',(0.498771798153031,-0.866733346172392,0.));
#1991=DIRECTION('',(0.,0.,1.));
#1992=DIRECTION('',(0.498771798153031,-0.866733346172392,0.));
#1993=DIRECTION('center_axis',(-0.865315720977962,0.501227197015874,0.));
#1994=DIRECTION('ref_axis',(-0.501227197015874,-0.865315720977962,0.));
#1995=DIRECTION('',(0.,0.,1.));
#1996=DIRECTION('',(-0.501227197015874,-0.865315720977962,0.));
#1997=DIRECTION('center_axis',(0.00141762519442854,0.999998995168899,0.));
#1998=DIRECTION('ref_axis',(-0.999998995168899,0.00141762519442854,0.));
#1999=DIRECTION('',(0.,0.,1.));
#2000=DIRECTION('',(-0.999998995168899,0.00141762519442854,0.));
#2001=DIRECTION('center_axis',(0.866733346172392,0.498771798153031,0.));
#2002=DIRECTION('ref_axis',(-0.498771798153031,0.866733346172392,0.));
#2003=DIRECTION('',(0.,0.,1.));
#2004=DIRECTION('',(-0.498771798153031,0.866733346172392,0.));
#2005=DIRECTION('center_axis',(0.865315720977965,-0.501227197015868,0.));
#2006=DIRECTION('ref_axis',(0.501227197015868,0.865315720977965,0.));
#2007=DIRECTION('',(0.501227197015868,0.865315720977965,0.));
#2008=DIRECTION('center_axis',(0.,0.,1.));
#2009=DIRECTION('ref_axis',(1.,0.,0.));
#2010=DIRECTION('center_axis',(0.,0.,1.));
#2011=DIRECTION('ref_axis',(1.,0.,0.));
#2012=DIRECTION('',(0.,1.,0.));
#2013=DIRECTION('center_axis',(0.,0.,-1.));
#2014=DIRECTION('ref_axis',(-1.,0.,0.));
#2015=DIRECTION('center_axis',(-1.,0.,-5.57449315378949E-17));
#2016=DIRECTION('ref_axis',(-5.57449315378949E-17,0.,1.));
#2017=DIRECTION('center_axis',(0.,0.,1.));
#2018=DIRECTION('ref_axis',(1.,0.,0.));
#2019=DIRECTION('',(0.,-1.,0.));
#2020=DIRECTION('center_axis',(1.,0.,5.37506708850986E-16));
#2021=DIRECTION('ref_axis',(5.37506708850986E-16,0.,-1.));
#2022=DIRECTION('',(-2.85285783356731E-17,-0.998396250730738,0.0566120705044831));
#2023=DIRECTION('',(5.36644682859443E-16,-0.0566120705045029,-0.998396250730737));
#2024=DIRECTION('',(0.,1.,0.));
#2025=DIRECTION('center_axis',(0.,0.,1.));
#2026=DIRECTION('ref_axis',(1.,0.,0.));
#2027=DIRECTION('',(1.,0.,0.));
#2028=DIRECTION('',(0.,1.,0.));
#2029=DIRECTION('',(0.,1.,0.));
#2030=DIRECTION('',(0.,-1.,0.));
#2031=DIRECTION('center_axis',(-1.,0.,-1.34376677212747E-16));
#2032=DIRECTION('ref_axis',(-1.34376677212747E-16,0.,1.));
#2033=DIRECTION('',(-1.34161170714861E-16,0.0566120705045029,0.998396250730737));
#2034=DIRECTION('',(1.42642891678366E-17,0.998396250730738,-0.0566120705044831));
#2035=DIRECTION('center_axis',(-1.,0.,-2.51965509134787E-16));
#2036=DIRECTION('ref_axis',(-2.51965509134787E-16,0.,1.));
#2037=DIRECTION('',(1.42642891678366E-17,0.998396250730738,-0.0566120705044831));
#2038=DIRECTION('',(2.51573869692097E-16,-0.0557338233013232,-0.998445662487557));
#2039=DIRECTION('',(-2.51965509134787E-16,0.,1.));
#2040=DIRECTION('',(0.,1.,0.));
#2041=DIRECTION('center_axis',(0.,0.0566120705044831,0.998396250730738));
#2042=DIRECTION('ref_axis',(0.,-0.998396250730738,0.0566120705044831));
#2043=DIRECTION('',(1.,0.,0.));
#2044=DIRECTION('',(0.,-0.998396250730738,0.0566120705044831));
#2045=DIRECTION('',(1.,0.,0.));
#2046=DIRECTION('center_axis',(0.,0.0566120705044831,0.998396250730738));
#2047=DIRECTION('ref_axis',(0.,-0.998396250730738,0.0566120705044831));
#2048=DIRECTION('',(-2.85285783356731E-17,-0.998396250730738,0.0566120705044831));
#2049=DIRECTION('',(1.,0.,0.));
#2050=DIRECTION('',(0.,-0.998396250730738,0.0566120705044831));
#2051=DIRECTION('',(1.,0.,0.));
#2052=DIRECTION('center_axis',(-1.,0.,0.));
#2053=DIRECTION('ref_axis',(0.,1.20024110770287E-16,1.));
#2054=DIRECTION('center_axis',(-1.,0.,0.));
#2055=DIRECTION('ref_axis',(0.,1.20024110770287E-16,1.));
#2056=DIRECTION('center_axis',(0.,-1.,1.20024110770287E-16));
#2057=DIRECTION('ref_axis',(0.,-1.20024110770287E-16,-1.));
#2058=DIRECTION('center_axis',(1.,0.,0.));
#2059=DIRECTION('ref_axis',(0.,1.20024110770287E-16,1.));
#2060=DIRECTION('center_axis',(-1.,0.,0.));
#2061=DIRECTION('ref_axis',(0.,0.,-1.));
#2062=DIRECTION('center_axis',(1.,0.,0.));
#2063=DIRECTION('ref_axis',(0.,0.,-1.));
#2064=DIRECTION('',(1.,0.,0.));
#2065=DIRECTION('center_axis',(1.,0.,0.));
#2066=DIRECTION('ref_axis',(0.,0.,-1.));
#2067=DIRECTION('center_axis',(-1.,0.,0.));
#2068=DIRECTION('ref_axis',(0.,0.,1.));
#2069=DIRECTION('center_axis',(-1.,0.,0.));
#2070=DIRECTION('ref_axis',(0.,0.,1.));
#2071=DIRECTION('center_axis',(0.,-1.,0.));
#2072=DIRECTION('ref_axis',(0.,0.,-1.));
#2073=DIRECTION('center_axis',(1.,0.,0.));
#2074=DIRECTION('ref_axis',(0.,0.,1.));
#2075=DIRECTION('center_axis',(-1.,0.,0.));
#2076=DIRECTION('ref_axis',(0.,0.,-1.));
#2077=DIRECTION('center_axis',(1.,0.,0.));
#2078=DIRECTION('ref_axis',(0.,0.,-1.));
#2079=DIRECTION('',(1.,0.,0.));
#2080=DIRECTION('center_axis',(1.,0.,0.));
#2081=DIRECTION('ref_axis',(0.,0.,-1.));
#2082=DIRECTION('center_axis',(-1.,0.,0.));
#2083=DIRECTION('ref_axis',(0.,2.40048221540574E-16,1.));
#2084=DIRECTION('center_axis',(-1.,0.,0.));
#2085=DIRECTION('ref_axis',(0.,2.40048221540574E-16,1.));
#2086=DIRECTION('center_axis',(0.,-1.,2.40048221540574E-16));
#2087=DIRECTION('ref_axis',(0.,-2.40048221540574E-16,-1.));
#2088=DIRECTION('center_axis',(1.,0.,0.));
#2089=DIRECTION('ref_axis',(0.,2.40048221540574E-16,1.));
#2090=DIRECTION('center_axis',(-1.,0.,0.));
#2091=DIRECTION('ref_axis',(0.,0.,-1.));
#2092=DIRECTION('center_axis',(1.,0.,0.));
#2093=DIRECTION('ref_axis',(0.,0.,-1.));
#2094=DIRECTION('',(1.,0.,0.));
#2095=DIRECTION('center_axis',(1.,0.,0.));
#2096=DIRECTION('ref_axis',(0.,0.,-1.));
#2097=DIRECTION('center_axis',(-1.,0.,0.));
#2098=DIRECTION('ref_axis',(0.,2.40048221540573E-16,1.));
#2099=DIRECTION('center_axis',(-1.,0.,0.));
#2100=DIRECTION('ref_axis',(0.,2.40048221540573E-16,1.));
#2101=DIRECTION('center_axis',(0.,-1.,2.40048221540573E-16));
#2102=DIRECTION('ref_axis',(0.,-2.40048221540573E-16,-1.));
#2103=DIRECTION('center_axis',(1.,0.,0.));
#2104=DIRECTION('ref_axis',(0.,2.40048221540573E-16,1.));
#2105=DIRECTION('center_axis',(-1.,0.,0.));
#2106=DIRECTION('ref_axis',(0.,0.,-1.));
#2107=DIRECTION('center_axis',(1.,0.,0.));
#2108=DIRECTION('ref_axis',(0.,0.,-1.));
#2109=DIRECTION('',(1.,0.,0.));
#2110=DIRECTION('center_axis',(1.,0.,0.));
#2111=DIRECTION('ref_axis',(0.,0.,-1.));
#2112=DIRECTION('center_axis',(-1.,0.,0.));
#2113=DIRECTION('ref_axis',(0.,0.,1.));
#2114=DIRECTION('center_axis',(-1.,0.,0.));
#2115=DIRECTION('ref_axis',(0.,0.,1.));
#2116=DIRECTION('center_axis',(0.,-1.,0.));
#2117=DIRECTION('ref_axis',(0.,0.,-1.));
#2118=DIRECTION('center_axis',(1.,0.,0.));
#2119=DIRECTION('ref_axis',(0.,0.,1.));
#2120=DIRECTION('center_axis',(-1.,0.,0.));
#2121=DIRECTION('ref_axis',(0.,0.,-1.));
#2122=DIRECTION('center_axis',(1.,0.,0.));
#2123=DIRECTION('ref_axis',(0.,0.,-1.));
#2124=DIRECTION('',(1.,0.,0.));
#2125=DIRECTION('center_axis',(1.,0.,0.));
#2126=DIRECTION('ref_axis',(0.,0.,-1.));
#2127=DIRECTION('center_axis',(-1.,0.,0.));
#2128=DIRECTION('ref_axis',(0.,2.40048221540574E-16,1.));
#2129=DIRECTION('center_axis',(-1.,0.,0.));
#2130=DIRECTION('ref_axis',(0.,2.40048221540574E-16,1.));
#2131=DIRECTION('center_axis',(0.,-1.,2.40048221540574E-16));
#2132=DIRECTION('ref_axis',(0.,-2.40048221540574E-16,-1.));
#2133=DIRECTION('center_axis',(1.,0.,0.));
#2134=DIRECTION('ref_axis',(0.,2.40048221540574E-16,1.));
#2135=DIRECTION('center_axis',(-1.,0.,0.));
#2136=DIRECTION('ref_axis',(0.,0.,-1.));
#2137=DIRECTION('center_axis',(1.,0.,0.));
#2138=DIRECTION('ref_axis',(0.,0.,-1.));
#2139=DIRECTION('',(1.,0.,0.));
#2140=DIRECTION('center_axis',(1.,0.,0.));
#2141=DIRECTION('ref_axis',(0.,0.,-1.));
#2142=DIRECTION('center_axis',(-1.,0.,0.));
#2143=DIRECTION('ref_axis',(0.,2.40048221540575E-16,1.));
#2144=DIRECTION('center_axis',(-1.,0.,0.));
#2145=DIRECTION('ref_axis',(0.,2.40048221540575E-16,1.));
#2146=DIRECTION('center_axis',(0.,-1.,2.40048221540575E-16));
#2147=DIRECTION('ref_axis',(0.,-2.40048221540575E-16,-1.));
#2148=DIRECTION('center_axis',(1.,0.,0.));
#2149=DIRECTION('ref_axis',(0.,2.40048221540575E-16,1.));
#2150=DIRECTION('center_axis',(-1.,0.,0.));
#2151=DIRECTION('ref_axis',(0.,0.,-1.));
#2152=DIRECTION('center_axis',(1.,0.,0.));
#2153=DIRECTION('ref_axis',(0.,0.,-1.));
#2154=DIRECTION('',(1.,0.,0.));
#2155=DIRECTION('center_axis',(1.,0.,0.));
#2156=DIRECTION('ref_axis',(0.,0.,-1.));
#2157=DIRECTION('center_axis',(-1.,0.,0.));
#2158=DIRECTION('ref_axis',(0.,0.,1.));
#2159=DIRECTION('center_axis',(-1.,0.,0.));
#2160=DIRECTION('ref_axis',(0.,0.,1.));
#2161=DIRECTION('center_axis',(0.,-1.,0.));
#2162=DIRECTION('ref_axis',(0.,0.,-1.));
#2163=DIRECTION('center_axis',(1.,0.,0.));
#2164=DIRECTION('ref_axis',(0.,0.,1.));
#2165=DIRECTION('center_axis',(-1.,0.,0.));
#2166=DIRECTION('ref_axis',(0.,0.,-1.));
#2167=DIRECTION('center_axis',(1.,0.,0.));
#2168=DIRECTION('ref_axis',(0.,0.,-1.));
#2169=DIRECTION('',(1.,0.,0.));
#2170=DIRECTION('center_axis',(1.,0.,0.));
#2171=DIRECTION('ref_axis',(0.,0.,-1.));
#2172=DIRECTION('center_axis',(-1.,0.,0.));
#2173=DIRECTION('ref_axis',(0.,0.,1.));
#2174=DIRECTION('center_axis',(-1.,0.,0.));
#2175=DIRECTION('ref_axis',(0.,0.,1.));
#2176=DIRECTION('center_axis',(0.,-1.,0.));
#2177=DIRECTION('ref_axis',(0.,0.,-1.));
#2178=DIRECTION('center_axis',(1.,0.,0.));
#2179=DIRECTION('ref_axis',(0.,0.,1.));
#2180=DIRECTION('center_axis',(-1.,0.,0.));
#2181=DIRECTION('ref_axis',(0.,0.,-1.));
#2182=DIRECTION('center_axis',(1.,0.,0.));
#2183=DIRECTION('ref_axis',(0.,0.,-1.));
#2184=DIRECTION('',(1.,0.,0.));
#2185=DIRECTION('center_axis',(1.,0.,0.));
#2186=DIRECTION('ref_axis',(0.,0.,-1.));
#2187=DIRECTION('center_axis',(-1.,0.,0.));
#2188=DIRECTION('ref_axis',(0.,2.40048221540573E-16,1.));
#2189=DIRECTION('center_axis',(-1.,0.,0.));
#2190=DIRECTION('ref_axis',(0.,2.40048221540573E-16,1.));
#2191=DIRECTION('center_axis',(0.,-1.,2.40048221540573E-16));
#2192=DIRECTION('ref_axis',(0.,-2.40048221540573E-16,-1.));
#2193=DIRECTION('center_axis',(1.,0.,0.));
#2194=DIRECTION('ref_axis',(0.,2.40048221540573E-16,1.));
#2195=DIRECTION('center_axis',(-1.,0.,0.));
#2196=DIRECTION('ref_axis',(0.,0.,-1.));
#2197=DIRECTION('center_axis',(1.,0.,0.));
#2198=DIRECTION('ref_axis',(0.,0.,-1.));
#2199=DIRECTION('',(1.,0.,0.));
#2200=DIRECTION('center_axis',(1.,0.,0.));
#2201=DIRECTION('ref_axis',(0.,0.,-1.));
#2202=DIRECTION('center_axis',(-1.,0.,0.));
#2203=DIRECTION('ref_axis',(0.,1.20024110770287E-16,1.));
#2204=DIRECTION('center_axis',(-1.,0.,0.));
#2205=DIRECTION('ref_axis',(0.,1.20024110770287E-16,1.));
#2206=DIRECTION('center_axis',(0.,-1.,1.20024110770287E-16));
#2207=DIRECTION('ref_axis',(0.,-1.20024110770287E-16,-1.));
#2208=DIRECTION('center_axis',(1.,0.,0.));
#2209=DIRECTION('ref_axis',(0.,1.20024110770287E-16,1.));
#2210=DIRECTION('center_axis',(-1.,0.,0.));
#2211=DIRECTION('ref_axis',(0.,0.,-1.));
#2212=DIRECTION('center_axis',(1.,0.,0.));
#2213=DIRECTION('ref_axis',(0.,0.,-1.));
#2214=DIRECTION('',(1.,0.,0.));
#2215=DIRECTION('center_axis',(1.,0.,0.));
#2216=DIRECTION('ref_axis',(0.,0.,-1.));
#2217=DIRECTION('center_axis',(-1.,0.,0.));
#2218=DIRECTION('ref_axis',(0.,0.,1.));
#2219=DIRECTION('center_axis',(-1.,0.,0.));
#2220=DIRECTION('ref_axis',(0.,0.,1.));
#2221=DIRECTION('center_axis',(0.,-1.,0.));
#2222=DIRECTION('ref_axis',(0.,0.,-1.));
#2223=DIRECTION('center_axis',(1.,0.,0.));
#2224=DIRECTION('ref_axis',(0.,0.,1.));
#2225=DIRECTION('center_axis',(-1.,0.,0.));
#2226=DIRECTION('ref_axis',(0.,0.,-1.));
#2227=DIRECTION('center_axis',(1.,0.,0.));
#2228=DIRECTION('ref_axis',(0.,0.,-1.));
#2229=DIRECTION('',(1.,0.,0.));
#2230=DIRECTION('center_axis',(1.,0.,0.));
#2231=DIRECTION('ref_axis',(0.,0.,-1.));
#2232=DIRECTION('center_axis',(1.,0.,0.));
#2233=DIRECTION('ref_axis',(0.,0.,-1.));
#2234=DIRECTION('',(0.,-1.,-6.49348747467288E-14));
#2235=DIRECTION('center_axis',(1.,0.,0.));
#2236=DIRECTION('ref_axis',(0.,0.999996585793936,-0.00261312082976726));
#2237=DIRECTION('center_axis',(-1.,0.,0.));
#2238=DIRECTION('ref_axis',(0.,0.999996585793936,-0.00261312082976729));
#2239=DIRECTION('',(0.,-0.0566120705045029,-0.998396250730737));
#2240=DIRECTION('',(0.,0.998445662487556,-0.0557338233013433));
#2241=DIRECTION('',(0.,0.0557338233013232,0.998445662487557));
#2242=DIRECTION('center_axis',(-1.,0.,0.));
#2243=DIRECTION('ref_axis',(0.,1.20024110770287E-16,1.));
#2244=DIRECTION('center_axis',(0.,-1.,1.20024110770287E-16));
#2245=DIRECTION('ref_axis',(0.,-1.20024110770287E-16,-1.));
#2246=DIRECTION('center_axis',(1.,0.,0.));
#2247=DIRECTION('ref_axis',(0.,1.20024110770287E-16,1.));
#2248=DIRECTION('center_axis',(1.,0.,0.));
#2249=DIRECTION('ref_axis',(0.,1.20024110770287E-16,1.));
#2250=DIRECTION('center_axis',(-1.,0.,0.));
#2251=DIRECTION('ref_axis',(0.,0.,-1.));
#2252=DIRECTION('center_axis',(-1.,0.,0.));
#2253=DIRECTION('ref_axis',(0.,0.,-1.));
#2254=DIRECTION('',(-1.,0.,0.));
#2255=DIRECTION('center_axis',(1.,0.,0.));
#2256=DIRECTION('ref_axis',(0.,0.,-1.));
#2257=DIRECTION('center_axis',(-1.,0.,0.));
#2258=DIRECTION('ref_axis',(0.,0.,1.));
#2259=DIRECTION('center_axis',(0.,-1.,0.));
#2260=DIRECTION('ref_axis',(0.,0.,-1.));
#2261=DIRECTION('center_axis',(1.,0.,0.));
#2262=DIRECTION('ref_axis',(0.,0.,1.));
#2263=DIRECTION('center_axis',(1.,0.,0.));
#2264=DIRECTION('ref_axis',(0.,0.,1.));
#2265=DIRECTION('center_axis',(-1.,0.,0.));
#2266=DIRECTION('ref_axis',(0.,0.,-1.));
#2267=DIRECTION('center_axis',(-1.,0.,0.));
#2268=DIRECTION('ref_axis',(0.,0.,-1.));
#2269=DIRECTION('',(-1.,0.,0.));
#2270=DIRECTION('center_axis',(1.,0.,0.));
#2271=DIRECTION('ref_axis',(0.,0.,-1.));
#2272=DIRECTION('center_axis',(-1.,0.,0.));
#2273=DIRECTION('ref_axis',(0.,2.40048221540574E-16,1.));
#2274=DIRECTION('center_axis',(0.,-1.,2.40048221540574E-16));
#2275=DIRECTION('ref_axis',(0.,-2.40048221540574E-16,-1.));
#2276=DIRECTION('center_axis',(1.,0.,0.));
#2277=DIRECTION('ref_axis',(0.,2.40048221540574E-16,1.));
#2278=DIRECTION('center_axis',(1.,0.,0.));
#2279=DIRECTION('ref_axis',(0.,2.40048221540574E-16,1.));
#2280=DIRECTION('center_axis',(-1.,0.,0.));
#2281=DIRECTION('ref_axis',(0.,0.,-1.));
#2282=DIRECTION('center_axis',(-1.,0.,0.));
#2283=DIRECTION('ref_axis',(0.,0.,-1.));
#2284=DIRECTION('',(-1.,0.,0.));
#2285=DIRECTION('center_axis',(1.,0.,0.));
#2286=DIRECTION('ref_axis',(0.,0.,-1.));
#2287=DIRECTION('center_axis',(-1.,0.,0.));
#2288=DIRECTION('ref_axis',(0.,2.40048221540573E-16,1.));
#2289=DIRECTION('center_axis',(0.,-1.,2.40048221540573E-16));
#2290=DIRECTION('ref_axis',(0.,-2.40048221540573E-16,-1.));
#2291=DIRECTION('center_axis',(1.,0.,0.));
#2292=DIRECTION('ref_axis',(0.,2.40048221540573E-16,1.));
#2293=DIRECTION('center_axis',(1.,0.,0.));
#2294=DIRECTION('ref_axis',(0.,2.40048221540573E-16,1.));
#2295=DIRECTION('center_axis',(-1.,0.,0.));
#2296=DIRECTION('ref_axis',(0.,0.,-1.));
#2297=DIRECTION('center_axis',(-1.,0.,0.));
#2298=DIRECTION('ref_axis',(0.,0.,-1.));
#2299=DIRECTION('',(-1.,0.,0.));
#2300=DIRECTION('center_axis',(1.,0.,0.));
#2301=DIRECTION('ref_axis',(0.,0.,-1.));
#2302=DIRECTION('center_axis',(-1.,0.,0.));
#2303=DIRECTION('ref_axis',(0.,0.,1.));
#2304=DIRECTION('center_axis',(0.,-1.,0.));
#2305=DIRECTION('ref_axis',(0.,0.,-1.));
#2306=DIRECTION('center_axis',(1.,0.,0.));
#2307=DIRECTION('ref_axis',(0.,0.,1.));
#2308=DIRECTION('center_axis',(1.,0.,0.));
#2309=DIRECTION('ref_axis',(0.,0.,1.));
#2310=DIRECTION('center_axis',(-1.,0.,0.));
#2311=DIRECTION('ref_axis',(0.,0.,-1.));
#2312=DIRECTION('center_axis',(-1.,0.,0.));
#2313=DIRECTION('ref_axis',(0.,0.,-1.));
#2314=DIRECTION('',(-1.,0.,0.));
#2315=DIRECTION('center_axis',(1.,0.,0.));
#2316=DIRECTION('ref_axis',(0.,0.,-1.));
#2317=DIRECTION('center_axis',(-1.,0.,0.));
#2318=DIRECTION('ref_axis',(0.,2.40048221540574E-16,1.));
#2319=DIRECTION('center_axis',(0.,-1.,2.40048221540574E-16));
#2320=DIRECTION('ref_axis',(0.,-2.40048221540574E-16,-1.));
#2321=DIRECTION('center_axis',(1.,0.,0.));
#2322=DIRECTION('ref_axis',(0.,2.40048221540574E-16,1.));
#2323=DIRECTION('center_axis',(1.,0.,0.));
#2324=DIRECTION('ref_axis',(0.,2.40048221540574E-16,1.));
#2325=DIRECTION('center_axis',(-1.,0.,0.));
#2326=DIRECTION('ref_axis',(0.,0.,-1.));
#2327=DIRECTION('center_axis',(-1.,0.,0.));
#2328=DIRECTION('ref_axis',(0.,0.,-1.));
#2329=DIRECTION('',(-1.,0.,0.));
#2330=DIRECTION('center_axis',(1.,0.,0.));
#2331=DIRECTION('ref_axis',(0.,0.,-1.));
#2332=DIRECTION('center_axis',(-1.,0.,0.));
#2333=DIRECTION('ref_axis',(0.,2.40048221540575E-16,1.));
#2334=DIRECTION('center_axis',(0.,-1.,2.40048221540575E-16));
#2335=DIRECTION('ref_axis',(0.,-2.40048221540575E-16,-1.));
#2336=DIRECTION('center_axis',(1.,0.,0.));
#2337=DIRECTION('ref_axis',(0.,2.40048221540575E-16,1.));
#2338=DIRECTION('center_axis',(1.,0.,0.));
#2339=DIRECTION('ref_axis',(0.,2.40048221540575E-16,1.));
#2340=DIRECTION('center_axis',(-1.,0.,0.));
#2341=DIRECTION('ref_axis',(0.,0.,-1.));
#2342=DIRECTION('center_axis',(-1.,0.,0.));
#2343=DIRECTION('ref_axis',(0.,0.,-1.));
#2344=DIRECTION('',(-1.,0.,0.));
#2345=DIRECTION('center_axis',(1.,0.,0.));
#2346=DIRECTION('ref_axis',(0.,0.,-1.));
#2347=DIRECTION('center_axis',(-1.,0.,0.));
#2348=DIRECTION('ref_axis',(0.,0.,1.));
#2349=DIRECTION('center_axis',(0.,-1.,0.));
#2350=DIRECTION('ref_axis',(0.,0.,-1.));
#2351=DIRECTION('center_axis',(1.,0.,0.));
#2352=DIRECTION('ref_axis',(0.,0.,1.));
#2353=DIRECTION('center_axis',(1.,0.,0.));
#2354=DIRECTION('ref_axis',(0.,0.,1.));
#2355=DIRECTION('center_axis',(-1.,0.,0.));
#2356=DIRECTION('ref_axis',(0.,0.,-1.));
#2357=DIRECTION('center_axis',(-1.,0.,0.));
#2358=DIRECTION('ref_axis',(0.,0.,-1.));
#2359=DIRECTION('',(-1.,0.,0.));
#2360=DIRECTION('center_axis',(1.,0.,0.));
#2361=DIRECTION('ref_axis',(0.,0.,-1.));
#2362=DIRECTION('center_axis',(-1.,0.,0.));
#2363=DIRECTION('ref_axis',(0.,0.,1.));
#2364=DIRECTION('center_axis',(0.,-1.,0.));
#2365=DIRECTION('ref_axis',(0.,0.,-1.));
#2366=DIRECTION('center_axis',(1.,0.,0.));
#2367=DIRECTION('ref_axis',(0.,0.,1.));
#2368=DIRECTION('center_axis',(1.,0.,0.));
#2369=DIRECTION('ref_axis',(0.,0.,1.));
#2370=DIRECTION('center_axis',(-1.,0.,0.));
#2371=DIRECTION('ref_axis',(0.,0.,-1.));
#2372=DIRECTION('center_axis',(-1.,0.,0.));
#2373=DIRECTION('ref_axis',(0.,0.,-1.));
#2374=DIRECTION('',(-1.,0.,0.));
#2375=DIRECTION('center_axis',(1.,0.,0.));
#2376=DIRECTION('ref_axis',(0.,0.,-1.));
#2377=DIRECTION('center_axis',(-1.,0.,0.));
#2378=DIRECTION('ref_axis',(0.,2.40048221540573E-16,1.));
#2379=DIRECTION('center_axis',(0.,-1.,2.40048221540573E-16));
#2380=DIRECTION('ref_axis',(0.,-2.40048221540573E-16,-1.));
#2381=DIRECTION('center_axis',(1.,0.,0.));
#2382=DIRECTION('ref_axis',(0.,2.40048221540573E-16,1.));
#2383=DIRECTION('center_axis',(1.,0.,0.));
#2384=DIRECTION('ref_axis',(0.,2.40048221540573E-16,1.));
#2385=DIRECTION('center_axis',(-1.,0.,0.));
#2386=DIRECTION('ref_axis',(0.,0.,-1.));
#2387=DIRECTION('center_axis',(-1.,0.,0.));
#2388=DIRECTION('ref_axis',(0.,0.,-1.));
#2389=DIRECTION('',(-1.,0.,0.));
#2390=DIRECTION('center_axis',(1.,0.,0.));
#2391=DIRECTION('ref_axis',(0.,0.,-1.));
#2392=DIRECTION('center_axis',(-1.,0.,0.));
#2393=DIRECTION('ref_axis',(0.,1.20024110770287E-16,1.));
#2394=DIRECTION('center_axis',(0.,-1.,1.20024110770287E-16));
#2395=DIRECTION('ref_axis',(0.,-1.20024110770287E-16,-1.));
#2396=DIRECTION('center_axis',(1.,0.,0.));
#2397=DIRECTION('ref_axis',(0.,1.20024110770287E-16,1.));
#2398=DIRECTION('center_axis',(1.,0.,0.));
#2399=DIRECTION('ref_axis',(0.,1.20024110770287E-16,1.));
#2400=DIRECTION('center_axis',(-1.,0.,0.));
#2401=DIRECTION('ref_axis',(0.,0.,-1.));
#2402=DIRECTION('center_axis',(-1.,0.,0.));
#2403=DIRECTION('ref_axis',(0.,0.,-1.));
#2404=DIRECTION('',(-1.,0.,0.));
#2405=DIRECTION('center_axis',(1.,0.,0.));
#2406=DIRECTION('ref_axis',(0.,0.,-1.));
#2407=DIRECTION('center_axis',(-1.,0.,0.));
#2408=DIRECTION('ref_axis',(0.,0.,1.));
#2409=DIRECTION('center_axis',(0.,-1.,0.));
#2410=DIRECTION('ref_axis',(0.,0.,-1.));
#2411=DIRECTION('center_axis',(1.,0.,0.));
#2412=DIRECTION('ref_axis',(0.,0.,1.));
#2413=DIRECTION('center_axis',(1.,0.,0.));
#2414=DIRECTION('ref_axis',(0.,0.,1.));
#2415=DIRECTION('center_axis',(-1.,0.,0.));
#2416=DIRECTION('ref_axis',(0.,0.,-1.));
#2417=DIRECTION('center_axis',(-1.,0.,0.));
#2418=DIRECTION('ref_axis',(0.,0.,-1.));
#2419=DIRECTION('',(-1.,0.,0.));
#2420=DIRECTION('center_axis',(1.,0.,0.));
#2421=DIRECTION('ref_axis',(0.,0.,-1.));
#2422=DIRECTION('center_axis',(1.,0.,5.03931018269575E-16));
#2423=DIRECTION('ref_axis',(5.03931018269575E-16,0.,-1.));
#2424=DIRECTION('',(0.,1.,0.));
#2425=DIRECTION('',(5.03931018269575E-16,0.,-1.));
#2426=DIRECTION('',(-5.03147739384195E-16,0.0557338233013232,0.998445662487557));
#2427=DIRECTION('center_axis',(0.,1.,0.));
#2428=DIRECTION('ref_axis',(0.,0.,1.));
#2429=DIRECTION('',(-1.,0.,0.));
#2430=DIRECTION('',(1.,0.,0.));
#2431=DIRECTION('center_axis',(0.,0.,1.));
#2432=DIRECTION('ref_axis',(1.,0.,0.));
#2433=DIRECTION('center_axis',(0.,0.998445662487557,-0.0557338233013232));
#2434=DIRECTION('ref_axis',(0.,0.0557338233013232,0.998445662487557));
#2435=DIRECTION('',(1.,0.,0.));
#2436=DIRECTION('',(0.,0.0557338233013232,0.998445662487557));
#2437=DIRECTION('center_axis',(0.,-0.0557338233013433,-0.998445662487556));
#2438=DIRECTION('ref_axis',(0.,0.998445662487556,-0.0557338233013433));
#2439=DIRECTION('',(1.,0.,0.));
#2440=DIRECTION('',(0.,0.998445662487556,-0.0557338233013433));
#2441=DIRECTION('center_axis',(0.,-0.998396250730737,0.0566120705045028));
#2442=DIRECTION('ref_axis',(0.,-0.0566120705045029,-0.998396250730737));
#2443=DIRECTION('',(0.,-0.0566120705045029,-0.998396250730737));
#2444=DIRECTION('center_axis',(0.,-6.49348747467288E-14,1.));
#2445=DIRECTION('ref_axis',(0.,-1.,-6.49348747467288E-14));
#2446=DIRECTION('',(0.,-1.,-6.49348747467288E-14));
#2447=DIRECTION('',(1.,0.,0.));
#2448=DIRECTION('center_axis',(1.,0.,0.));
#2449=DIRECTION('ref_axis',(0.,0.999996585793936,-0.00261312082976726));
#2450=DIRECTION('center_axis',(1.,0.,0.));
#2451=DIRECTION('ref_axis',(0.,0.999996585793936,-0.00261312082976726));
#2452=DIRECTION('',(1.,0.,0.));
#2453=DIRECTION('center_axis',(1.,0.,0.));
#2454=DIRECTION('ref_axis',(0.,0.999996585793936,-0.00261312082976729));
#2455=DIRECTION('center_axis',(-1.,0.,0.));
#2456=DIRECTION('ref_axis',(0.,0.999996585793936,-0.00261312082976729));
#2457=DIRECTION('center_axis',(1.,0.,0.));
#2458=DIRECTION('ref_axis',(0.,0.,-1.));
#2459=CARTESIAN_POINT('',(0.,0.,0.));
#2460=CARTESIAN_POINT('Origin',(100.4,-2.44220890171229,-328.995136793503));
#2461=CARTESIAN_POINT('',(100.4,-0.0912521656193271,-328.995136793503));
#2462=CARTESIAN_POINT('',(100.,29.7925999074663,-169.666136793503));
#2463=CARTESIAN_POINT('Ctrl Pts',(100.4,-0.0912521656193312,-328.995136793503));
#2464=CARTESIAN_POINT('Ctrl Pts',(100.399060470548,0.0101037756145255,-328.62090107337));
#2465=CARTESIAN_POINT('Ctrl Pts',(100.398135204638,0.110067864038265,-328.252358723461));
#2466=CARTESIAN_POINT('Ctrl Pts',(100.397223192892,0.20868022121238,-327.889303671788));
#2467=CARTESIAN_POINT('Ctrl Pts',(100.396307553557,0.307684815792197,-327.524804543778));
#2468=CARTESIAN_POINT('Ctrl Pts',(100.395405274033,0.40532690910867,-327.165836430853));
#2469=CARTESIAN_POINT('Ctrl Pts',(100.39451533285,0.501659274379733,-326.812139616967));
#2470=CARTESIAN_POINT('Ctrl Pts',(100.393621104081,0.598455752637186,-326.45673875186));
#2471=CARTESIAN_POINT('Ctrl Pts',(100.392739332828,0.693929858273845,-326.106660072575));
#2472=CARTESIAN_POINT('Ctrl Pts',(100.391868982783,0.788147318634801,-325.761588891262));
#2473=CARTESIAN_POINT('Ctrl Pts',(100.390987837973,0.883533337876761,-325.412237866362));
#2474=CARTESIAN_POINT('Ctrl Pts',(100.390118399439,0.977631340555441,-325.068019345989));
#2475=CARTESIAN_POINT('Ctrl Pts',(100.389259591834,1.0705220167972,-324.728554382039));
#2476=CARTESIAN_POINT('Ctrl Pts',(100.388397743877,1.16374154481708,-324.387887643471));
#2477=CARTESIAN_POINT('Ctrl Pts',(100.387546602253,1.25574519842368,-324.052008109114));
#2478=CARTESIAN_POINT('Ctrl Pts',(100.386705080157,1.34662692808563,-323.720480804169));
#2479=CARTESIAN_POINT('Ctrl Pts',(100.385857169515,1.43819860036035,-323.386436658756));
#2480=CARTESIAN_POINT('Ctrl Pts',(100.385019025011,1.52863126042423,-323.056811024899));
#2481=CARTESIAN_POINT('Ctrl Pts',(100.384189534897,1.61803339474525,-322.731107104004));
#2482=CARTESIAN_POINT('Ctrl Pts',(100.383352908407,1.70820468502754,-322.40260104517));
#2483=CARTESIAN_POINT('Ctrl Pts',(100.38252508586,1.79732765433522,-322.078084410254));
#2484=CARTESIAN_POINT('Ctrl Pts',(100.381704926567,1.88552598243484,-321.756995738853));
#2485=CARTESIAN_POINT('Ctrl Pts',(100.38087187644,1.97511056564665,-321.430860363939));
#2486=CARTESIAN_POINT('Ctrl Pts',(100.380046732355,2.06374121642262,-321.108261538228));
#2487=CARTESIAN_POINT('Ctrl Pts',(100.379228298985,2.15156014344188,-320.788558271088));
#2488=CARTESIAN_POINT('Ctrl Pts',(100.378401740485,2.24025090713912,-320.465681097777));
#2489=CARTESIAN_POINT('Ctrl Pts',(100.377582026606,2.32811377053475,-320.145757168958));
#2490=CARTESIAN_POINT('Ctrl Pts',(100.376767926068,2.41530777882746,-319.828073855887));
#2491=CARTESIAN_POINT('Ctrl Pts',(100.375938917853,2.50409846957457,-319.504573177816));
#2492=CARTESIAN_POINT('Ctrl Pts',(100.375115730442,2.59219559454461,-319.18339587932));
#2493=CARTESIAN_POINT('Ctrl Pts',(100.374297063667,2.67977985287243,-318.863736387642));
#2494=CARTESIAN_POINT('Ctrl Pts',(100.373668418104,2.74703487903948,-318.618273242919));
#2495=CARTESIAN_POINT('Ctrl Pts',(100.373042438154,2.81398775786628,-318.373703968955));
#2496=CARTESIAN_POINT('Ctrl Pts',(100.372418535114,2.88072517874953,-318.129643587526));
#2497=CARTESIAN_POINT('Ctrl Pts',(100.371470984274,2.9820824332333,-317.758977627371));
#2498=CARTESIAN_POINT('Ctrl Pts',(100.370528224019,3.0829422872215,-317.389486088918));
#2499=CARTESIAN_POINT('Ctrl Pts',(100.36958819205,3.18345962699308,-317.020433481862));
#2500=CARTESIAN_POINT('Ctrl Pts',(100.36861447443,3.28757896344853,-316.638156029523));
#2501=CARTESIAN_POINT('Ctrl Pts',(100.367643684134,3.39133079928476,-316.256349500397));
#2502=CARTESIAN_POINT('Ctrl Pts',(100.366673529118,3.49490058665804,-315.874141492423));
#2503=CARTESIAN_POINT('Ctrl Pts',(100.365677052476,3.60128036330337,-315.481563661073));
#2504=CARTESIAN_POINT('Ctrl Pts',(100.364681246054,3.70746811523006,-315.088562088698));
#2505=CARTESIAN_POINT('Ctrl Pts',(100.363683626142,3.81367828965142,-314.694136158012));
#2506=CARTESIAN_POINT('Ctrl Pts',(100.362653289246,3.92337163096505,-314.28677501325));
#2507=CARTESIAN_POINT('Ctrl Pts',(100.361621017962,4.0330889350711,-313.877894325342));
#2508=CARTESIAN_POINT('Ctrl Pts',(100.36058407612,4.14308003138791,-313.466336693128));
#2509=CARTESIAN_POINT('Ctrl Pts',(100.359473218435,4.26091157176242,-313.025442190022));
#2510=CARTESIAN_POINT('Ctrl Pts',(100.358357000602,4.37905732542003,-312.581475443483));
#2511=CARTESIAN_POINT('Ctrl Pts',(100.357232058624,4.49783958292847,-312.132953034181));
#2512=CARTESIAN_POINT('Ctrl Pts',(100.356047131873,4.62295561318751,-311.660514266715));
#2513=CARTESIAN_POINT('Ctrl Pts',(100.354852525786,4.74877793471943,-311.183020544499));
#2514=CARTESIAN_POINT('Ctrl Pts',(100.353644309032,4.87569864213642,-310.698678012309));
#2515=CARTESIAN_POINT('Ctrl Pts',(100.352268953196,5.02017696949583,-310.14733378847));
#2516=CARTESIAN_POINT('Ctrl Pts',(100.350875960559,5.16607861534267,-309.587114467744));
#2517=CARTESIAN_POINT('Ctrl Pts',(100.34945953216,5.31400084619751,-309.015303439661));
#2518=CARTESIAN_POINT('Ctrl Pts',(100.348608428652,5.40288435743821,-308.671713624604));
#2519=CARTESIAN_POINT('Ctrl Pts',(100.347748863504,5.49249777396102,-308.323937222491));
#2520=CARTESIAN_POINT('Ctrl Pts',(100.34687957862,5.58297307987619,-307.971376619013));
#2521=CARTESIAN_POINT('Ctrl Pts',(100.345349534856,5.74222027277384,-307.350828438906));
#2522=CARTESIAN_POINT('Ctrl Pts',(100.34378937921,5.90413785271677,-306.7154579712));
#2523=CARTESIAN_POINT('Ctrl Pts',(100.342192251453,6.0688238426285,-306.064587949775));
#2524=CARTESIAN_POINT('Ctrl Pts',(100.340683129675,6.22443519728779,-305.449582594461));
#2525=CARTESIAN_POINT('Ctrl Pts',(100.339140998051,6.3825183284789,-304.820738516021));
#2526=CARTESIAN_POINT('Ctrl Pts',(100.337560069061,6.54314837813686,-304.177529435943));
#2527=CARTESIAN_POINT('Ctrl Pts',(100.336028803004,6.6987324330878,-303.554525975054));
#2528=CARTESIAN_POINT('Ctrl Pts',(100.334461138837,6.85670596382678,-302.91804555613));
#2529=CARTESIAN_POINT('Ctrl Pts',(100.332851817511,7.01712910254769,-302.267657557476));
#2530=CARTESIAN_POINT('Ctrl Pts',(100.331301912274,7.1716294242793,-301.641281862275));
#2531=CARTESIAN_POINT('Ctrl Pts',(100.329713369058,7.32840184746841,-301.002006412302));
#2532=CARTESIAN_POINT('Ctrl Pts',(100.328081490062,7.48749175294406,-300.349494530851));
#2533=CARTESIAN_POINT('Ctrl Pts',(100.327602968614,7.53414222890409,-300.158156244816));
#2534=CARTESIAN_POINT('Ctrl Pts',(100.327120720903,7.5809919174441,-299.965680145482));
#2535=CARTESIAN_POINT('Ctrl Pts',(100.326634628479,7.62804181356167,-299.772058595927));
#2536=CARTESIAN_POINT('Ctrl Pts',(100.324819850534,7.80369794309729,-299.04919170788));
#2537=CARTESIAN_POINT('Ctrl Pts',(100.32298635354,7.98004497689132,-298.319001403029));
#2538=CARTESIAN_POINT('Ctrl Pts',(100.321135430627,8.15721634427997,-297.581069550576));
#2539=CARTESIAN_POINT('Ctrl Pts',(100.31949674505,8.31407223620163,-296.927753156398));
#2540=CARTESIAN_POINT('Ctrl Pts',(100.317844400744,8.47157423723822,-296.268368724852));
#2541=CARTESIAN_POINT('Ctrl Pts',(100.316179295063,8.62982002895606,-295.602592116179));
#2542=CARTESIAN_POINT('Ctrl Pts',(100.314988090538,8.74302792042346,-295.12630035993));
#2543=CARTESIAN_POINT('Ctrl Pts',(100.313790354909,8.85661775751737,-294.646731828241));
#2544=CARTESIAN_POINT('Ctrl Pts',(100.312586416725,8.97050351278116,-294.164266366132));
#2545=CARTESIAN_POINT('Ctrl Pts',(100.311357099541,9.08678997812685,-293.671630539026));
#2546=CARTESIAN_POINT('Ctrl Pts',(100.310121315546,9.2033850080507,-293.175974230728));
#2547=CARTESIAN_POINT('Ctrl Pts',(100.308879414504,9.32020887243304,-292.677648736865));
#2548=CARTESIAN_POINT('Ctrl Pts',(100.307586549443,9.44182684956701,-292.158873409253));
#2549=CARTESIAN_POINT('Ctrl Pts',(100.306287054982,9.5636928353446,-291.637205352885));
#2550=CARTESIAN_POINT('Ctrl Pts',(100.30498132574,9.68572928050886,-291.11298456522));
#2551=CARTESIAN_POINT('Ctrl Pts',(100.303654250981,9.80976072645509,-290.580194035296));
#2552=CARTESIAN_POINT('Ctrl Pts',(100.302320735926,9.93396831219991,-290.044766412445));
#2553=CARTESIAN_POINT('Ctrl Pts',(100.300981194863,10.058282575343,-289.507003428779));
#2554=CARTESIAN_POINT('Ctrl Pts',(100.299609826382,10.1855505381131,-288.956463228048));
#2555=CARTESIAN_POINT('Ctrl Pts',(100.298232142136,10.312930360916,-288.403475201787));
#2556=CARTESIAN_POINT('Ctrl Pts',(100.29684858665,10.4403590759519,-287.848308588516));
#2557=CARTESIAN_POINT('Ctrl Pts',(100.295429901647,10.5710233021634,-287.279045876252));
#2558=CARTESIAN_POINT('Ctrl Pts',(100.294005043468,10.7017389929144,-286.707492358755));
#2559=CARTESIAN_POINT('Ctrl Pts',(100.292574491367,10.832449425583,-286.133884353502));
#2560=CARTESIAN_POINT('Ctrl Pts',(100.291083210603,10.9687086737687,-285.535925996596));
#2561=CARTESIAN_POINT('Ctrl Pts',(100.289585742228,11.1049622493874,-284.935734942793));
#2562=CARTESIAN_POINT('Ctrl Pts',(100.288082629157,11.241157144455,-284.33352279759));
#2563=CARTESIAN_POINT('Ctrl Pts',(100.286539122272,11.3810120644463,-283.71512714228));
#2564=CARTESIAN_POINT('Ctrl Pts',(100.284989663229,11.5208051912663,-283.094600047237));
#2565=CARTESIAN_POINT('Ctrl Pts',(100.283434839901,11.660489733476,-282.472115516917));
#2566=CARTESIAN_POINT('Ctrl Pts',(100.281810641735,11.8064068761211,-281.82185627872));
#2567=CARTESIAN_POINT('Ctrl Pts',(100.280180589904,11.9522056048738,-281.169460855386));
#2568=CARTESIAN_POINT('Ctrl Pts',(100.278545354535,12.0978427920689,-280.515071421555));
#2569=CARTESIAN_POINT('Ctrl Pts',(100.277957513208,12.1501970640983,-280.279828740123));
#2570=CARTESIAN_POINT('Ctrl Pts',(100.277369002018,12.2025305468381,-280.044327879982));
#2571=CARTESIAN_POINT('Ctrl Pts',(100.276779852097,12.2548415072165,-279.808573859771));
#2572=CARTESIAN_POINT('Ctrl Pts',(100.274924499727,12.4195793112989,-279.066136723991));
#2573=CARTESIAN_POINT('Ctrl Pts',(100.27306281275,12.583730230036,-278.322609873036));
#2574=CARTESIAN_POINT('Ctrl Pts',(100.271195763461,12.7472326452945,-277.578222774276));
#2575=CARTESIAN_POINT('Ctrl Pts',(100.269152762771,12.926143587307,-276.76368436608));
#2576=CARTESIAN_POINT('Ctrl Pts',(100.267103341453,13.1042783316069,-275.948115292585));
#2577=CARTESIAN_POINT('Ctrl Pts',(100.265048773409,13.28156367054,-275.131746077811));
#2578=CARTESIAN_POINT('Ctrl Pts',(100.26263688059,13.489681983919,-274.173396193406));
#2579=CARTESIAN_POINT('Ctrl Pts',(100.260217895161,13.6966305046272,-273.213942389875));
#2580=CARTESIAN_POINT('Ctrl Pts',(100.257793877984,13.9022923291217,-272.253678603407));
#2581=CARTESIAN_POINT('Ctrl Pts',(100.255129978227,14.1283066038896,-271.198386383678));
#2582=CARTESIAN_POINT('Ctrl Pts',(100.252460001553,14.3527685772721,-270.142110939759));
#2583=CARTESIAN_POINT('Ctrl Pts',(100.2497866832,14.5755048845966,-269.085205909811));
#2584=CARTESIAN_POINT('Ctrl Pts',(100.24762453537,14.7556513392223,-268.230393794498));
#2585=CARTESIAN_POINT('Ctrl Pts',(100.245460201622,14.9346689776037,-267.375167680454));
#2586=CARTESIAN_POINT('Ctrl Pts',(100.243295129056,15.1124464301606,-266.519738226285));
#2587=CARTESIAN_POINT('Ctrl Pts',(100.241411613124,15.267104832706,-265.775553004991));
#2588=CARTESIAN_POINT('Ctrl Pts',(100.239527538038,15.4208245884948,-265.031213345484));
#2589=CARTESIAN_POINT('Ctrl Pts',(100.237643856573,15.5735161490067,-264.286892191079));
#2590=CARTESIAN_POINT('Ctrl Pts',(100.235760175108,15.7262077095187,-263.542571036674));
#2591=CARTESIAN_POINT('Ctrl Pts',(100.233876887264,15.8778713750438,-262.79826721978));
#2592=CARTESIAN_POINT('Ctrl Pts',(100.231994945814,16.0283979003451,-262.054203507743));
#2593=CARTESIAN_POINT('Ctrl Pts',(100.22956146842,16.2230388635881,-261.092078876654));
#2594=CARTESIAN_POINT('Ctrl Pts',(100.22713024223,16.4157739133862,-260.130375512173));
#2595=CARTESIAN_POINT('Ctrl Pts',(100.224703327177,16.6069351616604,-259.167427656663));
#2596=CARTESIAN_POINT('Ctrl Pts',(100.223439491461,16.7064839335908,-258.66596474347));
#2597=CARTESIAN_POINT('Ctrl Pts',(100.222176824878,16.8056054274391,-258.1641651211));
#2598=CARTESIAN_POINT('Ctrl Pts',(100.220915618341,16.9043435821368,-257.661798180014));
#2599=CARTESIAN_POINT('Ctrl Pts',(100.218992446032,17.0549061421038,-256.895755377975));
#2600=CARTESIAN_POINT('Ctrl Pts',(100.217058849341,17.2051810129295,-256.125314845574));
#2601=CARTESIAN_POINT('Ctrl Pts',(100.215116389513,17.3549545043166,-255.351420746569));
#2602=CARTESIAN_POINT('Ctrl Pts',(100.213154100233,17.5062569468413,-254.569626409329));
#2603=CARTESIAN_POINT('Ctrl Pts',(100.211182765935,17.6570477269968,-253.784307560171));
#2604=CARTESIAN_POINT('Ctrl Pts',(100.209203996167,17.8071302633808,-252.996389855034));
#2605=CARTESIAN_POINT('Ctrl Pts',(100.207182698994,17.9604383497256,-252.191538348111));
#2606=CARTESIAN_POINT('Ctrl Pts',(100.205153643312,18.1130074055802,-251.383975033341));
#2607=CARTESIAN_POINT('Ctrl Pts',(100.203118544691,18.2646526764768,-250.574637761973));
#2608=CARTESIAN_POINT('Ctrl Pts',(100.20105124099,18.4186977073387,-249.752492869431));
#2609=CARTESIAN_POINT('Ctrl Pts',(100.19897770158,18.5717895157099,-248.928517278784));
#2610=CARTESIAN_POINT('Ctrl Pts',(100.196899724773,18.7237595916638,-248.10364582255));
#2611=CARTESIAN_POINT('Ctrl Pts',(100.194761217281,18.8801564989653,-247.254746169993));
#2612=CARTESIAN_POINT('Ctrl Pts',(100.192618010107,19.0353653767167,-246.404897571083));
#2613=CARTESIAN_POINT('Ctrl Pts',(100.190472063338,19.1892287881195,-245.555070247043));
#2614=CARTESIAN_POINT('Ctrl Pts',(100.189771483184,19.2394600678779,-245.277629927275));
#2615=CARTESIAN_POINT('Ctrl Pts',(100.189070611042,19.2895481495964,-245.000191506825));
#2616=CARTESIAN_POINT('Ctrl Pts',(100.188369515115,19.3394881304497,-244.722787710351));
#2617=CARTESIAN_POINT('Ctrl Pts',(100.18582404584,19.5208052395576,-243.715617631931));
#2618=CARTESIAN_POINT('Ctrl Pts',(100.183275626619,19.70078381608,-242.706934340498));
#2619=CARTESIAN_POINT('Ctrl Pts',(100.180727521548,19.8792258047012,-241.69789743528));
#2620=CARTESIAN_POINT('Ctrl Pts',(100.177825908722,20.0824236904479,-240.548873220939));
#2621=CARTESIAN_POINT('Ctrl Pts',(100.17492470326,20.2836287135774,-239.399388673447));
#2622=CARTESIAN_POINT('Ctrl Pts',(100.172028724968,20.482597822756,-238.25109639208));
#2623=CARTESIAN_POINT('Ctrl Pts',(100.168929578638,20.6955256565983,-237.022245395566));
#2624=CARTESIAN_POINT('Ctrl Pts',(100.165836418631,20.9058933472322,-235.794755268442));
#2625=CARTESIAN_POINT('Ctrl Pts',(100.162755151988,21.1134544749863,-234.570639499017));
#2626=CARTESIAN_POINT('Ctrl Pts',(100.160207761128,21.2850525160134,-233.55862019513));
#2627=CARTESIAN_POINT('Ctrl Pts',(100.157668499271,21.4547335806734,-232.548905655023));
#2628=CARTESIAN_POINT('Ctrl Pts',(100.155140704283,21.6223773702497,-231.54266422243));
#2629=CARTESIAN_POINT('Ctrl Pts',(100.152861877618,21.773509538626,-230.635529815588));
#2630=CARTESIAN_POINT('Ctrl Pts',(100.150592370263,21.9229864262685,-229.731217481114));
#2631=CARTESIAN_POINT('Ctrl Pts',(100.148334627771,22.0707268799481,-228.830623271607));
#2632=CARTESIAN_POINT('Ctrl Pts',(100.146185880071,22.2113350144535,-227.973506154451));
#2633=CARTESIAN_POINT('Ctrl Pts',(100.144047788731,22.3503705634091,-227.119756347957));
#2634=CARTESIAN_POINT('Ctrl Pts',(100.141922461944,22.487765704378,-226.270192098861));
#2635=CARTESIAN_POINT('Ctrl Pts',(100.139905210675,22.6181741310692,-225.463829251409));
#2636=CARTESIAN_POINT('Ctrl Pts',(100.137899458779,22.7471048970205,-224.661236906032));
#2637=CARTESIAN_POINT('Ctrl Pts',(100.135907008912,22.874499243103,-223.863161651785));
#2638=CARTESIAN_POINT('Ctrl Pts',(100.13486436964,22.9411640814721,-223.445532773685));
#2639=CARTESIAN_POINT('Ctrl Pts',(100.133825372965,23.0074081630973,-223.029141658904));
#2640=CARTESIAN_POINT('Ctrl Pts',(100.132790277206,23.0732227776756,-222.614101057919));
#2641=CARTESIAN_POINT('Ctrl Pts',(100.130080296801,23.2455317783547,-221.527484784999));
#2642=CARTESIAN_POINT('Ctrl Pts',(100.12739705494,23.4144936035596,-220.450340711229));
#2643=CARTESIAN_POINT('Ctrl Pts',(100.124745187266,23.5796270424781,-219.386067627538));
#2644=CARTESIAN_POINT('Ctrl Pts',(100.122179705588,23.7393811720131,-218.356463804194));
#2645=CARTESIAN_POINT('Ctrl Pts',(100.119643587328,23.8955523107591,-217.338907149277));
#2646=CARTESIAN_POINT('Ctrl Pts',(100.1171410297,24.0477508032109,-216.336460626013));
#2647=CARTESIAN_POINT('Ctrl Pts',(100.114736750974,24.1939722502038,-215.37338156522));
#2648=CARTESIAN_POINT('Ctrl Pts',(100.112363448694,24.3365271299648,-214.424249795154));
#2649=CARTESIAN_POINT('Ctrl Pts',(100.110024844749,24.4751114233689,-213.49175575305));
#2650=CARTESIAN_POINT('Ctrl Pts',(100.109633348844,24.4983112402347,-213.33565082605));
#2651=CARTESIAN_POINT('Ctrl Pts',(100.109242825351,24.5213998764663,-213.180012094273));
#2652=CARTESIAN_POINT('Ctrl Pts',(100.108853291729,24.5443760192401,-213.024852088247));
#2653=CARTESIAN_POINT('Ctrl Pts',(100.106501823469,24.6830743689068,-212.088209372278));
#2654=CARTESIAN_POINT('Ctrl Pts',(100.104177989909,24.8186392383867,-211.162495628965));
#2655=CARTESIAN_POINT('Ctrl Pts',(100.101879164605,24.9512633222185,-210.24677435851));
#2656=CARTESIAN_POINT('Ctrl Pts',(100.09950676505,25.0881320598346,-209.301745290831));
#2657=CARTESIAN_POINT('Ctrl Pts',(100.097161000153,25.2218689740389,-208.367358115688));
#2658=CARTESIAN_POINT('Ctrl Pts',(100.094838983132,25.3526823152786,-207.442523303328));
#2659=CARTESIAN_POINT('Ctrl Pts',(100.092412467953,25.4893826733193,-206.476067980194));
#2660=CARTESIAN_POINT('Ctrl Pts',(100.090011886207,25.6228906662196,-205.520043746447));
#2661=CARTESIAN_POINT('Ctrl Pts',(100.087633943566,25.7534363251254,-204.573148884327));
#2662=CARTESIAN_POINT('Ctrl Pts',(100.085139719767,25.8903656537103,-203.579950958042));
#2663=CARTESIAN_POINT('Ctrl Pts',(100.082670403308,26.0240361952392,-202.596796607929));
#2664=CARTESIAN_POINT('Ctrl Pts',(100.080222192568,26.1547003379493,-201.62212765381));
#2665=CARTESIAN_POINT('Ctrl Pts',(100.077586175358,26.2953879524747,-200.572690162675));
#2666=CARTESIAN_POINT('Ctrl Pts',(100.074974626179,26.4325908037527,-199.533089393754));
#2667=CARTESIAN_POINT('Ctrl Pts',(100.072382799692,26.5666016542671,-198.501324156446));
#2668=CARTESIAN_POINT('Ctrl Pts',(100.069627893316,26.7090445795633,-197.404639387586));
#2669=CARTESIAN_POINT('Ctrl Pts',(100.066895269651,26.8478819401411,-196.316806287167));
#2670=CARTESIAN_POINT('Ctrl Pts',(100.064179230074,26.9834303592479,-195.235371676661));
#2671=CARTESIAN_POINT('Ctrl Pts',(100.061565547181,27.1138704998551,-194.194692017087));
#2672=CARTESIAN_POINT('Ctrl Pts',(100.058967221953,27.2412650739842,-193.159936251119));
#2673=CARTESIAN_POINT('Ctrl Pts',(100.056379176067,27.3658589956211,-192.128892082238));
#2674=CARTESIAN_POINT('Ctrl Pts',(100.053719072682,27.4939219153725,-191.06914113352));
#2675=CARTESIAN_POINT('Ctrl Pts',(100.051069829012,27.6192235634958,-190.013928335401));
#2676=CARTESIAN_POINT('Ctrl Pts',(100.048425930633,27.7422130974163,-188.960906036222));
#2677=CARTESIAN_POINT('Ctrl Pts',(100.045864148271,27.8613827377216,-187.940589228551));
#2678=CARTESIAN_POINT('Ctrl Pts',(100.043307384321,27.9783811308141,-186.922327735802));
#2679=CARTESIAN_POINT('Ctrl Pts',(100.040750622381,28.0935743606142,-185.904006650912));
#2680=CARTESIAN_POINT('Ctrl Pts',(100.038312840265,28.2034070326231,-184.933073498759));
#2681=CARTESIAN_POINT('Ctrl Pts',(100.035875059976,28.3115981654674,-183.962085338309));
#2682=CARTESIAN_POINT('Ctrl Pts',(100.033432933346,28.418433042702,-182.989242553397));
#2683=CARTESIAN_POINT('Ctrl Pts',(100.031107520604,28.520162077515,-182.062893779517));
#2684=CARTESIAN_POINT('Ctrl Pts',(100.028778167034,28.6206610411245,-181.134862846006));
#2685=CARTESIAN_POINT('Ctrl Pts',(100.026441118571,28.7201522900476,-180.203636962457));
#2686=CARTESIAN_POINT('Ctrl Pts',(100.024255796684,28.8131843376457,-179.332868410845));
#2687=CARTESIAN_POINT('Ctrl Pts',(100.022063746611,28.9053349676274,-178.459306053329));
#2688=CARTESIAN_POINT('Ctrl Pts',(100.019861899014,28.9967691352935,-177.581754992821));
#2689=CARTESIAN_POINT('Ctrl Pts',(100.01773395438,29.0851344002831,-176.733658116313));
#2690=CARTESIAN_POINT('Ctrl Pts',(100.015596858874,29.1728303303427,-175.881835427839));
#2691=CARTESIAN_POINT('Ctrl Pts',(100.013447841957,29.2599926581981,-175.025253500169));
#2692=CARTESIAN_POINT('Ctrl Pts',(100.01140287293,29.3429348907329,-174.210144276057));
#2693=CARTESIAN_POINT('Ctrl Pts',(100.009347108932,29.4253937886309,-173.390725336638));
#2694=CARTESIAN_POINT('Ctrl Pts',(100.007278162676,29.5074764371899,-172.566151409853));
#2695=CARTESIAN_POINT('Ctrl Pts',(100.005666948558,29.5713991813429,-171.924005608245));
#2696=CARTESIAN_POINT('Ctrl Pts',(100.004047739819,29.6350935408654,-171.27873425835));
#2697=CARTESIAN_POINT('Ctrl Pts',(100.002419408957,29.6986064329272,-170.629959876851));
#2698=CARTESIAN_POINT('Ctrl Pts',(100.001615209621,29.7299741523654,-170.309543468198));
#2699=CARTESIAN_POINT('Ctrl Pts',(100.000808785243,29.7613059146738,-169.988301263807));
#2700=CARTESIAN_POINT('Ctrl Pts',(100.,29.7925999074663,-169.666136793503));
#2701=CARTESIAN_POINT('',(100.4,-2.44220890171229,-328.995136793503));
#2702=CARTESIAN_POINT('',(100.4,-1.22110445085614,-328.995136793503));
#2703=CARTESIAN_POINT('',(100.,-2.44220890171229,-169.666136793503));
#2704=CARTESIAN_POINT('',(99.9809358610726,-2.44220890171229,-162.072461315604));
#2705=CARTESIAN_POINT('',(100.,25.2818146281584,-169.666136793503));
#2706=CARTESIAN_POINT('',(100.,-2.44220890171229,-169.666136793506));
#2707=CARTESIAN_POINT('',(100.,-2.44220890171229,-169.666136793503));
#2708=CARTESIAN_POINT('Origin',(100.,-2.44220890171229,-328.995136793503));
#2709=CARTESIAN_POINT('',(100.,-2.44220890171229,-143.580726503649));
#2710=CARTESIAN_POINT('',(100.,-2.44220890171229,-169.666136793503));
#2711=CARTESIAN_POINT('Origin',(100.,27.8214599993508,-139.191467829791));
#2712=CARTESIAN_POINT('Origin',(0.,-2.44220890171229,4.60026124293282));
#2713=CARTESIAN_POINT('',(150.,-2.44220890171229,-328.995136793503));
#2714=CARTESIAN_POINT('',(0.,-2.44220890171229,-328.995136793503));
#2715=CARTESIAN_POINT('',(150.,-2.44220890171229,4.60026124293282));
#2716=CARTESIAN_POINT('',(150.,-2.44220890171229,4.60026124293282));
#2717=CARTESIAN_POINT('',(0.,-2.44220890171229,4.60026124293282));
#2718=CARTESIAN_POINT('',(0.,-2.44220890171229,4.60026124293282));
#2719=CARTESIAN_POINT('',(0.,-2.44220890171229,-328.995136793503));
#2720=CARTESIAN_POINT('',(0.,-2.44220890171229,4.60026124293282));
#2721=CARTESIAN_POINT('',(49.6,-2.44220890171229,-328.995136793503));
#2722=CARTESIAN_POINT('',(0.,-2.44220890171229,-328.995136793503));
#2723=CARTESIAN_POINT('',(50.,-2.44220890171229,-169.666136793503));
#2724=CARTESIAN_POINT('',(50.0185914353946,-2.44220890171229,-162.260749768545));
#2725=CARTESIAN_POINT('',(50.,-2.44220890171229,-143.580726503649));
#2726=CARTESIAN_POINT('',(50.,-2.44220890171229,-76.0115852028215));
#2727=CARTESIAN_POINT('',(50.,-2.44220890171229,-143.580726503649));
#2728=CARTESIAN_POINT('',(105.25,-2.44220890171229,-118.138136793503));
#2729=CARTESIAN_POINT('',(44.7499999999999,-2.44220890171229,-118.138136793503));
#2730=CARTESIAN_POINT('',(105.25,-2.44220890171229,-118.138136793503));
#2731=CARTESIAN_POINT('',(44.7499999999999,-2.44220890171229,-98.1079283934797));
#2732=CARTESIAN_POINT('',(44.7499999999999,-2.44220890171229,-112.850007265738));
#2733=CARTESIAN_POINT('',(105.25,-2.44220890171229,-98.1079283934797));
#2734=CARTESIAN_POINT('',(22.375,-2.44220890171229,-98.1079283934797));
#2735=CARTESIAN_POINT('',(105.25,-2.44220890171229,-82.0038335752734));
#2736=CARTESIAN_POINT('Origin',(49.6,-2.44220890171229,-328.995136793503));
#2737=CARTESIAN_POINT('',(50.,29.7925999074663,-169.666136793503));
#2738=CARTESIAN_POINT('',(49.6,-0.0912521656193205,-328.995136793503));
#2739=CARTESIAN_POINT('Ctrl Pts',(50.,29.7925999074663,-169.666136793503));
#2740=CARTESIAN_POINT('Ctrl Pts',(49.9991913542531,29.7613118284645,-169.98824038269));
#2741=CARTESIAN_POINT('Ctrl Pts',(49.9983849052683,29.7299801599944,-170.309482101195));
#2742=CARTESIAN_POINT('Ctrl Pts',(49.997580515217,29.6986064329272,-170.629959876851));
#2743=CARTESIAN_POINT('Ctrl Pts',(49.9955051238201,29.617659679367,-171.456818460527));
#2744=CARTESIAN_POINT('Ctrl Pts',(49.9934434383682,29.5363779326341,-172.278399265735));
#2745=CARTESIAN_POINT('Ctrl Pts',(49.9913930916396,29.454658074254,-173.095513163304));
#2746=CARTESIAN_POINT('Ctrl Pts',(49.9892227501902,29.3681556337567,-173.960447925859));
#2747=CARTESIAN_POINT('Ctrl Pts',(49.9870651134775,29.2811624804756,-174.820377749854));
#2748=CARTESIAN_POINT('Ctrl Pts',(49.9849173738632,29.1935453630571,-175.676322609321));
#2749=CARTESIAN_POINT('Ctrl Pts',(49.9826840039206,29.1024349532151,-176.566393970328));
#2750=CARTESIAN_POINT('Ctrl Pts',(49.9804613360033,29.0106500198134,-177.452156639168));
#2751=CARTESIAN_POINT('Ctrl Pts',(49.9782462130841,28.9180263735742,-178.334814717224));
#2752=CARTESIAN_POINT('Ctrl Pts',(49.9759349514446,28.8213827613352,-179.255781106464));
#2753=CARTESIAN_POINT('Ctrl Pts',(49.9736319039375,28.7238263026146,-180.173368015535));
#2754=CARTESIAN_POINT('Ctrl Pts',(49.9713334843825,28.6251517350455,-181.088997976085));
#2755=CARTESIAN_POINT('Ctrl Pts',(49.9688642904558,28.5191455698784,-182.07265995932));
#2756=CARTESIAN_POINT('Ctrl Pts',(49.9664004377511,28.411849452319,-183.054063788024));
#2757=CARTESIAN_POINT('Ctrl Pts',(49.9639374798555,28.3029817536893,-184.035028728394));
#2758=CARTESIAN_POINT('Ctrl Pts',(49.9613769181225,28.1897997689015,-185.05486804121));
#2759=CARTESIAN_POINT('Ctrl Pts',(49.958817323524,28.0749196340023,-186.074233945562));
#2760=CARTESIAN_POINT('Ctrl Pts',(49.9562536998051,27.9579893684875,-187.095217432447));
#2761=CARTESIAN_POINT('Ctrl Pts',(49.9536002994492,27.8369642719264,-188.151955177322));
#2762=CARTESIAN_POINT('Ctrl Pts',(49.9509425828367,27.7137435073946,-189.210427050651));
#2763=CARTESIAN_POINT('Ctrl Pts',(49.9482750102184,27.5878915454972,-190.272983274876));
#2764=CARTESIAN_POINT('Ctrl Pts',(49.9467257559192,27.5148001170979,-190.890087299415));
#2765=CARTESIAN_POINT('Ctrl Pts',(49.9451731772156,27.4408203128793,-191.508569453051));
#2766=CARTESIAN_POINT('Ctrl Pts',(49.9436161889081,27.3658589956211,-192.128892082238));
#2767=CARTESIAN_POINT('Ctrl Pts',(49.9409096686896,27.2355533794614,-193.207201874151));
#2768=CARTESIAN_POINT('Ctrl Pts',(49.938189823956,27.1020804228892,-194.290433905112));
#2769=CARTESIAN_POINT('Ctrl Pts',(49.9354509545444,26.9651539158582,-195.381064948229));
#2770=CARTESIAN_POINT('Ctrl Pts',(49.9328203052693,26.8336377453739,-196.428602209729));
#2771=CARTESIAN_POINT('Ctrl Pts',(49.9301721050469,26.6989349101284,-197.48296639302));
#2772=CARTESIAN_POINT('Ctrl Pts',(49.9275013030544,26.5607557358187,-198.546321942802));
#2773=CARTESIAN_POINT('Ctrl Pts',(49.9249688160534,26.429732558612,-199.554608635271));
#2774=CARTESIAN_POINT('Ctrl Pts',(49.9224160076574,26.2955832444392,-200.570980246812));
#2775=CARTESIAN_POINT('Ctrl Pts',(49.9198385718196,26.1580361089065,-201.597241953944));
#2776=CARTESIAN_POINT('Ctrl Pts',(49.9174538570048,26.0307737006498,-202.546767626329));
#2777=CARTESIAN_POINT('Ctrl Pts',(49.9150480599636,25.9006021652435,-203.504759965911));
#2778=CARTESIAN_POINT('Ctrl Pts',(49.9126177701455,25.76729134026,-204.472606952738));
#2779=CARTESIAN_POINT('Ctrl Pts',(49.9102836461568,25.6392555841033,-205.402156528459));
#2780=CARTESIAN_POINT('Ctrl Pts',(49.9079269293849,25.508323802057,-206.340796714351));
#2781=CARTESIAN_POINT('Ctrl Pts',(49.9055445983335,25.3742824331845,-207.289711732431));
#2782=CARTESIAN_POINT('Ctrl Pts',(49.9032942866067,25.247669104585,-208.186041649142));
#2783=CARTESIAN_POINT('Ctrl Pts',(49.9010211208239,25.1182810613859,-209.091539363267));
#2784=CARTESIAN_POINT('Ctrl Pts',(49.8987225544846,24.9859329392562,-210.007157487274));
#2785=CARTESIAN_POINT('Ctrl Pts',(49.8971663155481,24.896326954298,-210.627074585659));
#2786=CARTESIAN_POINT('Ctrl Pts',(49.8955984331611,24.805363980359,-211.251629900697));
#2787=CARTESIAN_POINT('Ctrl Pts',(49.8940181170063,24.7129857104883,-211.881105382247));
#2788=CARTESIAN_POINT('Ctrl Pts',(49.8915647349272,24.5695718808408,-212.858342665482));
#2789=CARTESIAN_POINT('Ctrl Pts',(49.8890793654277,24.4221540068221,-213.851452212298));
#2790=CARTESIAN_POINT('Ctrl Pts',(49.8865661069807,24.2710665716544,-214.857558017165));
#2791=CARTESIAN_POINT('Ctrl Pts',(49.8839733777255,24.1152016570327,-215.895477518558));
#2792=CARTESIAN_POINT('Ctrl Pts',(49.8813509679055,23.9554313572441,-216.947227269024));
#2793=CARTESIAN_POINT('Ctrl Pts',(49.8787033772057,23.7921733984275,-218.009623512996));
#2794=CARTESIAN_POINT('Ctrl Pts',(49.875953253834,23.6225929839826,-219.113162946318));
#2795=CARTESIAN_POINT('Ctrl Pts',(49.8731759614681,23.4492495290572,-220.228188093043));
#2796=CARTESIAN_POINT('Ctrl Pts',(49.8703765430746,23.2726658227878,-221.351120440904));
#2797=CARTESIAN_POINT('Ctrl Pts',(49.8693296273146,23.2066277252012,-221.771070375911));
#2798=CARTESIAN_POINT('Ctrl Pts',(49.8682796170488,23.1401369835641,-222.19212620622));
#2799=CARTESIAN_POINT('Ctrl Pts',(49.8672267760426,23.0732227776756,-222.614101057919));
#2800=CARTESIAN_POINT('Ctrl Pts',(49.8651524779822,22.9413889996642,-223.445472187363));
#2801=CARTESIAN_POINT('Ctrl Pts',(49.8630671919691,22.8081455550825,-224.280281936373));
#2802=CARTESIAN_POINT('Ctrl Pts',(49.8609729351755,22.6735597847181,-225.11773111192));
#2803=CARTESIAN_POINT('Ctrl Pts',(49.8586910736874,22.5269177457924,-226.030199452863));
#2804=CARTESIAN_POINT('Ctrl Pts',(49.8563985622163,22.3786818688872,-226.945801359691));
#2805=CARTESIAN_POINT('Ctrl Pts',(49.854098010044,22.228939779071,-227.863566754815));
#2806=CARTESIAN_POINT('Ctrl Pts',(49.8515970943815,22.0661561038011,-228.861263689839));
#2807=CARTESIAN_POINT('Ctrl Pts',(49.8490866764386,21.9015919617532,-229.861518048995));
#2808=CARTESIAN_POINT('Ctrl Pts',(49.8465701083535,21.7353662640389,-230.863150054799));
#2809=CARTESIAN_POINT('Ctrl Pts',(49.8436947311461,21.5454403147607,-232.00759349613));
#2810=CARTESIAN_POINT('Ctrl Pts',(49.8408113250128,21.3533440845848,-233.15383704288));
#2811=CARTESIAN_POINT('Ctrl Pts',(49.8379248900724,21.159276118743,-234.300187220114));
#2812=CARTESIAN_POINT('Ctrl Pts',(49.8350186769675,20.9638783782051,-235.454392312774));
#2813=CARTESIAN_POINT('Ctrl Pts',(49.8321093934058,20.7664808855875,-236.608709283264));
#2814=CARTESIAN_POINT('Ctrl Pts',(49.8292021429961,20.5673220032885,-237.761427572405));
#2815=CARTESIAN_POINT('Ctrl Pts',(49.8266472968491,20.3923042953623,-238.774418359064));
#2816=CARTESIAN_POINT('Ctrl Pts',(49.824094020828,20.2159265056006,-239.786176439196));
#2817=CARTESIAN_POINT('Ctrl Pts',(49.8215457785053,20.0383810949685,-240.795517172488));
#2818=CARTESIAN_POINT('Ctrl Pts',(49.8192663437123,19.8795644931394,-241.698385147381));
#2819=CARTESIAN_POINT('Ctrl Pts',(49.8169909366469,19.7198138084608,-242.599319493127));
#2820=CARTESIAN_POINT('Ctrl Pts',(49.8147220363499,19.5592905981141,-243.497437033588));
#2821=CARTESIAN_POINT('Ctrl Pts',(49.8136886242484,19.4861773686123,-243.906501079302));
#2822=CARTESIAN_POINT('Ctrl Pts',(49.8126565619849,19.4129042086383,-244.31498020895));
#2823=CARTESIAN_POINT('Ctrl Pts',(49.8116260837975,19.3394881304497,-244.722787710351));
#2824=CARTESIAN_POINT('Ctrl Pts',(49.8095664254476,19.1927484514215,-245.537889025176));
#2825=CARTESIAN_POINT('Ctrl Pts',(49.8075130954236,19.0450325418158,-246.351602815334));
#2826=CARTESIAN_POINT('Ctrl Pts',(49.8054679640943,18.8965040556881,-247.162995655624));
#2827=CARTESIAN_POINT('Ctrl Pts',(49.8034534281552,18.750197572103,-247.962249969485));
#2828=CARTESIAN_POINT('Ctrl Pts',(49.8014468474389,18.6031026071192,-248.759252418584));
#2829=CARTESIAN_POINT('Ctrl Pts',(49.7994500096206,18.4553988224039,-249.553066863502));
#2830=CARTESIAN_POINT('Ctrl Pts',(49.7974885661391,18.3103131158561,-250.332810793766));
#2831=CARTESIAN_POINT('Ctrl Pts',(49.7955365232271,18.1646399813454,-251.109478811125));
#2832=CARTESIAN_POINT('Ctrl Pts',(49.7935955751744,18.0185725294624,-251.882139213966));
#2833=CARTESIAN_POINT('Ctrl Pts',(49.7920573822725,17.9028147082429,-252.494469227412));
#2834=CARTESIAN_POINT('Ctrl Pts',(49.7905261574899,17.7868096707328,-253.104281426718));
#2835=CARTESIAN_POINT('Ctrl Pts',(49.7890027441193,17.6706639943697,-253.711091249024));
#2836=CARTESIAN_POINT('Ctrl Pts',(49.7858323231878,17.4289497685698,-254.973941240513));
#2837=CARTESIAN_POINT('Ctrl Pts',(49.7826407312776,17.1841553441882,-256.236719143447));
#2838=CARTESIAN_POINT('Ctrl Pts',(49.7794349163636,16.9358111025426,-257.501610171063));
#2839=CARTESIAN_POINT('Ctrl Pts',(49.7764900860489,16.7076845041893,-258.663526732951));
#2840=CARTESIAN_POINT('Ctrl Pts',(49.7735332542492,16.4765625168289,-259.82722593999));
#2841=CARTESIAN_POINT('Ctrl Pts',(49.7705698064361,16.2420549133486,-260.994438320342));
#2842=CARTESIAN_POINT('Ctrl Pts',(49.7696737808003,16.1711493878439,-261.347355692641));
#2843=CARTESIAN_POINT('Ctrl Pts',(49.7687771503215,16.0999341529869,-261.700594536971));
#2844=CARTESIAN_POINT('Ctrl Pts',(49.7678800638649,16.0283979003451,-262.054203507743));
#2845=CARTESIAN_POINT('Ctrl Pts',(49.7656802234723,15.8529763041982,-262.921325390342));
#2846=CARTESIAN_POINT('Ctrl Pts',(49.7634776411426,15.6756290895336,-263.790655977587));
#2847=CARTESIAN_POINT('Ctrl Pts',(49.7612745120239,15.4966219090324,-264.661306169527));
#2848=CARTESIAN_POINT('Ctrl Pts',(49.7588571940519,15.3002115984074,-265.616601226217));
#2849=CARTESIAN_POINT('Ctrl Pts',(49.7564392178048,15.101802805666,-266.573485698076));
#2850=CARTESIAN_POINT('Ctrl Pts',(49.7540234829306,14.9017216732626,-267.530848048362));
#2851=CARTESIAN_POINT('Ctrl Pts',(49.7510585734047,14.6561556296744,-268.705849817974));
#2852=CARTESIAN_POINT('Ctrl Pts',(49.7480970401591,14.4080706414217,-269.881573067095));
#2853=CARTESIAN_POINT('Ctrl Pts',(49.7451442440211,14.1580318520882,-271.056037072543));
#2854=CARTESIAN_POINT('Ctrl Pts',(49.7420302860344,13.8943460950458,-272.294602621596));
#2855=CARTESIAN_POINT('Ctrl Pts',(49.7389260449146,13.6284861032704,-273.531773911229));
#2856=CARTESIAN_POINT('Ctrl Pts',(49.7358378080413,13.3610873230067,-274.765235910079));
#2857=CARTESIAN_POINT('Ctrl Pts',(49.7335152406334,13.1599849732018,-275.692884518345));
#2858=CARTESIAN_POINT('Ctrl Pts',(49.7312017253533,12.9580115259728,-276.618435981741));
#2859=CARTESIAN_POINT('Ctrl Pts',(49.7288999367025,12.7554354626545,-277.540874122079));
#2860=CARTESIAN_POINT('Ctrl Pts',(49.7270079755786,12.5889275444281,-278.29907453295));
#2861=CARTESIAN_POINT('Ctrl Pts',(49.7251239370363,12.4220123731851,-279.055171447939));
#2862=CARTESIAN_POINT('Ctrl Pts',(49.7232493062696,12.2548415072165,-279.808573859771));
#2863=CARTESIAN_POINT('Ctrl Pts',(49.7213055419847,12.0815056351461,-280.58976060136));
#2864=CARTESIAN_POINT('Ctrl Pts',(49.7193718921588,11.9082963690734,-281.366483452058));
#2865=CARTESIAN_POINT('Ctrl Pts',(49.7174500124351,11.7353673026754,-282.138199957753));
#2866=CARTESIAN_POINT('Ctrl Pts',(49.7156035576305,11.569224904915,-282.879630148283));
#2867=CARTESIAN_POINT('Ctrl Pts',(49.7137679672119,11.4033410468941,-283.616439500627));
#2868=CARTESIAN_POINT('Ctrl Pts',(49.7119447094433,11.2378599644796,-284.348101472744));
#2869=CARTESIAN_POINT('Ctrl Pts',(49.7101828541275,11.0779518430249,-285.055123023448));
#2870=CARTESIAN_POINT('Ctrl Pts',(49.7084325147875,10.9184197452683,-285.757338280891));
#2871=CARTESIAN_POINT('Ctrl Pts',(49.7066950162852,10.759402746319,-286.454225246834));
#2872=CARTESIAN_POINT('Ctrl Pts',(49.7050091070808,10.6051072336363,-287.13042044862));
#2873=CARTESIAN_POINT('Ctrl Pts',(49.7033352875018,10.4512966180072,-287.801599270393));
#2874=CARTESIAN_POINT('Ctrl Pts',(49.7016747678673,10.29810756698,-288.467236870306));
#2875=CARTESIAN_POINT('Ctrl Pts',(49.7000805756055,10.1510374603281,-289.106286411733));
#2876=CARTESIAN_POINT('Ctrl Pts',(49.698498642009,10.0045402215374,-289.740228622868));
#2877=CARTESIAN_POINT('Ctrl Pts',(49.6969300380791,9.85874647254349,-290.368552516689));
#2878=CARTESIAN_POINT('Ctrl Pts',(49.695392924662,9.71587960638117,-290.984262492354));
#2879=CARTESIAN_POINT('Ctrl Pts',(49.6938686110841,9.57368821095569,-291.59457765334));
#2880=CARTESIAN_POINT('Ctrl Pts',(49.6923581051301,9.43230539108648,-292.198969539097));
#2881=CARTESIAN_POINT('Ctrl Pts',(49.6908935418988,9.29522279371633,-292.784978571919));
#2882=CARTESIAN_POINT('Ctrl Pts',(49.6894419591345,9.158900304031,-293.365419239919));
#2883=CARTESIAN_POINT('Ctrl Pts',(49.688004275434,9.02346952168047,-293.93976288598));
#2884=CARTESIAN_POINT('Ctrl Pts',(49.6866018529708,8.89136037187526,-294.500019937295));
#2885=CARTESIAN_POINT('Ctrl Pts',(49.6852126561437,8.76009969244075,-295.054475470596));
#2886=CARTESIAN_POINT('Ctrl Pts',(49.6838375376036,8.62982002895606,-295.602592116179));
#2887=CARTESIAN_POINT('Ctrl Pts',(49.681638268812,8.421459811474,-296.479211693052));
#2888=CARTESIAN_POINT('Ctrl Pts',(49.6794750102728,8.21560367443564,-297.339639104352));
#2889=CARTESIAN_POINT('Ctrl Pts',(49.6773512500613,8.0120183354401,-298.184860077308));
#2890=CARTESIAN_POINT('Ctrl Pts',(49.6765554192814,7.93572936541376,-298.501587390726));
#2891=CARTESIAN_POINT('Ctrl Pts',(49.6757651348763,7.85975934660742,-298.816178856735));
#2892=CARTESIAN_POINT('Ctrl Pts',(49.6749805803864,7.78409626913065,-299.12868456255));
#2893=CARTESIAN_POINT('Ctrl Pts',(49.6734349046094,7.63503003144935,-299.744362002239));
#2894=CARTESIAN_POINT('Ctrl Pts',(49.6719266698554,7.4878334873313,-300.349140800946));
#2895=CARTESIAN_POINT('Ctrl Pts',(49.6704523876819,7.34249838473837,-300.943151173742));
#2896=CARTESIAN_POINT('Ctrl Pts',(49.6688805697032,7.18754817825952,-301.576460183562));
#2897=CARTESIAN_POINT('Ctrl Pts',(49.667347345393,7.03471389258772,-302.197528578762));
#2898=CARTESIAN_POINT('Ctrl Pts',(49.665848487126,6.88397461151082,-302.806576148995));
#2899=CARTESIAN_POINT('Ctrl Pts',(49.6643513039605,6.73340379440026,-303.414943056771));
#2900=CARTESIAN_POINT('Ctrl Pts',(49.6628884100672,6.58492320999626,-304.011316480186));
#2901=CARTESIAN_POINT('Ctrl Pts',(49.6614555919789,6.43850209880367,-304.595972270486));
#2902=CARTESIAN_POINT('Ctrl Pts',(49.6599505976183,6.28470522226276,-305.210079305103));
#2903=CARTESIAN_POINT('Ctrl Pts',(49.6584787854362,6.13318050347524,-305.811258560391));
#2904=CARTESIAN_POINT('Ctrl Pts',(49.657035272609,5.98388216646711,-306.399888452359));
#2905=CARTESIAN_POINT('Ctrl Pts',(49.6557256024874,5.8484267915734,-306.93394050068));
#2906=CARTESIAN_POINT('Ctrl Pts',(49.6544392271707,5.71480388820365,-307.457663524916));
#2907=CARTESIAN_POINT('Ctrl Pts',(49.6531725000025,5.58297307987619,-307.971376619013));
#2908=CARTESIAN_POINT('Ctrl Pts',(49.6515612858906,5.41529083220372,-308.624794187862));
#2909=CARTESIAN_POINT('Ctrl Pts',(49.6499818596885,5.25050706882767,-309.262018905126));
#2910=CARTESIAN_POINT('Ctrl Pts',(49.6484267171793,5.08781333258325,-309.886727043573));
#2911=CARTESIAN_POINT('Ctrl Pts',(49.6471461440092,4.95384410960531,-310.401139373314));
#2912=CARTESIAN_POINT('Ctrl Pts',(49.6458820366508,4.82129189281195,-310.907065865245));
#2913=CARTESIAN_POINT('Ctrl Pts',(49.6446302051621,4.68971581903838,-311.406525553729));
#2914=CARTESIAN_POINT('Ctrl Pts',(49.6434859067212,4.56944220597744,-311.863081366571));
#2915=CARTESIAN_POINT('Ctrl Pts',(49.6423518657239,4.44998413503188,-312.314234243816));
#2916=CARTESIAN_POINT('Ctrl Pts',(49.6412248818879,4.3310162509852,-312.761484631655));
#2917=CARTESIAN_POINT('Ctrl Pts',(49.6401626080458,4.21887935315849,-313.183054464942));
#2918=CARTESIAN_POINT('Ctrl Pts',(49.6391066042052,4.10717789528401,-313.601157478098));
#2919=CARTESIAN_POINT('Ctrl Pts',(49.638054190305,3.99565119881031,-314.017004777717));
#2920=CARTESIAN_POINT('Ctrl Pts',(49.6370644924213,3.89077066136064,-314.408070680861));
#2921=CARTESIAN_POINT('Ctrl Pts',(49.6360779693594,3.78604466136768,-314.797141832819));
#2922=CARTESIAN_POINT('Ctrl Pts',(49.6350923922075,3.68126770192563,-315.185180728084));
#2923=CARTESIAN_POINT('Ctrl Pts',(49.6341329763016,3.57927195124498,-315.562919485026));
#2924=CARTESIAN_POINT('Ctrl Pts',(49.6331744567555,3.4772278568481,-315.939680318804));
#2925=CARTESIAN_POINT('Ctrl Pts',(49.6322147774809,3.37495748233742,-316.316304272359));
#2926=CARTESIAN_POINT('Ctrl Pts',(49.6312868191106,3.27606751714734,-316.680479428996));
#2927=CARTESIAN_POINT('Ctrl Pts',(49.6303577764113,3.17696596294369,-317.044526720097));
#2928=CARTESIAN_POINT('Ctrl Pts',(49.6294257905134,3.07750347594916,-317.409159551229));
#2929=CARTESIAN_POINT('Ctrl Pts',(49.6288127562113,3.01207982904095,-317.649004846838));
#2930=CARTESIAN_POINT('Ctrl Pts',(49.6281984484928,2.94650025438458,-317.88910252622));
#2931=CARTESIAN_POINT('Ctrl Pts',(49.6275823383342,2.88072517874953,-318.129643587526));
#2932=CARTESIAN_POINT('Ctrl Pts',(49.626782429512,2.79532800984373,-318.441943124132));
#2933=CARTESIAN_POINT('Ctrl Pts',(49.6259794824287,2.70960076452528,-318.754993065656));
#2934=CARTESIAN_POINT('Ctrl Pts',(49.6251723393164,2.62336849201286,-319.06957557463));
#2935=CARTESIAN_POINT('Ctrl Pts',(49.6243783942124,2.53854624733151,-319.379014184692));
#2936=CARTESIAN_POINT('Ctrl Pts',(49.6235803891802,2.45323533482724,-319.6899357509));
#2937=CARTESIAN_POINT('Ctrl Pts',(49.622777222322,2.36728108561423,-320.003035665547));
#2938=CARTESIAN_POINT('Ctrl Pts',(49.621985436945,2.28254487305491,-320.311698717843));
#2939=CARTESIAN_POINT('Ctrl Pts',(49.6211886349994,2.1971834092787,-320.622478902879));
#2940=CARTESIAN_POINT('Ctrl Pts',(49.6203857607708,2.11106040892611,-320.93599305739));
#2941=CARTESIAN_POINT('Ctrl Pts',(49.6195973313984,2.02648688458802,-321.243866643637));
#2942=CARTESIAN_POINT('Ctrl Pts',(49.6188030462757,1.94117897532398,-321.554376732047));
#2943=CARTESIAN_POINT('Ctrl Pts',(49.6180019056505,1.85501933124414,-321.868058732455));
#2944=CARTESIAN_POINT('Ctrl Pts',(49.6172082534517,1.76966503909458,-322.178808682628));
#2945=CARTESIAN_POINT('Ctrl Pts',(49.616407873311,1.68347484453994,-322.492671596765));
#2946=CARTESIAN_POINT('Ctrl Pts',(49.6155997932501,1.59634642834389,-322.810118941569));
#2947=CARTESIAN_POINT('Ctrl Pts',(49.6147983165923,1.50993000107027,-323.124972195917));
#2948=CARTESIAN_POINT('Ctrl Pts',(49.6139892653431,1.42259060975923,-323.443351599905));
#2949=CARTESIAN_POINT('Ctrl Pts',(49.6131716911581,1.33424027758687,-323.76566765613));
#2950=CARTESIAN_POINT('Ctrl Pts',(49.6123599240316,1.24651747934382,-324.085694368826));
#2951=CARTESIAN_POINT('Ctrl Pts',(49.6115397546125,1.15779803886274,-324.409602062091));
#2952=CARTESIAN_POINT('Ctrl Pts',(49.6107102546208,1.06800776317626,-324.737742696583));
#2953=CARTESIAN_POINT('Ctrl Pts',(49.6098620510804,0.976192898202836,-325.073282239344));
#2954=CARTESIAN_POINT('Ctrl Pts',(49.6090040914525,0.883258290688454,-325.4132480724));
#2955=CARTESIAN_POINT('Ctrl Pts',(49.6081353832382,0.789137848341648,-325.757961093921));
#2956=CARTESIAN_POINT('Ctrl Pts',(49.6072971882668,0.698323372122269,-326.090566123338));
#2957=CARTESIAN_POINT('Ctrl Pts',(49.6064489865328,0.606404957403474,-326.427590483616));
#2958=CARTESIAN_POINT('Ctrl Pts',(49.6055898864907,0.51333534170613,-326.769271676445));
#2959=CARTESIAN_POINT('Ctrl Pts',(49.6047337555917,0.420587384719107,-327.109771981923));
#2960=CARTESIAN_POINT('Ctrl Pts',(49.603866801586,0.326696162923548,-327.454897021181));
#2961=CARTESIAN_POINT('Ctrl Pts',(49.6029881421399,0.23162689066676,-327.804831528976));
#2962=CARTESIAN_POINT('Ctrl Pts',(49.6021127613693,0.136912364813994,-328.153460273033));
#2963=CARTESIAN_POINT('Ctrl Pts',(49.6012257623519,0.0410285602113612,-328.506862678178));
#2964=CARTESIAN_POINT('Ctrl Pts',(49.6003262725947,-0.0560469199379671,
-328.86517100387));
#2965=CARTESIAN_POINT('Ctrl Pts',(49.600217697568,-0.067764644087323,-328.90842145305));
#2966=CARTESIAN_POINT('Ctrl Pts',(49.600108940548,-0.079499716822536,-328.951743322087));
#2967=CARTESIAN_POINT('Ctrl Pts',(49.6,-0.0912521656193312,-328.995136793503));
#2968=CARTESIAN_POINT('',(50.,25.2818146281584,-169.666136793503));
#2969=CARTESIAN_POINT('',(50.,-2.44220890171229,-169.666136793503));
#2970=CARTESIAN_POINT('',(50.,-2.44220890171229,-169.666136793506));
#2971=CARTESIAN_POINT('',(49.6,-1.22110445085614,-328.995136793503));
#2972=CARTESIAN_POINT('Ctrl Pts',(0.,-0.404960139186272,-330.15521369278));
#2973=CARTESIAN_POINT('Ctrl Pts',(150.,-0.404960139186272,-330.15521369278));
#2974=CARTESIAN_POINT('Ctrl Pts',(0.,0.953697117559003,-325.123255061039));
#2975=CARTESIAN_POINT('Ctrl Pts',(150.,0.953697117559003,-325.123255061039));
#2976=CARTESIAN_POINT('Ctrl Pts',(0.,1.95625028183994,-321.510470910114));
#2977=CARTESIAN_POINT('Ctrl Pts',(150.,1.95625028183994,-321.510470910114));
#2978=CARTESIAN_POINT('Ctrl Pts',(0.,2.88072517874953,-318.129643587526));
#2979=CARTESIAN_POINT('Ctrl Pts',(150.,2.88072517874953,-318.129643587526));
#2980=CARTESIAN_POINT('Ctrl Pts',(0.,3.80790893342487,-314.738909905786));
#2981=CARTESIAN_POINT('Ctrl Pts',(150.,3.80790893342487,-314.738909905786));
#2982=CARTESIAN_POINT('Ctrl Pts',(0.,4.65654114164936,-311.581460054697));
#2983=CARTESIAN_POINT('Ctrl Pts',(150.,4.65654114164936,-311.581460054697));
#2984=CARTESIAN_POINT('Ctrl Pts',(0.,5.58297307987619,-307.971376619013));
#2985=CARTESIAN_POINT('Ctrl Pts',(150.,5.58297307987619,-307.971376619013));
#2986=CARTESIAN_POINT('Ctrl Pts',(0.,6.50946304902215,-304.361067050729));
#2987=CARTESIAN_POINT('Ctrl Pts',(150.,6.50946304902215,-304.361067050729));
#2988=CARTESIAN_POINT('Ctrl Pts',(0.,7.51373688482547,-300.298211776142));
#2989=CARTESIAN_POINT('Ctrl Pts',(150.,7.51373688482547,-300.298211776142));
#2990=CARTESIAN_POINT('Ctrl Pts',(0.,8.62982002895606,-295.602592116179));
#2991=CARTESIAN_POINT('Ctrl Pts',(150.,8.62982002895606,-295.602592116179));
#2992=CARTESIAN_POINT('Ctrl Pts',(0.,9.75484106691011,-290.869368671787));
#2993=CARTESIAN_POINT('Ctrl Pts',(150.,9.75484106691011,-290.869368671787));
#2994=CARTESIAN_POINT('Ctrl Pts',(0.,10.9936681402808,-285.492405494434));
#2995=CARTESIAN_POINT('Ctrl Pts',(150.,10.9936681402808,-285.492405494434));
#2996=CARTESIAN_POINT('Ctrl Pts',(0.,12.2548415072165,-279.808573859771));
#2997=CARTESIAN_POINT('Ctrl Pts',(150.,12.2548415072165,-279.808573859771));
#2998=CARTESIAN_POINT('Ctrl Pts',(0.,13.5479408687029,-273.98085877295));
#2999=CARTESIAN_POINT('Ctrl Pts',(150.,13.5479408687029,-273.98085877295));
#3000=CARTESIAN_POINT('Ctrl Pts',(0.,14.8421703685512,-267.917813651268));
#3001=CARTESIAN_POINT('Ctrl Pts',(150.,14.8421703685512,-267.917813651268));
#3002=CARTESIAN_POINT('Ctrl Pts',(0.,16.0283979003451,-262.054203507743));
#3003=CARTESIAN_POINT('Ctrl Pts',(150.,16.0283979003451,-262.054203507743));
#3004=CARTESIAN_POINT('Ctrl Pts',(0.,17.2338104258696,-256.095760525817));
#3005=CARTESIAN_POINT('Ctrl Pts',(150.,17.2338104258696,-256.095760525817));
#3006=CARTESIAN_POINT('Ctrl Pts',(0.,18.3275502246086,-250.343843467286));
#3007=CARTESIAN_POINT('Ctrl Pts',(150.,18.3275502246086,-250.343843467286));
#3008=CARTESIAN_POINT('Ctrl Pts',(0.,19.3394881304497,-244.722787710351));
#3009=CARTESIAN_POINT('Ctrl Pts',(150.,19.3394881304497,-244.722787710351));
#3010=CARTESIAN_POINT('Ctrl Pts',(0.,20.6698479366964,-237.332979892567));
#3011=CARTESIAN_POINT('Ctrl Pts',(150.,20.6698479366964,-237.332979892567));
#3012=CARTESIAN_POINT('Ctrl Pts',(0.,21.8920075080921,-230.063089379443));
#3013=CARTESIAN_POINT('Ctrl Pts',(150.,21.8920075080921,-230.063089379443));
#3014=CARTESIAN_POINT('Ctrl Pts',(0.,23.0732227776756,-222.614101057919));
#3015=CARTESIAN_POINT('Ctrl Pts',(150.,23.0732227776756,-222.614101057919));
#3016=CARTESIAN_POINT('Ctrl Pts',(0.,24.6539501374955,-212.645706688145));
#3017=CARTESIAN_POINT('Ctrl Pts',(150.,24.6539501374955,-212.645706688145));
#3018=CARTESIAN_POINT('Ctrl Pts',(0.,26.1277598422896,-202.374455395187));
#3019=CARTESIAN_POINT('Ctrl Pts',(150.,26.1277598422896,-202.374455395187));
#3020=CARTESIAN_POINT('Ctrl Pts',(0.,27.3658589956211,-192.128892082238));
#3021=CARTESIAN_POINT('Ctrl Pts',(150.,27.3658589956211,-192.128892082238));
#3022=CARTESIAN_POINT('Ctrl Pts',(0.,28.2425295568923,-184.874235849007));
#3023=CARTESIAN_POINT('Ctrl Pts',(150.,28.2425295568923,-184.874235849007));
#3024=CARTESIAN_POINT('Ctrl Pts',(0.,29.0102442238729,-177.661473510213));
#3025=CARTESIAN_POINT('Ctrl Pts',(150.,29.0102442238729,-177.661473510213));
#3026=CARTESIAN_POINT('Ctrl Pts',(0.,29.6986064329272,-170.629959876851));
#3027=CARTESIAN_POINT('Ctrl Pts',(150.,29.6986064329272,-170.629959876851));
#3028=CARTESIAN_POINT('Ctrl Pts',(0.,30.3697896043765,-163.773927458946));
#3029=CARTESIAN_POINT('Ctrl Pts',(150.,30.3697896043765,-163.773927458946));
#3030=CARTESIAN_POINT('Ctrl Pts',(0.,30.9693432629178,-157.103092325658));
#3031=CARTESIAN_POINT('Ctrl Pts',(150.,30.9693432629178,-157.103092325658));
#3032=CARTESIAN_POINT('Ctrl Pts',(0.,31.4539018654625,-150.233802136994));
#3033=CARTESIAN_POINT('Ctrl Pts',(150.,31.4539018654625,-150.233802136994));
#3034=CARTESIAN_POINT('Ctrl Pts',(0.,31.8153944460103,-145.109143481047));
#3035=CARTESIAN_POINT('Ctrl Pts',(150.,31.8153944460103,-145.109143481047));
#3036=CARTESIAN_POINT('Ctrl Pts',(0.,32.1062512253518,-139.805754737683));
#3037=CARTESIAN_POINT('Ctrl Pts',(150.,32.1062512253518,-139.805754737683));
#3038=CARTESIAN_POINT('Ctrl Pts',(0.,32.3035897291345,-134.267115566282));
#3039=CARTESIAN_POINT('Ctrl Pts',(150.,32.3035897291345,-134.267115566282));
#3040=CARTESIAN_POINT('Ctrl Pts',(0.,32.5007380147604,-128.733815189364));
#3041=CARTESIAN_POINT('Ctrl Pts',(150.,32.5007380147604,-128.733815189364));
#3042=CARTESIAN_POINT('Ctrl Pts',(0.,32.6045825349964,-122.965617904796));
#3043=CARTESIAN_POINT('Ctrl Pts',(150.,32.6045825349964,-122.965617904796));
#3044=CARTESIAN_POINT('Ctrl Pts',(0.,32.6262182109089,-117.429981371338));
#3045=CARTESIAN_POINT('Ctrl Pts',(150.,32.6262182109089,-117.429981371338));
#3046=CARTESIAN_POINT('Ctrl Pts',(0.,32.6455054114645,-112.495218415096));
#3047=CARTESIAN_POINT('Ctrl Pts',(150.,32.6455054114645,-112.495218415096));
#3048=CARTESIAN_POINT('Ctrl Pts',(0.,32.6029628172987,-107.823227911878));
#3049=CARTESIAN_POINT('Ctrl Pts',(150.,32.6029628172987,-107.823227911878));
#3050=CARTESIAN_POINT('Ctrl Pts',(0.,32.5117507529529,-103.694383956806));
#3051=CARTESIAN_POINT('Ctrl Pts',(150.,32.5117507529529,-103.694383956806));
#3052=CARTESIAN_POINT('Ctrl Pts',(0.,32.4627419185063,-101.475929289616));
#3053=CARTESIAN_POINT('Ctrl Pts',(150.,32.4627419185063,-101.475929289616));
#3054=CARTESIAN_POINT('Ctrl Pts',(0.,32.3996803237066,-99.4144195831996));
#3055=CARTESIAN_POINT('Ctrl Pts',(150.,32.3996803237066,-99.4144195831996));
#3056=CARTESIAN_POINT('Ctrl Pts',(0.,32.3222198750705,-97.4721745035797));
#3057=CARTESIAN_POINT('Ctrl Pts',(150.,32.3222198750705,-97.4721745035797));
#3058=CARTESIAN_POINT('',(74.9999999999999,29.7925999074663,-169.666136793503));
#3059=CARTESIAN_POINT('Ctrl Pts',(100.,29.7925999074663,-169.666136793503));
#3060=CARTESIAN_POINT('Ctrl Pts',(91.6666666666666,29.7925999074663,-169.666136793503));
#3061=CARTESIAN_POINT('Ctrl Pts',(83.3333333333333,29.7925999074663,-169.666136793503));
#3062=CARTESIAN_POINT('Ctrl Pts',(74.9999999999999,29.7925999074663,-169.666136793503));
#3063=CARTESIAN_POINT('Ctrl Pts',(74.9999999999999,29.7925999074663,-169.666136793503));
#3064=CARTESIAN_POINT('Ctrl Pts',(66.6666666666666,29.7925999074663,-169.666136793503));
#3065=CARTESIAN_POINT('Ctrl Pts',(58.3333333333333,29.7925999074663,-169.666136793503));
#3066=CARTESIAN_POINT('Ctrl Pts',(50.,29.7925999074663,-169.666136793503));
#3067=CARTESIAN_POINT('',(0.,-0.0912521656193161,-328.995136793503));
#3068=CARTESIAN_POINT('Ctrl Pts',(49.6,-0.0912521656193313,-328.995136793503));
#3069=CARTESIAN_POINT('Ctrl Pts',(33.0666666666667,-0.0912521656193313,
-328.995136793503));
#3070=CARTESIAN_POINT('Ctrl Pts',(16.5333333333333,-0.0912521656193313,
-328.995136793503));
#3071=CARTESIAN_POINT('Ctrl Pts',(0.,-0.0912521656193313,-328.995136793503));
#3072=CARTESIAN_POINT('',(0.,32.3222198750701,-97.4721745035797));
#3073=CARTESIAN_POINT('Ctrl Pts',(0.,-0.0912521656187908,-328.995136793501));
#3074=CARTESIAN_POINT('Ctrl Pts',(0.,1.11071506263552,-324.55712294088));
#3075=CARTESIAN_POINT('Ctrl Pts',(0.,2.02886713269606,-321.244909309388));
#3076=CARTESIAN_POINT('Ctrl Pts',(0.,2.88072517874953,-318.129643587526));
#3077=CARTESIAN_POINT('Ctrl Pts',(0.,3.80790893342487,-314.738909905786));
#3078=CARTESIAN_POINT('Ctrl Pts',(0.,4.65654114164936,-311.581460054697));
#3079=CARTESIAN_POINT('Ctrl Pts',(0.,5.58297307987619,-307.971376619013));
#3080=CARTESIAN_POINT('Ctrl Pts',(0.,6.50946304902215,-304.361067050729));
#3081=CARTESIAN_POINT('Ctrl Pts',(0.,7.51373688482547,-300.298211776142));
#3082=CARTESIAN_POINT('Ctrl Pts',(0.,8.62982002895606,-295.602592116179));
#3083=CARTESIAN_POINT('Ctrl Pts',(0.,9.75484106691011,-290.869368671787));
#3084=CARTESIAN_POINT('Ctrl Pts',(0.,10.9936681402808,-285.492405494434));
#3085=CARTESIAN_POINT('Ctrl Pts',(0.,12.2548415072165,-279.808573859771));
#3086=CARTESIAN_POINT('Ctrl Pts',(0.,13.5479408687029,-273.98085877295));
#3087=CARTESIAN_POINT('Ctrl Pts',(0.,14.8421703685512,-267.917813651268));
#3088=CARTESIAN_POINT('Ctrl Pts',(0.,16.0283979003451,-262.054203507743));
#3089=CARTESIAN_POINT('Ctrl Pts',(0.,17.2338104258696,-256.095760525817));
#3090=CARTESIAN_POINT('Ctrl Pts',(0.,18.3275502246086,-250.343843467286));
#3091=CARTESIAN_POINT('Ctrl Pts',(0.,19.3394881304497,-244.722787710351));
#3092=CARTESIAN_POINT('Ctrl Pts',(0.,20.6698479366964,-237.332979892567));
#3093=CARTESIAN_POINT('Ctrl Pts',(0.,21.8920075080921,-230.063089379443));
#3094=CARTESIAN_POINT('Ctrl Pts',(0.,23.0732227776756,-222.614101057919));
#3095=CARTESIAN_POINT('Ctrl Pts',(0.,24.6539501374955,-212.645706688145));
#3096=CARTESIAN_POINT('Ctrl Pts',(0.,26.1277598422896,-202.374455395187));
#3097=CARTESIAN_POINT('Ctrl Pts',(0.,27.3658589956211,-192.128892082238));
#3098=CARTESIAN_POINT('Ctrl Pts',(0.,28.2425295568923,-184.874235849007));
#3099=CARTESIAN_POINT('Ctrl Pts',(0.,29.0102442238729,-177.661473510213));
#3100=CARTESIAN_POINT('Ctrl Pts',(0.,29.6986064329272,-170.629959876851));
#3101=CARTESIAN_POINT('Ctrl Pts',(0.,30.3697896043765,-163.773927458946));
#3102=CARTESIAN_POINT('Ctrl Pts',(0.,30.9693432629178,-157.103092325658));
#3103=CARTESIAN_POINT('Ctrl Pts',(0.,31.4539018654625,-150.233802136994));
#3104=CARTESIAN_POINT('Ctrl Pts',(0.,31.8153944460103,-145.109143481047));
#3105=CARTESIAN_POINT('Ctrl Pts',(0.,32.1062512253518,-139.805754737683));
#3106=CARTESIAN_POINT('Ctrl Pts',(0.,32.3035897291345,-134.267115566282));
#3107=CARTESIAN_POINT('Ctrl Pts',(0.,32.5007380147604,-128.733815189364));
#3108=CARTESIAN_POINT('Ctrl Pts',(0.,32.6045825349964,-122.965617904796));
#3109=CARTESIAN_POINT('Ctrl Pts',(0.,32.6262182109089,-117.429981371338));
#3110=CARTESIAN_POINT('Ctrl Pts',(0.,32.6455054114645,-112.495218415096));
#3111=CARTESIAN_POINT('Ctrl Pts',(0.,32.6029628172987,-107.823227911878));
#3112=CARTESIAN_POINT('Ctrl Pts',(0.,32.5117507529529,-103.694383956806));
#3113=CARTESIAN_POINT('Ctrl Pts',(0.,32.4627419185063,-101.475929289616));
#3114=CARTESIAN_POINT('Ctrl Pts',(0.,32.3996803237066,-99.4144195831996));
#3115=CARTESIAN_POINT('Ctrl Pts',(0.,32.3222198750705,-97.4721745035797));
#3116=CARTESIAN_POINT('',(150.,32.3222198750701,-97.4721745035797));
#3117=CARTESIAN_POINT('',(0.,32.3222198750701,-97.4721745035797));
#3118=CARTESIAN_POINT('',(150.,-0.0912521656193093,-328.995136793503));
#3119=CARTESIAN_POINT('Ctrl Pts',(150.,-0.0912521656187903,-328.995136793501));
#3120=CARTESIAN_POINT('Ctrl Pts',(150.,1.11071506263552,-324.55712294088));
#3121=CARTESIAN_POINT('Ctrl Pts',(150.,2.02886713269606,-321.244909309388));
#3122=CARTESIAN_POINT('Ctrl Pts',(150.,2.88072517874953,-318.129643587526));
#3123=CARTESIAN_POINT('Ctrl Pts',(150.,3.80790893342487,-314.738909905786));
#3124=CARTESIAN_POINT('Ctrl Pts',(150.,4.65654114164936,-311.581460054697));
#3125=CARTESIAN_POINT('Ctrl Pts',(150.,5.58297307987619,-307.971376619013));
#3126=CARTESIAN_POINT('Ctrl Pts',(150.,6.50946304902215,-304.361067050729));
#3127=CARTESIAN_POINT('Ctrl Pts',(150.,7.51373688482547,-300.298211776142));
#3128=CARTESIAN_POINT('Ctrl Pts',(150.,8.62982002895606,-295.602592116179));
#3129=CARTESIAN_POINT('Ctrl Pts',(150.,9.75484106691011,-290.869368671787));
#3130=CARTESIAN_POINT('Ctrl Pts',(150.,10.9936681402808,-285.492405494434));
#3131=CARTESIAN_POINT('Ctrl Pts',(150.,12.2548415072165,-279.808573859771));
#3132=CARTESIAN_POINT('Ctrl Pts',(150.,13.5479408687029,-273.98085877295));
#3133=CARTESIAN_POINT('Ctrl Pts',(150.,14.8421703685512,-267.917813651268));
#3134=CARTESIAN_POINT('Ctrl Pts',(150.,16.0283979003451,-262.054203507743));
#3135=CARTESIAN_POINT('Ctrl Pts',(150.,17.2338104258696,-256.095760525817));
#3136=CARTESIAN_POINT('Ctrl Pts',(150.,18.3275502246086,-250.343843467286));
#3137=CARTESIAN_POINT('Ctrl Pts',(150.,19.3394881304497,-244.722787710351));
#3138=CARTESIAN_POINT('Ctrl Pts',(150.,20.6698479366964,-237.332979892567));
#3139=CARTESIAN_POINT('Ctrl Pts',(150.,21.8920075080921,-230.063089379443));
#3140=CARTESIAN_POINT('Ctrl Pts',(150.,23.0732227776756,-222.614101057919));
#3141=CARTESIAN_POINT('Ctrl Pts',(150.,24.6539501374955,-212.645706688145));
#3142=CARTESIAN_POINT('Ctrl Pts',(150.,26.1277598422896,-202.374455395187));
#3143=CARTESIAN_POINT('Ctrl Pts',(150.,27.3658589956211,-192.128892082238));
#3144=CARTESIAN_POINT('Ctrl Pts',(150.,28.2425295568923,-184.874235849007));
#3145=CARTESIAN_POINT('Ctrl Pts',(150.,29.0102442238729,-177.661473510213));
#3146=CARTESIAN_POINT('Ctrl Pts',(150.,29.6986064329272,-170.629959876851));
#3147=CARTESIAN_POINT('Ctrl Pts',(150.,30.3697896043765,-163.773927458946));
#3148=CARTESIAN_POINT('Ctrl Pts',(150.,30.9693432629178,-157.103092325658));
#3149=CARTESIAN_POINT('Ctrl Pts',(150.,31.4539018654625,-150.233802136994));
#3150=CARTESIAN_POINT('Ctrl Pts',(150.,31.8153944460103,-145.109143481047));
#3151=CARTESIAN_POINT('Ctrl Pts',(150.,32.1062512253518,-139.805754737683));
#3152=CARTESIAN_POINT('Ctrl Pts',(150.,32.3035897291345,-134.267115566282));
#3153=CARTESIAN_POINT('Ctrl Pts',(150.,32.5007380147604,-128.733815189364));
#3154=CARTESIAN_POINT('Ctrl Pts',(150.,32.6045825349964,-122.965617904796));
#3155=CARTESIAN_POINT('Ctrl Pts',(150.,32.6262182109089,-117.429981371338));
#3156=CARTESIAN_POINT('Ctrl Pts',(150.,32.6455054114645,-112.495218415096));
#3157=CARTESIAN_POINT('Ctrl Pts',(150.,32.6029628172987,-107.823227911878));
#3158=CARTESIAN_POINT('Ctrl Pts',(150.,32.5117507529529,-103.694383956806));
#3159=CARTESIAN_POINT('Ctrl Pts',(150.,32.4627419185063,-101.475929289616));
#3160=CARTESIAN_POINT('Ctrl Pts',(150.,32.3996803237066,-99.4144195831996));
#3161=CARTESIAN_POINT('Ctrl Pts',(150.,32.3222198750705,-97.4721745035797));
#3162=CARTESIAN_POINT('Ctrl Pts',(150.,-0.0912521656193313,-328.995136793503));
#3163=CARTESIAN_POINT('Ctrl Pts',(133.466666666667,-0.0912521656193313,
-328.995136793503));
#3164=CARTESIAN_POINT('Ctrl Pts',(116.933333333333,-0.0912521656193313,
-328.995136793503));
#3165=CARTESIAN_POINT('Ctrl Pts',(100.4,-0.0912521656193313,-328.995136793503));
#3166=CARTESIAN_POINT('Origin',(50.,27.8214599993508,-139.191467829791));
#3167=CARTESIAN_POINT('Origin',(50.,27.8214599993508,-139.191467829791));
#3168=CARTESIAN_POINT('',(50.,25.2818146281582,-169.666136793503));
#3169=CARTESIAN_POINT('',(71.6883906328298,19.429895906252,-168.59787698036));
#3170=CARTESIAN_POINT('',(78.3279120569061,19.4204835439444,-168.595189391099));
#3171=CARTESIAN_POINT('',(75.008151344868,19.4251897250982,-168.596533185729));
#3172=CARTESIAN_POINT('',(68.3604785759237,13.6846078651846,-166.307969425608));
#3173=CARTESIAN_POINT('Origin',(76.5491368864739,27.8214599993508,-139.191467829791));
#3174=CARTESIAN_POINT('',(71.6720879430939,7.92990746180965,-162.41820640208));
#3175=CARTESIAN_POINT('Origin',(60.2252623755547,27.8214599993508,-139.191467829791));
#3176=CARTESIAN_POINT('',(78.3116093671702,7.92049509950211,-162.410142277619));
#3177=CARTESIAN_POINT('',(74.991848655132,7.92520128065588,-162.414174339849));
#3178=CARTESIAN_POINT('',(81.6395214240763,13.6657831405695,-166.298147075486));
#3179=CARTESIAN_POINT('Origin',(89.8390838055045,27.8214599993508,-139.191467829791));
#3180=CARTESIAN_POINT('Origin',(73.4934723166923,27.8214599993508,-139.191467829791));
#3181=CARTESIAN_POINT('Origin',(71.6720879430939,7.92990746180965,-169.666136793503));
#3182=CARTESIAN_POINT('',(71.6720879430939,7.92990746180965,-155.666136793503));
#3183=CARTESIAN_POINT('',(71.6720879430939,7.92990746180965,-169.666136793503));
#3184=CARTESIAN_POINT('',(78.3116093671702,7.92049509950211,-155.666136793503));
#3185=CARTESIAN_POINT('',(78.3116093671702,7.92049509950211,-155.666136793503));
#3186=CARTESIAN_POINT('',(78.3116093671702,7.92049509950211,-169.666136793503));
#3187=CARTESIAN_POINT('Origin',(68.3604785759237,13.6846078651846,-169.666136793503));
#3188=CARTESIAN_POINT('',(68.3604785759237,13.6846078651846,-155.666136793503));
#3189=CARTESIAN_POINT('',(68.3604785759237,13.6846078651846,-169.666136793503));
#3190=CARTESIAN_POINT('',(71.6720879430939,7.92990746180965,-155.666136793503));
#3191=CARTESIAN_POINT('Origin',(71.6883906328298,19.429895906252,-169.666136793503));
#3192=CARTESIAN_POINT('',(71.6883906328298,19.429895906252,-155.666136793503));
#3193=CARTESIAN_POINT('',(71.6883906328298,19.429895906252,-169.666136793503));
#3194=CARTESIAN_POINT('',(68.3604785759237,13.6846078651846,-155.666136793503));
#3195=CARTESIAN_POINT('Origin',(78.3279120569061,19.4204835439444,-169.666136793503));
#3196=CARTESIAN_POINT('',(78.3279120569061,19.4204835439444,-155.666136793503));
#3197=CARTESIAN_POINT('',(78.3279120569061,19.4204835439444,-169.666136793503));
#3198=CARTESIAN_POINT('',(71.6883906328298,19.429895906252,-155.666136793503));
#3199=CARTESIAN_POINT('Origin',(81.6395214240763,13.6657831405695,-169.666136793503));
#3200=CARTESIAN_POINT('',(81.6395214240763,13.6657831405695,-155.666136793503));
#3201=CARTESIAN_POINT('',(81.6395214240763,13.6657831405695,-169.666136793503));
#3202=CARTESIAN_POINT('',(78.3279120569061,19.4204835439444,-155.666136793503));
#3203=CARTESIAN_POINT('Origin',(78.3116093671702,7.92049509950211,-169.666136793503));
#3204=CARTESIAN_POINT('',(81.6395214240763,13.6657831405695,-155.666136793503));
#3205=CARTESIAN_POINT('Origin',(75.,13.675195502877,-155.666136793503));
#3206=CARTESIAN_POINT('Origin',(0.,0.,-328.995136793503));
#3207=CARTESIAN_POINT('',(150.,7.55082412743771,-328.995136793503));
#3208=CARTESIAN_POINT('Origin',(105.25,-2.44220890171229,-169.666136793503));
#3209=CARTESIAN_POINT('Origin',(50.,-2.44220890171229,-328.995136793503));
#3210=CARTESIAN_POINT('Origin',(0.,0.,-328.995136793503));
#3211=CARTESIAN_POINT('',(0.,7.55082412743771,-328.995136793503));
#3212=CARTESIAN_POINT('Origin',(105.25,-2.44220890171229,-118.138136793503));
#3213=CARTESIAN_POINT('',(105.25,21.849892549677,-118.221110045992));
#3214=CARTESIAN_POINT('',(105.25,20.3865971171206,-118.138136793503));
#3215=CARTESIAN_POINT('',(105.25,9.1743576488951,-117.502369090225));
#3216=CARTESIAN_POINT('',(105.25,21.8545973826694,-118.138136793503));
#3217=CARTESIAN_POINT('',(105.25,22.3867580459425,-108.753085049883));
#3218=CARTESIAN_POINT('',(105.25,-2.44220890171229,-118.138136793503));
#3219=CARTESIAN_POINT('Origin',(44.7499999999999,-2.44220890171229,-118.138136793503));
#3220=CARTESIAN_POINT('',(44.7499999999999,21.8545973826694,-118.138136793503));
#3221=CARTESIAN_POINT('',(22.375,21.8545973826694,-118.138136793503));
#3222=CARTESIAN_POINT('',(44.7499999999999,20.3865971171206,-118.138136793503));
#3223=CARTESIAN_POINT('',(44.7499999999999,-2.44220890171229,-118.138136793503));
#3224=CARTESIAN_POINT('',(44.7499999999999,-2.44220890171229,-118.138136793503));
#3225=CARTESIAN_POINT('',(105.25,-2.44220890171229,-118.138136793503));
#3226=CARTESIAN_POINT('Origin',(44.7499999999999,-2.44220890171229,-169.666136793503));
#3227=CARTESIAN_POINT('',(44.7499999999999,21.849892549677,-118.221110045992));
#3228=CARTESIAN_POINT('',(44.7499999999999,20.930543815389,-134.434513322847));
#3229=CARTESIAN_POINT('',(44.7499999999999,11.1667327314519,-117.615342750295));
#3230=CARTESIAN_POINT('Origin',(44.7499999999999,-2.44220890171229,-168.60792839348));
#3231=CARTESIAN_POINT('',(44.7499999999999,1.61450093360813,-117.073702475084));
#3232=CARTESIAN_POINT('',(44.7499999999999,11.1667327314519,-117.615342750295));
#3233=CARTESIAN_POINT('',(44.7499999999999,2.55779109828771,-100.175095532231));
#3234=CARTESIAN_POINT('',(44.7499999999999,0.174332800782951,-142.873648366074));
#3235=CARTESIAN_POINT('',(44.7499999999999,2.55779109828771,-98.1079283934797));
#3236=CARTESIAN_POINT('',(44.7499999999999,2.55779109828771,-98.1079283934797));
#3237=CARTESIAN_POINT('',(44.7499999999999,-2.44220890171229,-98.1079283934797));
#3238=CARTESIAN_POINT('Origin',(0.,21.849892549677,-118.221110045992));
#3239=CARTESIAN_POINT('',(0.,21.849892549677,-118.221110045992));
#3240=CARTESIAN_POINT('',(0.,21.849892549677,-118.221110045992));
#3241=CARTESIAN_POINT('',(0.,1.61450093360813,-117.073702475084));
#3242=CARTESIAN_POINT('',(0.,21.849892549677,-118.221110045992));
#3243=CARTESIAN_POINT('',(0.,1.61450093360813,-117.073702475084));
#3244=CARTESIAN_POINT('Origin',(0.,21.849892549677,-118.221110045992));
#3245=CARTESIAN_POINT('',(105.25,1.61450093360813,-117.073702475084));
#3246=CARTESIAN_POINT('',(105.25,9.1743576488951,-117.502369090225));
#3247=CARTESIAN_POINT('',(150.,1.61450093360813,-117.073702475084));
#3248=CARTESIAN_POINT('',(0.,1.61450093360813,-117.073702475084));
#3249=CARTESIAN_POINT('',(150.,21.849892549677,-118.221110045992));
#3250=CARTESIAN_POINT('',(150.,21.849892549677,-118.221110045992));
#3251=CARTESIAN_POINT('',(0.,21.849892549677,-118.221110045992));
#3252=CARTESIAN_POINT('Ctrl Pts',(5.,3.88416721304976,-42.1816833373076));
#3253=CARTESIAN_POINT('Ctrl Pts',(5.,3.85916721304976,-42.1816833373076));
#3254=CARTESIAN_POINT('Ctrl Pts',(5.,3.85916721304976,-42.1566833373076));
#3255=CARTESIAN_POINT('Ctrl Pts',(5.,3.85916721304976,-42.1316833373076));
#3256=CARTESIAN_POINT('Ctrl Pts',(5.,3.88416721304976,-42.1316833373076));
#3257=CARTESIAN_POINT('Ctrl Pts',(5.,3.90916721304976,-42.1316833373076));
#3258=CARTESIAN_POINT('Ctrl Pts',(5.,3.90916721304976,-42.1566833373076));
#3259=CARTESIAN_POINT('Ctrl Pts',(5.,3.90916721304976,-42.1816833373076));
#3260=CARTESIAN_POINT('Ctrl Pts',(5.,3.88416721304976,-42.1816833373076));
#3261=CARTESIAN_POINT('Ctrl Pts',(5.,3.88416721304976,-46.7816833373076));
#3262=CARTESIAN_POINT('Ctrl Pts',(5.,-0.740832786950242,-46.7816833373076));
#3263=CARTESIAN_POINT('Ctrl Pts',(5.,-0.740832786950243,-42.1566833373076));
#3264=CARTESIAN_POINT('Ctrl Pts',(5.,-0.740832786950242,-37.5316833373076));
#3265=CARTESIAN_POINT('Ctrl Pts',(5.,3.88416721304976,-37.5316833373076));
#3266=CARTESIAN_POINT('Ctrl Pts',(5.,8.50916721304976,-37.5316833373076));
#3267=CARTESIAN_POINT('Ctrl Pts',(5.,8.50916721304976,-42.1566833373076));
#3268=CARTESIAN_POINT('Ctrl Pts',(5.,8.50916721304976,-46.7816833373076));
#3269=CARTESIAN_POINT('Ctrl Pts',(5.,3.88416721304976,-46.7816833373076));
#3270=CARTESIAN_POINT('Ctrl Pts',(0.4,3.88416721304976,-46.7816833373076));
#3271=CARTESIAN_POINT('Ctrl Pts',(0.4,-0.740832786950242,-46.7816833373076));
#3272=CARTESIAN_POINT('Ctrl Pts',(0.4,-0.740832786950243,-42.1566833373076));
#3273=CARTESIAN_POINT('Ctrl Pts',(0.4,-0.740832786950242,-37.5316833373076));
#3274=CARTESIAN_POINT('Ctrl Pts',(0.4,3.88416721304976,-37.5316833373076));
#3275=CARTESIAN_POINT('Ctrl Pts',(0.4,8.50916721304976,-37.5316833373076));
#3276=CARTESIAN_POINT('Ctrl Pts',(0.4,8.50916721304976,-42.1566833373076));
#3277=CARTESIAN_POINT('Ctrl Pts',(0.4,8.50916721304976,-46.7816833373076));
#3278=CARTESIAN_POINT('Ctrl Pts',(0.4,3.88416721304976,-46.7816833373076));
#3279=CARTESIAN_POINT('',(0.4,3.88416721304976,-46.7816833373076));
#3280=CARTESIAN_POINT('',(0.4,3.88416721304976,-37.5316833373076));
#3281=CARTESIAN_POINT('Origin',(0.4,3.88416721304976,-42.1566833373076));
#3282=CARTESIAN_POINT('Origin',(0.4,3.88416721304976,-42.1566833373076));
#3283=CARTESIAN_POINT('',(5.,3.88416721304976,-42.1816833373076));
#3284=CARTESIAN_POINT('Origin',(0.4,3.88416721304976,-42.1816833373076));
#3285=CARTESIAN_POINT('Origin',(5.,3.88416721304976,-42.1566833373076));
#3286=CARTESIAN_POINT('Origin',(0.,3.88416721304976,-42.1566833373076));
#3287=CARTESIAN_POINT('',(0.,3.88416721304976,-37.5316833373076));
#3288=CARTESIAN_POINT('Origin',(0.,3.88416721304976,-42.1566833373076));
#3289=CARTESIAN_POINT('',(0.,3.88416721304976,-37.5316833373076));
#3290=CARTESIAN_POINT('Origin',(5.,3.88416721304976,-42.1566833373076));
#3291=CARTESIAN_POINT('Ctrl Pts',(5.,11.9421280595789,-139.725916340787));
#3292=CARTESIAN_POINT('Ctrl Pts',(5.,11.9171280595789,-139.725916340787));
#3293=CARTESIAN_POINT('Ctrl Pts',(5.,11.9171280595789,-139.700916340787));
#3294=CARTESIAN_POINT('Ctrl Pts',(5.,11.9171280595789,-139.675916340787));
#3295=CARTESIAN_POINT('Ctrl Pts',(5.,11.9421280595789,-139.675916340787));
#3296=CARTESIAN_POINT('Ctrl Pts',(5.,11.9671280595789,-139.675916340787));
#3297=CARTESIAN_POINT('Ctrl Pts',(5.,11.9671280595789,-139.700916340787));
#3298=CARTESIAN_POINT('Ctrl Pts',(5.,11.9671280595789,-139.725916340787));
#3299=CARTESIAN_POINT('Ctrl Pts',(5.,11.9421280595789,-139.725916340787));
#3300=CARTESIAN_POINT('Ctrl Pts',(5.,11.9421280595789,-144.325916340787));
#3301=CARTESIAN_POINT('Ctrl Pts',(5.,7.31712805957896,-144.325916340787));
#3302=CARTESIAN_POINT('Ctrl Pts',(5.,7.31712805957896,-139.700916340787));
#3303=CARTESIAN_POINT('Ctrl Pts',(5.,7.31712805957896,-135.075916340787));
#3304=CARTESIAN_POINT('Ctrl Pts',(5.,11.9421280595789,-135.075916340787));
#3305=CARTESIAN_POINT('Ctrl Pts',(5.,16.5671280595789,-135.075916340787));
#3306=CARTESIAN_POINT('Ctrl Pts',(5.,16.5671280595789,-139.700916340787));
#3307=CARTESIAN_POINT('Ctrl Pts',(5.,16.5671280595789,-144.325916340787));
#3308=CARTESIAN_POINT('Ctrl Pts',(5.,11.9421280595789,-144.325916340787));
#3309=CARTESIAN_POINT('Ctrl Pts',(0.4,11.9421280595789,-144.325916340787));
#3310=CARTESIAN_POINT('Ctrl Pts',(0.4,7.31712805957896,-144.325916340787));
#3311=CARTESIAN_POINT('Ctrl Pts',(0.4,7.31712805957896,-139.700916340787));
#3312=CARTESIAN_POINT('Ctrl Pts',(0.4,7.31712805957896,-135.075916340787));
#3313=CARTESIAN_POINT('Ctrl Pts',(0.4,11.9421280595789,-135.075916340787));
#3314=CARTESIAN_POINT('Ctrl Pts',(0.4,16.5671280595789,-135.075916340787));
#3315=CARTESIAN_POINT('Ctrl Pts',(0.4,16.5671280595789,-139.700916340787));
#3316=CARTESIAN_POINT('Ctrl Pts',(0.4,16.5671280595789,-144.325916340787));
#3317=CARTESIAN_POINT('Ctrl Pts',(0.4,11.9421280595789,-144.325916340787));
#3318=CARTESIAN_POINT('',(0.4,11.9421280595789,-144.325916340787));
#3319=CARTESIAN_POINT('',(0.4,11.9421280595789,-135.075916340787));
#3320=CARTESIAN_POINT('Origin',(0.4,11.9421280595789,-139.700916340787));
#3321=CARTESIAN_POINT('Origin',(0.4,11.9421280595789,-139.700916340787));
#3322=CARTESIAN_POINT('',(5.,11.9421280595789,-139.725916340787));
#3323=CARTESIAN_POINT('Origin',(0.4,11.9421280595789,-139.725916340787));
#3324=CARTESIAN_POINT('Origin',(5.,11.9421280595789,-139.700916340787));
#3325=CARTESIAN_POINT('Origin',(0.,11.9421280595789,-139.700916340787));
#3326=CARTESIAN_POINT('',(0.,11.9421280595789,-135.075916340787));
#3327=CARTESIAN_POINT('Origin',(0.,11.9421280595789,-139.700916340787));
#3328=CARTESIAN_POINT('',(0.,11.9421280595789,-135.075916340787));
#3329=CARTESIAN_POINT('Origin',(5.,11.9421280595789,-139.700916340787));
#3330=CARTESIAN_POINT('Ctrl Pts',(5.,5.10921355234471,-154.293060959978));
#3331=CARTESIAN_POINT('Ctrl Pts',(5.,5.08421355234471,-154.293060959978));
#3332=CARTESIAN_POINT('Ctrl Pts',(5.,5.08421355234471,-154.268060959978));
#3333=CARTESIAN_POINT('Ctrl Pts',(5.,5.08421355234471,-154.243060959978));
#3334=CARTESIAN_POINT('Ctrl Pts',(5.,5.10921355234471,-154.243060959978));
#3335=CARTESIAN_POINT('Ctrl Pts',(5.,5.1342135523447,-154.243060959978));
#3336=CARTESIAN_POINT('Ctrl Pts',(5.,5.1342135523447,-154.268060959978));
#3337=CARTESIAN_POINT('Ctrl Pts',(5.,5.1342135523447,-154.293060959978));
#3338=CARTESIAN_POINT('Ctrl Pts',(5.,5.10921355234471,-154.293060959978));
#3339=CARTESIAN_POINT('Ctrl Pts',(5.,5.10921355234471,-158.893060959978));
#3340=CARTESIAN_POINT('Ctrl Pts',(5.,0.484213552344724,-158.893060959978));
#3341=CARTESIAN_POINT('Ctrl Pts',(5.,0.484213552344723,-154.268060959978));
#3342=CARTESIAN_POINT('Ctrl Pts',(5.,0.484213552344724,-149.643060959978));
#3343=CARTESIAN_POINT('Ctrl Pts',(5.,5.10921355234471,-149.643060959978));
#3344=CARTESIAN_POINT('Ctrl Pts',(5.,9.73421355234469,-149.643060959978));
#3345=CARTESIAN_POINT('Ctrl Pts',(5.,9.73421355234469,-154.268060959978));
#3346=CARTESIAN_POINT('Ctrl Pts',(5.,9.73421355234469,-158.893060959978));
#3347=CARTESIAN_POINT('Ctrl Pts',(5.,5.10921355234471,-158.893060959978));
#3348=CARTESIAN_POINT('Ctrl Pts',(0.4,5.10921355234471,-158.893060959978));
#3349=CARTESIAN_POINT('Ctrl Pts',(0.4,0.484213552344724,-158.893060959978));
#3350=CARTESIAN_POINT('Ctrl Pts',(0.4,0.484213552344723,-154.268060959978));
#3351=CARTESIAN_POINT('Ctrl Pts',(0.4,0.484213552344724,-149.643060959978));
#3352=CARTESIAN_POINT('Ctrl Pts',(0.4,5.10921355234471,-149.643060959978));
#3353=CARTESIAN_POINT('Ctrl Pts',(0.4,9.73421355234469,-149.643060959978));
#3354=CARTESIAN_POINT('Ctrl Pts',(0.4,9.73421355234469,-154.268060959978));
#3355=CARTESIAN_POINT('Ctrl Pts',(0.4,9.73421355234469,-158.893060959978));
#3356=CARTESIAN_POINT('Ctrl Pts',(0.4,5.10921355234471,-158.893060959978));
#3357=CARTESIAN_POINT('',(0.4,5.10921355234471,-158.893060959978));
#3358=CARTESIAN_POINT('',(0.4,5.10921355234471,-149.643060959978));
#3359=CARTESIAN_POINT('Origin',(0.4,5.10921355234471,-154.268060959978));
#3360=CARTESIAN_POINT('Origin',(0.4,5.10921355234471,-154.268060959978));
#3361=CARTESIAN_POINT('',(5.,5.10921355234471,-154.293060959978));
#3362=CARTESIAN_POINT('Origin',(0.4,5.10921355234471,-154.293060959978));
#3363=CARTESIAN_POINT('Origin',(5.,5.10921355234471,-154.268060959978));
#3364=CARTESIAN_POINT('Origin',(0.,5.10921355234471,-154.268060959978));
#3365=CARTESIAN_POINT('',(0.,5.10921355234471,-149.643060959978));
#3366=CARTESIAN_POINT('Origin',(0.,5.10921355234471,-154.268060959978));
#3367=CARTESIAN_POINT('',(0.,5.10921355234471,-149.643060959978));
#3368=CARTESIAN_POINT('Origin',(5.,5.10921355234471,-154.268060959978));
#3369=CARTESIAN_POINT('Ctrl Pts',(5.,9.05859512984605,-199.656586601039));
#3370=CARTESIAN_POINT('Ctrl Pts',(5.,9.03359512984604,-199.656586601039));
#3371=CARTESIAN_POINT('Ctrl Pts',(5.,9.03359512984604,-199.631586601039));
#3372=CARTESIAN_POINT('Ctrl Pts',(5.,9.03359512984604,-199.606586601039));
#3373=CARTESIAN_POINT('Ctrl Pts',(5.,9.05859512984605,-199.606586601039));
#3374=CARTESIAN_POINT('Ctrl Pts',(5.,9.08359512984607,-199.606586601039));
#3375=CARTESIAN_POINT('Ctrl Pts',(5.,9.08359512984607,-199.631586601039));
#3376=CARTESIAN_POINT('Ctrl Pts',(5.,9.08359512984607,-199.656586601039));
#3377=CARTESIAN_POINT('Ctrl Pts',(5.,9.05859512984605,-199.656586601039));
#3378=CARTESIAN_POINT('Ctrl Pts',(5.,9.05859512984605,-204.256586601039));
#3379=CARTESIAN_POINT('Ctrl Pts',(5.,4.43359512984603,-204.256586601039));
#3380=CARTESIAN_POINT('Ctrl Pts',(5.,4.43359512984603,-199.631586601039));
#3381=CARTESIAN_POINT('Ctrl Pts',(5.,4.43359512984603,-195.006586601039));
#3382=CARTESIAN_POINT('Ctrl Pts',(5.,9.05859512984605,-195.006586601039));
#3383=CARTESIAN_POINT('Ctrl Pts',(5.,13.6835951298461,-195.006586601039));
#3384=CARTESIAN_POINT('Ctrl Pts',(5.,13.6835951298461,-199.631586601039));
#3385=CARTESIAN_POINT('Ctrl Pts',(5.,13.6835951298461,-204.256586601039));
#3386=CARTESIAN_POINT('Ctrl Pts',(5.,9.05859512984605,-204.256586601039));
#3387=CARTESIAN_POINT('Ctrl Pts',(0.4,9.05859512984605,-204.256586601039));
#3388=CARTESIAN_POINT('Ctrl Pts',(0.4,4.43359512984603,-204.256586601039));
#3389=CARTESIAN_POINT('Ctrl Pts',(0.4,4.43359512984603,-199.631586601039));
#3390=CARTESIAN_POINT('Ctrl Pts',(0.4,4.43359512984603,-195.006586601039));
#3391=CARTESIAN_POINT('Ctrl Pts',(0.4,9.05859512984605,-195.006586601039));
#3392=CARTESIAN_POINT('Ctrl Pts',(0.4,13.6835951298461,-195.006586601039));
#3393=CARTESIAN_POINT('Ctrl Pts',(0.4,13.6835951298461,-199.631586601039));
#3394=CARTESIAN_POINT('Ctrl Pts',(0.4,13.6835951298461,-204.256586601039));
#3395=CARTESIAN_POINT('Ctrl Pts',(0.4,9.05859512984605,-204.256586601039));
#3396=CARTESIAN_POINT('',(0.4,9.05859512984605,-204.256586601039));
#3397=CARTESIAN_POINT('',(0.4,9.05859512984606,-195.006586601039));
#3398=CARTESIAN_POINT('Origin',(0.4,9.05859512984605,-199.631586601039));
#3399=CARTESIAN_POINT('Origin',(0.4,9.05859512984605,-199.631586601039));
#3400=CARTESIAN_POINT('',(5.,9.05859512984605,-199.656586601039));
#3401=CARTESIAN_POINT('Origin',(0.4,9.05859512984605,-199.656586601039));
#3402=CARTESIAN_POINT('Origin',(5.,9.05859512984605,-199.631586601039));
#3403=CARTESIAN_POINT('Origin',(0.,9.05859512984605,-199.631586601039));
#3404=CARTESIAN_POINT('',(0.,9.05859512984606,-195.006586601039));
#3405=CARTESIAN_POINT('Origin',(0.,9.05859512984605,-199.631586601039));
#3406=CARTESIAN_POINT('',(0.,9.05859512984606,-195.006586601039));
#3407=CARTESIAN_POINT('Origin',(5.,9.05859512984605,-199.631586601039));
#3408=CARTESIAN_POINT('Ctrl Pts',(5.,21.2229679966879,-156.192788242016));
#3409=CARTESIAN_POINT('Ctrl Pts',(5.,21.1979679966879,-156.192788242016));
#3410=CARTESIAN_POINT('Ctrl Pts',(5.,21.1979679966879,-156.167788242016));
#3411=CARTESIAN_POINT('Ctrl Pts',(5.,21.1979679966879,-156.142788242016));
#3412=CARTESIAN_POINT('Ctrl Pts',(5.,21.2229679966879,-156.142788242016));
#3413=CARTESIAN_POINT('Ctrl Pts',(5.,21.2479679966879,-156.142788242016));
#3414=CARTESIAN_POINT('Ctrl Pts',(5.,21.2479679966879,-156.167788242016));
#3415=CARTESIAN_POINT('Ctrl Pts',(5.,21.2479679966879,-156.192788242016));
#3416=CARTESIAN_POINT('Ctrl Pts',(5.,21.2229679966879,-156.192788242016));
#3417=CARTESIAN_POINT('Ctrl Pts',(5.,21.2229679966879,-160.792788242016));
#3418=CARTESIAN_POINT('Ctrl Pts',(5.,16.5979679966879,-160.792788242016));
#3419=CARTESIAN_POINT('Ctrl Pts',(5.,16.5979679966879,-156.167788242016));
#3420=CARTESIAN_POINT('Ctrl Pts',(5.,16.5979679966879,-151.542788242016));
#3421=CARTESIAN_POINT('Ctrl Pts',(5.,21.2229679966879,-151.542788242016));
#3422=CARTESIAN_POINT('Ctrl Pts',(5.,25.8479679966879,-151.542788242016));
#3423=CARTESIAN_POINT('Ctrl Pts',(5.,25.8479679966879,-156.167788242016));
#3424=CARTESIAN_POINT('Ctrl Pts',(5.,25.8479679966879,-160.792788242016));
#3425=CARTESIAN_POINT('Ctrl Pts',(5.,21.2229679966879,-160.792788242016));
#3426=CARTESIAN_POINT('Ctrl Pts',(0.4,21.2229679966879,-160.792788242016));
#3427=CARTESIAN_POINT('Ctrl Pts',(0.4,16.5979679966879,-160.792788242016));
#3428=CARTESIAN_POINT('Ctrl Pts',(0.4,16.5979679966879,-156.167788242016));
#3429=CARTESIAN_POINT('Ctrl Pts',(0.4,16.5979679966879,-151.542788242016));
#3430=CARTESIAN_POINT('Ctrl Pts',(0.4,21.2229679966879,-151.542788242016));
#3431=CARTESIAN_POINT('Ctrl Pts',(0.4,25.8479679966879,-151.542788242016));
#3432=CARTESIAN_POINT('Ctrl Pts',(0.4,25.8479679966879,-156.167788242016));
#3433=CARTESIAN_POINT('Ctrl Pts',(0.4,25.8479679966879,-160.792788242016));
#3434=CARTESIAN_POINT('Ctrl Pts',(0.4,21.2229679966879,-160.792788242016));
#3435=CARTESIAN_POINT('',(0.4,21.2229679966879,-160.792788242016));
#3436=CARTESIAN_POINT('',(0.4,21.2229679966879,-151.542788242016));
#3437=CARTESIAN_POINT('Origin',(0.4,21.2229679966879,-156.167788242016));
#3438=CARTESIAN_POINT('Origin',(0.4,21.2229679966879,-156.167788242016));
#3439=CARTESIAN_POINT('',(5.,21.2229679966879,-156.192788242016));
#3440=CARTESIAN_POINT('Origin',(0.4,21.2229679966879,-156.192788242016));
#3441=CARTESIAN_POINT('Origin',(5.,21.2229679966879,-156.167788242016));
#3442=CARTESIAN_POINT('Origin',(0.,21.2229679966879,-156.167788242016));
#3443=CARTESIAN_POINT('',(0.,21.2229679966879,-151.542788242016));
#3444=CARTESIAN_POINT('Origin',(0.,21.2229679966879,-156.167788242016));
#3445=CARTESIAN_POINT('',(0.,21.2229679966879,-151.542788242016));
#3446=CARTESIAN_POINT('Origin',(5.,21.2229679966879,-156.167788242016));
#3447=CARTESIAN_POINT('Ctrl Pts',(5.,5.98195235873938,-90.2604915403313));
#3448=CARTESIAN_POINT('Ctrl Pts',(5.,5.95695235873938,-90.2604915403313));
#3449=CARTESIAN_POINT('Ctrl Pts',(5.,5.95695235873938,-90.2354915403313));
#3450=CARTESIAN_POINT('Ctrl Pts',(5.,5.95695235873938,-90.2104915403313));
#3451=CARTESIAN_POINT('Ctrl Pts',(5.,5.98195235873938,-90.2104915403313));
#3452=CARTESIAN_POINT('Ctrl Pts',(5.,6.00695235873937,-90.2104915403313));
#3453=CARTESIAN_POINT('Ctrl Pts',(5.,6.00695235873937,-90.2354915403313));
#3454=CARTESIAN_POINT('Ctrl Pts',(5.,6.00695235873937,-90.2604915403313));
#3455=CARTESIAN_POINT('Ctrl Pts',(5.,5.98195235873938,-90.2604915403313));
#3456=CARTESIAN_POINT('Ctrl Pts',(5.,5.98195235873938,-94.8604915403313));
#3457=CARTESIAN_POINT('Ctrl Pts',(5.,1.35695235873939,-94.8604915403313));
#3458=CARTESIAN_POINT('Ctrl Pts',(5.,1.35695235873939,-90.2354915403313));
#3459=CARTESIAN_POINT('Ctrl Pts',(5.,1.35695235873939,-85.6104915403313));
#3460=CARTESIAN_POINT('Ctrl Pts',(5.,5.98195235873938,-85.6104915403313));
#3461=CARTESIAN_POINT('Ctrl Pts',(5.,10.6069523587394,-85.6104915403313));
#3462=CARTESIAN_POINT('Ctrl Pts',(5.,10.6069523587394,-90.2354915403313));
#3463=CARTESIAN_POINT('Ctrl Pts',(5.,10.6069523587394,-94.8604915403313));
#3464=CARTESIAN_POINT('Ctrl Pts',(5.,5.98195235873938,-94.8604915403313));
#3465=CARTESIAN_POINT('Ctrl Pts',(0.4,5.98195235873938,-94.8604915403313));
#3466=CARTESIAN_POINT('Ctrl Pts',(0.4,1.35695235873939,-94.8604915403313));
#3467=CARTESIAN_POINT('Ctrl Pts',(0.4,1.35695235873939,-90.2354915403313));
#3468=CARTESIAN_POINT('Ctrl Pts',(0.4,1.35695235873939,-85.6104915403313));
#3469=CARTESIAN_POINT('Ctrl Pts',(0.4,5.98195235873938,-85.6104915403313));
#3470=CARTESIAN_POINT('Ctrl Pts',(0.4,10.6069523587394,-85.6104915403313));
#3471=CARTESIAN_POINT('Ctrl Pts',(0.4,10.6069523587394,-90.2354915403313));
#3472=CARTESIAN_POINT('Ctrl Pts',(0.4,10.6069523587394,-94.8604915403313));
#3473=CARTESIAN_POINT('Ctrl Pts',(0.4,5.98195235873938,-94.8604915403313));
#3474=CARTESIAN_POINT('',(0.4,5.98195235873938,-94.8604915403313));
#3475=CARTESIAN_POINT('',(0.4,5.98195235873938,-85.6104915403313));
#3476=CARTESIAN_POINT('Origin',(0.4,5.98195235873938,-90.2354915403313));
#3477=CARTESIAN_POINT('Origin',(0.4,5.98195235873938,-90.2354915403313));
#3478=CARTESIAN_POINT('',(5.,5.98195235873938,-90.2604915403313));
#3479=CARTESIAN_POINT('Origin',(0.4,5.98195235873938,-90.2604915403313));
#3480=CARTESIAN_POINT('Origin',(5.,5.98195235873938,-90.2354915403313));
#3481=CARTESIAN_POINT('Origin',(0.,5.98195235873938,-90.2354915403313));
#3482=CARTESIAN_POINT('',(0.,5.98195235873938,-85.6104915403313));
#3483=CARTESIAN_POINT('Origin',(0.,5.98195235873938,-90.2354915403313));
#3484=CARTESIAN_POINT('',(0.,5.98195235873938,-85.6104915403313));
#3485=CARTESIAN_POINT('Origin',(5.,5.98195235873938,-90.2354915403313));
#3486=CARTESIAN_POINT('Ctrl Pts',(5.,7.42371882360583,-60.2951564102051));
#3487=CARTESIAN_POINT('Ctrl Pts',(5.,7.39871882360584,-60.2951564102051));
#3488=CARTESIAN_POINT('Ctrl Pts',(5.,7.39871882360584,-60.2701564102051));
#3489=CARTESIAN_POINT('Ctrl Pts',(5.,7.39871882360584,-60.2451564102051));
#3490=CARTESIAN_POINT('Ctrl Pts',(5.,7.42371882360583,-60.2451564102051));
#3491=CARTESIAN_POINT('Ctrl Pts',(5.,7.44871882360583,-60.2451564102051));
#3492=CARTESIAN_POINT('Ctrl Pts',(5.,7.44871882360583,-60.2701564102051));
#3493=CARTESIAN_POINT('Ctrl Pts',(5.,7.44871882360583,-60.2951564102051));
#3494=CARTESIAN_POINT('Ctrl Pts',(5.,7.42371882360583,-60.2951564102051));
#3495=CARTESIAN_POINT('Ctrl Pts',(5.,7.42371882360583,-64.8951564102051));
#3496=CARTESIAN_POINT('Ctrl Pts',(5.,2.79871882360584,-64.8951564102051));
#3497=CARTESIAN_POINT('Ctrl Pts',(5.,2.79871882360584,-60.2701564102051));
#3498=CARTESIAN_POINT('Ctrl Pts',(5.,2.79871882360584,-55.6451564102051));
#3499=CARTESIAN_POINT('Ctrl Pts',(5.,7.42371882360583,-55.6451564102051));
#3500=CARTESIAN_POINT('Ctrl Pts',(5.,12.0487188236058,-55.6451564102051));
#3501=CARTESIAN_POINT('Ctrl Pts',(5.,12.0487188236058,-60.2701564102051));
#3502=CARTESIAN_POINT('Ctrl Pts',(5.,12.0487188236058,-64.8951564102051));
#3503=CARTESIAN_POINT('Ctrl Pts',(5.,7.42371882360583,-64.8951564102051));
#3504=CARTESIAN_POINT('Ctrl Pts',(0.4,7.42371882360583,-64.8951564102051));
#3505=CARTESIAN_POINT('Ctrl Pts',(0.4,2.79871882360584,-64.8951564102051));
#3506=CARTESIAN_POINT('Ctrl Pts',(0.4,2.79871882360584,-60.2701564102051));
#3507=CARTESIAN_POINT('Ctrl Pts',(0.4,2.79871882360584,-55.6451564102051));
#3508=CARTESIAN_POINT('Ctrl Pts',(0.4,7.42371882360583,-55.6451564102051));
#3509=CARTESIAN_POINT('Ctrl Pts',(0.4,12.0487188236058,-55.6451564102051));
#3510=CARTESIAN_POINT('Ctrl Pts',(0.4,12.0487188236058,-60.2701564102051));
#3511=CARTESIAN_POINT('Ctrl Pts',(0.4,12.0487188236058,-64.8951564102051));
#3512=CARTESIAN_POINT('Ctrl Pts',(0.4,7.42371882360583,-64.8951564102051));
#3513=CARTESIAN_POINT('',(0.4,7.42371882360583,-64.8951564102051));
#3514=CARTESIAN_POINT('',(0.4,7.42371882360583,-55.6451564102051));
#3515=CARTESIAN_POINT('Origin',(0.4,7.42371882360583,-60.2701564102051));
#3516=CARTESIAN_POINT('Origin',(0.4,7.42371882360583,-60.2701564102051));
#3517=CARTESIAN_POINT('',(5.,7.42371882360583,-60.2951564102051));
#3518=CARTESIAN_POINT('Origin',(0.4,7.42371882360583,-60.2951564102051));
#3519=CARTESIAN_POINT('Origin',(5.,7.42371882360583,-60.2701564102051));
#3520=CARTESIAN_POINT('Origin',(0.,7.42371882360583,-60.2701564102051));
#3521=CARTESIAN_POINT('',(0.,7.42371882360583,-55.6451564102051));
#3522=CARTESIAN_POINT('Origin',(0.,7.42371882360583,-60.2701564102051));
#3523=CARTESIAN_POINT('',(0.,7.42371882360583,-55.6451564102051));
#3524=CARTESIAN_POINT('Origin',(5.,7.42371882360583,-60.2701564102051));
#3525=CARTESIAN_POINT('Ctrl Pts',(5.,22.6647344615543,-126.22745311189));
#3526=CARTESIAN_POINT('Ctrl Pts',(5.,22.6397344615544,-126.22745311189));
#3527=CARTESIAN_POINT('Ctrl Pts',(5.,22.6397344615544,-126.20245311189));
#3528=CARTESIAN_POINT('Ctrl Pts',(5.,22.6397344615544,-126.17745311189));
#3529=CARTESIAN_POINT('Ctrl Pts',(5.,22.6647344615543,-126.17745311189));
#3530=CARTESIAN_POINT('Ctrl Pts',(5.,22.6897344615543,-126.17745311189));
#3531=CARTESIAN_POINT('Ctrl Pts',(5.,22.6897344615543,-126.20245311189));
#3532=CARTESIAN_POINT('Ctrl Pts',(5.,22.6897344615543,-126.22745311189));
#3533=CARTESIAN_POINT('Ctrl Pts',(5.,22.6647344615543,-126.22745311189));
#3534=CARTESIAN_POINT('Ctrl Pts',(5.00000000000001,22.6647344615543,-130.82745311189));
#3535=CARTESIAN_POINT('Ctrl Pts',(5.00000000000001,18.0397344615543,-130.82745311189));
#3536=CARTESIAN_POINT('Ctrl Pts',(5.00000000000001,18.0397344615543,-126.20245311189));
#3537=CARTESIAN_POINT('Ctrl Pts',(5.00000000000001,18.0397344615543,-121.57745311189));
#3538=CARTESIAN_POINT('Ctrl Pts',(5.00000000000001,22.6647344615543,-121.57745311189));
#3539=CARTESIAN_POINT('Ctrl Pts',(5.00000000000001,27.2897344615543,-121.57745311189));
#3540=CARTESIAN_POINT('Ctrl Pts',(5.00000000000001,27.2897344615543,-126.20245311189));
#3541=CARTESIAN_POINT('Ctrl Pts',(5.00000000000001,27.2897344615543,-130.82745311189));
#3542=CARTESIAN_POINT('Ctrl Pts',(5.00000000000001,22.6647344615543,-130.82745311189));
#3543=CARTESIAN_POINT('Ctrl Pts',(0.4,22.6647344615543,-130.82745311189));
#3544=CARTESIAN_POINT('Ctrl Pts',(0.4,18.0397344615543,-130.82745311189));
#3545=CARTESIAN_POINT('Ctrl Pts',(0.4,18.0397344615543,-126.20245311189));
#3546=CARTESIAN_POINT('Ctrl Pts',(0.4,18.0397344615543,-121.57745311189));
#3547=CARTESIAN_POINT('Ctrl Pts',(0.4,22.6647344615543,-121.57745311189));
#3548=CARTESIAN_POINT('Ctrl Pts',(0.4,27.2897344615543,-121.57745311189));
#3549=CARTESIAN_POINT('Ctrl Pts',(0.4,27.2897344615543,-126.20245311189));
#3550=CARTESIAN_POINT('Ctrl Pts',(0.4,27.2897344615543,-130.82745311189));
#3551=CARTESIAN_POINT('Ctrl Pts',(0.4,22.6647344615543,-130.82745311189));
#3552=CARTESIAN_POINT('',(0.4,22.6647344615543,-130.82745311189));
#3553=CARTESIAN_POINT('',(0.4,22.6647344615543,-121.57745311189));
#3554=CARTESIAN_POINT('Origin',(0.4,22.6647344615543,-126.20245311189));
#3555=CARTESIAN_POINT('Origin',(0.4,22.6647344615543,-126.20245311189));
#3556=CARTESIAN_POINT('',(5.,22.6647344615543,-126.22745311189));
#3557=CARTESIAN_POINT('Origin',(0.4,22.6647344615543,-126.22745311189));
#3558=CARTESIAN_POINT('Origin',(5.,22.6647344615543,-126.20245311189));
#3559=CARTESIAN_POINT('Origin',(0.,22.6647344615543,-126.20245311189));
#3560=CARTESIAN_POINT('',(0.,22.6647344615543,-121.57745311189));
#3561=CARTESIAN_POINT('Origin',(0.,22.6647344615543,-126.20245311189));
#3562=CARTESIAN_POINT('',(0.,22.6647344615543,-121.57745311189));
#3563=CARTESIAN_POINT('Origin',(5.,22.6647344615543,-126.20245311189));
#3564=CARTESIAN_POINT('Ctrl Pts',(5.,10.5003615947125,-169.691251470913));
#3565=CARTESIAN_POINT('Ctrl Pts',(5.,10.4753615947125,-169.691251470913));
#3566=CARTESIAN_POINT('Ctrl Pts',(5.,10.4753615947125,-169.666251470913));
#3567=CARTESIAN_POINT('Ctrl Pts',(5.,10.4753615947125,-169.641251470913));
#3568=CARTESIAN_POINT('Ctrl Pts',(5.,10.5003615947125,-169.641251470913));
#3569=CARTESIAN_POINT('Ctrl Pts',(5.,10.5253615947125,-169.641251470913));
#3570=CARTESIAN_POINT('Ctrl Pts',(5.,10.5253615947125,-169.666251470913));
#3571=CARTESIAN_POINT('Ctrl Pts',(5.,10.5253615947125,-169.691251470913));
#3572=CARTESIAN_POINT('Ctrl Pts',(5.,10.5003615947125,-169.691251470913));
#3573=CARTESIAN_POINT('Ctrl Pts',(5.,10.5003615947125,-174.291251470913));
#3574=CARTESIAN_POINT('Ctrl Pts',(5.,5.87536159471249,-174.291251470913));
#3575=CARTESIAN_POINT('Ctrl Pts',(5.,5.87536159471249,-169.666251470913));
#3576=CARTESIAN_POINT('Ctrl Pts',(5.,5.87536159471249,-165.041251470913));
#3577=CARTESIAN_POINT('Ctrl Pts',(5.,10.5003615947125,-165.041251470913));
#3578=CARTESIAN_POINT('Ctrl Pts',(5.,15.1253615947125,-165.041251470913));
#3579=CARTESIAN_POINT('Ctrl Pts',(5.,15.1253615947125,-169.666251470913));
#3580=CARTESIAN_POINT('Ctrl Pts',(5.,15.1253615947125,-174.291251470913));
#3581=CARTESIAN_POINT('Ctrl Pts',(5.,10.5003615947125,-174.291251470913));
#3582=CARTESIAN_POINT('Ctrl Pts',(0.4,10.5003615947125,-174.291251470913));
#3583=CARTESIAN_POINT('Ctrl Pts',(0.4,5.87536159471249,-174.291251470913));
#3584=CARTESIAN_POINT('Ctrl Pts',(0.4,5.87536159471249,-169.666251470913));
#3585=CARTESIAN_POINT('Ctrl Pts',(0.4,5.87536159471249,-165.041251470913));
#3586=CARTESIAN_POINT('Ctrl Pts',(0.4,10.5003615947125,-165.041251470913));
#3587=CARTESIAN_POINT('Ctrl Pts',(0.4,15.1253615947125,-165.041251470913));
#3588=CARTESIAN_POINT('Ctrl Pts',(0.4,15.1253615947125,-169.666251470913));
#3589=CARTESIAN_POINT('Ctrl Pts',(0.4,15.1253615947125,-174.291251470913));
#3590=CARTESIAN_POINT('Ctrl Pts',(0.4,10.5003615947125,-174.291251470913));
#3591=CARTESIAN_POINT('',(0.4,10.5003615947125,-174.291251470913));
#3592=CARTESIAN_POINT('',(0.4,10.5003615947125,-165.041251470913));
#3593=CARTESIAN_POINT('Origin',(0.4,10.5003615947125,-169.666251470913));
#3594=CARTESIAN_POINT('Origin',(0.4,10.5003615947125,-169.666251470913));
#3595=CARTESIAN_POINT('',(5.,10.5003615947125,-169.691251470913));
#3596=CARTESIAN_POINT('Origin',(0.4,10.5003615947125,-169.691251470913));
#3597=CARTESIAN_POINT('Origin',(5.,10.5003615947125,-169.666251470913));
#3598=CARTESIAN_POINT('Origin',(0.,10.5003615947125,-169.666251470913));
#3599=CARTESIAN_POINT('',(0.,10.5003615947125,-165.041251470913));
#3600=CARTESIAN_POINT('Origin',(0.,10.5003615947125,-169.666251470913));
#3601=CARTESIAN_POINT('',(0.,10.5003615947125,-165.041251470913));
#3602=CARTESIAN_POINT('Origin',(5.,10.5003615947125,-169.666251470913));
#3603=CARTESIAN_POINT('Ctrl Pts',(5.,7.6168286649796,-229.621921731165));
#3604=CARTESIAN_POINT('Ctrl Pts',(5.,7.59182866497959,-229.621921731165));
#3605=CARTESIAN_POINT('Ctrl Pts',(5.,7.59182866497959,-229.596921731165));
#3606=CARTESIAN_POINT('Ctrl Pts',(5.,7.59182866497959,-229.571921731165));
#3607=CARTESIAN_POINT('Ctrl Pts',(5.,7.6168286649796,-229.571921731165));
#3608=CARTESIAN_POINT('Ctrl Pts',(5.,7.64182866497961,-229.571921731165));
#3609=CARTESIAN_POINT('Ctrl Pts',(5.,7.64182866497961,-229.596921731165));
#3610=CARTESIAN_POINT('Ctrl Pts',(5.,7.64182866497961,-229.621921731165));
#3611=CARTESIAN_POINT('Ctrl Pts',(5.,7.6168286649796,-229.621921731165));
#3612=CARTESIAN_POINT('Ctrl Pts',(5.,7.6168286649796,-234.221921731165));
#3613=CARTESIAN_POINT('Ctrl Pts',(5.,2.99182866497958,-234.221921731165));
#3614=CARTESIAN_POINT('Ctrl Pts',(5.,2.99182866497958,-229.596921731165));
#3615=CARTESIAN_POINT('Ctrl Pts',(5.,2.99182866497958,-224.971921731165));
#3616=CARTESIAN_POINT('Ctrl Pts',(5.,7.6168286649796,-224.971921731165));
#3617=CARTESIAN_POINT('Ctrl Pts',(5.,12.2418286649796,-224.971921731165));
#3618=CARTESIAN_POINT('Ctrl Pts',(5.,12.2418286649796,-229.596921731165));
#3619=CARTESIAN_POINT('Ctrl Pts',(5.,12.2418286649796,-234.221921731165));
#3620=CARTESIAN_POINT('Ctrl Pts',(5.,7.6168286649796,-234.221921731165));
#3621=CARTESIAN_POINT('Ctrl Pts',(0.4,7.6168286649796,-234.221921731165));
#3622=CARTESIAN_POINT('Ctrl Pts',(0.4,2.99182866497958,-234.221921731165));
#3623=CARTESIAN_POINT('Ctrl Pts',(0.4,2.99182866497958,-229.596921731165));
#3624=CARTESIAN_POINT('Ctrl Pts',(0.4,2.99182866497958,-224.971921731165));
#3625=CARTESIAN_POINT('Ctrl Pts',(0.4,7.6168286649796,-224.971921731165));
#3626=CARTESIAN_POINT('Ctrl Pts',(0.4,12.2418286649796,-224.971921731165));
#3627=CARTESIAN_POINT('Ctrl Pts',(0.4,12.2418286649796,-229.596921731165));
#3628=CARTESIAN_POINT('Ctrl Pts',(0.4,12.2418286649796,-234.221921731165));
#3629=CARTESIAN_POINT('Ctrl Pts',(0.4,7.6168286649796,-234.221921731165));
#3630=CARTESIAN_POINT('',(0.4,7.6168286649796,-234.221921731165));
#3631=CARTESIAN_POINT('',(0.4,7.6168286649796,-224.971921731165));
#3632=CARTESIAN_POINT('Origin',(0.4,7.6168286649796,-229.596921731165));
#3633=CARTESIAN_POINT('Origin',(0.4,7.6168286649796,-229.596921731165));
#3634=CARTESIAN_POINT('',(5.,7.6168286649796,-229.621921731165));
#3635=CARTESIAN_POINT('Origin',(0.4,7.6168286649796,-229.621921731165));
#3636=CARTESIAN_POINT('Origin',(5.,7.6168286649796,-229.596921731165));
#3637=CARTESIAN_POINT('Origin',(0.,7.6168286649796,-229.596921731165));
#3638=CARTESIAN_POINT('',(0.,7.6168286649796,-224.971921731165));
#3639=CARTESIAN_POINT('Origin',(0.,7.6168286649796,-229.596921731165));
#3640=CARTESIAN_POINT('',(0.,7.6168286649796,-224.971921731165));
#3641=CARTESIAN_POINT('Origin',(5.,7.6168286649796,-229.596921731165));
#3642=CARTESIAN_POINT('Ctrl Pts',(5.,4.98934668271421,-126.303148002609));
#3643=CARTESIAN_POINT('Ctrl Pts',(5.,4.96434668271419,-126.303148002609));
#3644=CARTESIAN_POINT('Ctrl Pts',(5.,4.96434668271419,-126.278148002609));
#3645=CARTESIAN_POINT('Ctrl Pts',(5.,4.96434668271419,-126.253148002609));
#3646=CARTESIAN_POINT('Ctrl Pts',(5.,4.98934668271421,-126.253148002609));
#3647=CARTESIAN_POINT('Ctrl Pts',(5.,5.01434668271422,-126.253148002609));
#3648=CARTESIAN_POINT('Ctrl Pts',(5.,5.01434668271422,-126.278148002609));
#3649=CARTESIAN_POINT('Ctrl Pts',(5.,5.01434668271422,-126.303148002609));
#3650=CARTESIAN_POINT('Ctrl Pts',(5.,4.98934668271421,-126.303148002609));
#3651=CARTESIAN_POINT('Ctrl Pts',(5.,4.98934668271421,-130.903148002609));
#3652=CARTESIAN_POINT('Ctrl Pts',(5.,0.364346682714204,-130.903148002609));
#3653=CARTESIAN_POINT('Ctrl Pts',(5.,0.364346682714203,-126.278148002609));
#3654=CARTESIAN_POINT('Ctrl Pts',(5.,0.364346682714204,-121.653148002609));
#3655=CARTESIAN_POINT('Ctrl Pts',(5.,4.98934668271421,-121.653148002609));
#3656=CARTESIAN_POINT('Ctrl Pts',(5.,9.61434668271421,-121.653148002609));
#3657=CARTESIAN_POINT('Ctrl Pts',(5.,9.61434668271421,-126.278148002609));
#3658=CARTESIAN_POINT('Ctrl Pts',(5.,9.61434668271421,-130.903148002609));
#3659=CARTESIAN_POINT('Ctrl Pts',(5.,4.98934668271421,-130.903148002609));
#3660=CARTESIAN_POINT('Ctrl Pts',(0.4,4.98934668271421,-130.903148002609));
#3661=CARTESIAN_POINT('Ctrl Pts',(0.4,0.364346682714204,-130.903148002609));
#3662=CARTESIAN_POINT('Ctrl Pts',(0.4,0.364346682714203,-126.278148002609));
#3663=CARTESIAN_POINT('Ctrl Pts',(0.4,0.364346682714204,-121.653148002609));
#3664=CARTESIAN_POINT('Ctrl Pts',(0.4,4.98934668271421,-121.653148002609));
#3665=CARTESIAN_POINT('Ctrl Pts',(0.4,9.61434668271421,-121.653148002609));
#3666=CARTESIAN_POINT('Ctrl Pts',(0.4,9.61434668271421,-126.278148002609));
#3667=CARTESIAN_POINT('Ctrl Pts',(0.4,9.61434668271421,-130.903148002609));
#3668=CARTESIAN_POINT('Ctrl Pts',(0.4,4.98934668271421,-130.903148002609));
#3669=CARTESIAN_POINT('',(0.4,4.98934668271421,-130.903148002609));
#3670=CARTESIAN_POINT('',(0.4,4.98934668271421,-121.653148002609));
#3671=CARTESIAN_POINT('Origin',(0.4,4.98934668271421,-126.278148002609));
#3672=CARTESIAN_POINT('Origin',(0.4,4.98934668271421,-126.278148002609));
#3673=CARTESIAN_POINT('',(5.,4.98934668271421,-126.303148002609));
#3674=CARTESIAN_POINT('Origin',(0.4,4.98934668271421,-126.303148002609));
#3675=CARTESIAN_POINT('Origin',(5.,4.98934668271421,-126.278148002609));
#3676=CARTESIAN_POINT('Origin',(0.,4.98934668271421,-126.278148002609));
#3677=CARTESIAN_POINT('',(0.,4.98934668271421,-121.653148002609));
#3678=CARTESIAN_POINT('Origin',(0.,4.98934668271421,-126.278148002609));
#3679=CARTESIAN_POINT('',(0.,4.98934668271421,-121.653148002609));
#3680=CARTESIAN_POINT('Origin',(5.,4.98934668271421,-126.278148002609));
#3681=CARTESIAN_POINT('Ctrl Pts',(5.,14.931063540036,-77.5511334064846));
#3682=CARTESIAN_POINT('Ctrl Pts',(5.,14.906063540036,-77.5511334064846));
#3683=CARTESIAN_POINT('Ctrl Pts',(5.,14.906063540036,-77.5261334064846));
#3684=CARTESIAN_POINT('Ctrl Pts',(5.,14.906063540036,-77.5011334064846));
#3685=CARTESIAN_POINT('Ctrl Pts',(5.,14.931063540036,-77.5011334064846));
#3686=CARTESIAN_POINT('Ctrl Pts',(5.,14.956063540036,-77.5011334064846));
#3687=CARTESIAN_POINT('Ctrl Pts',(5.,14.956063540036,-77.5261334064846));
#3688=CARTESIAN_POINT('Ctrl Pts',(5.,14.956063540036,-77.5511334064846));
#3689=CARTESIAN_POINT('Ctrl Pts',(5.,14.931063540036,-77.5511334064846));
#3690=CARTESIAN_POINT('Ctrl Pts',(5.,14.931063540036,-82.1511334064846));
#3691=CARTESIAN_POINT('Ctrl Pts',(5.,10.306063540036,-82.1511334064846));
#3692=CARTESIAN_POINT('Ctrl Pts',(5.,10.306063540036,-77.5261334064846));
#3693=CARTESIAN_POINT('Ctrl Pts',(5.,10.306063540036,-72.9011334064846));
#3694=CARTESIAN_POINT('Ctrl Pts',(5.,14.931063540036,-72.9011334064846));
#3695=CARTESIAN_POINT('Ctrl Pts',(5.,19.556063540036,-72.9011334064846));
#3696=CARTESIAN_POINT('Ctrl Pts',(5.,19.556063540036,-77.5261334064846));
#3697=CARTESIAN_POINT('Ctrl Pts',(5.,19.556063540036,-82.1511334064846));
#3698=CARTESIAN_POINT('Ctrl Pts',(5.,14.931063540036,-82.1511334064846));
#3699=CARTESIAN_POINT('Ctrl Pts',(0.4,14.931063540036,-82.1511334064846));
#3700=CARTESIAN_POINT('Ctrl Pts',(0.4,10.306063540036,-82.1511334064846));
#3701=CARTESIAN_POINT('Ctrl Pts',(0.4,10.306063540036,-77.5261334064846));
#3702=CARTESIAN_POINT('Ctrl Pts',(0.4,10.306063540036,-72.9011334064846));
#3703=CARTESIAN_POINT('Ctrl Pts',(0.4,14.931063540036,-72.9011334064846));
#3704=CARTESIAN_POINT('Ctrl Pts',(0.4,19.556063540036,-72.9011334064846));
#3705=CARTESIAN_POINT('Ctrl Pts',(0.4,19.556063540036,-77.5261334064846));
#3706=CARTESIAN_POINT('Ctrl Pts',(0.4,19.556063540036,-82.1511334064846));
#3707=CARTESIAN_POINT('Ctrl Pts',(0.4,14.931063540036,-82.1511334064846));
#3708=CARTESIAN_POINT('',(0.4,14.931063540036,-82.1511334064846));
#3709=CARTESIAN_POINT('',(0.4,14.931063540036,-72.9011334064846));
#3710=CARTESIAN_POINT('Origin',(0.4,14.931063540036,-77.5261334064846));
#3711=CARTESIAN_POINT('Origin',(0.4,14.931063540036,-77.5261334064846));
#3712=CARTESIAN_POINT('',(5.,14.931063540036,-77.5511334064846));
#3713=CARTESIAN_POINT('Origin',(0.4,14.931063540036,-77.5511334064846));
#3714=CARTESIAN_POINT('Origin',(5.,14.931063540036,-77.5261334064846));
#3715=CARTESIAN_POINT('Origin',(0.,14.931063540036,-77.5261334064846));
#3716=CARTESIAN_POINT('',(0.,14.931063540036,-72.9011334064846));
#3717=CARTESIAN_POINT('Origin',(0.,14.931063540036,-77.5261334064846));
#3718=CARTESIAN_POINT('',(0.,14.931063540036,-72.9011334064846));
#3719=CARTESIAN_POINT('Origin',(5.,14.931063540036,-77.5261334064846));
#3720=CARTESIAN_POINT('Origin',(0.,15.1016482548754,-162.777476224923));
#3721=CARTESIAN_POINT('',(0.,2.48186667923203,4.60026124293314));
#3722=CARTESIAN_POINT('',(0.,2.48186667923203,4.60026124293314));
#3723=CARTESIAN_POINT('',(0.,7.48184960820175,-0.412804361215694));
#3724=CARTESIAN_POINT('Origin',(0.,2.48186667923203,-0.399738757066858));
#3725=CARTESIAN_POINT('Origin',(0.,207.481166766988,-0.935428527169151));
#3726=CARTESIAN_POINT('',(0.,22.996788188193,-97.9947467409669));
#3727=CARTESIAN_POINT('',(0.,22.996788188193,-97.9947467409669));
#3728=CARTESIAN_POINT('',(0.,2.74261021062765,-96.8641466302877));
#3729=CARTESIAN_POINT('',(0.,2.74261021062765,-96.8641466302877));
#3730=CARTESIAN_POINT('',(0.,1.61450093360813,-117.073702475084));
#3731=CARTESIAN_POINT('Ctrl Pts',(149.62,3.88416721304976,-46.7816833373076));
#3732=CARTESIAN_POINT('Ctrl Pts',(149.62,-0.740832786950237,-46.7816833373076));
#3733=CARTESIAN_POINT('Ctrl Pts',(149.62,-0.740832786950238,-42.1566833373076));
#3734=CARTESIAN_POINT('Ctrl Pts',(149.62,-0.740832786950237,-37.5316833373076));
#3735=CARTESIAN_POINT('Ctrl Pts',(149.62,3.88416721304976,-37.5316833373076));
#3736=CARTESIAN_POINT('Ctrl Pts',(149.62,8.50916721304976,-37.5316833373076));
#3737=CARTESIAN_POINT('Ctrl Pts',(149.62,8.50916721304976,-42.1566833373076));
#3738=CARTESIAN_POINT('Ctrl Pts',(149.62,8.50916721304976,-46.7816833373076));
#3739=CARTESIAN_POINT('Ctrl Pts',(149.62,3.88416721304976,-46.7816833373076));
#3740=CARTESIAN_POINT('Ctrl Pts',(145.,3.88416721304976,-46.7816833373076));
#3741=CARTESIAN_POINT('Ctrl Pts',(145.,-0.740832786950237,-46.7816833373076));
#3742=CARTESIAN_POINT('Ctrl Pts',(145.,-0.740832786950238,-42.1566833373076));
#3743=CARTESIAN_POINT('Ctrl Pts',(145.,-0.740832786950237,-37.5316833373076));
#3744=CARTESIAN_POINT('Ctrl Pts',(145.,3.88416721304976,-37.5316833373076));
#3745=CARTESIAN_POINT('Ctrl Pts',(145.,8.50916721304976,-37.5316833373076));
#3746=CARTESIAN_POINT('Ctrl Pts',(145.,8.50916721304976,-42.1566833373076));
#3747=CARTESIAN_POINT('Ctrl Pts',(145.,8.50916721304976,-46.7816833373076));
#3748=CARTESIAN_POINT('Ctrl Pts',(145.,3.88416721304976,-46.7816833373076));
#3749=CARTESIAN_POINT('Ctrl Pts',(145.,3.88416721304976,-42.1616833373076));
#3750=CARTESIAN_POINT('Ctrl Pts',(145.,3.87916721304976,-42.1616833373076));
#3751=CARTESIAN_POINT('Ctrl Pts',(145.,3.87916721304976,-42.1566833373076));
#3752=CARTESIAN_POINT('Ctrl Pts',(145.,3.87916721304976,-42.1516833373076));
#3753=CARTESIAN_POINT('Ctrl Pts',(145.,3.88416721304976,-42.1516833373076));
#3754=CARTESIAN_POINT('Ctrl Pts',(145.,3.88916721304976,-42.1516833373076));
#3755=CARTESIAN_POINT('Ctrl Pts',(145.,3.88916721304976,-42.1566833373076));
#3756=CARTESIAN_POINT('Ctrl Pts',(145.,3.88916721304976,-42.1616833373076));
#3757=CARTESIAN_POINT('Ctrl Pts',(145.,3.88416721304976,-42.1616833373076));
#3758=CARTESIAN_POINT('',(145.,3.88416721304976,-42.1616833373076));
#3759=CARTESIAN_POINT('Origin',(145.,3.88416721304976,-42.1566833373076));
#3760=CARTESIAN_POINT('',(149.62,3.88416721304976,-46.7816833373076));
#3761=CARTESIAN_POINT('Origin',(149.62,3.88416721304976,-42.1616833373076));
#3762=CARTESIAN_POINT('',(149.62,3.88416721304976,-37.5316833373076));
#3763=CARTESIAN_POINT('Origin',(149.62,3.88416721304976,-42.1566833373076));
#3764=CARTESIAN_POINT('Origin',(149.62,3.88416721304976,-42.1566833373076));
#3765=CARTESIAN_POINT('Origin',(150.,3.88416721304976,-42.1566833373076));
#3766=CARTESIAN_POINT('',(150.,3.88416721304976,-37.5316833373076));
#3767=CARTESIAN_POINT('Origin',(150.,3.88416721304976,-42.1566833373076));
#3768=CARTESIAN_POINT('',(150.,3.88416721304976,-37.5316833373076));
#3769=CARTESIAN_POINT('Origin',(145.,3.88416721304976,-42.1566833373076));
#3770=CARTESIAN_POINT('Ctrl Pts',(149.62,11.9421280595789,-144.325916340787));
#3771=CARTESIAN_POINT('Ctrl Pts',(149.62,7.31712805957896,-144.325916340787));
#3772=CARTESIAN_POINT('Ctrl Pts',(149.62,7.31712805957896,-139.700916340787));
#3773=CARTESIAN_POINT('Ctrl Pts',(149.62,7.31712805957896,-135.075916340787));
#3774=CARTESIAN_POINT('Ctrl Pts',(149.62,11.9421280595789,-135.075916340787));
#3775=CARTESIAN_POINT('Ctrl Pts',(149.62,16.5671280595789,-135.075916340787));
#3776=CARTESIAN_POINT('Ctrl Pts',(149.62,16.5671280595789,-139.700916340787));
#3777=CARTESIAN_POINT('Ctrl Pts',(149.62,16.5671280595789,-144.325916340787));
#3778=CARTESIAN_POINT('Ctrl Pts',(149.62,11.9421280595789,-144.325916340787));
#3779=CARTESIAN_POINT('Ctrl Pts',(145.,11.9421280595789,-144.325916340787));
#3780=CARTESIAN_POINT('Ctrl Pts',(145.,7.31712805957896,-144.325916340787));
#3781=CARTESIAN_POINT('Ctrl Pts',(145.,7.31712805957896,-139.700916340787));
#3782=CARTESIAN_POINT('Ctrl Pts',(145.,7.31712805957896,-135.075916340787));
#3783=CARTESIAN_POINT('Ctrl Pts',(145.,11.9421280595789,-135.075916340787));
#3784=CARTESIAN_POINT('Ctrl Pts',(145.,16.5671280595789,-135.075916340787));
#3785=CARTESIAN_POINT('Ctrl Pts',(145.,16.5671280595789,-139.700916340787));
#3786=CARTESIAN_POINT('Ctrl Pts',(145.,16.5671280595789,-144.325916340787));
#3787=CARTESIAN_POINT('Ctrl Pts',(145.,11.9421280595789,-144.325916340787));
#3788=CARTESIAN_POINT('Ctrl Pts',(145.,11.9421280595789,-139.705916340787));
#3789=CARTESIAN_POINT('Ctrl Pts',(145.,11.937128059579,-139.705916340787));
#3790=CARTESIAN_POINT('Ctrl Pts',(145.,11.937128059579,-139.700916340787));
#3791=CARTESIAN_POINT('Ctrl Pts',(145.,11.937128059579,-139.695916340787));
#3792=CARTESIAN_POINT('Ctrl Pts',(145.,11.9421280595789,-139.695916340787));
#3793=CARTESIAN_POINT('Ctrl Pts',(145.,11.9471280595789,-139.695916340787));
#3794=CARTESIAN_POINT('Ctrl Pts',(145.,11.9471280595789,-139.700916340787));
#3795=CARTESIAN_POINT('Ctrl Pts',(145.,11.9471280595789,-139.705916340787));
#3796=CARTESIAN_POINT('Ctrl Pts',(145.,11.9421280595789,-139.705916340787));
#3797=CARTESIAN_POINT('',(145.,11.9421280595789,-139.705916340787));
#3798=CARTESIAN_POINT('Origin',(145.,11.9421280595789,-139.700916340787));
#3799=CARTESIAN_POINT('',(149.62,11.9421280595789,-144.325916340787));
#3800=CARTESIAN_POINT('Origin',(149.62,11.9421280595789,-139.705916340787));
#3801=CARTESIAN_POINT('',(149.62,11.9421280595789,-135.075916340787));
#3802=CARTESIAN_POINT('Origin',(149.62,11.9421280595789,-139.700916340787));
#3803=CARTESIAN_POINT('Origin',(149.62,11.9421280595789,-139.700916340787));
#3804=CARTESIAN_POINT('Origin',(150.,11.9421280595789,-139.700916340787));
#3805=CARTESIAN_POINT('',(150.,11.9421280595789,-135.075916340787));
#3806=CARTESIAN_POINT('Origin',(150.,11.9421280595789,-139.700916340787));
#3807=CARTESIAN_POINT('',(150.,11.9421280595789,-135.075916340787));
#3808=CARTESIAN_POINT('Origin',(145.,11.9421280595789,-139.700916340787));
#3809=CARTESIAN_POINT('Ctrl Pts',(149.62,5.10921355234471,-158.893060959978));
#3810=CARTESIAN_POINT('Ctrl Pts',(149.62,0.484213552344707,-158.893060959978));
#3811=CARTESIAN_POINT('Ctrl Pts',(149.62,0.484213552344706,-154.268060959978));
#3812=CARTESIAN_POINT('Ctrl Pts',(149.62,0.484213552344707,-149.643060959978));
#3813=CARTESIAN_POINT('Ctrl Pts',(149.62,5.10921355234471,-149.643060959978));
#3814=CARTESIAN_POINT('Ctrl Pts',(149.62,9.73421355234471,-149.643060959978));
#3815=CARTESIAN_POINT('Ctrl Pts',(149.62,9.73421355234471,-154.268060959978));
#3816=CARTESIAN_POINT('Ctrl Pts',(149.62,9.73421355234471,-158.893060959978));
#3817=CARTESIAN_POINT('Ctrl Pts',(149.62,5.10921355234471,-158.893060959978));
#3818=CARTESIAN_POINT('Ctrl Pts',(145.,5.10921355234471,-158.893060959978));
#3819=CARTESIAN_POINT('Ctrl Pts',(145.,0.484213552344707,-158.893060959978));
#3820=CARTESIAN_POINT('Ctrl Pts',(145.,0.484213552344706,-154.268060959978));
#3821=CARTESIAN_POINT('Ctrl Pts',(145.,0.484213552344707,-149.643060959978));
#3822=CARTESIAN_POINT('Ctrl Pts',(145.,5.10921355234471,-149.643060959978));
#3823=CARTESIAN_POINT('Ctrl Pts',(145.,9.73421355234471,-149.643060959978));
#3824=CARTESIAN_POINT('Ctrl Pts',(145.,9.73421355234471,-154.268060959978));
#3825=CARTESIAN_POINT('Ctrl Pts',(145.,9.73421355234471,-158.893060959978));
#3826=CARTESIAN_POINT('Ctrl Pts',(145.,5.10921355234471,-158.893060959978));
#3827=CARTESIAN_POINT('Ctrl Pts',(145.,5.10921355234471,-154.273060959978));
#3828=CARTESIAN_POINT('Ctrl Pts',(145.,5.1042135523447,-154.273060959978));
#3829=CARTESIAN_POINT('Ctrl Pts',(145.,5.1042135523447,-154.268060959978));
#3830=CARTESIAN_POINT('Ctrl Pts',(145.,5.1042135523447,-154.263060959978));
#3831=CARTESIAN_POINT('Ctrl Pts',(145.,5.10921355234471,-154.263060959978));
#3832=CARTESIAN_POINT('Ctrl Pts',(145.,5.11421355234472,-154.263060959978));
#3833=CARTESIAN_POINT('Ctrl Pts',(145.,5.11421355234472,-154.268060959978));
#3834=CARTESIAN_POINT('Ctrl Pts',(145.,5.11421355234472,-154.273060959978));
#3835=CARTESIAN_POINT('Ctrl Pts',(145.,5.10921355234471,-154.273060959978));
#3836=CARTESIAN_POINT('',(145.,5.10921355234471,-154.273060959978));
#3837=CARTESIAN_POINT('Origin',(145.,5.10921355234471,-154.268060959978));
#3838=CARTESIAN_POINT('',(149.62,5.10921355234471,-158.893060959978));
#3839=CARTESIAN_POINT('Origin',(149.62,5.10921355234471,-154.273060959978));
#3840=CARTESIAN_POINT('',(149.62,5.10921355234471,-149.643060959978));
#3841=CARTESIAN_POINT('Origin',(149.62,5.10921355234471,-154.268060959978));
#3842=CARTESIAN_POINT('Origin',(149.62,5.10921355234471,-154.268060959978));
#3843=CARTESIAN_POINT('Origin',(150.,5.10921355234471,-154.268060959978));
#3844=CARTESIAN_POINT('',(150.,5.10921355234471,-149.643060959978));
#3845=CARTESIAN_POINT('Origin',(150.,5.10921355234471,-154.268060959978));
#3846=CARTESIAN_POINT('',(150.,5.10921355234471,-149.643060959978));
#3847=CARTESIAN_POINT('Origin',(145.,5.10921355234471,-154.268060959978));
#3848=CARTESIAN_POINT('Ctrl Pts',(149.62,9.05859512984605,-204.256586601039));
#3849=CARTESIAN_POINT('Ctrl Pts',(149.62,4.43359512984603,-204.256586601039));
#3850=CARTESIAN_POINT('Ctrl Pts',(149.62,4.43359512984603,-199.631586601039));
#3851=CARTESIAN_POINT('Ctrl Pts',(149.62,4.43359512984603,-195.006586601039));
#3852=CARTESIAN_POINT('Ctrl Pts',(149.62,9.05859512984605,-195.006586601039));
#3853=CARTESIAN_POINT('Ctrl Pts',(149.62,13.6835951298461,-195.006586601039));
#3854=CARTESIAN_POINT('Ctrl Pts',(149.62,13.6835951298461,-199.631586601039));
#3855=CARTESIAN_POINT('Ctrl Pts',(149.62,13.6835951298461,-204.256586601039));
#3856=CARTESIAN_POINT('Ctrl Pts',(149.62,9.05859512984605,-204.256586601039));
#3857=CARTESIAN_POINT('Ctrl Pts',(145.,9.05859512984605,-204.256586601039));
#3858=CARTESIAN_POINT('Ctrl Pts',(145.,4.43359512984603,-204.256586601039));
#3859=CARTESIAN_POINT('Ctrl Pts',(145.,4.43359512984603,-199.631586601039));
#3860=CARTESIAN_POINT('Ctrl Pts',(145.,4.43359512984603,-195.006586601039));
#3861=CARTESIAN_POINT('Ctrl Pts',(145.,9.05859512984605,-195.006586601039));
#3862=CARTESIAN_POINT('Ctrl Pts',(145.,13.6835951298461,-195.006586601039));
#3863=CARTESIAN_POINT('Ctrl Pts',(145.,13.6835951298461,-199.631586601039));
#3864=CARTESIAN_POINT('Ctrl Pts',(145.,13.6835951298461,-204.256586601039));
#3865=CARTESIAN_POINT('Ctrl Pts',(145.,9.05859512984605,-204.256586601039));
#3866=CARTESIAN_POINT('Ctrl Pts',(145.,9.05859512984605,-199.636586601039));
#3867=CARTESIAN_POINT('Ctrl Pts',(145.,9.05359512984603,-199.636586601039));
#3868=CARTESIAN_POINT('Ctrl Pts',(145.,9.05359512984603,-199.631586601039));
#3869=CARTESIAN_POINT('Ctrl Pts',(145.,9.05359512984603,-199.626586601039));
#3870=CARTESIAN_POINT('Ctrl Pts',(145.,9.05859512984605,-199.626586601039));
#3871=CARTESIAN_POINT('Ctrl Pts',(145.,9.06359512984608,-199.626586601039));
#3872=CARTESIAN_POINT('Ctrl Pts',(145.,9.06359512984608,-199.631586601039));
#3873=CARTESIAN_POINT('Ctrl Pts',(145.,9.06359512984608,-199.636586601039));
#3874=CARTESIAN_POINT('Ctrl Pts',(145.,9.05859512984605,-199.636586601039));
#3875=CARTESIAN_POINT('',(145.,9.05859512984605,-199.636586601039));
#3876=CARTESIAN_POINT('Origin',(145.,9.05859512984605,-199.631586601039));
#3877=CARTESIAN_POINT('',(149.62,9.05859512984605,-204.256586601039));
#3878=CARTESIAN_POINT('Origin',(149.62,9.05859512984605,-199.636586601039));
#3879=CARTESIAN_POINT('',(149.62,9.05859512984606,-195.006586601039));
#3880=CARTESIAN_POINT('Origin',(149.62,9.05859512984605,-199.631586601039));
#3881=CARTESIAN_POINT('Origin',(149.62,9.05859512984605,-199.631586601039));
#3882=CARTESIAN_POINT('Origin',(150.,9.05859512984605,-199.631586601039));
#3883=CARTESIAN_POINT('',(150.,9.05859512984606,-195.006586601039));
#3884=CARTESIAN_POINT('Origin',(150.,9.05859512984605,-199.631586601039));
#3885=CARTESIAN_POINT('',(150.,9.05859512984606,-195.006586601039));
#3886=CARTESIAN_POINT('Origin',(145.,9.05859512984605,-199.631586601039));
#3887=CARTESIAN_POINT('Ctrl Pts',(149.62,21.2229679966879,-160.792788242016));
#3888=CARTESIAN_POINT('Ctrl Pts',(149.62,16.5979679966879,-160.792788242016));
#3889=CARTESIAN_POINT('Ctrl Pts',(149.62,16.5979679966879,-156.167788242016));
#3890=CARTESIAN_POINT('Ctrl Pts',(149.62,16.5979679966879,-151.542788242016));
#3891=CARTESIAN_POINT('Ctrl Pts',(149.62,21.2229679966879,-151.542788242016));
#3892=CARTESIAN_POINT('Ctrl Pts',(149.62,25.8479679966879,-151.542788242016));
#3893=CARTESIAN_POINT('Ctrl Pts',(149.62,25.8479679966879,-156.167788242016));
#3894=CARTESIAN_POINT('Ctrl Pts',(149.62,25.8479679966879,-160.792788242016));
#3895=CARTESIAN_POINT('Ctrl Pts',(149.62,21.2229679966879,-160.792788242016));
#3896=CARTESIAN_POINT('Ctrl Pts',(145.,21.2229679966879,-160.792788242016));
#3897=CARTESIAN_POINT('Ctrl Pts',(145.,16.5979679966879,-160.792788242016));
#3898=CARTESIAN_POINT('Ctrl Pts',(145.,16.5979679966879,-156.167788242016));
#3899=CARTESIAN_POINT('Ctrl Pts',(145.,16.5979679966879,-151.542788242016));
#3900=CARTESIAN_POINT('Ctrl Pts',(145.,21.2229679966879,-151.542788242016));
#3901=CARTESIAN_POINT('Ctrl Pts',(145.,25.8479679966879,-151.542788242016));
#3902=CARTESIAN_POINT('Ctrl Pts',(145.,25.8479679966879,-156.167788242016));
#3903=CARTESIAN_POINT('Ctrl Pts',(145.,25.8479679966879,-160.792788242016));
#3904=CARTESIAN_POINT('Ctrl Pts',(145.,21.2229679966879,-160.792788242016));
#3905=CARTESIAN_POINT('Ctrl Pts',(145.,21.2229679966879,-156.172788242016));
#3906=CARTESIAN_POINT('Ctrl Pts',(145.,21.2179679966879,-156.172788242016));
#3907=CARTESIAN_POINT('Ctrl Pts',(145.,21.2179679966879,-156.167788242016));
#3908=CARTESIAN_POINT('Ctrl Pts',(145.,21.2179679966879,-156.162788242016));
#3909=CARTESIAN_POINT('Ctrl Pts',(145.,21.2229679966879,-156.162788242016));
#3910=CARTESIAN_POINT('Ctrl Pts',(145.,21.2279679966879,-156.162788242016));
#3911=CARTESIAN_POINT('Ctrl Pts',(145.,21.2279679966879,-156.167788242016));
#3912=CARTESIAN_POINT('Ctrl Pts',(145.,21.2279679966879,-156.172788242016));
#3913=CARTESIAN_POINT('Ctrl Pts',(145.,21.2229679966879,-156.172788242016));
#3914=CARTESIAN_POINT('',(145.,21.2229679966879,-156.172788242016));
#3915=CARTESIAN_POINT('Origin',(145.,21.2229679966879,-156.167788242016));
#3916=CARTESIAN_POINT('',(149.62,21.2229679966879,-160.792788242016));
#3917=CARTESIAN_POINT('Origin',(149.62,21.2229679966879,-156.172788242016));
#3918=CARTESIAN_POINT('',(149.62,21.2229679966879,-151.542788242016));
#3919=CARTESIAN_POINT('Origin',(149.62,21.2229679966879,-156.167788242016));
#3920=CARTESIAN_POINT('Origin',(149.62,21.2229679966879,-156.167788242016));
#3921=CARTESIAN_POINT('Origin',(150.,21.2229679966879,-156.167788242016));
#3922=CARTESIAN_POINT('',(150.,21.2229679966879,-151.542788242016));
#3923=CARTESIAN_POINT('Origin',(150.,21.2229679966879,-156.167788242016));
#3924=CARTESIAN_POINT('',(150.,21.2229679966879,-151.542788242016));
#3925=CARTESIAN_POINT('Origin',(145.,21.2229679966879,-156.167788242016));
#3926=CARTESIAN_POINT('Ctrl Pts',(149.62,5.98195235873938,-94.8604915403313));
#3927=CARTESIAN_POINT('Ctrl Pts',(149.62,1.35695235873939,-94.8604915403313));
#3928=CARTESIAN_POINT('Ctrl Pts',(149.62,1.35695235873939,-90.2354915403313));
#3929=CARTESIAN_POINT('Ctrl Pts',(149.62,1.35695235873939,-85.6104915403313));
#3930=CARTESIAN_POINT('Ctrl Pts',(149.62,5.98195235873938,-85.6104915403313));
#3931=CARTESIAN_POINT('Ctrl Pts',(149.62,10.6069523587394,-85.6104915403313));
#3932=CARTESIAN_POINT('Ctrl Pts',(149.62,10.6069523587394,-90.2354915403313));
#3933=CARTESIAN_POINT('Ctrl Pts',(149.62,10.6069523587394,-94.8604915403313));
#3934=CARTESIAN_POINT('Ctrl Pts',(149.62,5.98195235873938,-94.8604915403313));
#3935=CARTESIAN_POINT('Ctrl Pts',(145.,5.98195235873938,-94.8604915403313));
#3936=CARTESIAN_POINT('Ctrl Pts',(145.,1.35695235873939,-94.8604915403313));
#3937=CARTESIAN_POINT('Ctrl Pts',(145.,1.35695235873939,-90.2354915403313));
#3938=CARTESIAN_POINT('Ctrl Pts',(145.,1.35695235873939,-85.6104915403313));
#3939=CARTESIAN_POINT('Ctrl Pts',(145.,5.98195235873938,-85.6104915403313));
#3940=CARTESIAN_POINT('Ctrl Pts',(145.,10.6069523587394,-85.6104915403313));
#3941=CARTESIAN_POINT('Ctrl Pts',(145.,10.6069523587394,-90.2354915403313));
#3942=CARTESIAN_POINT('Ctrl Pts',(145.,10.6069523587394,-94.8604915403313));
#3943=CARTESIAN_POINT('Ctrl Pts',(145.,5.98195235873938,-94.8604915403313));
#3944=CARTESIAN_POINT('Ctrl Pts',(145.,5.98195235873938,-90.2404915403313));
#3945=CARTESIAN_POINT('Ctrl Pts',(145.,5.97695235873939,-90.2404915403313));
#3946=CARTESIAN_POINT('Ctrl Pts',(145.,5.97695235873939,-90.2354915403313));
#3947=CARTESIAN_POINT('Ctrl Pts',(145.,5.97695235873939,-90.2304915403313));
#3948=CARTESIAN_POINT('Ctrl Pts',(145.,5.98195235873938,-90.2304915403313));
#3949=CARTESIAN_POINT('Ctrl Pts',(145.,5.98695235873937,-90.2304915403313));
#3950=CARTESIAN_POINT('Ctrl Pts',(145.,5.98695235873937,-90.2354915403313));
#3951=CARTESIAN_POINT('Ctrl Pts',(145.,5.98695235873937,-90.2404915403313));
#3952=CARTESIAN_POINT('Ctrl Pts',(145.,5.98195235873938,-90.2404915403313));
#3953=CARTESIAN_POINT('',(145.,5.98195235873938,-90.2404915403313));
#3954=CARTESIAN_POINT('Origin',(145.,5.98195235873938,-90.2354915403313));
#3955=CARTESIAN_POINT('',(149.62,5.98195235873938,-94.8604915403313));
#3956=CARTESIAN_POINT('Origin',(149.62,5.98195235873938,-90.2404915403313));
#3957=CARTESIAN_POINT('',(149.62,5.98195235873938,-85.6104915403313));
#3958=CARTESIAN_POINT('Origin',(149.62,5.98195235873938,-90.2354915403313));
#3959=CARTESIAN_POINT('Origin',(149.62,5.98195235873938,-90.2354915403313));
#3960=CARTESIAN_POINT('Origin',(150.,5.98195235873938,-90.2354915403313));
#3961=CARTESIAN_POINT('',(150.,5.98195235873938,-85.6104915403313));
#3962=CARTESIAN_POINT('Origin',(150.,5.98195235873938,-90.2354915403313));
#3963=CARTESIAN_POINT('',(150.,5.98195235873938,-85.6104915403313));
#3964=CARTESIAN_POINT('Origin',(145.,5.98195235873938,-90.2354915403313));
#3965=CARTESIAN_POINT('Ctrl Pts',(149.62,7.42371882360583,-64.8951564102051));
#3966=CARTESIAN_POINT('Ctrl Pts',(149.62,2.79871882360584,-64.8951564102051));
#3967=CARTESIAN_POINT('Ctrl Pts',(149.62,2.79871882360584,-60.2701564102051));
#3968=CARTESIAN_POINT('Ctrl Pts',(149.62,2.79871882360584,-55.6451564102051));
#3969=CARTESIAN_POINT('Ctrl Pts',(149.62,7.42371882360583,-55.6451564102051));
#3970=CARTESIAN_POINT('Ctrl Pts',(149.62,12.0487188236058,-55.6451564102051));
#3971=CARTESIAN_POINT('Ctrl Pts',(149.62,12.0487188236058,-60.2701564102051));
#3972=CARTESIAN_POINT('Ctrl Pts',(149.62,12.0487188236058,-64.8951564102051));
#3973=CARTESIAN_POINT('Ctrl Pts',(149.62,7.42371882360583,-64.8951564102051));
#3974=CARTESIAN_POINT('Ctrl Pts',(145.,7.42371882360583,-64.8951564102051));
#3975=CARTESIAN_POINT('Ctrl Pts',(145.,2.79871882360584,-64.8951564102051));
#3976=CARTESIAN_POINT('Ctrl Pts',(145.,2.79871882360584,-60.2701564102051));
#3977=CARTESIAN_POINT('Ctrl Pts',(145.,2.79871882360584,-55.6451564102051));
#3978=CARTESIAN_POINT('Ctrl Pts',(145.,7.42371882360583,-55.6451564102051));
#3979=CARTESIAN_POINT('Ctrl Pts',(145.,12.0487188236058,-55.6451564102051));
#3980=CARTESIAN_POINT('Ctrl Pts',(145.,12.0487188236058,-60.2701564102051));
#3981=CARTESIAN_POINT('Ctrl Pts',(145.,12.0487188236058,-64.8951564102051));
#3982=CARTESIAN_POINT('Ctrl Pts',(145.,7.42371882360583,-64.8951564102051));
#3983=CARTESIAN_POINT('Ctrl Pts',(145.,7.42371882360583,-60.2751564102051));
#3984=CARTESIAN_POINT('Ctrl Pts',(145.,7.41871882360583,-60.2751564102051));
#3985=CARTESIAN_POINT('Ctrl Pts',(145.,7.41871882360583,-60.2701564102051));
#3986=CARTESIAN_POINT('Ctrl Pts',(145.,7.41871882360583,-60.2651564102051));
#3987=CARTESIAN_POINT('Ctrl Pts',(145.,7.42371882360583,-60.2651564102051));
#3988=CARTESIAN_POINT('Ctrl Pts',(145.,7.42871882360583,-60.2651564102051));
#3989=CARTESIAN_POINT('Ctrl Pts',(145.,7.42871882360583,-60.2701564102051));
#3990=CARTESIAN_POINT('Ctrl Pts',(145.,7.42871882360583,-60.2751564102051));
#3991=CARTESIAN_POINT('Ctrl Pts',(145.,7.42371882360583,-60.2751564102051));
#3992=CARTESIAN_POINT('',(145.,7.42371882360583,-60.2751564102051));
#3993=CARTESIAN_POINT('Origin',(145.,7.42371882360583,-60.2701564102051));
#3994=CARTESIAN_POINT('',(149.62,7.42371882360583,-64.8951564102051));
#3995=CARTESIAN_POINT('Origin',(149.62,7.42371882360583,-60.2751564102051));
#3996=CARTESIAN_POINT('',(149.62,7.42371882360583,-55.6451564102051));
#3997=CARTESIAN_POINT('Origin',(149.62,7.42371882360583,-60.2701564102051));
#3998=CARTESIAN_POINT('Origin',(149.62,7.42371882360583,-60.2701564102051));
#3999=CARTESIAN_POINT('Origin',(150.,7.42371882360583,-60.2701564102051));
#4000=CARTESIAN_POINT('',(150.,7.42371882360583,-55.6451564102051));
#4001=CARTESIAN_POINT('Origin',(150.,7.42371882360583,-60.2701564102051));
#4002=CARTESIAN_POINT('',(150.,7.42371882360583,-55.6451564102051));
#4003=CARTESIAN_POINT('Origin',(145.,7.42371882360583,-60.2701564102051));
#4004=CARTESIAN_POINT('Ctrl Pts',(149.62,22.6647344615543,-130.82745311189));
#4005=CARTESIAN_POINT('Ctrl Pts',(149.62,18.0397344615543,-130.82745311189));
#4006=CARTESIAN_POINT('Ctrl Pts',(149.62,18.0397344615543,-126.20245311189));
#4007=CARTESIAN_POINT('Ctrl Pts',(149.62,18.0397344615543,-121.57745311189));
#4008=CARTESIAN_POINT('Ctrl Pts',(149.62,22.6647344615543,-121.57745311189));
#4009=CARTESIAN_POINT('Ctrl Pts',(149.62,27.2897344615543,-121.57745311189));
#4010=CARTESIAN_POINT('Ctrl Pts',(149.62,27.2897344615543,-126.20245311189));
#4011=CARTESIAN_POINT('Ctrl Pts',(149.62,27.2897344615543,-130.82745311189));
#4012=CARTESIAN_POINT('Ctrl Pts',(149.62,22.6647344615543,-130.82745311189));
#4013=CARTESIAN_POINT('Ctrl Pts',(145.,22.6647344615543,-130.82745311189));
#4014=CARTESIAN_POINT('Ctrl Pts',(145.,18.0397344615543,-130.82745311189));
#4015=CARTESIAN_POINT('Ctrl Pts',(145.,18.0397344615543,-126.20245311189));
#4016=CARTESIAN_POINT('Ctrl Pts',(145.,18.0397344615543,-121.57745311189));
#4017=CARTESIAN_POINT('Ctrl Pts',(145.,22.6647344615543,-121.57745311189));
#4018=CARTESIAN_POINT('Ctrl Pts',(145.,27.2897344615543,-121.57745311189));
#4019=CARTESIAN_POINT('Ctrl Pts',(145.,27.2897344615543,-126.20245311189));
#4020=CARTESIAN_POINT('Ctrl Pts',(145.,27.2897344615543,-130.82745311189));
#4021=CARTESIAN_POINT('Ctrl Pts',(145.,22.6647344615543,-130.82745311189));
#4022=CARTESIAN_POINT('Ctrl Pts',(145.,22.6647344615543,-126.20745311189));
#4023=CARTESIAN_POINT('Ctrl Pts',(145.,22.6597344615543,-126.20745311189));
#4024=CARTESIAN_POINT('Ctrl Pts',(145.,22.6597344615543,-126.20245311189));
#4025=CARTESIAN_POINT('Ctrl Pts',(145.,22.6597344615543,-126.19745311189));
#4026=CARTESIAN_POINT('Ctrl Pts',(145.,22.6647344615543,-126.19745311189));
#4027=CARTESIAN_POINT('Ctrl Pts',(145.,22.6697344615543,-126.19745311189));
#4028=CARTESIAN_POINT('Ctrl Pts',(145.,22.6697344615543,-126.20245311189));
#4029=CARTESIAN_POINT('Ctrl Pts',(145.,22.6697344615543,-126.20745311189));
#4030=CARTESIAN_POINT('Ctrl Pts',(145.,22.6647344615543,-126.20745311189));
#4031=CARTESIAN_POINT('',(145.,22.6647344615543,-126.20745311189));
#4032=CARTESIAN_POINT('Origin',(145.,22.6647344615543,-126.20245311189));
#4033=CARTESIAN_POINT('',(149.62,22.6647344615543,-130.82745311189));
#4034=CARTESIAN_POINT('Origin',(149.62,22.6647344615543,-126.20745311189));
#4035=CARTESIAN_POINT('',(149.62,22.6647344615543,-121.57745311189));
#4036=CARTESIAN_POINT('Origin',(149.62,22.6647344615543,-126.20245311189));
#4037=CARTESIAN_POINT('Origin',(149.62,22.6647344615543,-126.20245311189));
#4038=CARTESIAN_POINT('Origin',(150.,22.6647344615543,-126.20245311189));
#4039=CARTESIAN_POINT('',(150.,22.6647344615543,-121.57745311189));
#4040=CARTESIAN_POINT('Origin',(150.,22.6647344615543,-126.20245311189));
#4041=CARTESIAN_POINT('',(150.,22.6647344615543,-121.57745311189));
#4042=CARTESIAN_POINT('Origin',(145.,22.6647344615543,-126.20245311189));
#4043=CARTESIAN_POINT('Ctrl Pts',(149.62,10.5003615947125,-174.291251470913));
#4044=CARTESIAN_POINT('Ctrl Pts',(149.62,5.87536159471252,-174.291251470913));
#4045=CARTESIAN_POINT('Ctrl Pts',(149.62,5.87536159471252,-169.666251470913));
#4046=CARTESIAN_POINT('Ctrl Pts',(149.62,5.87536159471252,-165.041251470913));
#4047=CARTESIAN_POINT('Ctrl Pts',(149.62,10.5003615947125,-165.041251470913));
#4048=CARTESIAN_POINT('Ctrl Pts',(149.62,15.1253615947125,-165.041251470913));
#4049=CARTESIAN_POINT('Ctrl Pts',(149.62,15.1253615947125,-169.666251470913));
#4050=CARTESIAN_POINT('Ctrl Pts',(149.62,15.1253615947125,-174.291251470913));
#4051=CARTESIAN_POINT('Ctrl Pts',(149.62,10.5003615947125,-174.291251470913));
#4052=CARTESIAN_POINT('Ctrl Pts',(145.,10.5003615947125,-174.291251470913));
#4053=CARTESIAN_POINT('Ctrl Pts',(145.,5.87536159471252,-174.291251470913));
#4054=CARTESIAN_POINT('Ctrl Pts',(145.,5.87536159471252,-169.666251470913));
#4055=CARTESIAN_POINT('Ctrl Pts',(145.,5.87536159471252,-165.041251470913));
#4056=CARTESIAN_POINT('Ctrl Pts',(145.,10.5003615947125,-165.041251470913));
#4057=CARTESIAN_POINT('Ctrl Pts',(145.,15.1253615947125,-165.041251470913));
#4058=CARTESIAN_POINT('Ctrl Pts',(145.,15.1253615947125,-169.666251470913));
#4059=CARTESIAN_POINT('Ctrl Pts',(145.,15.1253615947125,-174.291251470913));
#4060=CARTESIAN_POINT('Ctrl Pts',(145.,10.5003615947125,-174.291251470913));
#4061=CARTESIAN_POINT('Ctrl Pts',(145.,10.5003615947125,-169.671251470913));
#4062=CARTESIAN_POINT('Ctrl Pts',(145.,10.4953615947125,-169.671251470913));
#4063=CARTESIAN_POINT('Ctrl Pts',(145.,10.4953615947125,-169.666251470913));
#4064=CARTESIAN_POINT('Ctrl Pts',(145.,10.4953615947125,-169.661251470913));
#4065=CARTESIAN_POINT('Ctrl Pts',(145.,10.5003615947125,-169.661251470913));
#4066=CARTESIAN_POINT('Ctrl Pts',(145.,10.5053615947125,-169.661251470913));
#4067=CARTESIAN_POINT('Ctrl Pts',(145.,10.5053615947125,-169.666251470913));
#4068=CARTESIAN_POINT('Ctrl Pts',(145.,10.5053615947125,-169.671251470913));
#4069=CARTESIAN_POINT('Ctrl Pts',(145.,10.5003615947125,-169.671251470913));
#4070=CARTESIAN_POINT('',(145.,10.5003615947125,-169.671251470913));
#4071=CARTESIAN_POINT('Origin',(145.,10.5003615947125,-169.666251470913));
#4072=CARTESIAN_POINT('',(149.62,10.5003615947125,-174.291251470913));
#4073=CARTESIAN_POINT('Origin',(149.62,10.5003615947125,-169.671251470913));
#4074=CARTESIAN_POINT('',(149.62,10.5003615947125,-165.041251470913));
#4075=CARTESIAN_POINT('Origin',(149.62,10.5003615947125,-169.666251470913));
#4076=CARTESIAN_POINT('Origin',(149.62,10.5003615947125,-169.666251470913));
#4077=CARTESIAN_POINT('Origin',(150.,10.5003615947125,-169.666251470913));
#4078=CARTESIAN_POINT('',(150.,10.5003615947125,-165.041251470913));
#4079=CARTESIAN_POINT('Origin',(150.,10.5003615947125,-169.666251470913));
#4080=CARTESIAN_POINT('',(150.,10.5003615947125,-165.041251470913));
#4081=CARTESIAN_POINT('Origin',(145.,10.5003615947125,-169.666251470913));
#4082=CARTESIAN_POINT('Ctrl Pts',(149.62,7.6168286649796,-234.221921731165));
#4083=CARTESIAN_POINT('Ctrl Pts',(149.62,2.99182866497958,-234.221921731165));
#4084=CARTESIAN_POINT('Ctrl Pts',(149.62,2.99182866497958,-229.596921731165));
#4085=CARTESIAN_POINT('Ctrl Pts',(149.62,2.99182866497958,-224.971921731165));
#4086=CARTESIAN_POINT('Ctrl Pts',(149.62,7.6168286649796,-224.971921731165));
#4087=CARTESIAN_POINT('Ctrl Pts',(149.62,12.2418286649796,-224.971921731165));
#4088=CARTESIAN_POINT('Ctrl Pts',(149.62,12.2418286649796,-229.596921731165));
#4089=CARTESIAN_POINT('Ctrl Pts',(149.62,12.2418286649796,-234.221921731165));
#4090=CARTESIAN_POINT('Ctrl Pts',(149.62,7.6168286649796,-234.221921731165));
#4091=CARTESIAN_POINT('Ctrl Pts',(145.,7.6168286649796,-234.221921731165));
#4092=CARTESIAN_POINT('Ctrl Pts',(145.,2.99182866497958,-234.221921731165));
#4093=CARTESIAN_POINT('Ctrl Pts',(145.,2.99182866497958,-229.596921731165));
#4094=CARTESIAN_POINT('Ctrl Pts',(145.,2.99182866497958,-224.971921731165));
#4095=CARTESIAN_POINT('Ctrl Pts',(145.,7.6168286649796,-224.971921731165));
#4096=CARTESIAN_POINT('Ctrl Pts',(145.,12.2418286649796,-224.971921731165));
#4097=CARTESIAN_POINT('Ctrl Pts',(145.,12.2418286649796,-229.596921731165));
#4098=CARTESIAN_POINT('Ctrl Pts',(145.,12.2418286649796,-234.221921731165));
#4099=CARTESIAN_POINT('Ctrl Pts',(145.,7.6168286649796,-234.221921731165));
#4100=CARTESIAN_POINT('Ctrl Pts',(145.,7.6168286649796,-229.601921731165));
#4101=CARTESIAN_POINT('Ctrl Pts',(145.,7.61182866497958,-229.601921731165));
#4102=CARTESIAN_POINT('Ctrl Pts',(145.,7.61182866497958,-229.596921731165));
#4103=CARTESIAN_POINT('Ctrl Pts',(145.,7.61182866497958,-229.591921731165));
#4104=CARTESIAN_POINT('Ctrl Pts',(145.,7.6168286649796,-229.591921731165));
#4105=CARTESIAN_POINT('Ctrl Pts',(145.,7.62182866497962,-229.591921731165));
#4106=CARTESIAN_POINT('Ctrl Pts',(145.,7.62182866497962,-229.596921731165));
#4107=CARTESIAN_POINT('Ctrl Pts',(145.,7.62182866497962,-229.601921731165));
#4108=CARTESIAN_POINT('Ctrl Pts',(145.,7.6168286649796,-229.601921731165));
#4109=CARTESIAN_POINT('',(145.,7.6168286649796,-229.601921731165));
#4110=CARTESIAN_POINT('Origin',(145.,7.6168286649796,-229.596921731165));
#4111=CARTESIAN_POINT('',(149.62,7.6168286649796,-234.221921731165));
#4112=CARTESIAN_POINT('Origin',(149.62,7.6168286649796,-229.601921731165));
#4113=CARTESIAN_POINT('',(149.62,7.6168286649796,-224.971921731165));
#4114=CARTESIAN_POINT('Origin',(149.62,7.6168286649796,-229.596921731165));
#4115=CARTESIAN_POINT('Origin',(149.62,7.6168286649796,-229.596921731165));
#4116=CARTESIAN_POINT('Origin',(150.,7.6168286649796,-229.596921731165));
#4117=CARTESIAN_POINT('',(150.,7.6168286649796,-224.971921731165));
#4118=CARTESIAN_POINT('Origin',(150.,7.6168286649796,-229.596921731165));
#4119=CARTESIAN_POINT('',(150.,7.6168286649796,-224.971921731165));
#4120=CARTESIAN_POINT('Origin',(145.,7.6168286649796,-229.596921731165));
#4121=CARTESIAN_POINT('Ctrl Pts',(149.62,4.98934668271421,-130.903148002609));
#4122=CARTESIAN_POINT('Ctrl Pts',(149.62,0.364346682714204,-130.903148002609));
#4123=CARTESIAN_POINT('Ctrl Pts',(149.62,0.364346682714203,-126.278148002609));
#4124=CARTESIAN_POINT('Ctrl Pts',(149.62,0.364346682714204,-121.653148002609));
#4125=CARTESIAN_POINT('Ctrl Pts',(149.62,4.98934668271421,-121.653148002609));
#4126=CARTESIAN_POINT('Ctrl Pts',(149.62,9.61434668271421,-121.653148002609));
#4127=CARTESIAN_POINT('Ctrl Pts',(149.62,9.61434668271421,-126.278148002609));
#4128=CARTESIAN_POINT('Ctrl Pts',(149.62,9.61434668271421,-130.903148002609));
#4129=CARTESIAN_POINT('Ctrl Pts',(149.62,4.98934668271421,-130.903148002609));
#4130=CARTESIAN_POINT('Ctrl Pts',(145.,4.98934668271421,-130.903148002609));
#4131=CARTESIAN_POINT('Ctrl Pts',(145.,0.364346682714204,-130.903148002609));
#4132=CARTESIAN_POINT('Ctrl Pts',(145.,0.364346682714203,-126.278148002609));
#4133=CARTESIAN_POINT('Ctrl Pts',(145.,0.364346682714204,-121.653148002609));
#4134=CARTESIAN_POINT('Ctrl Pts',(145.,4.98934668271421,-121.653148002609));
#4135=CARTESIAN_POINT('Ctrl Pts',(145.,9.61434668271421,-121.653148002609));
#4136=CARTESIAN_POINT('Ctrl Pts',(145.,9.61434668271421,-126.278148002609));
#4137=CARTESIAN_POINT('Ctrl Pts',(145.,9.61434668271421,-130.903148002609));
#4138=CARTESIAN_POINT('Ctrl Pts',(145.,4.98934668271421,-130.903148002609));
#4139=CARTESIAN_POINT('Ctrl Pts',(145.,4.98934668271421,-126.283148002609));
#4140=CARTESIAN_POINT('Ctrl Pts',(145.,4.9843466827142,-126.283148002609));
#4141=CARTESIAN_POINT('Ctrl Pts',(145.,4.9843466827142,-126.278148002609));
#4142=CARTESIAN_POINT('Ctrl Pts',(145.,4.9843466827142,-126.273148002609));
#4143=CARTESIAN_POINT('Ctrl Pts',(145.,4.98934668271421,-126.273148002609));
#4144=CARTESIAN_POINT('Ctrl Pts',(145.,4.99434668271421,-126.273148002609));
#4145=CARTESIAN_POINT('Ctrl Pts',(145.,4.99434668271421,-126.278148002609));
#4146=CARTESIAN_POINT('Ctrl Pts',(145.,4.99434668271421,-126.283148002609));
#4147=CARTESIAN_POINT('Ctrl Pts',(145.,4.98934668271421,-126.283148002609));
#4148=CARTESIAN_POINT('',(145.,4.98934668271421,-126.283148002609));
#4149=CARTESIAN_POINT('Origin',(145.,4.98934668271421,-126.278148002609));
#4150=CARTESIAN_POINT('',(149.62,4.98934668271421,-130.903148002609));
#4151=CARTESIAN_POINT('Origin',(149.62,4.98934668271421,-126.283148002609));
#4152=CARTESIAN_POINT('',(149.62,4.98934668271421,-121.653148002609));
#4153=CARTESIAN_POINT('Origin',(149.62,4.98934668271421,-126.278148002609));
#4154=CARTESIAN_POINT('Origin',(149.62,4.98934668271421,-126.278148002609));
#4155=CARTESIAN_POINT('Origin',(150.,4.98934668271421,-126.278148002609));
#4156=CARTESIAN_POINT('',(150.,4.98934668271421,-121.653148002609));
#4157=CARTESIAN_POINT('Origin',(150.,4.98934668271421,-126.278148002609));
#4158=CARTESIAN_POINT('',(150.,4.98934668271421,-121.653148002609));
#4159=CARTESIAN_POINT('Origin',(145.,4.98934668271421,-126.278148002609));
#4160=CARTESIAN_POINT('Ctrl Pts',(149.62,14.931063540036,-82.1511334064846));
#4161=CARTESIAN_POINT('Ctrl Pts',(149.62,10.306063540036,-82.1511334064846));
#4162=CARTESIAN_POINT('Ctrl Pts',(149.62,10.306063540036,-77.5261334064846));
#4163=CARTESIAN_POINT('Ctrl Pts',(149.62,10.306063540036,-72.9011334064846));
#4164=CARTESIAN_POINT('Ctrl Pts',(149.62,14.931063540036,-72.9011334064846));
#4165=CARTESIAN_POINT('Ctrl Pts',(149.62,19.556063540036,-72.9011334064846));
#4166=CARTESIAN_POINT('Ctrl Pts',(149.62,19.556063540036,-77.5261334064846));
#4167=CARTESIAN_POINT('Ctrl Pts',(149.62,19.556063540036,-82.1511334064846));
#4168=CARTESIAN_POINT('Ctrl Pts',(149.62,14.931063540036,-82.1511334064846));
#4169=CARTESIAN_POINT('Ctrl Pts',(145.,14.931063540036,-82.1511334064846));
#4170=CARTESIAN_POINT('Ctrl Pts',(145.,10.306063540036,-82.1511334064846));
#4171=CARTESIAN_POINT('Ctrl Pts',(145.,10.306063540036,-77.5261334064846));
#4172=CARTESIAN_POINT('Ctrl Pts',(145.,10.306063540036,-72.9011334064846));
#4173=CARTESIAN_POINT('Ctrl Pts',(145.,14.931063540036,-72.9011334064846));
#4174=CARTESIAN_POINT('Ctrl Pts',(145.,19.556063540036,-72.9011334064846));
#4175=CARTESIAN_POINT('Ctrl Pts',(145.,19.556063540036,-77.5261334064846));
#4176=CARTESIAN_POINT('Ctrl Pts',(145.,19.556063540036,-82.1511334064846));
#4177=CARTESIAN_POINT('Ctrl Pts',(145.,14.931063540036,-82.1511334064846));
#4178=CARTESIAN_POINT('Ctrl Pts',(145.,14.931063540036,-77.5311334064846));
#4179=CARTESIAN_POINT('Ctrl Pts',(145.,14.926063540036,-77.5311334064846));
#4180=CARTESIAN_POINT('Ctrl Pts',(145.,14.926063540036,-77.5261334064846));
#4181=CARTESIAN_POINT('Ctrl Pts',(145.,14.926063540036,-77.5211334064846));
#4182=CARTESIAN_POINT('Ctrl Pts',(145.,14.931063540036,-77.5211334064846));
#4183=CARTESIAN_POINT('Ctrl Pts',(145.,14.936063540036,-77.5211334064846));
#4184=CARTESIAN_POINT('Ctrl Pts',(145.,14.936063540036,-77.5261334064846));
#4185=CARTESIAN_POINT('Ctrl Pts',(145.,14.936063540036,-77.5311334064846));
#4186=CARTESIAN_POINT('Ctrl Pts',(145.,14.931063540036,-77.5311334064846));
#4187=CARTESIAN_POINT('',(145.,14.931063540036,-77.5311334064846));
#4188=CARTESIAN_POINT('Origin',(145.,14.931063540036,-77.5261334064846));
#4189=CARTESIAN_POINT('',(149.62,14.931063540036,-82.1511334064846));
#4190=CARTESIAN_POINT('Origin',(149.62,14.931063540036,-77.5311334064846));
#4191=CARTESIAN_POINT('',(149.62,14.931063540036,-72.9011334064846));
#4192=CARTESIAN_POINT('Origin',(149.62,14.931063540036,-77.5261334064846));
#4193=CARTESIAN_POINT('Origin',(149.62,14.931063540036,-77.5261334064846));
#4194=CARTESIAN_POINT('Origin',(150.,14.931063540036,-77.5261334064846));
#4195=CARTESIAN_POINT('',(150.,14.931063540036,-72.9011334064846));
#4196=CARTESIAN_POINT('Origin',(150.,14.931063540036,-77.5261334064846));
#4197=CARTESIAN_POINT('',(150.,14.931063540036,-72.9011334064846));
#4198=CARTESIAN_POINT('Origin',(145.,14.931063540036,-77.5261334064846));
#4199=CARTESIAN_POINT('Origin',(105.25,-2.44220890171229,-98.1079283934797));
#4200=CARTESIAN_POINT('',(105.25,2.55779109828771,-98.1079283934797));
#4201=CARTESIAN_POINT('',(105.25,-2.44220890171229,-98.1079283934797));
#4202=CARTESIAN_POINT('',(105.25,2.55779109828771,-100.175095532231));
#4203=CARTESIAN_POINT('',(105.25,2.55779109828771,-168.60792839348));
#4204=CARTESIAN_POINT('',(105.25,2.13589639383211,-107.733143997931));
#4205=CARTESIAN_POINT('Origin',(74.9999999999999,2.55779109828771,-133.35792839348));
#4206=CARTESIAN_POINT('',(37.5,2.55779109828771,-100.175095532231));
#4207=CARTESIAN_POINT('',(105.25,2.55779109828771,-98.1079283934797));
#4208=CARTESIAN_POINT('Origin',(44.7499999999999,-2.44220890171229,-98.1079283934797));
#4209=CARTESIAN_POINT('Origin',(0.,1.61450093360813,-117.073702475084));
#4210=CARTESIAN_POINT('',(150.,2.74261021062765,-96.8641466302877));
#4211=CARTESIAN_POINT('',(0.,2.74261021062765,-96.8641466302877));
#4212=CARTESIAN_POINT('',(150.,1.61450093360813,-117.073702475084));
#4213=CARTESIAN_POINT('Origin',(0.,2.74261021062765,-96.8641466302877));
#4214=CARTESIAN_POINT('',(150.,22.996788188193,-97.9947467409669));
#4215=CARTESIAN_POINT('',(0.,22.996788188193,-97.9947467409669));
#4216=CARTESIAN_POINT('',(150.,2.74261021062765,-96.8641466302877));
#4217=CARTESIAN_POINT('Origin',(0.,22.996788188193,-97.9947467409669));
#4218=CARTESIAN_POINT('',(150.,22.996788188193,-97.9947467409669));
#4219=CARTESIAN_POINT('Origin',(0.,2.48186667923203,4.60026124293314));
#4220=CARTESIAN_POINT('',(150.,2.48186667923203,4.60026124293314));
#4221=CARTESIAN_POINT('',(150.,2.48186667923203,4.60026124293314));
#4222=CARTESIAN_POINT('',(0.,2.48186667923203,4.60026124293314));
#4223=CARTESIAN_POINT('Origin',(0.,2.48186667923203,-0.399738757066858));
#4224=CARTESIAN_POINT('',(150.,7.48184960820175,-0.412804361215694));
#4225=CARTESIAN_POINT('Origin',(150.,2.48186667923203,-0.399738757066858));
#4226=CARTESIAN_POINT('',(0.,7.48184960820175,-0.412804361215694));
#4227=CARTESIAN_POINT('Origin',(0.,207.481166766988,-0.935428527169151));
#4228=CARTESIAN_POINT('Origin',(150.,207.481166766988,-0.935428527169151));
#4229=CARTESIAN_POINT('Origin',(150.,15.1016482548754,-162.777476224923));
#4230=CARTESIAN_POINT('',(99.573420736446,0.,0.249981913490842));
#4231=UNCERTAINTY_MEASURE_WITH_UNIT(LENGTH_MEASURE(0.01),#4235,
'DISTANCE_ACCURACY_VALUE',
'Maximum model space distance between geometric entities at asserted c
onnectivities');
#4232=UNCERTAINTY_MEASURE_WITH_UNIT(LENGTH_MEASURE(0.01),#4235,
'DISTANCE_ACCURACY_VALUE',
'Maximum model space distance between geometric entities at asserted c
onnectivities');
#4233=(
GEOMETRIC_REPRESENTATION_CONTEXT(3)
GLOBAL_UNCERTAINTY_ASSIGNED_CONTEXT((#4231))
GLOBAL_UNIT_ASSIGNED_CONTEXT((#4235,#4237,#4238))
REPRESENTATION_CONTEXT('','3D')
);
#4234=(
GEOMETRIC_REPRESENTATION_CONTEXT(3)
GLOBAL_UNCERTAINTY_ASSIGNED_CONTEXT((#4232))
GLOBAL_UNIT_ASSIGNED_CONTEXT((#4235,#4237,#4238))
REPRESENTATION_CONTEXT('','3D')
);
#4235=(
LENGTH_UNIT()
NAMED_UNIT(*)
SI_UNIT(.MILLI.,.METRE.)
);
#4236=(
LENGTH_UNIT()
NAMED_UNIT(*)
SI_UNIT(.CENTI.,.METRE.)
);
#4237=(
NAMED_UNIT(*)
PLANE_ANGLE_UNIT()
SI_UNIT($,.RADIAN.)
);
#4238=(
NAMED_UNIT(*)
SI_UNIT($,.STERADIAN.)
SOLID_ANGLE_UNIT()
);
#4239=SHAPE_DEFINITION_REPRESENTATION(#4240,#4241);
#4240=PRODUCT_DEFINITION_SHAPE('',$,#4243);
#4241=SHAPE_REPRESENTATION('',(#1724),#4233);
#4242=PRODUCT_DEFINITION_CONTEXT('part definition',#4247,'design');
#4243=PRODUCT_DEFINITION('WingBox_v2','WingBox_v2',#4244,#4242);
#4244=PRODUCT_DEFINITION_FORMATION('',$,#4249);
#4245=PRODUCT_RELATED_PRODUCT_CATEGORY('WingBox_v2','WingBox_v2',(#4249));
#4246=APPLICATION_PROTOCOL_DEFINITION('international standard',
'automotive_design',2009,#4247);
#4247=APPLICATION_CONTEXT(
'Core Data for Automotive Mechanical Design Process');
#4248=PRODUCT_CONTEXT('part definition',#4247,'mechanical');
#4249=PRODUCT('WingBox_v2','WingBox_v2',$,(#4248));
#4250=PRESENTATION_STYLE_ASSIGNMENT((#4252));
#4251=PRESENTATION_STYLE_ASSIGNMENT((#4253));
#4252=SURFACE_STYLE_USAGE(.BOTH.,#4256);
#4253=SURFACE_STYLE_USAGE(.BOTH.,#4257);
#4254=SURFACE_STYLE_RENDERING_WITH_PROPERTIES($,#4264,(#4255));
#4255=SURFACE_STYLE_TRANSPARENT(0.);
#4256=SURFACE_SIDE_STYLE('',(#4258,#4254));
#4257=SURFACE_SIDE_STYLE('',(#4259));
#4258=SURFACE_STYLE_FILL_AREA(#4260);
#4259=SURFACE_STYLE_FILL_AREA(#4261);
#4260=FILL_AREA_STYLE('',(#4262));
#4261=FILL_AREA_STYLE('',(#4263));
#4262=FILL_AREA_STYLE_COLOUR('',#4264);
#4263=FILL_AREA_STYLE_COLOUR('',#4265);
#4264=COLOUR_RGB('',0.92156862745098,0.92156862745098,0.92156862745098);
#4265=COLOUR_RGB('',0.227450980392157,0.580392156862745,0.341176470588235);
ENDSEC;
END-ISO-10303-21;
