ISO-10303-21;
HEADER;
/* Generated by software containing ST-Developer
 * from STEP Tools, Inc. (www.steptools.com) 
 */

FILE_DESCRIPTION(
/* description */ (''),
/* implementation_level */ '2;1');

FILE_NAME(
/* name */ 'WingBoxAoI.stp',
/* time_stamp */ '2026-07-16T10:51:37-04:00',
/* author */ ('mateo'),
/* organization */ (''),
/* preprocessor_version */ 'ST-DEVELOPER v20.1',
/* originating_system */ 'Autodesk Inventor 2027',
/* authorisation */ '');

FILE_SCHEMA (('AUTOMOTIVE_DESIGN { 1 0 10303 214 3 1 1 }'));
ENDSEC;

DATA;
#10=MECHANICAL_DESIGN_GEOMETRIC_PRESENTATION_REPRESENTATION('',(#30,#31,
#32,#33,#34,#35,#36,#37,#38,#39,#40,#41,#42,#43),#4921);
#11=GEOMETRICALLY_BOUNDED_WIREFRAME_SHAPE_REPRESENTATION('',(#12),#4920);
#12=GEOMETRIC_CURVE_SET('Sketch13',(#16,#17,#18,#19,#20,#21,#22,#23,#24,
#25,#26,#27,#28,#29,#4917));
#13=SHAPE_REPRESENTATION_RELATIONSHIP('SRR','None',#4928,#15);
#14=SHAPE_REPRESENTATION_RELATIONSHIP('SRR','None',#4928,#11);
#15=ADVANCED_BREP_SHAPE_REPRESENTATION('',(#44),#4920);
#16=POLYLINE('',(#4889,#4890));
#17=POLYLINE('',(#4891,#4892));
#18=POLYLINE('',(#4893,#4894));
#19=POLYLINE('',(#4895,#4896));
#20=POLYLINE('',(#4897,#4898));
#21=POLYLINE('',(#4899,#4900));
#22=POLYLINE('',(#4901,#4902));
#23=POLYLINE('',(#4903,#4904));
#24=POLYLINE('',(#4905,#4906));
#25=POLYLINE('',(#4907,#4908));
#26=POLYLINE('',(#4909,#4910));
#27=POLYLINE('',(#4911,#4912));
#28=POLYLINE('',(#4913,#4914));
#29=POLYLINE('',(#4915,#4916));
#30=STYLED_ITEM('',(#4937),#44);
#31=STYLED_ITEM('',(#4938),#16);
#32=STYLED_ITEM('',(#4938),#17);
#33=STYLED_ITEM('',(#4939),#18);
#34=STYLED_ITEM('',(#4939),#19);
#35=STYLED_ITEM('',(#4939),#20);
#36=STYLED_ITEM('',(#4939),#21);
#37=STYLED_ITEM('',(#4939),#22);
#38=STYLED_ITEM('',(#4939),#24);
#39=STYLED_ITEM('',(#4939),#25);
#40=STYLED_ITEM('',(#4939),#26);
#41=STYLED_ITEM('',(#4939),#27);
#42=STYLED_ITEM('',(#4939),#28);
#43=STYLED_ITEM('',(#4939),#29);
#44=MANIFOLD_SOLID_BREP('Solid1',#2097);
#45=B_SPLINE_SURFACE_WITH_KNOTS('',3,1,((#3732,#3733),(#3734,#3735),(#3736,
#3737),(#3738,#3739),(#3740,#3741),(#3742,#3743),(#3744,#3745),(#3746,#3747),
(#3748,#3749),(#3750,#3751),(#3752,#3753),(#3754,#3755),(#3756,#3757),(#3758,
#3759),(#3760,#3761),(#3762,#3763),(#3764,#3765),(#3766,#3767),(#3768,#3769),
(#3770,#3771),(#3772,#3773),(#3774,#3775),(#3776,#3777),(#3778,#3779),(#3780,
#3781),(#3782,#3783),(#3784,#3785),(#3786,#3787),(#3788,#3789),(#3790,#3791),
(#3792,#3793),(#3794,#3795),(#3796,#3797),(#3798,#3799),(#3800,#3801),(#3802,
#3803),(#3804,#3805),(#3806,#3807),(#3808,#3809),(#3810,#3811),(#3812,#3813),
(#3814,#3815),(#3816,#3817)),.UNSPECIFIED.,.F.,.F.,.F.,(4,3,3,3,3,3,3,3,
3,3,3,3,3,3,4),(2,2),(0.,0.0195962066040756,0.0392498331950508,0.0589046908727272,
0.0787169499339615,0.0990307467626703,0.119673080953987,0.14681084460206,
0.183127176254235,0.208841965548011,0.233915006462171,0.252620108826851,
0.271307181004999,0.287965838232213,0.296916642931289),(0.,15.),
 .UNSPECIFIED.);
#46=B_SPLINE_CURVE_WITH_KNOTS('',3,(#3721,#3722,#3723,#3724,#3725,#3726),
 .UNSPECIFIED.,.F.,.F.,(4,2,4),(-15.,-7.5,0.),.UNSPECIFIED.);
#47=B_SPLINE_CURVE_WITH_KNOTS('',3,(#3819,#3820,#3821,#3822,#3823,#3824,
#3825,#3826,#3827,#3828,#3829,#3830,#3831,#3832,#3833,#3834,#3835,#3836,
#3837,#3838,#3839,#3840,#3841,#3842,#3843,#3844,#3845,#3846,#3847,#3848,
#3849,#3850,#3851,#3852,#3853,#3854,#3855,#3856,#3857,#3858,#3859,#3860,
#3861),.UNSPECIFIED.,.F.,.F.,(4,3,3,3,3,3,3,3,3,3,3,3,3,3,4),(0.00153926820194994,
0.0195962066040756,0.0392498331950508,0.0589046908727272,0.0787169499339615,
0.0990307467626703,0.119673080953987,0.14681084460206,0.183127176254235,
0.208841965548011,0.233915006462171,0.252620108826851,0.271307181004999,
0.287965838232213,0.296916642931289),.UNSPECIFIED.);
#48=B_SPLINE_CURVE_WITH_KNOTS('',3,(#3864,#3865,#3866,#3867,#3868,#3869,
#3870,#3871,#3872,#3873,#3874,#3875,#3876,#3877,#3878,#3879,#3880,#3881,
#3882,#3883,#3884,#3885,#3886,#3887,#3888,#3889,#3890,#3891,#3892,#3893,
#3894,#3895,#3896,#3897,#3898,#3899,#3900,#3901,#3902,#3903,#3904,#3905,
#3906),.UNSPECIFIED.,.F.,.F.,(4,3,3,3,3,3,3,3,3,3,3,3,3,3,4),(0.00153926820194994,
0.0195962066040756,0.0392498331950508,0.0589046908727272,0.0787169499339615,
0.0990307467626703,0.119673080953987,0.14681084460206,0.183127176254235,
0.208841965548011,0.233915006462171,0.252620108826851,0.271307181004999,
0.287965838232213,0.296916642931289),.UNSPECIFIED.);
#49=B_SPLINE_CURVE_WITH_KNOTS('',3,(#3909,#3910,#3911,#3912,#3913,#3914,
#3915),.UNSPECIFIED.,.F.,.F.,(4,3,4),(-2.69373616234795,-2.6501412829515,
-2.63774266633137),.UNSPECIFIED.);
#50=B_SPLINE_CURVE_WITH_KNOTS('',3,(#3916,#3917,#3918,#3919,#3920,#3921,
#3922,#3923,#3924,#3925,#3926,#3927,#3928,#3929,#3930,#3931,#3932,#3933,
#3934,#3935,#3936,#3937,#3938,#3939,#3940,#3941,#3942,#3943,#3944,#3945,
#3946,#3947,#3948,#3949,#3950,#3951,#3952,#3953,#3954,#3955,#3956,#3957,
#3958,#3959,#3960,#3961,#3962,#3963,#3964,#3965,#3966,#3967,#3968,#3969,
#3970,#3971,#3972,#3973,#3974,#3975,#3976,#3977,#3978,#3979,#3980,#3981,
#3982,#3983,#3984,#3985,#3986,#3987,#3988,#3989,#3990,#3991,#3992,#3993,
#3994,#3995,#3996,#3997,#3998,#3999,#4000,#4001,#4002,#4003,#4004,#4005,
#4006,#4007,#4008,#4009,#4010,#4011,#4012,#4013,#4014,#4015,#4016,#4017,
#4018,#4019,#4020,#4021,#4022,#4023,#4024,#4025,#4026,#4027,#4028,#4029,
#4030),.UNSPECIFIED.,.F.,.F.,(4,3,3,3,3,3,3,3,3,3,3,3,3,3,3,3,3,3,3,3,3,
3,3,3,3,3,3,3,3,3,3,3,3,3,3,3,3,3,4),(-2.63774266633137,-2.63556228637974,
-2.61618084397672,-2.51573633669839,-2.50453781735088,-2.39640108450011,
-2.36252140621979,-2.24861873141512,-2.1935907769017,-2.09088255905095,
-2.02606239692191,-1.92805104427958,-1.86342408419311,-1.75786935555182,
-1.70584833667423,-1.67977067125576,-1.53557857633285,-1.43019840305252,
-1.40160617250555,-1.30138745087338,-1.29258620630894,-1.26698709547133,
-1.21207282176686,-1.10215875361475,-1.08908558994452,-0.936446930387766,
-0.924305793825008,-0.804212729021726,-0.756217376496355,-0.652320039397889,
-0.590168807840614,-0.483991103733737,-0.430606895720253,-0.299609718844512,
-0.275050395758322,-0.139761687988254,-0.117423750366398,-0.0102283681375517,
0.),.UNSPECIFIED.);
#51=B_SPLINE_CURVE_WITH_KNOTS('',3,(#4033,#4034,#4035,#4036,#4037,#4038,
#4039),.UNSPECIFIED.,.F.,.F.,(4,3,4),(-2.69373616231519,-2.65014128291877,
-2.63774266629875),.UNSPECIFIED.);
#52=B_SPLINE_CURVE_WITH_KNOTS('',3,(#4040,#4041,#4042,#4043,#4044,#4045,
#4046,#4047,#4048,#4049,#4050,#4051,#4052,#4053,#4054,#4055,#4056,#4057,
#4058,#4059,#4060,#4061,#4062,#4063,#4064,#4065,#4066,#4067,#4068,#4069,
#4070,#4071,#4072,#4073,#4074,#4075,#4076,#4077,#4078,#4079,#4080,#4081,
#4082,#4083,#4084,#4085,#4086,#4087,#4088,#4089,#4090,#4091,#4092,#4093,
#4094,#4095,#4096,#4097,#4098,#4099,#4100,#4101,#4102,#4103,#4104,#4105,
#4106,#4107,#4108,#4109,#4110,#4111,#4112,#4113,#4114,#4115,#4116,#4117,
#4118,#4119,#4120,#4121,#4122,#4123,#4124,#4125,#4126,#4127,#4128,#4129,
#4130,#4131,#4132,#4133,#4134,#4135,#4136,#4137,#4138,#4139,#4140,#4141,
#4142,#4143,#4144,#4145,#4146,#4147,#4148,#4149,#4150,#4151,#4152,#4153,
#4154),.UNSPECIFIED.,.F.,.F.,(4,3,3,3,3,3,3,3,3,3,3,3,3,3,3,3,3,3,3,3,3,
3,3,3,3,3,3,3,3,3,3,3,3,3,3,3,3,3,4),(-2.63774266629875,-2.63556228634718,
-2.61618084394473,-2.51573633666818,-2.50453781732142,-2.3964010844743,
-2.36252140619349,-2.24861873139127,-2.19359077687901,-2.09088255903063,
-2.02606239690247,-1.92805104426193,-1.86342408417663,-1.75786935553639,
-1.70584833666045,-1.67977067124241,-1.53557857632174,-1.43019840304319,
-1.40160617249649,-1.30138745086591,-1.29258620630141,-1.26698709546409,
-1.21207282176019,-1.10215875360843,-1.08908558993894,-0.936446930385422,
-0.924305793820862,-0.80421272901948,-0.756217376493427,-0.65232003939564,
-0.590168807838784,-0.483991103732166,-0.430606895719295,-0.299609718842055,
-0.275050395757867,-0.13976168801378,-0.117423750366256,-0.0102283681393226,
0.),.UNSPECIFIED.);
#53=CYLINDRICAL_SURFACE('',#2133,4.625);
#54=CYLINDRICAL_SURFACE('',#2140,4.625);
#55=CYLINDRICAL_SURFACE('',#2147,4.625);
#56=CYLINDRICAL_SURFACE('',#2154,4.62499999999999);
#57=CYLINDRICAL_SURFACE('',#2161,4.62500000000001);
#58=CYLINDRICAL_SURFACE('',#2168,4.62500000000002);
#59=CYLINDRICAL_SURFACE('',#2175,4.625);
#60=CYLINDRICAL_SURFACE('',#2182,4.625);
#61=CYLINDRICAL_SURFACE('',#2189,4.625);
#62=CYLINDRICAL_SURFACE('',#2196,4.625);
#63=CYLINDRICAL_SURFACE('',#2203,4.625);
#64=CYLINDRICAL_SURFACE('',#2210,4.62500000000001);
#65=CYLINDRICAL_SURFACE('',#2217,4.62500000000001);
#66=CYLINDRICAL_SURFACE('',#2224,4.62500000000001);
#67=CYLINDRICAL_SURFACE('',#2231,4.62500000000001);
#68=CYLINDRICAL_SURFACE('',#2238,4.625);
#69=CYLINDRICAL_SURFACE('',#2249,4.625);
#70=CYLINDRICAL_SURFACE('',#2256,4.625);
#71=CYLINDRICAL_SURFACE('',#2263,4.625);
#72=CYLINDRICAL_SURFACE('',#2270,4.62499999999999);
#73=CYLINDRICAL_SURFACE('',#2277,4.62500000000001);
#74=CYLINDRICAL_SURFACE('',#2284,4.62500000000002);
#75=CYLINDRICAL_SURFACE('',#2291,4.625);
#76=CYLINDRICAL_SURFACE('',#2298,4.625);
#77=CYLINDRICAL_SURFACE('',#2305,4.625);
#78=CYLINDRICAL_SURFACE('',#2312,4.625);
#79=CYLINDRICAL_SURFACE('',#2319,4.625);
#80=CYLINDRICAL_SURFACE('',#2326,4.62500000000001);
#81=CYLINDRICAL_SURFACE('',#2333,4.62500000000001);
#82=CYLINDRICAL_SURFACE('',#2340,4.62500000000001);
#83=CYLINDRICAL_SURFACE('',#2347,4.62500000000001);
#84=CYLINDRICAL_SURFACE('',#2354,4.625);
#85=CYLINDRICAL_SURFACE('',#2360,4.25);
#86=CYLINDRICAL_SURFACE('',#2361,2.75);
#87=CYLINDRICAL_SURFACE('',#2365,4.25);
#88=CYLINDRICAL_SURFACE('',#2366,2.75);
#89=CYLINDRICAL_SURFACE('',#2382,5.);
#90=CYLINDRICAL_SURFACE('',#2384,199.999999999999);
#91=(
BOUNDED_SURFACE()
B_SPLINE_SURFACE(2,2,((#3094,#3095,#3096,#3097,#3098,#3099,#3100,#3101,
#3102),(#3103,#3104,#3105,#3106,#3107,#3108,#3109,#3110,#3111),(#3112,#3113,
#3114,#3115,#3116,#3117,#3118,#3119,#3120)),.UNSPECIFIED.,.F.,.T.,.F.)
B_SPLINE_SURFACE_WITH_KNOTS((3,3),(3,2,2,2,3),(-1.5707963267949,0.),(-3.14159265358979,
-1.5707963267949,0.,1.5707963267949,3.14159265358979),.UNSPECIFIED.)
GEOMETRIC_REPRESENTATION_ITEM()
RATIONAL_B_SPLINE_SURFACE(((1.,0.707106781186548,1.,0.707106781186548,1.,
0.707106781186548,1.,0.707106781186548,1.),(0.707106781186549,0.500000000000001,
0.707106781186549,0.500000000000001,0.707106781186549,0.500000000000001,
0.707106781186549,0.500000000000001,0.707106781186549),(1.,0.707106781186548,
1.,0.707106781186548,1.,0.707106781186548,1.,0.707106781186548,1.)))
REPRESENTATION_ITEM('')
SURFACE()
);
#92=(
BOUNDED_SURFACE()
B_SPLINE_SURFACE(2,2,((#3133,#3134,#3135,#3136,#3137,#3138,#3139,#3140,
#3141),(#3142,#3143,#3144,#3145,#3146,#3147,#3148,#3149,#3150),(#3151,#3152,
#3153,#3154,#3155,#3156,#3157,#3158,#3159)),.UNSPECIFIED.,.F.,.T.,.F.)
B_SPLINE_SURFACE_WITH_KNOTS((3,3),(3,2,2,2,3),(-1.5707963267949,0.),(-3.14159265358979,
-1.5707963267949,0.,1.5707963267949,3.14159265358979),.UNSPECIFIED.)
GEOMETRIC_REPRESENTATION_ITEM()
RATIONAL_B_SPLINE_SURFACE(((1.,0.707106781186548,1.,0.707106781186548,1.,
0.707106781186548,1.,0.707106781186548,1.),(0.707106781186552,0.500000000000003,
0.707106781186552,0.500000000000003,0.707106781186552,0.500000000000003,
0.707106781186552,0.500000000000003,0.707106781186552),(1.,0.707106781186548,
1.,0.707106781186548,1.,0.707106781186548,1.,0.707106781186548,1.)))
REPRESENTATION_ITEM('')
SURFACE()
);
#93=(
BOUNDED_SURFACE()
B_SPLINE_SURFACE(2,2,((#3172,#3173,#3174,#3175,#3176,#3177,#3178,#3179,
#3180),(#3181,#3182,#3183,#3184,#3185,#3186,#3187,#3188,#3189),(#3190,#3191,
#3192,#3193,#3194,#3195,#3196,#3197,#3198)),.UNSPECIFIED.,.F.,.T.,.F.)
B_SPLINE_SURFACE_WITH_KNOTS((3,3),(3,2,2,2,3),(-1.5707963267949,0.),(-3.14159265358979,
-1.5707963267949,0.,1.5707963267949,3.14159265358979),.UNSPECIFIED.)
GEOMETRIC_REPRESENTATION_ITEM()
RATIONAL_B_SPLINE_SURFACE(((1.,0.707106781186548,1.,0.707106781186548,1.,
0.707106781186548,1.,0.707106781186548,1.),(0.707106781186552,0.500000000000003,
0.707106781186552,0.500000000000003,0.707106781186552,0.500000000000003,
0.707106781186552,0.500000000000003,0.707106781186552),(1.,0.707106781186548,
1.,0.707106781186548,1.,0.707106781186548,1.,0.707106781186548,1.)))
REPRESENTATION_ITEM('')
SURFACE()
);
#94=(
BOUNDED_SURFACE()
B_SPLINE_SURFACE(2,2,((#3211,#3212,#3213,#3214,#3215,#3216,#3217,#3218,
#3219),(#3220,#3221,#3222,#3223,#3224,#3225,#3226,#3227,#3228),(#3229,#3230,
#3231,#3232,#3233,#3234,#3235,#3236,#3237)),.UNSPECIFIED.,.F.,.T.,.F.)
B_SPLINE_SURFACE_WITH_KNOTS((3,3),(3,2,2,2,3),(-1.5707963267949,0.),(-3.14159265358979,
-1.5707963267949,0.,1.5707963267949,3.14159265358979),.UNSPECIFIED.)
GEOMETRIC_REPRESENTATION_ITEM()
RATIONAL_B_SPLINE_SURFACE(((1.,0.707106781186548,1.,0.707106781186548,1.,
0.707106781186548,1.,0.707106781186548,1.),(0.707106781186543,0.499999999999997,
0.707106781186543,0.499999999999997,0.707106781186543,0.499999999999997,
0.707106781186543,0.499999999999997,0.707106781186543),(1.,0.707106781186548,
1.,0.707106781186548,1.,0.707106781186548,1.,0.707106781186548,1.)))
REPRESENTATION_ITEM('')
SURFACE()
);
#95=(
BOUNDED_SURFACE()
B_SPLINE_SURFACE(2,2,((#3250,#3251,#3252,#3253,#3254,#3255,#3256,#3257,
#3258),(#3259,#3260,#3261,#3262,#3263,#3264,#3265,#3266,#3267),(#3268,#3269,
#3270,#3271,#3272,#3273,#3274,#3275,#3276)),.UNSPECIFIED.,.F.,.T.,.F.)
B_SPLINE_SURFACE_WITH_KNOTS((3,3),(3,2,2,2,3),(-1.5707963267949,0.),(-3.14159265358979,
-1.5707963267949,0.,1.5707963267949,3.14159265358979),.UNSPECIFIED.)
GEOMETRIC_REPRESENTATION_ITEM()
RATIONAL_B_SPLINE_SURFACE(((1.,0.707106781186548,1.,0.707106781186548,1.,
0.707106781186548,1.,0.707106781186548,1.),(0.707106781186544,0.499999999999998,
0.707106781186544,0.499999999999998,0.707106781186544,0.499999999999998,
0.707106781186544,0.499999999999998,0.707106781186544),(1.,0.707106781186548,
1.,0.707106781186548,1.,0.707106781186548,1.,0.707106781186548,1.)))
REPRESENTATION_ITEM('')
SURFACE()
);
#96=(
BOUNDED_SURFACE()
B_SPLINE_SURFACE(2,2,((#3289,#3290,#3291,#3292,#3293,#3294,#3295,#3296,
#3297),(#3298,#3299,#3300,#3301,#3302,#3303,#3304,#3305,#3306),(#3307,#3308,
#3309,#3310,#3311,#3312,#3313,#3314,#3315)),.UNSPECIFIED.,.F.,.T.,.F.)
B_SPLINE_SURFACE_WITH_KNOTS((3,3),(3,2,2,2,3),(-1.5707963267949,0.),(-3.14159265358979,
-1.5707963267949,0.,1.5707963267949,3.14159265358979),.UNSPECIFIED.)
GEOMETRIC_REPRESENTATION_ITEM()
RATIONAL_B_SPLINE_SURFACE(((1.,0.707106781186548,1.,0.707106781186548,1.,
0.707106781186548,1.,0.707106781186548,1.),(0.707106781186544,0.499999999999998,
0.707106781186544,0.499999999999998,0.707106781186544,0.499999999999998,
0.707106781186544,0.499999999999998,0.707106781186544),(1.,0.707106781186548,
1.,0.707106781186548,1.,0.707106781186548,1.,0.707106781186548,1.)))
REPRESENTATION_ITEM('')
SURFACE()
);
#97=(
BOUNDED_SURFACE()
B_SPLINE_SURFACE(2,2,((#3328,#3329,#3330,#3331,#3332,#3333,#3334,#3335,
#3336),(#3337,#3338,#3339,#3340,#3341,#3342,#3343,#3344,#3345),(#3346,#3347,
#3348,#3349,#3350,#3351,#3352,#3353,#3354)),.UNSPECIFIED.,.F.,.T.,.F.)
B_SPLINE_SURFACE_WITH_KNOTS((3,3),(3,2,2,2,3),(-1.5707963267949,0.),(-3.14159265358979,
-1.5707963267949,0.,1.5707963267949,3.14159265358979),.UNSPECIFIED.)
GEOMETRIC_REPRESENTATION_ITEM()
RATIONAL_B_SPLINE_SURFACE(((1.,0.707106781186548,1.,0.707106781186548,1.,
0.707106781186548,1.,0.707106781186548,1.),(0.707106781186544,0.499999999999998,
0.707106781186544,0.499999999999998,0.707106781186544,0.499999999999998,
0.707106781186544,0.499999999999998,0.707106781186544),(1.,0.707106781186548,
1.,0.707106781186548,1.,0.707106781186548,1.,0.707106781186548,1.)))
REPRESENTATION_ITEM('')
SURFACE()
);
#98=(
BOUNDED_SURFACE()
B_SPLINE_SURFACE(2,2,((#3367,#3368,#3369,#3370,#3371,#3372,#3373,#3374,
#3375),(#3376,#3377,#3378,#3379,#3380,#3381,#3382,#3383,#3384),(#3385,#3386,
#3387,#3388,#3389,#3390,#3391,#3392,#3393)),.UNSPECIFIED.,.F.,.T.,.F.)
B_SPLINE_SURFACE_WITH_KNOTS((3,3),(3,2,2,2,3),(-1.5707963267949,0.),(-3.14159265358979,
-1.5707963267949,0.,1.5707963267949,3.14159265358979),.UNSPECIFIED.)
GEOMETRIC_REPRESENTATION_ITEM()
RATIONAL_B_SPLINE_SURFACE(((1.,0.707106781186548,1.,0.707106781186548,1.,
0.707106781186548,1.,0.707106781186548,1.),(0.707106781186552,0.500000000000004,
0.707106781186552,0.500000000000004,0.707106781186552,0.500000000000004,
0.707106781186552,0.500000000000004,0.707106781186552),(1.,0.707106781186548,
1.,0.707106781186548,1.,0.707106781186548,1.,0.707106781186548,1.)))
REPRESENTATION_ITEM('')
SURFACE()
);
#99=(
BOUNDED_SURFACE()
B_SPLINE_SURFACE(2,2,((#3406,#3407,#3408,#3409,#3410,#3411,#3412,#3413,
#3414),(#3415,#3416,#3417,#3418,#3419,#3420,#3421,#3422,#3423),(#3424,#3425,
#3426,#3427,#3428,#3429,#3430,#3431,#3432)),.UNSPECIFIED.,.F.,.T.,.F.)
B_SPLINE_SURFACE_WITH_KNOTS((3,3),(3,2,2,2,3),(-1.5707963267949,0.),(-3.14159265358979,
-1.5707963267949,0.,1.5707963267949,3.14159265358979),.UNSPECIFIED.)
GEOMETRIC_REPRESENTATION_ITEM()
RATIONAL_B_SPLINE_SURFACE(((1.,0.707106781186548,1.,0.707106781186548,1.,
0.707106781186548,1.,0.707106781186548,1.),(0.707106781186548,0.5,0.707106781186548,
0.5,0.707106781186548,0.5,0.707106781186548,0.5,0.707106781186548),(1.,
0.707106781186548,1.,0.707106781186548,1.,0.707106781186548,1.,0.707106781186548,
1.)))
REPRESENTATION_ITEM('')
SURFACE()
);
#100=(
BOUNDED_SURFACE()
B_SPLINE_SURFACE(2,2,((#3445,#3446,#3447,#3448,#3449,#3450,#3451,#3452,
#3453),(#3454,#3455,#3456,#3457,#3458,#3459,#3460,#3461,#3462),(#3463,#3464,
#3465,#3466,#3467,#3468,#3469,#3470,#3471)),.UNSPECIFIED.,.F.,.T.,.F.)
B_SPLINE_SURFACE_WITH_KNOTS((3,3),(3,2,2,2,3),(-1.5707963267949,0.),(-3.14159265358979,
-1.5707963267949,0.,1.5707963267949,3.14159265358979),.UNSPECIFIED.)
GEOMETRIC_REPRESENTATION_ITEM()
RATIONAL_B_SPLINE_SURFACE(((1.,0.707106781186548,1.,0.707106781186548,1.,
0.707106781186548,1.,0.707106781186548,1.),(0.707106781186547,0.5,0.707106781186547,
0.5,0.707106781186547,0.5,0.707106781186547,0.5,0.707106781186547),(1.,
0.707106781186548,1.,0.707106781186548,1.,0.707106781186548,1.,0.707106781186548,
1.)))
REPRESENTATION_ITEM('')
SURFACE()
);
#101=(
BOUNDED_SURFACE()
B_SPLINE_SURFACE(2,2,((#3484,#3485,#3486,#3487,#3488,#3489,#3490,#3491,
#3492),(#3493,#3494,#3495,#3496,#3497,#3498,#3499,#3500,#3501),(#3502,#3503,
#3504,#3505,#3506,#3507,#3508,#3509,#3510)),.UNSPECIFIED.,.F.,.T.,.F.)
B_SPLINE_SURFACE_WITH_KNOTS((3,3),(3,2,2,2,3),(-1.5707963267949,0.),(-3.14159265358979,
-1.5707963267949,0.,1.5707963267949,3.14159265358979),.UNSPECIFIED.)
GEOMETRIC_REPRESENTATION_ITEM()
RATIONAL_B_SPLINE_SURFACE(((1.,0.707106781186548,1.,0.707106781186548,1.,
0.707106781186548,1.,0.707106781186548,1.),(0.707106781186544,0.499999999999998,
0.707106781186544,0.499999999999998,0.707106781186544,0.499999999999998,
0.707106781186544,0.499999999999998,0.707106781186544),(1.,0.707106781186548,
1.,0.707106781186548,1.,0.707106781186548,1.,0.707106781186548,1.)))
REPRESENTATION_ITEM('')
SURFACE()
);
#102=(
BOUNDED_SURFACE()
B_SPLINE_SURFACE(2,2,((#3523,#3524,#3525,#3526,#3527,#3528,#3529,#3530,
#3531),(#3532,#3533,#3534,#3535,#3536,#3537,#3538,#3539,#3540),(#3541,#3542,
#3543,#3544,#3545,#3546,#3547,#3548,#3549)),.UNSPECIFIED.,.F.,.T.,.F.)
B_SPLINE_SURFACE_WITH_KNOTS((3,3),(3,2,2,2,3),(-1.5707963267949,0.),(-3.14159265358979,
-1.5707963267949,0.,1.5707963267949,3.14159265358979),.UNSPECIFIED.)
GEOMETRIC_REPRESENTATION_ITEM()
RATIONAL_B_SPLINE_SURFACE(((1.,0.707106781186548,1.,0.707106781186548,1.,
0.707106781186548,1.,0.707106781186548,1.),(0.707106781186545,0.499999999999998,
0.707106781186545,0.499999999999998,0.707106781186545,0.499999999999998,
0.707106781186545,0.499999999999998,0.707106781186545),(1.,0.707106781186548,
1.,0.707106781186548,1.,0.707106781186548,1.,0.707106781186548,1.)))
REPRESENTATION_ITEM('')
SURFACE()
);
#103=(
BOUNDED_SURFACE()
B_SPLINE_SURFACE(2,2,((#3562,#3563,#3564,#3565,#3566,#3567,#3568,#3569,
#3570),(#3571,#3572,#3573,#3574,#3575,#3576,#3577,#3578,#3579),(#3580,#3581,
#3582,#3583,#3584,#3585,#3586,#3587,#3588)),.UNSPECIFIED.,.F.,.T.,.F.)
B_SPLINE_SURFACE_WITH_KNOTS((3,3),(3,2,2,2,3),(-1.5707963267949,0.),(-3.14159265358979,
-1.5707963267949,0.,1.5707963267949,3.14159265358979),.UNSPECIFIED.)
GEOMETRIC_REPRESENTATION_ITEM()
RATIONAL_B_SPLINE_SURFACE(((1.,0.707106781186548,1.,0.707106781186548,1.,
0.707106781186548,1.,0.707106781186548,1.),(0.707106781186545,0.499999999999998,
0.707106781186545,0.499999999999998,0.707106781186545,0.499999999999998,
0.707106781186545,0.499999999999998,0.707106781186545),(1.,0.707106781186548,
1.,0.707106781186548,1.,0.707106781186548,1.,0.707106781186548,1.)))
REPRESENTATION_ITEM('')
SURFACE()
);
#104=(
BOUNDED_SURFACE()
B_SPLINE_SURFACE(2,2,((#3601,#3602,#3603,#3604,#3605,#3606,#3607,#3608,
#3609),(#3610,#3611,#3612,#3613,#3614,#3615,#3616,#3617,#3618),(#3619,#3620,
#3621,#3622,#3623,#3624,#3625,#3626,#3627)),.UNSPECIFIED.,.F.,.T.,.F.)
B_SPLINE_SURFACE_WITH_KNOTS((3,3),(3,2,2,2,3),(-1.5707963267949,0.),(-3.14159265358979,
-1.5707963267949,0.,1.5707963267949,3.14159265358979),.UNSPECIFIED.)
GEOMETRIC_REPRESENTATION_ITEM()
RATIONAL_B_SPLINE_SURFACE(((1.,0.707106781186548,1.,0.707106781186548,1.,
0.707106781186548,1.,0.707106781186548,1.),(0.707106781186545,0.499999999999998,
0.707106781186545,0.499999999999998,0.707106781186545,0.499999999999998,
0.707106781186545,0.499999999999998,0.707106781186545),(1.,0.707106781186548,
1.,0.707106781186548,1.,0.707106781186548,1.,0.707106781186548,1.)))
REPRESENTATION_ITEM('')
SURFACE()
);
#105=(
BOUNDED_SURFACE()
B_SPLINE_SURFACE(2,2,((#3640,#3641,#3642,#3643,#3644,#3645,#3646,#3647,
#3648),(#3649,#3650,#3651,#3652,#3653,#3654,#3655,#3656,#3657),(#3658,#3659,
#3660,#3661,#3662,#3663,#3664,#3665,#3666)),.UNSPECIFIED.,.F.,.T.,.F.)
B_SPLINE_SURFACE_WITH_KNOTS((3,3),(3,2,2,2,3),(-1.5707963267949,0.),(-3.14159265358979,
-1.5707963267949,0.,1.5707963267949,3.14159265358979),.UNSPECIFIED.)
GEOMETRIC_REPRESENTATION_ITEM()
RATIONAL_B_SPLINE_SURFACE(((1.,0.707106781186548,1.,0.707106781186548,1.,
0.707106781186548,1.,0.707106781186548,1.),(0.707106781186552,0.500000000000004,
0.707106781186552,0.500000000000004,0.707106781186552,0.500000000000004,
0.707106781186552,0.500000000000004,0.707106781186552),(1.,0.707106781186548,
1.,0.707106781186548,1.,0.707106781186548,1.,0.707106781186548,1.)))
REPRESENTATION_ITEM('')
SURFACE()
);
#106=(
BOUNDED_SURFACE()
B_SPLINE_SURFACE(2,2,((#3679,#3680,#3681,#3682,#3683,#3684,#3685,#3686,
#3687),(#3688,#3689,#3690,#3691,#3692,#3693,#3694,#3695,#3696),(#3697,#3698,
#3699,#3700,#3701,#3702,#3703,#3704,#3705)),.UNSPECIFIED.,.F.,.T.,.F.)
B_SPLINE_SURFACE_WITH_KNOTS((3,3),(3,2,2,2,3),(-1.5707963267949,0.),(-3.14159265358979,
-1.5707963267949,0.,1.5707963267949,3.14159265358979),.UNSPECIFIED.)
GEOMETRIC_REPRESENTATION_ITEM()
RATIONAL_B_SPLINE_SURFACE(((1.,0.707106781186548,1.,0.707106781186548,1.,
0.707106781186548,1.,0.707106781186548,1.),(0.707106781186549,0.500000000000001,
0.707106781186549,0.500000000000001,0.707106781186549,0.500000000000001,
0.707106781186549,0.500000000000001,0.707106781186549),(1.,0.707106781186548,
1.,0.707106781186548,1.,0.707106781186548,1.,0.707106781186548,1.)))
REPRESENTATION_ITEM('')
SURFACE()
);
#107=(
BOUNDED_SURFACE()
B_SPLINE_SURFACE(2,2,((#4168,#4169,#4170,#4171,#4172,#4173,#4174,#4175,
#4176),(#4177,#4178,#4179,#4180,#4181,#4182,#4183,#4184,#4185),(#4186,#4187,
#4188,#4189,#4190,#4191,#4192,#4193,#4194)),.UNSPECIFIED.,.F.,.T.,.F.)
B_SPLINE_SURFACE_WITH_KNOTS((3,3),(3,2,2,2,3),(0.,1.5707963267949),(-3.14159265358979,
-1.5707963267949,0.,1.5707963267949,3.14159265358979),.UNSPECIFIED.)
GEOMETRIC_REPRESENTATION_ITEM()
RATIONAL_B_SPLINE_SURFACE(((1.,0.707106781186548,1.,0.707106781186548,1.,
0.707106781186548,1.,0.707106781186548,1.),(0.707106781186549,0.500000000000001,
0.707106781186549,0.500000000000001,0.707106781186549,0.500000000000001,
0.707106781186549,0.500000000000001,0.707106781186549),(1.,0.707106781186548,
1.,0.707106781186548,1.,0.707106781186548,1.,0.707106781186548,1.)))
REPRESENTATION_ITEM('')
SURFACE()
);
#108=(
BOUNDED_SURFACE()
B_SPLINE_SURFACE(2,2,((#4207,#4208,#4209,#4210,#4211,#4212,#4213,#4214,
#4215),(#4216,#4217,#4218,#4219,#4220,#4221,#4222,#4223,#4224),(#4225,#4226,
#4227,#4228,#4229,#4230,#4231,#4232,#4233)),.UNSPECIFIED.,.F.,.T.,.F.)
B_SPLINE_SURFACE_WITH_KNOTS((3,3),(3,2,2,2,3),(0.,1.5707963267949),(-3.14159265358979,
-1.5707963267949,0.,1.5707963267949,3.14159265358979),.UNSPECIFIED.)
GEOMETRIC_REPRESENTATION_ITEM()
RATIONAL_B_SPLINE_SURFACE(((1.,0.707106781186548,1.,0.707106781186548,1.,
0.707106781186548,1.,0.707106781186548,1.),(0.707106781186557,0.500000000000007,
0.707106781186557,0.500000000000007,0.707106781186557,0.500000000000007,
0.707106781186557,0.500000000000007,0.707106781186557),(1.,0.707106781186548,
1.,0.707106781186548,1.,0.707106781186548,1.,0.707106781186548,1.)))
REPRESENTATION_ITEM('')
SURFACE()
);
#109=(
BOUNDED_SURFACE()
B_SPLINE_SURFACE(2,2,((#4246,#4247,#4248,#4249,#4250,#4251,#4252,#4253,
#4254),(#4255,#4256,#4257,#4258,#4259,#4260,#4261,#4262,#4263),(#4264,#4265,
#4266,#4267,#4268,#4269,#4270,#4271,#4272)),.UNSPECIFIED.,.F.,.T.,.F.)
B_SPLINE_SURFACE_WITH_KNOTS((3,3),(3,2,2,2,3),(0.,1.5707963267949),(-3.14159265358979,
-1.5707963267949,0.,1.5707963267949,3.14159265358979),.UNSPECIFIED.)
GEOMETRIC_REPRESENTATION_ITEM()
RATIONAL_B_SPLINE_SURFACE(((1.,0.707106781186548,1.,0.707106781186548,1.,
0.707106781186548,1.,0.707106781186548,1.),(0.707106781186557,0.500000000000007,
0.707106781186557,0.500000000000007,0.707106781186557,0.500000000000007,
0.707106781186557,0.500000000000007,0.707106781186557),(1.,0.707106781186548,
1.,0.707106781186548,1.,0.707106781186548,1.,0.707106781186548,1.)))
REPRESENTATION_ITEM('')
SURFACE()
);
#110=(
BOUNDED_SURFACE()
B_SPLINE_SURFACE(2,2,((#4285,#4286,#4287,#4288,#4289,#4290,#4291,#4292,
#4293),(#4294,#4295,#4296,#4297,#4298,#4299,#4300,#4301,#4302),(#4303,#4304,
#4305,#4306,#4307,#4308,#4309,#4310,#4311)),.UNSPECIFIED.,.F.,.T.,.F.)
B_SPLINE_SURFACE_WITH_KNOTS((3,3),(3,2,2,2,3),(0.,1.5707963267949),(-3.14159265358979,
-1.5707963267949,0.,1.5707963267949,3.14159265358979),.UNSPECIFIED.)
GEOMETRIC_REPRESENTATION_ITEM()
RATIONAL_B_SPLINE_SURFACE(((1.,0.707106781186548,1.,0.707106781186548,1.,
0.707106781186548,1.,0.707106781186548,1.),(0.707106781186557,0.500000000000007,
0.707106781186557,0.500000000000007,0.707106781186557,0.500000000000007,
0.707106781186557,0.500000000000007,0.707106781186557),(1.,0.707106781186548,
1.,0.707106781186548,1.,0.707106781186548,1.,0.707106781186548,1.)))
REPRESENTATION_ITEM('')
SURFACE()
);
#111=(
BOUNDED_SURFACE()
B_SPLINE_SURFACE(2,2,((#4324,#4325,#4326,#4327,#4328,#4329,#4330,#4331,
#4332),(#4333,#4334,#4335,#4336,#4337,#4338,#4339,#4340,#4341),(#4342,#4343,
#4344,#4345,#4346,#4347,#4348,#4349,#4350)),.UNSPECIFIED.,.F.,.T.,.F.)
B_SPLINE_SURFACE_WITH_KNOTS((3,3),(3,2,2,2,3),(0.,1.5707963267949),(-3.14159265358979,
-1.5707963267949,0.,1.5707963267949,3.14159265358979),.UNSPECIFIED.)
GEOMETRIC_REPRESENTATION_ITEM()
RATIONAL_B_SPLINE_SURFACE(((1.,0.707106781186548,1.,0.707106781186548,1.,
0.707106781186548,1.,0.707106781186548,1.),(0.707106781186557,0.500000000000007,
0.707106781186557,0.500000000000007,0.707106781186557,0.500000000000007,
0.707106781186557,0.500000000000007,0.707106781186557),(1.,0.707106781186548,
1.,0.707106781186548,1.,0.707106781186548,1.,0.707106781186548,1.)))
REPRESENTATION_ITEM('')
SURFACE()
);
#112=(
BOUNDED_SURFACE()
B_SPLINE_SURFACE(2,2,((#4363,#4364,#4365,#4366,#4367,#4368,#4369,#4370,
#4371),(#4372,#4373,#4374,#4375,#4376,#4377,#4378,#4379,#4380),(#4381,#4382,
#4383,#4384,#4385,#4386,#4387,#4388,#4389)),.UNSPECIFIED.,.F.,.T.,.F.)
B_SPLINE_SURFACE_WITH_KNOTS((3,3),(3,2,2,2,3),(0.,1.5707963267949),(-3.14159265358979,
-1.5707963267949,0.,1.5707963267949,3.14159265358979),.UNSPECIFIED.)
GEOMETRIC_REPRESENTATION_ITEM()
RATIONAL_B_SPLINE_SURFACE(((1.,0.707106781186548,1.,0.707106781186548,1.,
0.707106781186548,1.,0.707106781186548,1.),(0.707106781186557,0.500000000000007,
0.707106781186557,0.500000000000007,0.707106781186557,0.500000000000007,
0.707106781186557,0.500000000000007,0.707106781186557),(1.,0.707106781186548,
1.,0.707106781186548,1.,0.707106781186548,1.,0.707106781186548,1.)))
REPRESENTATION_ITEM('')
SURFACE()
);
#113=(
BOUNDED_SURFACE()
B_SPLINE_SURFACE(2,2,((#4402,#4403,#4404,#4405,#4406,#4407,#4408,#4409,
#4410),(#4411,#4412,#4413,#4414,#4415,#4416,#4417,#4418,#4419),(#4420,#4421,
#4422,#4423,#4424,#4425,#4426,#4427,#4428)),.UNSPECIFIED.,.F.,.T.,.F.)
B_SPLINE_SURFACE_WITH_KNOTS((3,3),(3,2,2,2,3),(0.,1.5707963267949),(-3.14159265358979,
-1.5707963267949,0.,1.5707963267949,3.14159265358979),.UNSPECIFIED.)
GEOMETRIC_REPRESENTATION_ITEM()
RATIONAL_B_SPLINE_SURFACE(((1.,0.707106781186548,1.,0.707106781186548,1.,
0.707106781186548,1.,0.707106781186548,1.),(0.707106781186557,0.500000000000007,
0.707106781186557,0.500000000000007,0.707106781186557,0.500000000000007,
0.707106781186557,0.500000000000007,0.707106781186557),(1.,0.707106781186548,
1.,0.707106781186548,1.,0.707106781186548,1.,0.707106781186548,1.)))
REPRESENTATION_ITEM('')
SURFACE()
);
#114=(
BOUNDED_SURFACE()
B_SPLINE_SURFACE(2,2,((#4441,#4442,#4443,#4444,#4445,#4446,#4447,#4448,
#4449),(#4450,#4451,#4452,#4453,#4454,#4455,#4456,#4457,#4458),(#4459,#4460,
#4461,#4462,#4463,#4464,#4465,#4466,#4467)),.UNSPECIFIED.,.F.,.T.,.F.)
B_SPLINE_SURFACE_WITH_KNOTS((3,3),(3,2,2,2,3),(0.,1.5707963267949),(-3.14159265358979,
-1.5707963267949,0.,1.5707963267949,3.14159265358979),.UNSPECIFIED.)
GEOMETRIC_REPRESENTATION_ITEM()
RATIONAL_B_SPLINE_SURFACE(((1.,0.707106781186548,1.,0.707106781186548,1.,
0.707106781186548,1.,0.707106781186548,1.),(0.707106781186557,0.500000000000007,
0.707106781186557,0.500000000000007,0.707106781186557,0.500000000000007,
0.707106781186557,0.500000000000007,0.707106781186557),(1.,0.707106781186548,
1.,0.707106781186548,1.,0.707106781186548,1.,0.707106781186548,1.)))
REPRESENTATION_ITEM('')
SURFACE()
);
#115=(
BOUNDED_SURFACE()
B_SPLINE_SURFACE(2,2,((#4480,#4481,#4482,#4483,#4484,#4485,#4486,#4487,
#4488),(#4489,#4490,#4491,#4492,#4493,#4494,#4495,#4496,#4497),(#4498,#4499,
#4500,#4501,#4502,#4503,#4504,#4505,#4506)),.UNSPECIFIED.,.F.,.T.,.F.)
B_SPLINE_SURFACE_WITH_KNOTS((3,3),(3,2,2,2,3),(0.,1.5707963267949),(-3.14159265358979,
-1.5707963267949,0.,1.5707963267949,3.14159265358979),.UNSPECIFIED.)
GEOMETRIC_REPRESENTATION_ITEM()
RATIONAL_B_SPLINE_SURFACE(((1.,0.707106781186548,1.,0.707106781186548,1.,
0.707106781186548,1.,0.707106781186548,1.),(0.707106781186551,0.500000000000003,
0.707106781186551,0.500000000000003,0.707106781186551,0.500000000000003,
0.707106781186551,0.500000000000003,0.707106781186551),(1.,0.707106781186548,
1.,0.707106781186548,1.,0.707106781186548,1.,0.707106781186548,1.)))
REPRESENTATION_ITEM('')
SURFACE()
);
#116=(
BOUNDED_SURFACE()
B_SPLINE_SURFACE(2,2,((#4519,#4520,#4521,#4522,#4523,#4524,#4525,#4526,
#4527),(#4528,#4529,#4530,#4531,#4532,#4533,#4534,#4535,#4536),(#4537,#4538,
#4539,#4540,#4541,#4542,#4543,#4544,#4545)),.UNSPECIFIED.,.F.,.T.,.F.)
B_SPLINE_SURFACE_WITH_KNOTS((3,3),(3,2,2,2,3),(0.,1.5707963267949),(-3.14159265358979,
-1.5707963267949,0.,1.5707963267949,3.14159265358979),.UNSPECIFIED.)
GEOMETRIC_REPRESENTATION_ITEM()
RATIONAL_B_SPLINE_SURFACE(((1.,0.707106781186548,1.,0.707106781186548,1.,
0.707106781186548,1.,0.707106781186548,1.),(0.707106781186557,0.500000000000007,
0.707106781186557,0.500000000000007,0.707106781186557,0.500000000000007,
0.707106781186557,0.500000000000007,0.707106781186557),(1.,0.707106781186548,
1.,0.707106781186548,1.,0.707106781186548,1.,0.707106781186548,1.)))
REPRESENTATION_ITEM('')
SURFACE()
);
#117=(
BOUNDED_SURFACE()
B_SPLINE_SURFACE(2,2,((#4558,#4559,#4560,#4561,#4562,#4563,#4564,#4565,
#4566),(#4567,#4568,#4569,#4570,#4571,#4572,#4573,#4574,#4575),(#4576,#4577,
#4578,#4579,#4580,#4581,#4582,#4583,#4584)),.UNSPECIFIED.,.F.,.T.,.F.)
B_SPLINE_SURFACE_WITH_KNOTS((3,3),(3,2,2,2,3),(0.,1.5707963267949),(-3.14159265358979,
-1.5707963267949,0.,1.5707963267949,3.14159265358979),.UNSPECIFIED.)
GEOMETRIC_REPRESENTATION_ITEM()
RATIONAL_B_SPLINE_SURFACE(((1.,0.707106781186548,1.,0.707106781186548,1.,
0.707106781186548,1.,0.707106781186548,1.),(0.707106781186557,0.500000000000007,
0.707106781186557,0.500000000000007,0.707106781186557,0.500000000000007,
0.707106781186557,0.500000000000007,0.707106781186557),(1.,0.707106781186548,
1.,0.707106781186548,1.,0.707106781186548,1.,0.707106781186548,1.)))
REPRESENTATION_ITEM('')
SURFACE()
);
#118=(
BOUNDED_SURFACE()
B_SPLINE_SURFACE(2,2,((#4597,#4598,#4599,#4600,#4601,#4602,#4603,#4604,
#4605),(#4606,#4607,#4608,#4609,#4610,#4611,#4612,#4613,#4614),(#4615,#4616,
#4617,#4618,#4619,#4620,#4621,#4622,#4623)),.UNSPECIFIED.,.F.,.T.,.F.)
B_SPLINE_SURFACE_WITH_KNOTS((3,3),(3,2,2,2,3),(0.,1.5707963267949),(-3.14159265358979,
-1.5707963267949,0.,1.5707963267949,3.14159265358979),.UNSPECIFIED.)
GEOMETRIC_REPRESENTATION_ITEM()
RATIONAL_B_SPLINE_SURFACE(((1.,0.707106781186548,1.,0.707106781186548,1.,
0.707106781186548,1.,0.707106781186548,1.),(0.707106781186557,0.500000000000007,
0.707106781186557,0.500000000000007,0.707106781186557,0.500000000000007,
0.707106781186557,0.500000000000007,0.707106781186557),(1.,0.707106781186548,
1.,0.707106781186548,1.,0.707106781186548,1.,0.707106781186548,1.)))
REPRESENTATION_ITEM('')
SURFACE()
);
#119=(
BOUNDED_SURFACE()
B_SPLINE_SURFACE(2,2,((#4636,#4637,#4638,#4639,#4640,#4641,#4642,#4643,
#4644),(#4645,#4646,#4647,#4648,#4649,#4650,#4651,#4652,#4653),(#4654,#4655,
#4656,#4657,#4658,#4659,#4660,#4661,#4662)),.UNSPECIFIED.,.F.,.T.,.F.)
B_SPLINE_SURFACE_WITH_KNOTS((3,3),(3,2,2,2,3),(0.,1.5707963267949),(-3.14159265358979,
-1.5707963267949,0.,1.5707963267949,3.14159265358979),.UNSPECIFIED.)
GEOMETRIC_REPRESENTATION_ITEM()
RATIONAL_B_SPLINE_SURFACE(((1.,0.707106781186548,1.,0.707106781186548,1.,
0.707106781186548,1.,0.707106781186548,1.),(0.707106781186557,0.500000000000007,
0.707106781186557,0.500000000000007,0.707106781186557,0.500000000000007,
0.707106781186557,0.500000000000007,0.707106781186557),(1.,0.707106781186548,
1.,0.707106781186548,1.,0.707106781186548,1.,0.707106781186548,1.)))
REPRESENTATION_ITEM('')
SURFACE()
);
#120=(
BOUNDED_SURFACE()
B_SPLINE_SURFACE(2,2,((#4675,#4676,#4677,#4678,#4679,#4680,#4681,#4682,
#4683),(#4684,#4685,#4686,#4687,#4688,#4689,#4690,#4691,#4692),(#4693,#4694,
#4695,#4696,#4697,#4698,#4699,#4700,#4701)),.UNSPECIFIED.,.F.,.T.,.F.)
B_SPLINE_SURFACE_WITH_KNOTS((3,3),(3,2,2,2,3),(0.,1.5707963267949),(-3.14159265358979,
-1.5707963267949,0.,1.5707963267949,3.14159265358979),.UNSPECIFIED.)
GEOMETRIC_REPRESENTATION_ITEM()
RATIONAL_B_SPLINE_SURFACE(((1.,0.707106781186548,1.,0.707106781186548,1.,
0.707106781186548,1.,0.707106781186548,1.),(0.707106781186557,0.500000000000007,
0.707106781186557,0.500000000000007,0.707106781186557,0.500000000000007,
0.707106781186557,0.500000000000007,0.707106781186557),(1.,0.707106781186548,
1.,0.707106781186548,1.,0.707106781186548,1.,0.707106781186548,1.)))
REPRESENTATION_ITEM('')
SURFACE()
);
#121=(
BOUNDED_SURFACE()
B_SPLINE_SURFACE(2,2,((#4714,#4715,#4716,#4717,#4718,#4719,#4720,#4721,
#4722),(#4723,#4724,#4725,#4726,#4727,#4728,#4729,#4730,#4731),(#4732,#4733,
#4734,#4735,#4736,#4737,#4738,#4739,#4740)),.UNSPECIFIED.,.F.,.T.,.F.)
B_SPLINE_SURFACE_WITH_KNOTS((3,3),(3,2,2,2,3),(0.,1.5707963267949),(-3.14159265358979,
-1.5707963267949,0.,1.5707963267949,3.14159265358979),.UNSPECIFIED.)
GEOMETRIC_REPRESENTATION_ITEM()
RATIONAL_B_SPLINE_SURFACE(((1.,0.707106781186548,1.,0.707106781186548,1.,
0.707106781186548,1.,0.707106781186548,1.),(0.707106781186557,0.500000000000007,
0.707106781186557,0.500000000000007,0.707106781186557,0.500000000000007,
0.707106781186557,0.500000000000007,0.707106781186557),(1.,0.707106781186548,
1.,0.707106781186548,1.,0.707106781186548,1.,0.707106781186548,1.)))
REPRESENTATION_ITEM('')
SURFACE()
);
#122=(
BOUNDED_SURFACE()
B_SPLINE_SURFACE(2,2,((#4753,#4754,#4755,#4756,#4757,#4758,#4759,#4760,
#4761),(#4762,#4763,#4764,#4765,#4766,#4767,#4768,#4769,#4770),(#4771,#4772,
#4773,#4774,#4775,#4776,#4777,#4778,#4779)),.UNSPECIFIED.,.F.,.T.,.F.)
B_SPLINE_SURFACE_WITH_KNOTS((3,3),(3,2,2,2,3),(0.,1.5707963267949),(-3.14159265358979,
-1.5707963267949,0.,1.5707963267949,3.14159265358979),.UNSPECIFIED.)
GEOMETRIC_REPRESENTATION_ITEM()
RATIONAL_B_SPLINE_SURFACE(((1.,0.707106781186548,1.,0.707106781186548,1.,
0.707106781186548,1.,0.707106781186548,1.),(0.707106781186551,0.500000000000003,
0.707106781186551,0.500000000000003,0.707106781186551,0.500000000000003,
0.707106781186551,0.500000000000003,0.707106781186551),(1.,0.707106781186548,
1.,0.707106781186548,1.,0.707106781186548,1.,0.707106781186548,1.)))
REPRESENTATION_ITEM('')
SURFACE()
);
#123=FACE_BOUND('',#469,.T.);
#124=FACE_BOUND('',#470,.T.);
#125=FACE_BOUND('',#523,.T.);
#126=FACE_BOUND('',#524,.T.);
#127=FACE_BOUND('',#526,.T.);
#128=FACE_BOUND('',#527,.T.);
#129=FACE_BOUND('',#528,.T.);
#130=FACE_BOUND('',#529,.T.);
#131=FACE_BOUND('',#530,.T.);
#132=FACE_BOUND('',#531,.T.);
#133=FACE_BOUND('',#532,.T.);
#134=FACE_BOUND('',#533,.T.);
#135=FACE_BOUND('',#534,.T.);
#136=FACE_BOUND('',#535,.T.);
#137=FACE_BOUND('',#536,.T.);
#138=FACE_BOUND('',#537,.T.);
#139=FACE_BOUND('',#538,.T.);
#140=FACE_BOUND('',#539,.T.);
#141=FACE_BOUND('',#540,.T.);
#142=FACE_BOUND('',#541,.T.);
#143=FACE_BOUND('',#542,.T.);
#144=FACE_BOUND('',#592,.T.);
#145=FACE_BOUND('',#596,.T.);
#146=FACE_BOUND('',#605,.T.);
#147=FACE_BOUND('',#618,.T.);
#148=FACE_BOUND('',#619,.T.);
#149=FACE_BOUND('',#620,.T.);
#150=FACE_BOUND('',#621,.T.);
#151=FACE_BOUND('',#622,.T.);
#152=FACE_BOUND('',#623,.T.);
#153=FACE_BOUND('',#624,.T.);
#154=FACE_BOUND('',#625,.T.);
#155=FACE_BOUND('',#626,.T.);
#156=FACE_BOUND('',#627,.T.);
#157=FACE_BOUND('',#628,.T.);
#158=FACE_BOUND('',#629,.T.);
#159=FACE_BOUND('',#630,.T.);
#160=FACE_BOUND('',#631,.T.);
#161=FACE_BOUND('',#632,.T.);
#162=FACE_BOUND('',#633,.T.);
#163=FACE_BOUND('',#634,.T.);
#164=CIRCLE('',#2125,2.75);
#165=CIRCLE('',#2126,2.75);
#166=CIRCLE('',#2129,4.625);
#167=CIRCLE('',#2130,4.625);
#168=CIRCLE('',#2131,4.6);
#169=CIRCLE('',#2132,0.0250000000000017);
#170=CIRCLE('',#2134,4.625);
#171=CIRCLE('',#2136,4.625);
#172=CIRCLE('',#2137,4.625);
#173=CIRCLE('',#2138,4.6);
#174=CIRCLE('',#2139,0.0249999999999972);
#175=CIRCLE('',#2141,4.625);
#176=CIRCLE('',#2143,4.625);
#177=CIRCLE('',#2144,4.625);
#178=CIRCLE('',#2145,4.6);
#179=CIRCLE('',#2146,0.0249999999999995);
#180=CIRCLE('',#2148,4.625);
#181=CIRCLE('',#2150,4.62499999999999);
#182=CIRCLE('',#2151,4.62499999999999);
#183=CIRCLE('',#2152,4.6);
#184=CIRCLE('',#2153,0.0249999999999928);
#185=CIRCLE('',#2155,4.62499999999999);
#186=CIRCLE('',#2157,4.62500000000001);
#187=CIRCLE('',#2158,4.62500000000001);
#188=CIRCLE('',#2159,4.6);
#189=CIRCLE('',#2160,0.0250000000000145);
#190=CIRCLE('',#2162,4.62500000000001);
#191=CIRCLE('',#2164,4.62500000000002);
#192=CIRCLE('',#2165,4.62500000000002);
#193=CIRCLE('',#2166,4.6);
#194=CIRCLE('',#2167,0.0250000000000167);
#195=CIRCLE('',#2169,4.62500000000002);
#196=CIRCLE('',#2171,4.625);
#197=CIRCLE('',#2172,4.625);
#198=CIRCLE('',#2173,4.6);
#199=CIRCLE('',#2174,0.025000000000005);
#200=CIRCLE('',#2176,4.625);
#201=CIRCLE('',#2178,4.625);
#202=CIRCLE('',#2179,4.625);
#203=CIRCLE('',#2180,4.6);
#204=CIRCLE('',#2181,0.0249999999999956);
#205=CIRCLE('',#2183,4.625);
#206=CIRCLE('',#2185,4.625);
#207=CIRCLE('',#2186,4.625);
#208=CIRCLE('',#2187,4.6);
#209=CIRCLE('',#2188,0.0249999999999972);
#210=CIRCLE('',#2190,4.625);
#211=CIRCLE('',#2192,4.625);
#212=CIRCLE('',#2193,4.625);
#213=CIRCLE('',#2194,4.6);
#214=CIRCLE('',#2195,0.0250000000000039);
#215=CIRCLE('',#2197,4.625);
#216=CIRCLE('',#2199,4.625);
#217=CIRCLE('',#2200,4.625);
#218=CIRCLE('',#2201,4.6);
#219=CIRCLE('',#2202,0.0249999999999956);
#220=CIRCLE('',#2204,4.625);
#221=CIRCLE('',#2206,4.62500000000001);
#222=CIRCLE('',#2207,4.62500000000001);
#223=CIRCLE('',#2208,4.6);
#224=CIRCLE('',#2209,0.0250000000000117);
#225=CIRCLE('',#2211,4.62500000000001);
#226=CIRCLE('',#2213,4.62500000000001);
#227=CIRCLE('',#2214,4.62500000000001);
#228=CIRCLE('',#2215,4.6);
#229=CIRCLE('',#2216,0.0250000000000106);
#230=CIRCLE('',#2218,4.62500000000001);
#231=CIRCLE('',#2220,4.62500000000001);
#232=CIRCLE('',#2221,4.62500000000001);
#233=CIRCLE('',#2222,4.6);
#234=CIRCLE('',#2223,0.0250000000000106);
#235=CIRCLE('',#2225,4.62500000000001);
#236=CIRCLE('',#2227,4.62500000000001);
#237=CIRCLE('',#2228,4.62500000000001);
#238=CIRCLE('',#2229,4.6);
#239=CIRCLE('',#2230,0.0250000000000089);
#240=CIRCLE('',#2232,4.62500000000001);
#241=CIRCLE('',#2234,4.625);
#242=CIRCLE('',#2235,4.625);
#243=CIRCLE('',#2236,4.6);
#244=CIRCLE('',#2237,0.0250000000000011);
#245=CIRCLE('',#2239,4.625);
#246=CIRCLE('',#2243,5.);
#247=CIRCLE('',#2244,199.999999999999);
#248=CIRCLE('',#2245,0.00500000000000111);
#249=CIRCLE('',#2246,4.62);
#250=CIRCLE('',#2247,4.625);
#251=CIRCLE('',#2248,4.625);
#252=CIRCLE('',#2250,4.625);
#253=CIRCLE('',#2252,0.00499999999999667);
#254=CIRCLE('',#2253,4.62);
#255=CIRCLE('',#2254,4.625);
#256=CIRCLE('',#2255,4.625);
#257=CIRCLE('',#2257,4.625);
#258=CIRCLE('',#2259,0.00499999999999889);
#259=CIRCLE('',#2260,4.62);
#260=CIRCLE('',#2261,4.625);
#261=CIRCLE('',#2262,4.625);
#262=CIRCLE('',#2264,4.625);
#263=CIRCLE('',#2266,0.00499999999999223);
#264=CIRCLE('',#2267,4.62);
#265=CIRCLE('',#2268,4.62499999999999);
#266=CIRCLE('',#2269,4.62499999999999);
#267=CIRCLE('',#2271,4.62499999999999);
#268=CIRCLE('',#2273,0.00500000000001388);
#269=CIRCLE('',#2274,4.62);
#270=CIRCLE('',#2275,4.62500000000001);
#271=CIRCLE('',#2276,4.62500000000001);
#272=CIRCLE('',#2278,4.62500000000001);
#273=CIRCLE('',#2280,0.0050000000000161);
#274=CIRCLE('',#2281,4.62);
#275=CIRCLE('',#2282,4.62500000000002);
#276=CIRCLE('',#2283,4.62500000000002);
#277=CIRCLE('',#2285,4.62500000000002);
#278=CIRCLE('',#2287,0.00500000000000445);
#279=CIRCLE('',#2288,4.62);
#280=CIRCLE('',#2289,4.625);
#281=CIRCLE('',#2290,4.625);
#282=CIRCLE('',#2292,4.625);
#283=CIRCLE('',#2294,0.00499999999999501);
#284=CIRCLE('',#2295,4.62);
#285=CIRCLE('',#2296,4.625);
#286=CIRCLE('',#2297,4.625);
#287=CIRCLE('',#2299,4.625);
#288=CIRCLE('',#2301,0.00499999999999667);
#289=CIRCLE('',#2302,4.62);
#290=CIRCLE('',#2303,4.625);
#291=CIRCLE('',#2304,4.625);
#292=CIRCLE('',#2306,4.625);
#293=CIRCLE('',#2308,0.00500000000000334);
#294=CIRCLE('',#2309,4.62);
#295=CIRCLE('',#2310,4.625);
#296=CIRCLE('',#2311,4.625);
#297=CIRCLE('',#2313,4.625);
#298=CIRCLE('',#2315,0.00499999999999501);
#299=CIRCLE('',#2316,4.62);
#300=CIRCLE('',#2317,4.625);
#301=CIRCLE('',#2318,4.625);
#302=CIRCLE('',#2320,4.625);
#303=CIRCLE('',#2322,0.00500000000001111);
#304=CIRCLE('',#2323,4.62);
#305=CIRCLE('',#2324,4.62500000000001);
#306=CIRCLE('',#2325,4.62500000000001);
#307=CIRCLE('',#2327,4.62500000000001);
#308=CIRCLE('',#2329,0.00500000000001);
#309=CIRCLE('',#2330,4.62);
#310=CIRCLE('',#2331,4.62500000000001);
#311=CIRCLE('',#2332,4.62500000000001);
#312=CIRCLE('',#2334,4.62500000000001);
#313=CIRCLE('',#2336,0.00500000000001);
#314=CIRCLE('',#2337,4.62);
#315=CIRCLE('',#2338,4.62500000000001);
#316=CIRCLE('',#2339,4.62500000000001);
#317=CIRCLE('',#2341,4.62500000000001);
#318=CIRCLE('',#2343,0.00500000000000833);
#319=CIRCLE('',#2344,4.62);
#320=CIRCLE('',#2345,4.62500000000001);
#321=CIRCLE('',#2346,4.62500000000001);
#322=CIRCLE('',#2348,4.62500000000001);
#323=CIRCLE('',#2350,0.00500000000000056);
#324=CIRCLE('',#2351,4.62);
#325=CIRCLE('',#2352,4.625);
#326=CIRCLE('',#2353,4.625);
#327=CIRCLE('',#2355,4.625);
#328=CIRCLE('',#2358,4.25);
#329=CIRCLE('',#2359,2.75);
#330=CIRCLE('',#2363,4.25);
#331=CIRCLE('',#2364,2.75);
#332=CIRCLE('',#2383,5.);
#333=CIRCLE('',#2385,199.999999999999);
#334=FACE_OUTER_BOUND('',#464,.T.);
#335=FACE_OUTER_BOUND('',#465,.T.);
#336=FACE_OUTER_BOUND('',#466,.T.);
#337=FACE_OUTER_BOUND('',#467,.T.);
#338=FACE_OUTER_BOUND('',#468,.T.);
#339=FACE_OUTER_BOUND('',#471,.T.);
#340=FACE_OUTER_BOUND('',#472,.T.);
#341=FACE_OUTER_BOUND('',#473,.T.);
#342=FACE_OUTER_BOUND('',#474,.T.);
#343=FACE_OUTER_BOUND('',#475,.T.);
#344=FACE_OUTER_BOUND('',#476,.T.);
#345=FACE_OUTER_BOUND('',#477,.T.);
#346=FACE_OUTER_BOUND('',#478,.T.);
#347=FACE_OUTER_BOUND('',#479,.T.);
#348=FACE_OUTER_BOUND('',#480,.T.);
#349=FACE_OUTER_BOUND('',#481,.T.);
#350=FACE_OUTER_BOUND('',#482,.T.);
#351=FACE_OUTER_BOUND('',#483,.T.);
#352=FACE_OUTER_BOUND('',#484,.T.);
#353=FACE_OUTER_BOUND('',#485,.T.);
#354=FACE_OUTER_BOUND('',#486,.T.);
#355=FACE_OUTER_BOUND('',#487,.T.);
#356=FACE_OUTER_BOUND('',#488,.T.);
#357=FACE_OUTER_BOUND('',#489,.T.);
#358=FACE_OUTER_BOUND('',#490,.T.);
#359=FACE_OUTER_BOUND('',#491,.T.);
#360=FACE_OUTER_BOUND('',#492,.T.);
#361=FACE_OUTER_BOUND('',#493,.T.);
#362=FACE_OUTER_BOUND('',#494,.T.);
#363=FACE_OUTER_BOUND('',#495,.T.);
#364=FACE_OUTER_BOUND('',#496,.T.);
#365=FACE_OUTER_BOUND('',#497,.T.);
#366=FACE_OUTER_BOUND('',#498,.T.);
#367=FACE_OUTER_BOUND('',#499,.T.);
#368=FACE_OUTER_BOUND('',#500,.T.);
#369=FACE_OUTER_BOUND('',#501,.T.);
#370=FACE_OUTER_BOUND('',#502,.T.);
#371=FACE_OUTER_BOUND('',#503,.T.);
#372=FACE_OUTER_BOUND('',#504,.T.);
#373=FACE_OUTER_BOUND('',#505,.T.);
#374=FACE_OUTER_BOUND('',#506,.T.);
#375=FACE_OUTER_BOUND('',#507,.T.);
#376=FACE_OUTER_BOUND('',#508,.T.);
#377=FACE_OUTER_BOUND('',#509,.T.);
#378=FACE_OUTER_BOUND('',#510,.T.);
#379=FACE_OUTER_BOUND('',#511,.T.);
#380=FACE_OUTER_BOUND('',#512,.T.);
#381=FACE_OUTER_BOUND('',#513,.T.);
#382=FACE_OUTER_BOUND('',#514,.T.);
#383=FACE_OUTER_BOUND('',#515,.T.);
#384=FACE_OUTER_BOUND('',#516,.T.);
#385=FACE_OUTER_BOUND('',#517,.T.);
#386=FACE_OUTER_BOUND('',#518,.T.);
#387=FACE_OUTER_BOUND('',#519,.T.);
#388=FACE_OUTER_BOUND('',#520,.T.);
#389=FACE_OUTER_BOUND('',#521,.T.);
#390=FACE_OUTER_BOUND('',#522,.T.);
#391=FACE_OUTER_BOUND('',#525,.T.);
#392=FACE_OUTER_BOUND('',#543,.T.);
#393=FACE_OUTER_BOUND('',#544,.T.);
#394=FACE_OUTER_BOUND('',#545,.T.);
#395=FACE_OUTER_BOUND('',#546,.T.);
#396=FACE_OUTER_BOUND('',#547,.T.);
#397=FACE_OUTER_BOUND('',#548,.T.);
#398=FACE_OUTER_BOUND('',#549,.T.);
#399=FACE_OUTER_BOUND('',#550,.T.);
#400=FACE_OUTER_BOUND('',#551,.T.);
#401=FACE_OUTER_BOUND('',#552,.T.);
#402=FACE_OUTER_BOUND('',#553,.T.);
#403=FACE_OUTER_BOUND('',#554,.T.);
#404=FACE_OUTER_BOUND('',#555,.T.);
#405=FACE_OUTER_BOUND('',#556,.T.);
#406=FACE_OUTER_BOUND('',#557,.T.);
#407=FACE_OUTER_BOUND('',#558,.T.);
#408=FACE_OUTER_BOUND('',#559,.T.);
#409=FACE_OUTER_BOUND('',#560,.T.);
#410=FACE_OUTER_BOUND('',#561,.T.);
#411=FACE_OUTER_BOUND('',#562,.T.);
#412=FACE_OUTER_BOUND('',#563,.T.);
#413=FACE_OUTER_BOUND('',#564,.T.);
#414=FACE_OUTER_BOUND('',#565,.T.);
#415=FACE_OUTER_BOUND('',#566,.T.);
#416=FACE_OUTER_BOUND('',#567,.T.);
#417=FACE_OUTER_BOUND('',#568,.T.);
#418=FACE_OUTER_BOUND('',#569,.T.);
#419=FACE_OUTER_BOUND('',#570,.T.);
#420=FACE_OUTER_BOUND('',#571,.T.);
#421=FACE_OUTER_BOUND('',#572,.T.);
#422=FACE_OUTER_BOUND('',#573,.T.);
#423=FACE_OUTER_BOUND('',#574,.T.);
#424=FACE_OUTER_BOUND('',#575,.T.);
#425=FACE_OUTER_BOUND('',#576,.T.);
#426=FACE_OUTER_BOUND('',#577,.T.);
#427=FACE_OUTER_BOUND('',#578,.T.);
#428=FACE_OUTER_BOUND('',#579,.T.);
#429=FACE_OUTER_BOUND('',#580,.T.);
#430=FACE_OUTER_BOUND('',#581,.T.);
#431=FACE_OUTER_BOUND('',#582,.T.);
#432=FACE_OUTER_BOUND('',#583,.T.);
#433=FACE_OUTER_BOUND('',#584,.T.);
#434=FACE_OUTER_BOUND('',#585,.T.);
#435=FACE_OUTER_BOUND('',#586,.T.);
#436=FACE_OUTER_BOUND('',#587,.T.);
#437=FACE_OUTER_BOUND('',#588,.T.);
#438=FACE_OUTER_BOUND('',#589,.T.);
#439=FACE_OUTER_BOUND('',#590,.T.);
#440=FACE_OUTER_BOUND('',#591,.T.);
#441=FACE_OUTER_BOUND('',#593,.T.);
#442=FACE_OUTER_BOUND('',#594,.T.);
#443=FACE_OUTER_BOUND('',#595,.T.);
#444=FACE_OUTER_BOUND('',#597,.T.);
#445=FACE_OUTER_BOUND('',#598,.T.);
#446=FACE_OUTER_BOUND('',#599,.T.);
#447=FACE_OUTER_BOUND('',#600,.T.);
#448=FACE_OUTER_BOUND('',#601,.T.);
#449=FACE_OUTER_BOUND('',#602,.T.);
#450=FACE_OUTER_BOUND('',#603,.T.);
#451=FACE_OUTER_BOUND('',#604,.T.);
#452=FACE_OUTER_BOUND('',#606,.T.);
#453=FACE_OUTER_BOUND('',#607,.T.);
#454=FACE_OUTER_BOUND('',#608,.T.);
#455=FACE_OUTER_BOUND('',#609,.T.);
#456=FACE_OUTER_BOUND('',#610,.T.);
#457=FACE_OUTER_BOUND('',#611,.T.);
#458=FACE_OUTER_BOUND('',#612,.T.);
#459=FACE_OUTER_BOUND('',#613,.T.);
#460=FACE_OUTER_BOUND('',#614,.T.);
#461=FACE_OUTER_BOUND('',#615,.T.);
#462=FACE_OUTER_BOUND('',#616,.T.);
#463=FACE_OUTER_BOUND('',#617,.T.);
#464=EDGE_LOOP('',(#1334,#1335,#1336,#1337));
#465=EDGE_LOOP('',(#1338,#1339,#1340,#1341));
#466=EDGE_LOOP('',(#1342,#1343,#1344,#1345));
#467=EDGE_LOOP('',(#1346,#1347,#1348,#1349));
#468=EDGE_LOOP('',(#1350,#1351,#1352,#1353,#1354,#1355,#1356,#1357,#1358,
#1359,#1360,#1361));
#469=EDGE_LOOP('',(#1362));
#470=EDGE_LOOP('',(#1363));
#471=EDGE_LOOP('',(#1364,#1365,#1366,#1367));
#472=EDGE_LOOP('',(#1368,#1369,#1370,#1371));
#473=EDGE_LOOP('',(#1372,#1373,#1374,#1375,#1376));
#474=EDGE_LOOP('',(#1377,#1378,#1379,#1380,#1381));
#475=EDGE_LOOP('',(#1382));
#476=EDGE_LOOP('',(#1383,#1384,#1385,#1386,#1387));
#477=EDGE_LOOP('',(#1388,#1389,#1390,#1391,#1392));
#478=EDGE_LOOP('',(#1393));
#479=EDGE_LOOP('',(#1394,#1395,#1396,#1397,#1398));
#480=EDGE_LOOP('',(#1399,#1400,#1401,#1402,#1403));
#481=EDGE_LOOP('',(#1404));
#482=EDGE_LOOP('',(#1405,#1406,#1407,#1408,#1409));
#483=EDGE_LOOP('',(#1410,#1411,#1412,#1413,#1414));
#484=EDGE_LOOP('',(#1415));
#485=EDGE_LOOP('',(#1416,#1417,#1418,#1419,#1420));
#486=EDGE_LOOP('',(#1421,#1422,#1423,#1424,#1425));
#487=EDGE_LOOP('',(#1426));
#488=EDGE_LOOP('',(#1427,#1428,#1429,#1430,#1431));
#489=EDGE_LOOP('',(#1432,#1433,#1434,#1435,#1436));
#490=EDGE_LOOP('',(#1437));
#491=EDGE_LOOP('',(#1438,#1439,#1440,#1441,#1442));
#492=EDGE_LOOP('',(#1443,#1444,#1445,#1446,#1447));
#493=EDGE_LOOP('',(#1448));
#494=EDGE_LOOP('',(#1449,#1450,#1451,#1452,#1453));
#495=EDGE_LOOP('',(#1454,#1455,#1456,#1457,#1458));
#496=EDGE_LOOP('',(#1459));
#497=EDGE_LOOP('',(#1460,#1461,#1462,#1463,#1464));
#498=EDGE_LOOP('',(#1465,#1466,#1467,#1468,#1469));
#499=EDGE_LOOP('',(#1470));
#500=EDGE_LOOP('',(#1471,#1472,#1473,#1474,#1475));
#501=EDGE_LOOP('',(#1476,#1477,#1478,#1479,#1480));
#502=EDGE_LOOP('',(#1481));
#503=EDGE_LOOP('',(#1482,#1483,#1484,#1485,#1486));
#504=EDGE_LOOP('',(#1487,#1488,#1489,#1490,#1491));
#505=EDGE_LOOP('',(#1492));
#506=EDGE_LOOP('',(#1493,#1494,#1495,#1496,#1497));
#507=EDGE_LOOP('',(#1498,#1499,#1500,#1501,#1502));
#508=EDGE_LOOP('',(#1503));
#509=EDGE_LOOP('',(#1504,#1505,#1506,#1507,#1508));
#510=EDGE_LOOP('',(#1509,#1510,#1511,#1512,#1513));
#511=EDGE_LOOP('',(#1514));
#512=EDGE_LOOP('',(#1515,#1516,#1517,#1518,#1519));
#513=EDGE_LOOP('',(#1520,#1521,#1522,#1523,#1524));
#514=EDGE_LOOP('',(#1525));
#515=EDGE_LOOP('',(#1526,#1527,#1528,#1529,#1530));
#516=EDGE_LOOP('',(#1531,#1532,#1533,#1534,#1535));
#517=EDGE_LOOP('',(#1536));
#518=EDGE_LOOP('',(#1537,#1538,#1539,#1540,#1541));
#519=EDGE_LOOP('',(#1542,#1543,#1544,#1545,#1546));
#520=EDGE_LOOP('',(#1547));
#521=EDGE_LOOP('',(#1548,#1549,#1550,#1551));
#522=EDGE_LOOP('',(#1552,#1553,#1554,#1555));
#523=EDGE_LOOP('',(#1556,#1557));
#524=EDGE_LOOP('',(#1558,#1559));
#525=EDGE_LOOP('',(#1560,#1561,#1562,#1563,#1564,#1565));
#526=EDGE_LOOP('',(#1566,#1567,#1568,#1569));
#527=EDGE_LOOP('',(#1570));
#528=EDGE_LOOP('',(#1571));
#529=EDGE_LOOP('',(#1572));
#530=EDGE_LOOP('',(#1573));
#531=EDGE_LOOP('',(#1574));
#532=EDGE_LOOP('',(#1575));
#533=EDGE_LOOP('',(#1576));
#534=EDGE_LOOP('',(#1577));
#535=EDGE_LOOP('',(#1578));
#536=EDGE_LOOP('',(#1579));
#537=EDGE_LOOP('',(#1580));
#538=EDGE_LOOP('',(#1581));
#539=EDGE_LOOP('',(#1582));
#540=EDGE_LOOP('',(#1583));
#541=EDGE_LOOP('',(#1584));
#542=EDGE_LOOP('',(#1585));
#543=EDGE_LOOP('',(#1586,#1587,#1588,#1589,#1590));
#544=EDGE_LOOP('',(#1591,#1592,#1593,#1594,#1595));
#545=EDGE_LOOP('',(#1596));
#546=EDGE_LOOP('',(#1597,#1598,#1599,#1600,#1601));
#547=EDGE_LOOP('',(#1602,#1603,#1604,#1605,#1606));
#548=EDGE_LOOP('',(#1607));
#549=EDGE_LOOP('',(#1608,#1609,#1610,#1611,#1612));
#550=EDGE_LOOP('',(#1613,#1614,#1615,#1616,#1617));
#551=EDGE_LOOP('',(#1618));
#552=EDGE_LOOP('',(#1619,#1620,#1621,#1622,#1623));
#553=EDGE_LOOP('',(#1624,#1625,#1626,#1627,#1628));
#554=EDGE_LOOP('',(#1629));
#555=EDGE_LOOP('',(#1630,#1631,#1632,#1633,#1634));
#556=EDGE_LOOP('',(#1635,#1636,#1637,#1638,#1639));
#557=EDGE_LOOP('',(#1640));
#558=EDGE_LOOP('',(#1641,#1642,#1643,#1644,#1645));
#559=EDGE_LOOP('',(#1646,#1647,#1648,#1649,#1650));
#560=EDGE_LOOP('',(#1651));
#561=EDGE_LOOP('',(#1652,#1653,#1654,#1655,#1656));
#562=EDGE_LOOP('',(#1657,#1658,#1659,#1660,#1661));
#563=EDGE_LOOP('',(#1662));
#564=EDGE_LOOP('',(#1663,#1664,#1665,#1666,#1667));
#565=EDGE_LOOP('',(#1668,#1669,#1670,#1671,#1672));
#566=EDGE_LOOP('',(#1673));
#567=EDGE_LOOP('',(#1674,#1675,#1676,#1677,#1678));
#568=EDGE_LOOP('',(#1679,#1680,#1681,#1682,#1683));
#569=EDGE_LOOP('',(#1684));
#570=EDGE_LOOP('',(#1685,#1686,#1687,#1688,#1689));
#571=EDGE_LOOP('',(#1690,#1691,#1692,#1693,#1694));
#572=EDGE_LOOP('',(#1695));
#573=EDGE_LOOP('',(#1696,#1697,#1698,#1699,#1700));
#574=EDGE_LOOP('',(#1701,#1702,#1703,#1704,#1705));
#575=EDGE_LOOP('',(#1706));
#576=EDGE_LOOP('',(#1707,#1708,#1709,#1710,#1711));
#577=EDGE_LOOP('',(#1712,#1713,#1714,#1715,#1716));
#578=EDGE_LOOP('',(#1717));
#579=EDGE_LOOP('',(#1718,#1719,#1720,#1721,#1722));
#580=EDGE_LOOP('',(#1723,#1724,#1725,#1726,#1727));
#581=EDGE_LOOP('',(#1728));
#582=EDGE_LOOP('',(#1729,#1730,#1731,#1732,#1733));
#583=EDGE_LOOP('',(#1734,#1735,#1736,#1737,#1738));
#584=EDGE_LOOP('',(#1739));
#585=EDGE_LOOP('',(#1740,#1741,#1742,#1743,#1744));
#586=EDGE_LOOP('',(#1745,#1746,#1747,#1748,#1749));
#587=EDGE_LOOP('',(#1750));
#588=EDGE_LOOP('',(#1751,#1752,#1753,#1754,#1755));
#589=EDGE_LOOP('',(#1756,#1757,#1758,#1759,#1760));
#590=EDGE_LOOP('',(#1761));
#591=EDGE_LOOP('',(#1762));
#592=EDGE_LOOP('',(#1763));
#593=EDGE_LOOP('',(#1764,#1765,#1766,#1767,#1768));
#594=EDGE_LOOP('',(#1769,#1770,#1771,#1772));
#595=EDGE_LOOP('',(#1773));
#596=EDGE_LOOP('',(#1774));
#597=EDGE_LOOP('',(#1775,#1776,#1777,#1778,#1779));
#598=EDGE_LOOP('',(#1780,#1781,#1782,#1783));
#599=EDGE_LOOP('',(#1784,#1785,#1786,#1787));
#600=EDGE_LOOP('',(#1788,#1789,#1790,#1791));
#601=EDGE_LOOP('',(#1792,#1793,#1794,#1795));
#602=EDGE_LOOP('',(#1796,#1797,#1798,#1799));
#603=EDGE_LOOP('',(#1800,#1801,#1802,#1803));
#604=EDGE_LOOP('',(#1804,#1805,#1806,#1807));
#605=EDGE_LOOP('',(#1808,#1809,#1810,#1811,#1812,#1813,#1814,#1815));
#606=EDGE_LOOP('',(#1816,#1817,#1818,#1819,#1820,#1821,#1822,#1823,#1824));
#607=EDGE_LOOP('',(#1825,#1826,#1827,#1828));
#608=EDGE_LOOP('',(#1829,#1830,#1831,#1832));
#609=EDGE_LOOP('',(#1833,#1834,#1835,#1836,#1837,#1838,#1839,#1840,#1841));
#610=EDGE_LOOP('',(#1842,#1843,#1844,#1845,#1846,#1847,#1848,#1849));
#611=EDGE_LOOP('',(#1850,#1851,#1852,#1853));
#612=EDGE_LOOP('',(#1854,#1855,#1856,#1857));
#613=EDGE_LOOP('',(#1858,#1859,#1860,#1861,#1862,#1863,#1864,#1865,#1866,
#1867,#1868,#1869));
#614=EDGE_LOOP('',(#1870,#1871,#1872,#1873));
#615=EDGE_LOOP('',(#1874,#1875,#1876,#1877));
#616=EDGE_LOOP('',(#1878,#1879,#1880,#1881));
#617=EDGE_LOOP('',(#1882,#1883,#1884,#1885,#1886,#1887));
#618=EDGE_LOOP('',(#1888));
#619=EDGE_LOOP('',(#1889));
#620=EDGE_LOOP('',(#1890));
#621=EDGE_LOOP('',(#1891));
#622=EDGE_LOOP('',(#1892));
#623=EDGE_LOOP('',(#1893));
#624=EDGE_LOOP('',(#1894));
#625=EDGE_LOOP('',(#1895));
#626=EDGE_LOOP('',(#1896));
#627=EDGE_LOOP('',(#1897));
#628=EDGE_LOOP('',(#1898));
#629=EDGE_LOOP('',(#1899));
#630=EDGE_LOOP('',(#1900));
#631=EDGE_LOOP('',(#1901));
#632=EDGE_LOOP('',(#1902));
#633=EDGE_LOOP('',(#1903));
#634=EDGE_LOOP('',(#1904,#1905,#1906,#1907));
#635=LINE('',#3037,#745);
#636=LINE('',#3039,#746);
#637=LINE('',#3041,#747);
#638=LINE('',#3042,#748);
#639=LINE('',#3045,#749);
#640=LINE('',#3047,#750);
#641=LINE('',#3048,#751);
#642=LINE('',#3052,#752);
#643=LINE('',#3054,#753);
#644=LINE('',#3056,#754);
#645=LINE('',#3057,#755);
#646=LINE('',#3060,#756);
#647=LINE('',#3062,#757);
#648=LINE('',#3063,#758);
#649=LINE('',#3065,#759);
#650=LINE('',#3067,#760);
#651=LINE('',#3069,#761);
#652=LINE('',#3071,#762);
#653=LINE('',#3073,#763);
#654=LINE('',#3075,#764);
#655=LINE('',#3077,#765);
#656=LINE('',#3078,#766);
#657=LINE('',#3086,#767);
#658=LINE('',#3088,#768);
#659=LINE('',#3090,#769);
#660=LINE('',#3091,#770);
#661=LINE('',#3093,#771);
#662=LINE('',#3131,#772);
#663=LINE('',#3170,#773);
#664=LINE('',#3209,#774);
#665=LINE('',#3248,#775);
#666=LINE('',#3287,#776);
#667=LINE('',#3326,#777);
#668=LINE('',#3365,#778);
#669=LINE('',#3404,#779);
#670=LINE('',#3443,#780);
#671=LINE('',#3482,#781);
#672=LINE('',#3521,#782);
#673=LINE('',#3560,#783);
#674=LINE('',#3599,#784);
#675=LINE('',#3638,#785);
#676=LINE('',#3677,#786);
#677=LINE('',#3716,#787);
#678=LINE('',#3728,#788);
#679=LINE('',#3730,#789);
#680=LINE('',#3731,#790);
#681=LINE('',#3863,#791);
#682=LINE('',#4157,#792);
#683=LINE('',#4159,#793);
#684=LINE('',#4164,#794);
#685=LINE('',#4166,#795);
#686=LINE('',#4167,#796);
#687=LINE('',#4205,#797);
#688=LINE('',#4244,#798);
#689=LINE('',#4283,#799);
#690=LINE('',#4322,#800);
#691=LINE('',#4361,#801);
#692=LINE('',#4400,#802);
#693=LINE('',#4439,#803);
#694=LINE('',#4478,#804);
#695=LINE('',#4517,#805);
#696=LINE('',#4556,#806);
#697=LINE('',#4595,#807);
#698=LINE('',#4634,#808);
#699=LINE('',#4673,#809);
#700=LINE('',#4712,#810);
#701=LINE('',#4751,#811);
#702=LINE('',#4790,#812);
#703=LINE('',#4798,#813);
#704=LINE('',#4800,#814);
#705=LINE('',#4807,#815);
#706=LINE('',#4809,#816);
#707=LINE('',#4813,#817);
#708=LINE('',#4814,#818);
#709=LINE('',#4815,#819);
#710=LINE('',#4818,#820);
#711=LINE('',#4819,#821);
#712=LINE('',#4822,#822);
#713=LINE('',#4823,#823);
#714=LINE('',#4826,#824);
#715=LINE('',#4827,#825);
#716=LINE('',#4830,#826);
#717=LINE('',#4831,#827);
#718=LINE('',#4834,#828);
#719=LINE('',#4835,#829);
#720=LINE('',#4837,#830);
#721=LINE('',#4839,#831);
#722=LINE('',#4840,#832);
#723=LINE('',#4844,#833);
#724=LINE('',#4845,#834);
#725=LINE('',#4847,#835);
#726=LINE('',#4849,#836);
#727=LINE('',#4850,#837);
#728=LINE('',#4853,#838);
#729=LINE('',#4855,#839);
#730=LINE('',#4856,#840);
#731=LINE('',#4858,#841);
#732=LINE('',#4860,#842);
#733=LINE('',#4861,#843);
#734=LINE('',#4864,#844);
#735=LINE('',#4866,#845);
#736=LINE('',#4867,#846);
#737=LINE('',#4870,#847);
#738=LINE('',#4871,#848);
#739=LINE('',#4874,#849);
#740=LINE('',#4875,#850);
#741=LINE('',#4877,#851);
#742=LINE('',#4880,#852);
#743=LINE('',#4881,#853);
#744=LINE('',#4885,#854);
#745=VECTOR('',#2391,10.);
#746=VECTOR('',#2392,10.);
#747=VECTOR('',#2393,10.);
#748=VECTOR('',#2394,10.);
#749=VECTOR('',#2397,10.);
#750=VECTOR('',#2398,10.);
#751=VECTOR('',#2399,10.);
#752=VECTOR('',#2402,10.);
#753=VECTOR('',#2403,10.);
#754=VECTOR('',#2404,10.);
#755=VECTOR('',#2405,10.);
#756=VECTOR('',#2408,10.);
#757=VECTOR('',#2409,10.);
#758=VECTOR('',#2410,10.);
#759=VECTOR('',#2413,10.);
#760=VECTOR('',#2414,10.);
#761=VECTOR('',#2415,10.);
#762=VECTOR('',#2416,10.);
#763=VECTOR('',#2417,10.);
#764=VECTOR('',#2418,10.);
#765=VECTOR('',#2419,10.);
#766=VECTOR('',#2420,10.);
#767=VECTOR('',#2427,10.);
#768=VECTOR('',#2428,10.);
#769=VECTOR('',#2429,10.);
#770=VECTOR('',#2430,10.);
#771=VECTOR('',#2433,10.);
#772=VECTOR('',#2446,4.625);
#773=VECTOR('',#2461,4.625);
#774=VECTOR('',#2476,4.625);
#775=VECTOR('',#2491,4.62499999999999);
#776=VECTOR('',#2506,4.62500000000001);
#777=VECTOR('',#2521,4.62500000000002);
#778=VECTOR('',#2536,4.625);
#779=VECTOR('',#2551,4.625);
#780=VECTOR('',#2566,4.625);
#781=VECTOR('',#2581,4.625);
#782=VECTOR('',#2596,4.625);
#783=VECTOR('',#2611,4.62500000000001);
#784=VECTOR('',#2626,4.62500000000001);
#785=VECTOR('',#2641,4.62500000000001);
#786=VECTOR('',#2656,4.62500000000001);
#787=VECTOR('',#2671,4.625);
#788=VECTOR('',#2676,10.);
#789=VECTOR('',#2677,10.);
#790=VECTOR('',#2678,10.);
#791=VECTOR('',#2679,10.);
#792=VECTOR('',#2682,10.);
#793=VECTOR('',#2683,10.);
#794=VECTOR('',#2688,10.);
#795=VECTOR('',#2689,10.);
#796=VECTOR('',#2690,10.);
#797=VECTOR('',#2703,4.625);
#798=VECTOR('',#2718,4.625);
#799=VECTOR('',#2733,4.625);
#800=VECTOR('',#2748,4.62499999999999);
#801=VECTOR('',#2763,4.62500000000001);
#802=VECTOR('',#2778,4.62500000000002);
#803=VECTOR('',#2793,4.625);
#804=VECTOR('',#2808,4.625);
#805=VECTOR('',#2823,4.625);
#806=VECTOR('',#2838,4.625);
#807=VECTOR('',#2853,4.625);
#808=VECTOR('',#2868,4.62500000000001);
#809=VECTOR('',#2883,4.62500000000001);
#810=VECTOR('',#2898,4.62500000000001);
#811=VECTOR('',#2913,4.62500000000001);
#812=VECTOR('',#2928,4.625);
#813=VECTOR('',#2939,4.25);
#814=VECTOR('',#2942,2.75);
#815=VECTOR('',#2951,4.25);
#816=VECTOR('',#2954,2.75);
#817=VECTOR('',#2957,10.);
#818=VECTOR('',#2958,10.);
#819=VECTOR('',#2959,10.);
#820=VECTOR('',#2962,10.);
#821=VECTOR('',#2963,10.);
#822=VECTOR('',#2966,10.);
#823=VECTOR('',#2967,10.);
#824=VECTOR('',#2970,10.);
#825=VECTOR('',#2971,10.);
#826=VECTOR('',#2974,10.);
#827=VECTOR('',#2975,10.);
#828=VECTOR('',#2978,10.);
#829=VECTOR('',#2979,10.);
#830=VECTOR('',#2980,10.);
#831=VECTOR('',#2981,10.);
#832=VECTOR('',#2982,10.);
#833=VECTOR('',#2985,10.);
#834=VECTOR('',#2986,10.);
#835=VECTOR('',#2987,10.);
#836=VECTOR('',#2988,10.);
#837=VECTOR('',#2989,10.);
#838=VECTOR('',#2992,10.);
#839=VECTOR('',#2993,10.);
#840=VECTOR('',#2994,10.);
#841=VECTOR('',#2997,10.);
#842=VECTOR('',#3000,10.);
#843=VECTOR('',#3001,10.);
#844=VECTOR('',#3004,10.);
#845=VECTOR('',#3005,10.);
#846=VECTOR('',#3006,10.);
#847=VECTOR('',#3009,10.);
#848=VECTOR('',#3010,10.);
#849=VECTOR('',#3013,10.);
#850=VECTOR('',#3014,10.);
#851=VECTOR('',#3017,10.);
#852=VECTOR('',#3020,10.);
#853=VECTOR('',#3021,10.);
#854=VECTOR('',#3026,10.);
#855=VERTEX_POINT('',#3035);
#856=VERTEX_POINT('',#3036);
#857=VERTEX_POINT('',#3038);
#858=VERTEX_POINT('',#3040);
#859=VERTEX_POINT('',#3044);
#860=VERTEX_POINT('',#3046);
#861=VERTEX_POINT('',#3050);
#862=VERTEX_POINT('',#3051);
#863=VERTEX_POINT('',#3053);
#864=VERTEX_POINT('',#3055);
#865=VERTEX_POINT('',#3059);
#866=VERTEX_POINT('',#3061);
#867=VERTEX_POINT('',#3066);
#868=VERTEX_POINT('',#3068);
#869=VERTEX_POINT('',#3070);
#870=VERTEX_POINT('',#3072);
#871=VERTEX_POINT('',#3074);
#872=VERTEX_POINT('',#3076);
#873=VERTEX_POINT('',#3079);
#874=VERTEX_POINT('',#3081);
#875=VERTEX_POINT('',#3084);
#876=VERTEX_POINT('',#3085);
#877=VERTEX_POINT('',#3087);
#878=VERTEX_POINT('',#3089);
#879=VERTEX_POINT('',#3121);
#880=VERTEX_POINT('',#3122);
#881=VERTEX_POINT('',#3125);
#882=VERTEX_POINT('',#3129);
#883=VERTEX_POINT('',#3160);
#884=VERTEX_POINT('',#3161);
#885=VERTEX_POINT('',#3164);
#886=VERTEX_POINT('',#3168);
#887=VERTEX_POINT('',#3199);
#888=VERTEX_POINT('',#3200);
#889=VERTEX_POINT('',#3203);
#890=VERTEX_POINT('',#3207);
#891=VERTEX_POINT('',#3238);
#892=VERTEX_POINT('',#3239);
#893=VERTEX_POINT('',#3242);
#894=VERTEX_POINT('',#3246);
#895=VERTEX_POINT('',#3277);
#896=VERTEX_POINT('',#3278);
#897=VERTEX_POINT('',#3281);
#898=VERTEX_POINT('',#3285);
#899=VERTEX_POINT('',#3316);
#900=VERTEX_POINT('',#3317);
#901=VERTEX_POINT('',#3320);
#902=VERTEX_POINT('',#3324);
#903=VERTEX_POINT('',#3355);
#904=VERTEX_POINT('',#3356);
#905=VERTEX_POINT('',#3359);
#906=VERTEX_POINT('',#3363);
#907=VERTEX_POINT('',#3394);
#908=VERTEX_POINT('',#3395);
#909=VERTEX_POINT('',#3398);
#910=VERTEX_POINT('',#3402);
#911=VERTEX_POINT('',#3433);
#912=VERTEX_POINT('',#3434);
#913=VERTEX_POINT('',#3437);
#914=VERTEX_POINT('',#3441);
#915=VERTEX_POINT('',#3472);
#916=VERTEX_POINT('',#3473);
#917=VERTEX_POINT('',#3476);
#918=VERTEX_POINT('',#3480);
#919=VERTEX_POINT('',#3511);
#920=VERTEX_POINT('',#3512);
#921=VERTEX_POINT('',#3515);
#922=VERTEX_POINT('',#3519);
#923=VERTEX_POINT('',#3550);
#924=VERTEX_POINT('',#3551);
#925=VERTEX_POINT('',#3554);
#926=VERTEX_POINT('',#3558);
#927=VERTEX_POINT('',#3589);
#928=VERTEX_POINT('',#3590);
#929=VERTEX_POINT('',#3593);
#930=VERTEX_POINT('',#3597);
#931=VERTEX_POINT('',#3628);
#932=VERTEX_POINT('',#3629);
#933=VERTEX_POINT('',#3632);
#934=VERTEX_POINT('',#3636);
#935=VERTEX_POINT('',#3667);
#936=VERTEX_POINT('',#3668);
#937=VERTEX_POINT('',#3671);
#938=VERTEX_POINT('',#3675);
#939=VERTEX_POINT('',#3706);
#940=VERTEX_POINT('',#3707);
#941=VERTEX_POINT('',#3710);
#942=VERTEX_POINT('',#3714);
#943=VERTEX_POINT('',#3719);
#944=VERTEX_POINT('',#3720);
#945=VERTEX_POINT('',#3727);
#946=VERTEX_POINT('',#3729);
#947=VERTEX_POINT('',#3818);
#948=VERTEX_POINT('',#3862);
#949=VERTEX_POINT('',#3907);
#950=VERTEX_POINT('',#3908);
#951=VERTEX_POINT('',#4031);
#952=VERTEX_POINT('',#4032);
#953=VERTEX_POINT('',#4156);
#954=VERTEX_POINT('',#4158);
#955=VERTEX_POINT('',#4160);
#956=VERTEX_POINT('',#4163);
#957=VERTEX_POINT('',#4165);
#958=VERTEX_POINT('',#4195);
#959=VERTEX_POINT('',#4197);
#960=VERTEX_POINT('',#4199);
#961=VERTEX_POINT('',#4203);
#962=VERTEX_POINT('',#4234);
#963=VERTEX_POINT('',#4236);
#964=VERTEX_POINT('',#4238);
#965=VERTEX_POINT('',#4242);
#966=VERTEX_POINT('',#4273);
#967=VERTEX_POINT('',#4275);
#968=VERTEX_POINT('',#4277);
#969=VERTEX_POINT('',#4281);
#970=VERTEX_POINT('',#4312);
#971=VERTEX_POINT('',#4314);
#972=VERTEX_POINT('',#4316);
#973=VERTEX_POINT('',#4320);
#974=VERTEX_POINT('',#4351);
#975=VERTEX_POINT('',#4353);
#976=VERTEX_POINT('',#4355);
#977=VERTEX_POINT('',#4359);
#978=VERTEX_POINT('',#4390);
#979=VERTEX_POINT('',#4392);
#980=VERTEX_POINT('',#4394);
#981=VERTEX_POINT('',#4398);
#982=VERTEX_POINT('',#4429);
#983=VERTEX_POINT('',#4431);
#984=VERTEX_POINT('',#4433);
#985=VERTEX_POINT('',#4437);
#986=VERTEX_POINT('',#4468);
#987=VERTEX_POINT('',#4470);
#988=VERTEX_POINT('',#4472);
#989=VERTEX_POINT('',#4476);
#990=VERTEX_POINT('',#4507);
#991=VERTEX_POINT('',#4509);
#992=VERTEX_POINT('',#4511);
#993=VERTEX_POINT('',#4515);
#994=VERTEX_POINT('',#4546);
#995=VERTEX_POINT('',#4548);
#996=VERTEX_POINT('',#4550);
#997=VERTEX_POINT('',#4554);
#998=VERTEX_POINT('',#4585);
#999=VERTEX_POINT('',#4587);
#1000=VERTEX_POINT('',#4589);
#1001=VERTEX_POINT('',#4593);
#1002=VERTEX_POINT('',#4624);
#1003=VERTEX_POINT('',#4626);
#1004=VERTEX_POINT('',#4628);
#1005=VERTEX_POINT('',#4632);
#1006=VERTEX_POINT('',#4663);
#1007=VERTEX_POINT('',#4665);
#1008=VERTEX_POINT('',#4667);
#1009=VERTEX_POINT('',#4671);
#1010=VERTEX_POINT('',#4702);
#1011=VERTEX_POINT('',#4704);
#1012=VERTEX_POINT('',#4706);
#1013=VERTEX_POINT('',#4710);
#1014=VERTEX_POINT('',#4741);
#1015=VERTEX_POINT('',#4743);
#1016=VERTEX_POINT('',#4745);
#1017=VERTEX_POINT('',#4749);
#1018=VERTEX_POINT('',#4780);
#1019=VERTEX_POINT('',#4782);
#1020=VERTEX_POINT('',#4784);
#1021=VERTEX_POINT('',#4788);
#1022=VERTEX_POINT('',#4793);
#1023=VERTEX_POINT('',#4795);
#1024=VERTEX_POINT('',#4802);
#1025=VERTEX_POINT('',#4804);
#1026=VERTEX_POINT('',#4811);
#1027=VERTEX_POINT('',#4812);
#1028=VERTEX_POINT('',#4817);
#1029=VERTEX_POINT('',#4821);
#1030=VERTEX_POINT('',#4825);
#1031=VERTEX_POINT('',#4829);
#1032=VERTEX_POINT('',#4833);
#1033=VERTEX_POINT('',#4836);
#1034=VERTEX_POINT('',#4838);
#1035=VERTEX_POINT('',#4842);
#1036=VERTEX_POINT('',#4843);
#1037=VERTEX_POINT('',#4846);
#1038=VERTEX_POINT('',#4848);
#1039=VERTEX_POINT('',#4852);
#1040=VERTEX_POINT('',#4854);
#1041=VERTEX_POINT('',#4863);
#1042=VERTEX_POINT('',#4865);
#1043=VERTEX_POINT('',#4869);
#1044=VERTEX_POINT('',#4873);
#1045=VERTEX_POINT('',#4879);
#1046=VERTEX_POINT('',#4883);
#1047=EDGE_CURVE('',#855,#856,#635,.T.);
#1048=EDGE_CURVE('',#857,#855,#636,.T.);
#1049=EDGE_CURVE('',#857,#858,#637,.T.);
#1050=EDGE_CURVE('',#858,#856,#638,.T.);
#1051=EDGE_CURVE('',#859,#858,#639,.T.);
#1052=EDGE_CURVE('',#860,#857,#640,.T.);
#1053=EDGE_CURVE('',#860,#859,#641,.T.);
#1054=EDGE_CURVE('',#861,#862,#642,.T.);
#1055=EDGE_CURVE('',#861,#863,#643,.T.);
#1056=EDGE_CURVE('',#864,#863,#644,.T.);
#1057=EDGE_CURVE('',#862,#864,#645,.T.);
#1058=EDGE_CURVE('',#863,#865,#646,.T.);
#1059=EDGE_CURVE('',#866,#865,#647,.T.);
#1060=EDGE_CURVE('',#864,#866,#648,.T.);
#1061=EDGE_CURVE('',#862,#855,#649,.T.);
#1062=EDGE_CURVE('',#867,#866,#650,.T.);
#1063=EDGE_CURVE('',#868,#867,#651,.T.);
#1064=EDGE_CURVE('',#869,#868,#652,.T.);
#1065=EDGE_CURVE('',#870,#869,#653,.T.);
#1066=EDGE_CURVE('',#871,#870,#654,.T.);
#1067=EDGE_CURVE('',#872,#871,#655,.T.);
#1068=EDGE_CURVE('',#860,#872,#656,.T.);
#1069=EDGE_CURVE('',#873,#873,#164,.T.);
#1070=EDGE_CURVE('',#874,#874,#165,.T.);
#1071=EDGE_CURVE('',#875,#876,#657,.T.);
#1072=EDGE_CURVE('',#877,#876,#658,.T.);
#1073=EDGE_CURVE('',#877,#878,#659,.T.);
#1074=EDGE_CURVE('',#878,#875,#660,.T.);
#1075=EDGE_CURVE('',#861,#856,#661,.T.);
#1076=EDGE_CURVE('',#879,#880,#166,.T.);
#1077=EDGE_CURVE('',#880,#879,#167,.T.);
#1078=EDGE_CURVE('',#879,#881,#168,.T.);
#1079=EDGE_CURVE('',#881,#881,#169,.T.);
#1080=EDGE_CURVE('',#882,#882,#170,.T.);
#1081=EDGE_CURVE('',#882,#880,#662,.T.);
#1082=EDGE_CURVE('',#883,#884,#171,.T.);
#1083=EDGE_CURVE('',#884,#883,#172,.T.);
#1084=EDGE_CURVE('',#883,#885,#173,.T.);
#1085=EDGE_CURVE('',#885,#885,#174,.T.);
#1086=EDGE_CURVE('',#886,#886,#175,.T.);
#1087=EDGE_CURVE('',#886,#884,#663,.T.);
#1088=EDGE_CURVE('',#887,#888,#176,.T.);
#1089=EDGE_CURVE('',#888,#887,#177,.T.);
#1090=EDGE_CURVE('',#887,#889,#178,.T.);
#1091=EDGE_CURVE('',#889,#889,#179,.T.);
#1092=EDGE_CURVE('',#890,#890,#180,.T.);
#1093=EDGE_CURVE('',#890,#888,#664,.T.);
#1094=EDGE_CURVE('',#891,#892,#181,.T.);
#1095=EDGE_CURVE('',#892,#891,#182,.T.);
#1096=EDGE_CURVE('',#891,#893,#183,.T.);
#1097=EDGE_CURVE('',#893,#893,#184,.T.);
#1098=EDGE_CURVE('',#894,#894,#185,.T.);
#1099=EDGE_CURVE('',#894,#892,#665,.T.);
#1100=EDGE_CURVE('',#895,#896,#186,.T.);
#1101=EDGE_CURVE('',#896,#895,#187,.T.);
#1102=EDGE_CURVE('',#895,#897,#188,.T.);
#1103=EDGE_CURVE('',#897,#897,#189,.T.);
#1104=EDGE_CURVE('',#898,#898,#190,.T.);
#1105=EDGE_CURVE('',#898,#896,#666,.T.);
#1106=EDGE_CURVE('',#899,#900,#191,.T.);
#1107=EDGE_CURVE('',#900,#899,#192,.T.);
#1108=EDGE_CURVE('',#899,#901,#193,.T.);
#1109=EDGE_CURVE('',#901,#901,#194,.T.);
#1110=EDGE_CURVE('',#902,#902,#195,.T.);
#1111=EDGE_CURVE('',#902,#900,#667,.T.);
#1112=EDGE_CURVE('',#903,#904,#196,.T.);
#1113=EDGE_CURVE('',#904,#903,#197,.T.);
#1114=EDGE_CURVE('',#903,#905,#198,.T.);
#1115=EDGE_CURVE('',#905,#905,#199,.T.);
#1116=EDGE_CURVE('',#906,#906,#200,.T.);
#1117=EDGE_CURVE('',#906,#904,#668,.T.);
#1118=EDGE_CURVE('',#907,#908,#201,.T.);
#1119=EDGE_CURVE('',#908,#907,#202,.T.);
#1120=EDGE_CURVE('',#907,#909,#203,.T.);
#1121=EDGE_CURVE('',#909,#909,#204,.T.);
#1122=EDGE_CURVE('',#910,#910,#205,.T.);
#1123=EDGE_CURVE('',#910,#908,#669,.T.);
#1124=EDGE_CURVE('',#911,#912,#206,.T.);
#1125=EDGE_CURVE('',#912,#911,#207,.T.);
#1126=EDGE_CURVE('',#911,#913,#208,.T.);
#1127=EDGE_CURVE('',#913,#913,#209,.T.);
#1128=EDGE_CURVE('',#914,#914,#210,.T.);
#1129=EDGE_CURVE('',#914,#912,#670,.T.);
#1130=EDGE_CURVE('',#915,#916,#211,.T.);
#1131=EDGE_CURVE('',#916,#915,#212,.T.);
#1132=EDGE_CURVE('',#915,#917,#213,.T.);
#1133=EDGE_CURVE('',#917,#917,#214,.T.);
#1134=EDGE_CURVE('',#918,#918,#215,.T.);
#1135=EDGE_CURVE('',#918,#916,#671,.T.);
#1136=EDGE_CURVE('',#919,#920,#216,.T.);
#1137=EDGE_CURVE('',#920,#919,#217,.T.);
#1138=EDGE_CURVE('',#919,#921,#218,.T.);
#1139=EDGE_CURVE('',#921,#921,#219,.T.);
#1140=EDGE_CURVE('',#922,#922,#220,.T.);
#1141=EDGE_CURVE('',#922,#920,#672,.T.);
#1142=EDGE_CURVE('',#923,#924,#221,.T.);
#1143=EDGE_CURVE('',#924,#923,#222,.T.);
#1144=EDGE_CURVE('',#923,#925,#223,.T.);
#1145=EDGE_CURVE('',#925,#925,#224,.T.);
#1146=EDGE_CURVE('',#926,#926,#225,.T.);
#1147=EDGE_CURVE('',#926,#924,#673,.T.);
#1148=EDGE_CURVE('',#927,#928,#226,.T.);
#1149=EDGE_CURVE('',#928,#927,#227,.T.);
#1150=EDGE_CURVE('',#927,#929,#228,.T.);
#1151=EDGE_CURVE('',#929,#929,#229,.T.);
#1152=EDGE_CURVE('',#930,#930,#230,.T.);
#1153=EDGE_CURVE('',#930,#928,#674,.T.);
#1154=EDGE_CURVE('',#931,#932,#231,.T.);
#1155=EDGE_CURVE('',#932,#931,#232,.T.);
#1156=EDGE_CURVE('',#931,#933,#233,.T.);
#1157=EDGE_CURVE('',#933,#933,#234,.T.);
#1158=EDGE_CURVE('',#934,#934,#235,.T.);
#1159=EDGE_CURVE('',#934,#932,#675,.T.);
#1160=EDGE_CURVE('',#935,#936,#236,.T.);
#1161=EDGE_CURVE('',#936,#935,#237,.T.);
#1162=EDGE_CURVE('',#935,#937,#238,.T.);
#1163=EDGE_CURVE('',#937,#937,#239,.T.);
#1164=EDGE_CURVE('',#938,#938,#240,.T.);
#1165=EDGE_CURVE('',#938,#936,#676,.T.);
#1166=EDGE_CURVE('',#939,#940,#241,.T.);
#1167=EDGE_CURVE('',#940,#939,#242,.T.);
#1168=EDGE_CURVE('',#939,#941,#243,.T.);
#1169=EDGE_CURVE('',#941,#941,#244,.T.);
#1170=EDGE_CURVE('',#942,#942,#245,.T.);
#1171=EDGE_CURVE('',#942,#940,#677,.T.);
#1172=EDGE_CURVE('',#943,#944,#46,.T.);
#1173=EDGE_CURVE('',#945,#943,#678,.T.);
#1174=EDGE_CURVE('',#946,#945,#679,.T.);
#1175=EDGE_CURVE('',#944,#946,#680,.T.);
#1176=EDGE_CURVE('',#944,#947,#47,.T.);
#1177=EDGE_CURVE('',#947,#948,#681,.T.);
#1178=EDGE_CURVE('',#943,#948,#48,.T.);
#1179=EDGE_CURVE('',#949,#950,#49,.T.);
#1180=EDGE_CURVE('',#950,#949,#50,.T.);
#1181=EDGE_CURVE('',#951,#952,#51,.T.);
#1182=EDGE_CURVE('',#952,#951,#52,.T.);
#1183=EDGE_CURVE('',#953,#946,#682,.T.);
#1184=EDGE_CURVE('',#954,#953,#683,.T.);
#1185=EDGE_CURVE('',#955,#954,#246,.T.);
#1186=EDGE_CURVE('',#947,#955,#247,.T.);
#1187=EDGE_CURVE('',#956,#877,#684,.T.);
#1188=EDGE_CURVE('',#957,#956,#685,.T.);
#1189=EDGE_CURVE('',#878,#957,#686,.T.);
#1190=EDGE_CURVE('',#958,#958,#248,.T.);
#1191=EDGE_CURVE('',#958,#959,#249,.T.);
#1192=EDGE_CURVE('',#959,#960,#250,.T.);
#1193=EDGE_CURVE('',#960,#959,#251,.T.);
#1194=EDGE_CURVE('',#961,#961,#252,.T.);
#1195=EDGE_CURVE('',#961,#960,#687,.T.);
#1196=EDGE_CURVE('',#962,#962,#253,.T.);
#1197=EDGE_CURVE('',#962,#963,#254,.T.);
#1198=EDGE_CURVE('',#963,#964,#255,.T.);
#1199=EDGE_CURVE('',#964,#963,#256,.T.);
#1200=EDGE_CURVE('',#965,#965,#257,.T.);
#1201=EDGE_CURVE('',#965,#964,#688,.T.);
#1202=EDGE_CURVE('',#966,#966,#258,.T.);
#1203=EDGE_CURVE('',#966,#967,#259,.T.);
#1204=EDGE_CURVE('',#967,#968,#260,.T.);
#1205=EDGE_CURVE('',#968,#967,#261,.T.);
#1206=EDGE_CURVE('',#969,#969,#262,.T.);
#1207=EDGE_CURVE('',#969,#968,#689,.T.);
#1208=EDGE_CURVE('',#970,#970,#263,.T.);
#1209=EDGE_CURVE('',#970,#971,#264,.T.);
#1210=EDGE_CURVE('',#971,#972,#265,.T.);
#1211=EDGE_CURVE('',#972,#971,#266,.T.);
#1212=EDGE_CURVE('',#973,#973,#267,.T.);
#1213=EDGE_CURVE('',#973,#972,#690,.T.);
#1214=EDGE_CURVE('',#974,#974,#268,.T.);
#1215=EDGE_CURVE('',#974,#975,#269,.T.);
#1216=EDGE_CURVE('',#975,#976,#270,.T.);
#1217=EDGE_CURVE('',#976,#975,#271,.T.);
#1218=EDGE_CURVE('',#977,#977,#272,.T.);
#1219=EDGE_CURVE('',#977,#976,#691,.T.);
#1220=EDGE_CURVE('',#978,#978,#273,.T.);
#1221=EDGE_CURVE('',#978,#979,#274,.T.);
#1222=EDGE_CURVE('',#979,#980,#275,.T.);
#1223=EDGE_CURVE('',#980,#979,#276,.T.);
#1224=EDGE_CURVE('',#981,#981,#277,.T.);
#1225=EDGE_CURVE('',#981,#980,#692,.T.);
#1226=EDGE_CURVE('',#982,#982,#278,.T.);
#1227=EDGE_CURVE('',#982,#983,#279,.T.);
#1228=EDGE_CURVE('',#983,#984,#280,.T.);
#1229=EDGE_CURVE('',#984,#983,#281,.T.);
#1230=EDGE_CURVE('',#985,#985,#282,.T.);
#1231=EDGE_CURVE('',#985,#984,#693,.T.);
#1232=EDGE_CURVE('',#986,#986,#283,.T.);
#1233=EDGE_CURVE('',#986,#987,#284,.T.);
#1234=EDGE_CURVE('',#987,#988,#285,.T.);
#1235=EDGE_CURVE('',#988,#987,#286,.T.);
#1236=EDGE_CURVE('',#989,#989,#287,.T.);
#1237=EDGE_CURVE('',#989,#988,#694,.T.);
#1238=EDGE_CURVE('',#990,#990,#288,.T.);
#1239=EDGE_CURVE('',#990,#991,#289,.T.);
#1240=EDGE_CURVE('',#991,#992,#290,.T.);
#1241=EDGE_CURVE('',#992,#991,#291,.T.);
#1242=EDGE_CURVE('',#993,#993,#292,.T.);
#1243=EDGE_CURVE('',#993,#992,#695,.T.);
#1244=EDGE_CURVE('',#994,#994,#293,.T.);
#1245=EDGE_CURVE('',#994,#995,#294,.T.);
#1246=EDGE_CURVE('',#995,#996,#295,.T.);
#1247=EDGE_CURVE('',#996,#995,#296,.T.);
#1248=EDGE_CURVE('',#997,#997,#297,.T.);
#1249=EDGE_CURVE('',#997,#996,#696,.T.);
#1250=EDGE_CURVE('',#998,#998,#298,.T.);
#1251=EDGE_CURVE('',#998,#999,#299,.T.);
#1252=EDGE_CURVE('',#999,#1000,#300,.T.);
#1253=EDGE_CURVE('',#1000,#999,#301,.T.);
#1254=EDGE_CURVE('',#1001,#1001,#302,.T.);
#1255=EDGE_CURVE('',#1001,#1000,#697,.T.);
#1256=EDGE_CURVE('',#1002,#1002,#303,.T.);
#1257=EDGE_CURVE('',#1002,#1003,#304,.T.);
#1258=EDGE_CURVE('',#1003,#1004,#305,.T.);
#1259=EDGE_CURVE('',#1004,#1003,#306,.T.);
#1260=EDGE_CURVE('',#1005,#1005,#307,.T.);
#1261=EDGE_CURVE('',#1005,#1004,#698,.T.);
#1262=EDGE_CURVE('',#1006,#1006,#308,.T.);
#1263=EDGE_CURVE('',#1006,#1007,#309,.T.);
#1264=EDGE_CURVE('',#1007,#1008,#310,.T.);
#1265=EDGE_CURVE('',#1008,#1007,#311,.T.);
#1266=EDGE_CURVE('',#1009,#1009,#312,.T.);
#1267=EDGE_CURVE('',#1009,#1008,#699,.T.);
#1268=EDGE_CURVE('',#1010,#1010,#313,.T.);
#1269=EDGE_CURVE('',#1010,#1011,#314,.T.);
#1270=EDGE_CURVE('',#1011,#1012,#315,.T.);
#1271=EDGE_CURVE('',#1012,#1011,#316,.T.);
#1272=EDGE_CURVE('',#1013,#1013,#317,.T.);
#1273=EDGE_CURVE('',#1013,#1012,#700,.T.);
#1274=EDGE_CURVE('',#1014,#1014,#318,.T.);
#1275=EDGE_CURVE('',#1014,#1015,#319,.T.);
#1276=EDGE_CURVE('',#1015,#1016,#320,.T.);
#1277=EDGE_CURVE('',#1016,#1015,#321,.T.);
#1278=EDGE_CURVE('',#1017,#1017,#322,.T.);
#1279=EDGE_CURVE('',#1017,#1016,#701,.T.);
#1280=EDGE_CURVE('',#1018,#1018,#323,.T.);
#1281=EDGE_CURVE('',#1018,#1019,#324,.T.);
#1282=EDGE_CURVE('',#1019,#1020,#325,.T.);
#1283=EDGE_CURVE('',#1020,#1019,#326,.T.);
#1284=EDGE_CURVE('',#1021,#1021,#327,.T.);
#1285=EDGE_CURVE('',#1021,#1020,#702,.T.);
#1286=EDGE_CURVE('',#1022,#1022,#328,.T.);
#1287=EDGE_CURVE('',#1023,#1023,#329,.T.);
#1288=EDGE_CURVE('',#950,#1022,#703,.T.);
#1289=EDGE_CURVE('',#1023,#874,#704,.T.);
#1290=EDGE_CURVE('',#1024,#1024,#330,.T.);
#1291=EDGE_CURVE('',#1025,#1025,#331,.T.);
#1292=EDGE_CURVE('',#952,#1024,#705,.T.);
#1293=EDGE_CURVE('',#1025,#873,#706,.T.);
#1294=EDGE_CURVE('',#1026,#1027,#707,.T.);
#1295=EDGE_CURVE('',#1026,#869,#708,.T.);
#1296=EDGE_CURVE('',#1027,#868,#709,.T.);
#1297=EDGE_CURVE('',#1028,#1026,#710,.T.);
#1298=EDGE_CURVE('',#1028,#870,#711,.T.);
#1299=EDGE_CURVE('',#1029,#1028,#712,.T.);
#1300=EDGE_CURVE('',#1029,#871,#713,.T.);
#1301=EDGE_CURVE('',#1030,#1029,#714,.T.);
#1302=EDGE_CURVE('',#1030,#872,#715,.T.);
#1303=EDGE_CURVE('',#1027,#1031,#716,.T.);
#1304=EDGE_CURVE('',#1031,#867,#717,.T.);
#1305=EDGE_CURVE('',#1032,#945,#718,.T.);
#1306=EDGE_CURVE('',#953,#1032,#719,.T.);
#1307=EDGE_CURVE('',#1033,#1030,#720,.T.);
#1308=EDGE_CURVE('',#1031,#1034,#721,.T.);
#1309=EDGE_CURVE('',#1034,#1033,#722,.T.);
#1310=EDGE_CURVE('',#1035,#1036,#723,.T.);
#1311=EDGE_CURVE('',#1035,#859,#724,.T.);
#1312=EDGE_CURVE('',#1033,#1037,#725,.T.);
#1313=EDGE_CURVE('',#1037,#1038,#726,.T.);
#1314=EDGE_CURVE('',#1036,#1038,#727,.T.);
#1315=EDGE_CURVE('',#1038,#1039,#728,.T.);
#1316=EDGE_CURVE('',#1040,#1037,#729,.T.);
#1317=EDGE_CURVE('',#1039,#1040,#730,.T.);
#1318=EDGE_CURVE('',#1034,#1040,#731,.T.);
#1319=EDGE_CURVE('',#1039,#875,#732,.T.);
#1320=EDGE_CURVE('',#865,#876,#733,.T.);
#1321=EDGE_CURVE('',#957,#1041,#734,.T.);
#1322=EDGE_CURVE('',#1042,#1041,#735,.T.);
#1323=EDGE_CURVE('',#1036,#1042,#736,.T.);
#1324=EDGE_CURVE('',#956,#1043,#737,.T.);
#1325=EDGE_CURVE('',#1041,#1043,#738,.T.);
#1326=EDGE_CURVE('',#1044,#1042,#739,.T.);
#1327=EDGE_CURVE('',#1035,#1044,#740,.T.);
#1328=EDGE_CURVE('',#1043,#1044,#741,.T.);
#1329=EDGE_CURVE('',#1045,#1032,#742,.T.);
#1330=EDGE_CURVE('',#954,#1045,#743,.T.);
#1331=EDGE_CURVE('',#1046,#1045,#332,.T.);
#1332=EDGE_CURVE('',#955,#1046,#744,.T.);
#1333=EDGE_CURVE('',#948,#1046,#333,.T.);
#1334=ORIENTED_EDGE('',*,*,#1047,.F.);
#1335=ORIENTED_EDGE('',*,*,#1048,.F.);
#1336=ORIENTED_EDGE('',*,*,#1049,.T.);
#1337=ORIENTED_EDGE('',*,*,#1050,.T.);
#1338=ORIENTED_EDGE('',*,*,#1051,.T.);
#1339=ORIENTED_EDGE('',*,*,#1049,.F.);
#1340=ORIENTED_EDGE('',*,*,#1052,.F.);
#1341=ORIENTED_EDGE('',*,*,#1053,.T.);
#1342=ORIENTED_EDGE('',*,*,#1054,.F.);
#1343=ORIENTED_EDGE('',*,*,#1055,.T.);
#1344=ORIENTED_EDGE('',*,*,#1056,.F.);
#1345=ORIENTED_EDGE('',*,*,#1057,.F.);
#1346=ORIENTED_EDGE('',*,*,#1058,.T.);
#1347=ORIENTED_EDGE('',*,*,#1059,.F.);
#1348=ORIENTED_EDGE('',*,*,#1060,.F.);
#1349=ORIENTED_EDGE('',*,*,#1056,.T.);
#1350=ORIENTED_EDGE('',*,*,#1052,.T.);
#1351=ORIENTED_EDGE('',*,*,#1048,.T.);
#1352=ORIENTED_EDGE('',*,*,#1061,.F.);
#1353=ORIENTED_EDGE('',*,*,#1057,.T.);
#1354=ORIENTED_EDGE('',*,*,#1060,.T.);
#1355=ORIENTED_EDGE('',*,*,#1062,.F.);
#1356=ORIENTED_EDGE('',*,*,#1063,.F.);
#1357=ORIENTED_EDGE('',*,*,#1064,.F.);
#1358=ORIENTED_EDGE('',*,*,#1065,.F.);
#1359=ORIENTED_EDGE('',*,*,#1066,.F.);
#1360=ORIENTED_EDGE('',*,*,#1067,.F.);
#1361=ORIENTED_EDGE('',*,*,#1068,.F.);
#1362=ORIENTED_EDGE('',*,*,#1069,.T.);
#1363=ORIENTED_EDGE('',*,*,#1070,.T.);
#1364=ORIENTED_EDGE('',*,*,#1071,.T.);
#1365=ORIENTED_EDGE('',*,*,#1072,.F.);
#1366=ORIENTED_EDGE('',*,*,#1073,.T.);
#1367=ORIENTED_EDGE('',*,*,#1074,.T.);
#1368=ORIENTED_EDGE('',*,*,#1047,.T.);
#1369=ORIENTED_EDGE('',*,*,#1075,.F.);
#1370=ORIENTED_EDGE('',*,*,#1054,.T.);
#1371=ORIENTED_EDGE('',*,*,#1061,.T.);
#1372=ORIENTED_EDGE('',*,*,#1076,.T.);
#1373=ORIENTED_EDGE('',*,*,#1077,.T.);
#1374=ORIENTED_EDGE('',*,*,#1078,.T.);
#1375=ORIENTED_EDGE('',*,*,#1079,.T.);
#1376=ORIENTED_EDGE('',*,*,#1078,.F.);
#1377=ORIENTED_EDGE('',*,*,#1080,.F.);
#1378=ORIENTED_EDGE('',*,*,#1081,.T.);
#1379=ORIENTED_EDGE('',*,*,#1076,.F.);
#1380=ORIENTED_EDGE('',*,*,#1077,.F.);
#1381=ORIENTED_EDGE('',*,*,#1081,.F.);
#1382=ORIENTED_EDGE('',*,*,#1079,.F.);
#1383=ORIENTED_EDGE('',*,*,#1082,.T.);
#1384=ORIENTED_EDGE('',*,*,#1083,.T.);
#1385=ORIENTED_EDGE('',*,*,#1084,.T.);
#1386=ORIENTED_EDGE('',*,*,#1085,.T.);
#1387=ORIENTED_EDGE('',*,*,#1084,.F.);
#1388=ORIENTED_EDGE('',*,*,#1086,.F.);
#1389=ORIENTED_EDGE('',*,*,#1087,.T.);
#1390=ORIENTED_EDGE('',*,*,#1082,.F.);
#1391=ORIENTED_EDGE('',*,*,#1083,.F.);
#1392=ORIENTED_EDGE('',*,*,#1087,.F.);
#1393=ORIENTED_EDGE('',*,*,#1085,.F.);
#1394=ORIENTED_EDGE('',*,*,#1088,.T.);
#1395=ORIENTED_EDGE('',*,*,#1089,.T.);
#1396=ORIENTED_EDGE('',*,*,#1090,.T.);
#1397=ORIENTED_EDGE('',*,*,#1091,.T.);
#1398=ORIENTED_EDGE('',*,*,#1090,.F.);
#1399=ORIENTED_EDGE('',*,*,#1092,.F.);
#1400=ORIENTED_EDGE('',*,*,#1093,.T.);
#1401=ORIENTED_EDGE('',*,*,#1088,.F.);
#1402=ORIENTED_EDGE('',*,*,#1089,.F.);
#1403=ORIENTED_EDGE('',*,*,#1093,.F.);
#1404=ORIENTED_EDGE('',*,*,#1091,.F.);
#1405=ORIENTED_EDGE('',*,*,#1094,.T.);
#1406=ORIENTED_EDGE('',*,*,#1095,.T.);
#1407=ORIENTED_EDGE('',*,*,#1096,.T.);
#1408=ORIENTED_EDGE('',*,*,#1097,.T.);
#1409=ORIENTED_EDGE('',*,*,#1096,.F.);
#1410=ORIENTED_EDGE('',*,*,#1098,.F.);
#1411=ORIENTED_EDGE('',*,*,#1099,.T.);
#1412=ORIENTED_EDGE('',*,*,#1094,.F.);
#1413=ORIENTED_EDGE('',*,*,#1095,.F.);
#1414=ORIENTED_EDGE('',*,*,#1099,.F.);
#1415=ORIENTED_EDGE('',*,*,#1097,.F.);
#1416=ORIENTED_EDGE('',*,*,#1100,.T.);
#1417=ORIENTED_EDGE('',*,*,#1101,.T.);
#1418=ORIENTED_EDGE('',*,*,#1102,.T.);
#1419=ORIENTED_EDGE('',*,*,#1103,.T.);
#1420=ORIENTED_EDGE('',*,*,#1102,.F.);
#1421=ORIENTED_EDGE('',*,*,#1104,.F.);
#1422=ORIENTED_EDGE('',*,*,#1105,.T.);
#1423=ORIENTED_EDGE('',*,*,#1100,.F.);
#1424=ORIENTED_EDGE('',*,*,#1101,.F.);
#1425=ORIENTED_EDGE('',*,*,#1105,.F.);
#1426=ORIENTED_EDGE('',*,*,#1103,.F.);
#1427=ORIENTED_EDGE('',*,*,#1106,.T.);
#1428=ORIENTED_EDGE('',*,*,#1107,.T.);
#1429=ORIENTED_EDGE('',*,*,#1108,.T.);
#1430=ORIENTED_EDGE('',*,*,#1109,.T.);
#1431=ORIENTED_EDGE('',*,*,#1108,.F.);
#1432=ORIENTED_EDGE('',*,*,#1110,.F.);
#1433=ORIENTED_EDGE('',*,*,#1111,.T.);
#1434=ORIENTED_EDGE('',*,*,#1106,.F.);
#1435=ORIENTED_EDGE('',*,*,#1107,.F.);
#1436=ORIENTED_EDGE('',*,*,#1111,.F.);
#1437=ORIENTED_EDGE('',*,*,#1109,.F.);
#1438=ORIENTED_EDGE('',*,*,#1112,.T.);
#1439=ORIENTED_EDGE('',*,*,#1113,.T.);
#1440=ORIENTED_EDGE('',*,*,#1114,.T.);
#1441=ORIENTED_EDGE('',*,*,#1115,.T.);
#1442=ORIENTED_EDGE('',*,*,#1114,.F.);
#1443=ORIENTED_EDGE('',*,*,#1116,.F.);
#1444=ORIENTED_EDGE('',*,*,#1117,.T.);
#1445=ORIENTED_EDGE('',*,*,#1112,.F.);
#1446=ORIENTED_EDGE('',*,*,#1113,.F.);
#1447=ORIENTED_EDGE('',*,*,#1117,.F.);
#1448=ORIENTED_EDGE('',*,*,#1115,.F.);
#1449=ORIENTED_EDGE('',*,*,#1118,.T.);
#1450=ORIENTED_EDGE('',*,*,#1119,.T.);
#1451=ORIENTED_EDGE('',*,*,#1120,.T.);
#1452=ORIENTED_EDGE('',*,*,#1121,.T.);
#1453=ORIENTED_EDGE('',*,*,#1120,.F.);
#1454=ORIENTED_EDGE('',*,*,#1122,.F.);
#1455=ORIENTED_EDGE('',*,*,#1123,.T.);
#1456=ORIENTED_EDGE('',*,*,#1118,.F.);
#1457=ORIENTED_EDGE('',*,*,#1119,.F.);
#1458=ORIENTED_EDGE('',*,*,#1123,.F.);
#1459=ORIENTED_EDGE('',*,*,#1121,.F.);
#1460=ORIENTED_EDGE('',*,*,#1124,.T.);
#1461=ORIENTED_EDGE('',*,*,#1125,.T.);
#1462=ORIENTED_EDGE('',*,*,#1126,.T.);
#1463=ORIENTED_EDGE('',*,*,#1127,.T.);
#1464=ORIENTED_EDGE('',*,*,#1126,.F.);
#1465=ORIENTED_EDGE('',*,*,#1128,.F.);
#1466=ORIENTED_EDGE('',*,*,#1129,.T.);
#1467=ORIENTED_EDGE('',*,*,#1124,.F.);
#1468=ORIENTED_EDGE('',*,*,#1125,.F.);
#1469=ORIENTED_EDGE('',*,*,#1129,.F.);
#1470=ORIENTED_EDGE('',*,*,#1127,.F.);
#1471=ORIENTED_EDGE('',*,*,#1130,.T.);
#1472=ORIENTED_EDGE('',*,*,#1131,.T.);
#1473=ORIENTED_EDGE('',*,*,#1132,.T.);
#1474=ORIENTED_EDGE('',*,*,#1133,.T.);
#1475=ORIENTED_EDGE('',*,*,#1132,.F.);
#1476=ORIENTED_EDGE('',*,*,#1134,.F.);
#1477=ORIENTED_EDGE('',*,*,#1135,.T.);
#1478=ORIENTED_EDGE('',*,*,#1130,.F.);
#1479=ORIENTED_EDGE('',*,*,#1131,.F.);
#1480=ORIENTED_EDGE('',*,*,#1135,.F.);
#1481=ORIENTED_EDGE('',*,*,#1133,.F.);
#1482=ORIENTED_EDGE('',*,*,#1136,.T.);
#1483=ORIENTED_EDGE('',*,*,#1137,.T.);
#1484=ORIENTED_EDGE('',*,*,#1138,.T.);
#1485=ORIENTED_EDGE('',*,*,#1139,.T.);
#1486=ORIENTED_EDGE('',*,*,#1138,.F.);
#1487=ORIENTED_EDGE('',*,*,#1140,.F.);
#1488=ORIENTED_EDGE('',*,*,#1141,.T.);
#1489=ORIENTED_EDGE('',*,*,#1136,.F.);
#1490=ORIENTED_EDGE('',*,*,#1137,.F.);
#1491=ORIENTED_EDGE('',*,*,#1141,.F.);
#1492=ORIENTED_EDGE('',*,*,#1139,.F.);
#1493=ORIENTED_EDGE('',*,*,#1142,.T.);
#1494=ORIENTED_EDGE('',*,*,#1143,.T.);
#1495=ORIENTED_EDGE('',*,*,#1144,.T.);
#1496=ORIENTED_EDGE('',*,*,#1145,.T.);
#1497=ORIENTED_EDGE('',*,*,#1144,.F.);
#1498=ORIENTED_EDGE('',*,*,#1146,.F.);
#1499=ORIENTED_EDGE('',*,*,#1147,.T.);
#1500=ORIENTED_EDGE('',*,*,#1142,.F.);
#1501=ORIENTED_EDGE('',*,*,#1143,.F.);
#1502=ORIENTED_EDGE('',*,*,#1147,.F.);
#1503=ORIENTED_EDGE('',*,*,#1145,.F.);
#1504=ORIENTED_EDGE('',*,*,#1148,.T.);
#1505=ORIENTED_EDGE('',*,*,#1149,.T.);
#1506=ORIENTED_EDGE('',*,*,#1150,.T.);
#1507=ORIENTED_EDGE('',*,*,#1151,.T.);
#1508=ORIENTED_EDGE('',*,*,#1150,.F.);
#1509=ORIENTED_EDGE('',*,*,#1152,.F.);
#1510=ORIENTED_EDGE('',*,*,#1153,.T.);
#1511=ORIENTED_EDGE('',*,*,#1148,.F.);
#1512=ORIENTED_EDGE('',*,*,#1149,.F.);
#1513=ORIENTED_EDGE('',*,*,#1153,.F.);
#1514=ORIENTED_EDGE('',*,*,#1151,.F.);
#1515=ORIENTED_EDGE('',*,*,#1154,.T.);
#1516=ORIENTED_EDGE('',*,*,#1155,.T.);
#1517=ORIENTED_EDGE('',*,*,#1156,.T.);
#1518=ORIENTED_EDGE('',*,*,#1157,.T.);
#1519=ORIENTED_EDGE('',*,*,#1156,.F.);
#1520=ORIENTED_EDGE('',*,*,#1158,.F.);
#1521=ORIENTED_EDGE('',*,*,#1159,.T.);
#1522=ORIENTED_EDGE('',*,*,#1154,.F.);
#1523=ORIENTED_EDGE('',*,*,#1155,.F.);
#1524=ORIENTED_EDGE('',*,*,#1159,.F.);
#1525=ORIENTED_EDGE('',*,*,#1157,.F.);
#1526=ORIENTED_EDGE('',*,*,#1160,.T.);
#1527=ORIENTED_EDGE('',*,*,#1161,.T.);
#1528=ORIENTED_EDGE('',*,*,#1162,.T.);
#1529=ORIENTED_EDGE('',*,*,#1163,.T.);
#1530=ORIENTED_EDGE('',*,*,#1162,.F.);
#1531=ORIENTED_EDGE('',*,*,#1164,.F.);
#1532=ORIENTED_EDGE('',*,*,#1165,.T.);
#1533=ORIENTED_EDGE('',*,*,#1160,.F.);
#1534=ORIENTED_EDGE('',*,*,#1161,.F.);
#1535=ORIENTED_EDGE('',*,*,#1165,.F.);
#1536=ORIENTED_EDGE('',*,*,#1163,.F.);
#1537=ORIENTED_EDGE('',*,*,#1166,.T.);
#1538=ORIENTED_EDGE('',*,*,#1167,.T.);
#1539=ORIENTED_EDGE('',*,*,#1168,.T.);
#1540=ORIENTED_EDGE('',*,*,#1169,.T.);
#1541=ORIENTED_EDGE('',*,*,#1168,.F.);
#1542=ORIENTED_EDGE('',*,*,#1170,.F.);
#1543=ORIENTED_EDGE('',*,*,#1171,.T.);
#1544=ORIENTED_EDGE('',*,*,#1166,.F.);
#1545=ORIENTED_EDGE('',*,*,#1167,.F.);
#1546=ORIENTED_EDGE('',*,*,#1171,.F.);
#1547=ORIENTED_EDGE('',*,*,#1169,.F.);
#1548=ORIENTED_EDGE('',*,*,#1172,.F.);
#1549=ORIENTED_EDGE('',*,*,#1173,.F.);
#1550=ORIENTED_EDGE('',*,*,#1174,.F.);
#1551=ORIENTED_EDGE('',*,*,#1175,.F.);
#1552=ORIENTED_EDGE('',*,*,#1172,.T.);
#1553=ORIENTED_EDGE('',*,*,#1176,.T.);
#1554=ORIENTED_EDGE('',*,*,#1177,.T.);
#1555=ORIENTED_EDGE('',*,*,#1178,.F.);
#1556=ORIENTED_EDGE('',*,*,#1179,.T.);
#1557=ORIENTED_EDGE('',*,*,#1180,.T.);
#1558=ORIENTED_EDGE('',*,*,#1181,.T.);
#1559=ORIENTED_EDGE('',*,*,#1182,.T.);
#1560=ORIENTED_EDGE('',*,*,#1175,.T.);
#1561=ORIENTED_EDGE('',*,*,#1183,.F.);
#1562=ORIENTED_EDGE('',*,*,#1184,.F.);
#1563=ORIENTED_EDGE('',*,*,#1185,.F.);
#1564=ORIENTED_EDGE('',*,*,#1186,.F.);
#1565=ORIENTED_EDGE('',*,*,#1176,.F.);
#1566=ORIENTED_EDGE('',*,*,#1187,.F.);
#1567=ORIENTED_EDGE('',*,*,#1188,.F.);
#1568=ORIENTED_EDGE('',*,*,#1189,.F.);
#1569=ORIENTED_EDGE('',*,*,#1073,.F.);
#1570=ORIENTED_EDGE('',*,*,#1080,.T.);
#1571=ORIENTED_EDGE('',*,*,#1086,.T.);
#1572=ORIENTED_EDGE('',*,*,#1092,.T.);
#1573=ORIENTED_EDGE('',*,*,#1098,.T.);
#1574=ORIENTED_EDGE('',*,*,#1104,.T.);
#1575=ORIENTED_EDGE('',*,*,#1110,.T.);
#1576=ORIENTED_EDGE('',*,*,#1116,.T.);
#1577=ORIENTED_EDGE('',*,*,#1122,.T.);
#1578=ORIENTED_EDGE('',*,*,#1128,.T.);
#1579=ORIENTED_EDGE('',*,*,#1134,.T.);
#1580=ORIENTED_EDGE('',*,*,#1140,.T.);
#1581=ORIENTED_EDGE('',*,*,#1146,.T.);
#1582=ORIENTED_EDGE('',*,*,#1152,.T.);
#1583=ORIENTED_EDGE('',*,*,#1158,.T.);
#1584=ORIENTED_EDGE('',*,*,#1164,.T.);
#1585=ORIENTED_EDGE('',*,*,#1170,.T.);
#1586=ORIENTED_EDGE('',*,*,#1190,.T.);
#1587=ORIENTED_EDGE('',*,*,#1191,.T.);
#1588=ORIENTED_EDGE('',*,*,#1192,.T.);
#1589=ORIENTED_EDGE('',*,*,#1193,.T.);
#1590=ORIENTED_EDGE('',*,*,#1191,.F.);
#1591=ORIENTED_EDGE('',*,*,#1194,.F.);
#1592=ORIENTED_EDGE('',*,*,#1195,.T.);
#1593=ORIENTED_EDGE('',*,*,#1192,.F.);
#1594=ORIENTED_EDGE('',*,*,#1193,.F.);
#1595=ORIENTED_EDGE('',*,*,#1195,.F.);
#1596=ORIENTED_EDGE('',*,*,#1190,.F.);
#1597=ORIENTED_EDGE('',*,*,#1196,.T.);
#1598=ORIENTED_EDGE('',*,*,#1197,.T.);
#1599=ORIENTED_EDGE('',*,*,#1198,.T.);
#1600=ORIENTED_EDGE('',*,*,#1199,.T.);
#1601=ORIENTED_EDGE('',*,*,#1197,.F.);
#1602=ORIENTED_EDGE('',*,*,#1200,.F.);
#1603=ORIENTED_EDGE('',*,*,#1201,.T.);
#1604=ORIENTED_EDGE('',*,*,#1198,.F.);
#1605=ORIENTED_EDGE('',*,*,#1199,.F.);
#1606=ORIENTED_EDGE('',*,*,#1201,.F.);
#1607=ORIENTED_EDGE('',*,*,#1196,.F.);
#1608=ORIENTED_EDGE('',*,*,#1202,.T.);
#1609=ORIENTED_EDGE('',*,*,#1203,.T.);
#1610=ORIENTED_EDGE('',*,*,#1204,.T.);
#1611=ORIENTED_EDGE('',*,*,#1205,.T.);
#1612=ORIENTED_EDGE('',*,*,#1203,.F.);
#1613=ORIENTED_EDGE('',*,*,#1206,.F.);
#1614=ORIENTED_EDGE('',*,*,#1207,.T.);
#1615=ORIENTED_EDGE('',*,*,#1204,.F.);
#1616=ORIENTED_EDGE('',*,*,#1205,.F.);
#1617=ORIENTED_EDGE('',*,*,#1207,.F.);
#1618=ORIENTED_EDGE('',*,*,#1202,.F.);
#1619=ORIENTED_EDGE('',*,*,#1208,.T.);
#1620=ORIENTED_EDGE('',*,*,#1209,.T.);
#1621=ORIENTED_EDGE('',*,*,#1210,.T.);
#1622=ORIENTED_EDGE('',*,*,#1211,.T.);
#1623=ORIENTED_EDGE('',*,*,#1209,.F.);
#1624=ORIENTED_EDGE('',*,*,#1212,.F.);
#1625=ORIENTED_EDGE('',*,*,#1213,.T.);
#1626=ORIENTED_EDGE('',*,*,#1210,.F.);
#1627=ORIENTED_EDGE('',*,*,#1211,.F.);
#1628=ORIENTED_EDGE('',*,*,#1213,.F.);
#1629=ORIENTED_EDGE('',*,*,#1208,.F.);
#1630=ORIENTED_EDGE('',*,*,#1214,.T.);
#1631=ORIENTED_EDGE('',*,*,#1215,.T.);
#1632=ORIENTED_EDGE('',*,*,#1216,.T.);
#1633=ORIENTED_EDGE('',*,*,#1217,.T.);
#1634=ORIENTED_EDGE('',*,*,#1215,.F.);
#1635=ORIENTED_EDGE('',*,*,#1218,.F.);
#1636=ORIENTED_EDGE('',*,*,#1219,.T.);
#1637=ORIENTED_EDGE('',*,*,#1216,.F.);
#1638=ORIENTED_EDGE('',*,*,#1217,.F.);
#1639=ORIENTED_EDGE('',*,*,#1219,.F.);
#1640=ORIENTED_EDGE('',*,*,#1214,.F.);
#1641=ORIENTED_EDGE('',*,*,#1220,.T.);
#1642=ORIENTED_EDGE('',*,*,#1221,.T.);
#1643=ORIENTED_EDGE('',*,*,#1222,.T.);
#1644=ORIENTED_EDGE('',*,*,#1223,.T.);
#1645=ORIENTED_EDGE('',*,*,#1221,.F.);
#1646=ORIENTED_EDGE('',*,*,#1224,.F.);
#1647=ORIENTED_EDGE('',*,*,#1225,.T.);
#1648=ORIENTED_EDGE('',*,*,#1222,.F.);
#1649=ORIENTED_EDGE('',*,*,#1223,.F.);
#1650=ORIENTED_EDGE('',*,*,#1225,.F.);
#1651=ORIENTED_EDGE('',*,*,#1220,.F.);
#1652=ORIENTED_EDGE('',*,*,#1226,.T.);
#1653=ORIENTED_EDGE('',*,*,#1227,.T.);
#1654=ORIENTED_EDGE('',*,*,#1228,.T.);
#1655=ORIENTED_EDGE('',*,*,#1229,.T.);
#1656=ORIENTED_EDGE('',*,*,#1227,.F.);
#1657=ORIENTED_EDGE('',*,*,#1230,.F.);
#1658=ORIENTED_EDGE('',*,*,#1231,.T.);
#1659=ORIENTED_EDGE('',*,*,#1228,.F.);
#1660=ORIENTED_EDGE('',*,*,#1229,.F.);
#1661=ORIENTED_EDGE('',*,*,#1231,.F.);
#1662=ORIENTED_EDGE('',*,*,#1226,.F.);
#1663=ORIENTED_EDGE('',*,*,#1232,.T.);
#1664=ORIENTED_EDGE('',*,*,#1233,.T.);
#1665=ORIENTED_EDGE('',*,*,#1234,.T.);
#1666=ORIENTED_EDGE('',*,*,#1235,.T.);
#1667=ORIENTED_EDGE('',*,*,#1233,.F.);
#1668=ORIENTED_EDGE('',*,*,#1236,.F.);
#1669=ORIENTED_EDGE('',*,*,#1237,.T.);
#1670=ORIENTED_EDGE('',*,*,#1234,.F.);
#1671=ORIENTED_EDGE('',*,*,#1235,.F.);
#1672=ORIENTED_EDGE('',*,*,#1237,.F.);
#1673=ORIENTED_EDGE('',*,*,#1232,.F.);
#1674=ORIENTED_EDGE('',*,*,#1238,.T.);
#1675=ORIENTED_EDGE('',*,*,#1239,.T.);
#1676=ORIENTED_EDGE('',*,*,#1240,.T.);
#1677=ORIENTED_EDGE('',*,*,#1241,.T.);
#1678=ORIENTED_EDGE('',*,*,#1239,.F.);
#1679=ORIENTED_EDGE('',*,*,#1242,.F.);
#1680=ORIENTED_EDGE('',*,*,#1243,.T.);
#1681=ORIENTED_EDGE('',*,*,#1240,.F.);
#1682=ORIENTED_EDGE('',*,*,#1241,.F.);
#1683=ORIENTED_EDGE('',*,*,#1243,.F.);
#1684=ORIENTED_EDGE('',*,*,#1238,.F.);
#1685=ORIENTED_EDGE('',*,*,#1244,.T.);
#1686=ORIENTED_EDGE('',*,*,#1245,.T.);
#1687=ORIENTED_EDGE('',*,*,#1246,.T.);
#1688=ORIENTED_EDGE('',*,*,#1247,.T.);
#1689=ORIENTED_EDGE('',*,*,#1245,.F.);
#1690=ORIENTED_EDGE('',*,*,#1248,.F.);
#1691=ORIENTED_EDGE('',*,*,#1249,.T.);
#1692=ORIENTED_EDGE('',*,*,#1246,.F.);
#1693=ORIENTED_EDGE('',*,*,#1247,.F.);
#1694=ORIENTED_EDGE('',*,*,#1249,.F.);
#1695=ORIENTED_EDGE('',*,*,#1244,.F.);
#1696=ORIENTED_EDGE('',*,*,#1250,.T.);
#1697=ORIENTED_EDGE('',*,*,#1251,.T.);
#1698=ORIENTED_EDGE('',*,*,#1252,.T.);
#1699=ORIENTED_EDGE('',*,*,#1253,.T.);
#1700=ORIENTED_EDGE('',*,*,#1251,.F.);
#1701=ORIENTED_EDGE('',*,*,#1254,.F.);
#1702=ORIENTED_EDGE('',*,*,#1255,.T.);
#1703=ORIENTED_EDGE('',*,*,#1252,.F.);
#1704=ORIENTED_EDGE('',*,*,#1253,.F.);
#1705=ORIENTED_EDGE('',*,*,#1255,.F.);
#1706=ORIENTED_EDGE('',*,*,#1250,.F.);
#1707=ORIENTED_EDGE('',*,*,#1256,.T.);
#1708=ORIENTED_EDGE('',*,*,#1257,.T.);
#1709=ORIENTED_EDGE('',*,*,#1258,.T.);
#1710=ORIENTED_EDGE('',*,*,#1259,.T.);
#1711=ORIENTED_EDGE('',*,*,#1257,.F.);
#1712=ORIENTED_EDGE('',*,*,#1260,.F.);
#1713=ORIENTED_EDGE('',*,*,#1261,.T.);
#1714=ORIENTED_EDGE('',*,*,#1258,.F.);
#1715=ORIENTED_EDGE('',*,*,#1259,.F.);
#1716=ORIENTED_EDGE('',*,*,#1261,.F.);
#1717=ORIENTED_EDGE('',*,*,#1256,.F.);
#1718=ORIENTED_EDGE('',*,*,#1262,.T.);
#1719=ORIENTED_EDGE('',*,*,#1263,.T.);
#1720=ORIENTED_EDGE('',*,*,#1264,.T.);
#1721=ORIENTED_EDGE('',*,*,#1265,.T.);
#1722=ORIENTED_EDGE('',*,*,#1263,.F.);
#1723=ORIENTED_EDGE('',*,*,#1266,.F.);
#1724=ORIENTED_EDGE('',*,*,#1267,.T.);
#1725=ORIENTED_EDGE('',*,*,#1264,.F.);
#1726=ORIENTED_EDGE('',*,*,#1265,.F.);
#1727=ORIENTED_EDGE('',*,*,#1267,.F.);
#1728=ORIENTED_EDGE('',*,*,#1262,.F.);
#1729=ORIENTED_EDGE('',*,*,#1268,.T.);
#1730=ORIENTED_EDGE('',*,*,#1269,.T.);
#1731=ORIENTED_EDGE('',*,*,#1270,.T.);
#1732=ORIENTED_EDGE('',*,*,#1271,.T.);
#1733=ORIENTED_EDGE('',*,*,#1269,.F.);
#1734=ORIENTED_EDGE('',*,*,#1272,.F.);
#1735=ORIENTED_EDGE('',*,*,#1273,.T.);
#1736=ORIENTED_EDGE('',*,*,#1270,.F.);
#1737=ORIENTED_EDGE('',*,*,#1271,.F.);
#1738=ORIENTED_EDGE('',*,*,#1273,.F.);
#1739=ORIENTED_EDGE('',*,*,#1268,.F.);
#1740=ORIENTED_EDGE('',*,*,#1274,.T.);
#1741=ORIENTED_EDGE('',*,*,#1275,.T.);
#1742=ORIENTED_EDGE('',*,*,#1276,.T.);
#1743=ORIENTED_EDGE('',*,*,#1277,.T.);
#1744=ORIENTED_EDGE('',*,*,#1275,.F.);
#1745=ORIENTED_EDGE('',*,*,#1278,.F.);
#1746=ORIENTED_EDGE('',*,*,#1279,.T.);
#1747=ORIENTED_EDGE('',*,*,#1276,.F.);
#1748=ORIENTED_EDGE('',*,*,#1277,.F.);
#1749=ORIENTED_EDGE('',*,*,#1279,.F.);
#1750=ORIENTED_EDGE('',*,*,#1274,.F.);
#1751=ORIENTED_EDGE('',*,*,#1280,.T.);
#1752=ORIENTED_EDGE('',*,*,#1281,.T.);
#1753=ORIENTED_EDGE('',*,*,#1282,.T.);
#1754=ORIENTED_EDGE('',*,*,#1283,.T.);
#1755=ORIENTED_EDGE('',*,*,#1281,.F.);
#1756=ORIENTED_EDGE('',*,*,#1284,.F.);
#1757=ORIENTED_EDGE('',*,*,#1285,.T.);
#1758=ORIENTED_EDGE('',*,*,#1282,.F.);
#1759=ORIENTED_EDGE('',*,*,#1283,.F.);
#1760=ORIENTED_EDGE('',*,*,#1285,.F.);
#1761=ORIENTED_EDGE('',*,*,#1280,.F.);
#1762=ORIENTED_EDGE('',*,*,#1286,.F.);
#1763=ORIENTED_EDGE('',*,*,#1287,.T.);
#1764=ORIENTED_EDGE('',*,*,#1179,.F.);
#1765=ORIENTED_EDGE('',*,*,#1180,.F.);
#1766=ORIENTED_EDGE('',*,*,#1288,.T.);
#1767=ORIENTED_EDGE('',*,*,#1286,.T.);
#1768=ORIENTED_EDGE('',*,*,#1288,.F.);
#1769=ORIENTED_EDGE('',*,*,#1287,.F.);
#1770=ORIENTED_EDGE('',*,*,#1289,.T.);
#1771=ORIENTED_EDGE('',*,*,#1070,.F.);
#1772=ORIENTED_EDGE('',*,*,#1289,.F.);
#1773=ORIENTED_EDGE('',*,*,#1290,.F.);
#1774=ORIENTED_EDGE('',*,*,#1291,.T.);
#1775=ORIENTED_EDGE('',*,*,#1181,.F.);
#1776=ORIENTED_EDGE('',*,*,#1182,.F.);
#1777=ORIENTED_EDGE('',*,*,#1292,.T.);
#1778=ORIENTED_EDGE('',*,*,#1290,.T.);
#1779=ORIENTED_EDGE('',*,*,#1292,.F.);
#1780=ORIENTED_EDGE('',*,*,#1291,.F.);
#1781=ORIENTED_EDGE('',*,*,#1293,.T.);
#1782=ORIENTED_EDGE('',*,*,#1069,.F.);
#1783=ORIENTED_EDGE('',*,*,#1293,.F.);
#1784=ORIENTED_EDGE('',*,*,#1294,.F.);
#1785=ORIENTED_EDGE('',*,*,#1295,.T.);
#1786=ORIENTED_EDGE('',*,*,#1064,.T.);
#1787=ORIENTED_EDGE('',*,*,#1296,.F.);
#1788=ORIENTED_EDGE('',*,*,#1297,.F.);
#1789=ORIENTED_EDGE('',*,*,#1298,.T.);
#1790=ORIENTED_EDGE('',*,*,#1065,.T.);
#1791=ORIENTED_EDGE('',*,*,#1295,.F.);
#1792=ORIENTED_EDGE('',*,*,#1299,.F.);
#1793=ORIENTED_EDGE('',*,*,#1300,.T.);
#1794=ORIENTED_EDGE('',*,*,#1066,.T.);
#1795=ORIENTED_EDGE('',*,*,#1298,.F.);
#1796=ORIENTED_EDGE('',*,*,#1301,.F.);
#1797=ORIENTED_EDGE('',*,*,#1302,.T.);
#1798=ORIENTED_EDGE('',*,*,#1067,.T.);
#1799=ORIENTED_EDGE('',*,*,#1300,.F.);
#1800=ORIENTED_EDGE('',*,*,#1303,.F.);
#1801=ORIENTED_EDGE('',*,*,#1296,.T.);
#1802=ORIENTED_EDGE('',*,*,#1063,.T.);
#1803=ORIENTED_EDGE('',*,*,#1304,.F.);
#1804=ORIENTED_EDGE('',*,*,#1174,.T.);
#1805=ORIENTED_EDGE('',*,*,#1305,.F.);
#1806=ORIENTED_EDGE('',*,*,#1306,.F.);
#1807=ORIENTED_EDGE('',*,*,#1183,.T.);
#1808=ORIENTED_EDGE('',*,*,#1307,.T.);
#1809=ORIENTED_EDGE('',*,*,#1301,.T.);
#1810=ORIENTED_EDGE('',*,*,#1299,.T.);
#1811=ORIENTED_EDGE('',*,*,#1297,.T.);
#1812=ORIENTED_EDGE('',*,*,#1294,.T.);
#1813=ORIENTED_EDGE('',*,*,#1303,.T.);
#1814=ORIENTED_EDGE('',*,*,#1308,.T.);
#1815=ORIENTED_EDGE('',*,*,#1309,.T.);
#1816=ORIENTED_EDGE('',*,*,#1310,.F.);
#1817=ORIENTED_EDGE('',*,*,#1311,.T.);
#1818=ORIENTED_EDGE('',*,*,#1053,.F.);
#1819=ORIENTED_EDGE('',*,*,#1068,.T.);
#1820=ORIENTED_EDGE('',*,*,#1302,.F.);
#1821=ORIENTED_EDGE('',*,*,#1307,.F.);
#1822=ORIENTED_EDGE('',*,*,#1312,.T.);
#1823=ORIENTED_EDGE('',*,*,#1313,.T.);
#1824=ORIENTED_EDGE('',*,*,#1314,.F.);
#1825=ORIENTED_EDGE('',*,*,#1315,.F.);
#1826=ORIENTED_EDGE('',*,*,#1313,.F.);
#1827=ORIENTED_EDGE('',*,*,#1316,.F.);
#1828=ORIENTED_EDGE('',*,*,#1317,.F.);
#1829=ORIENTED_EDGE('',*,*,#1309,.F.);
#1830=ORIENTED_EDGE('',*,*,#1318,.T.);
#1831=ORIENTED_EDGE('',*,*,#1316,.T.);
#1832=ORIENTED_EDGE('',*,*,#1312,.F.);
#1833=ORIENTED_EDGE('',*,*,#1071,.F.);
#1834=ORIENTED_EDGE('',*,*,#1319,.F.);
#1835=ORIENTED_EDGE('',*,*,#1317,.T.);
#1836=ORIENTED_EDGE('',*,*,#1318,.F.);
#1837=ORIENTED_EDGE('',*,*,#1308,.F.);
#1838=ORIENTED_EDGE('',*,*,#1304,.T.);
#1839=ORIENTED_EDGE('',*,*,#1062,.T.);
#1840=ORIENTED_EDGE('',*,*,#1059,.T.);
#1841=ORIENTED_EDGE('',*,*,#1320,.T.);
#1842=ORIENTED_EDGE('',*,*,#1314,.T.);
#1843=ORIENTED_EDGE('',*,*,#1315,.T.);
#1844=ORIENTED_EDGE('',*,*,#1319,.T.);
#1845=ORIENTED_EDGE('',*,*,#1074,.F.);
#1846=ORIENTED_EDGE('',*,*,#1189,.T.);
#1847=ORIENTED_EDGE('',*,*,#1321,.T.);
#1848=ORIENTED_EDGE('',*,*,#1322,.F.);
#1849=ORIENTED_EDGE('',*,*,#1323,.F.);
#1850=ORIENTED_EDGE('',*,*,#1188,.T.);
#1851=ORIENTED_EDGE('',*,*,#1324,.T.);
#1852=ORIENTED_EDGE('',*,*,#1325,.F.);
#1853=ORIENTED_EDGE('',*,*,#1321,.F.);
#1854=ORIENTED_EDGE('',*,*,#1310,.T.);
#1855=ORIENTED_EDGE('',*,*,#1323,.T.);
#1856=ORIENTED_EDGE('',*,*,#1326,.F.);
#1857=ORIENTED_EDGE('',*,*,#1327,.F.);
#1858=ORIENTED_EDGE('',*,*,#1075,.T.);
#1859=ORIENTED_EDGE('',*,*,#1050,.F.);
#1860=ORIENTED_EDGE('',*,*,#1051,.F.);
#1861=ORIENTED_EDGE('',*,*,#1311,.F.);
#1862=ORIENTED_EDGE('',*,*,#1327,.T.);
#1863=ORIENTED_EDGE('',*,*,#1328,.F.);
#1864=ORIENTED_EDGE('',*,*,#1324,.F.);
#1865=ORIENTED_EDGE('',*,*,#1187,.T.);
#1866=ORIENTED_EDGE('',*,*,#1072,.T.);
#1867=ORIENTED_EDGE('',*,*,#1320,.F.);
#1868=ORIENTED_EDGE('',*,*,#1058,.F.);
#1869=ORIENTED_EDGE('',*,*,#1055,.F.);
#1870=ORIENTED_EDGE('',*,*,#1184,.T.);
#1871=ORIENTED_EDGE('',*,*,#1306,.T.);
#1872=ORIENTED_EDGE('',*,*,#1329,.F.);
#1873=ORIENTED_EDGE('',*,*,#1330,.F.);
#1874=ORIENTED_EDGE('',*,*,#1185,.T.);
#1875=ORIENTED_EDGE('',*,*,#1330,.T.);
#1876=ORIENTED_EDGE('',*,*,#1331,.F.);
#1877=ORIENTED_EDGE('',*,*,#1332,.F.);
#1878=ORIENTED_EDGE('',*,*,#1186,.T.);
#1879=ORIENTED_EDGE('',*,*,#1332,.T.);
#1880=ORIENTED_EDGE('',*,*,#1333,.F.);
#1881=ORIENTED_EDGE('',*,*,#1177,.F.);
#1882=ORIENTED_EDGE('',*,*,#1173,.T.);
#1883=ORIENTED_EDGE('',*,*,#1178,.T.);
#1884=ORIENTED_EDGE('',*,*,#1333,.T.);
#1885=ORIENTED_EDGE('',*,*,#1331,.T.);
#1886=ORIENTED_EDGE('',*,*,#1329,.T.);
#1887=ORIENTED_EDGE('',*,*,#1305,.T.);
#1888=ORIENTED_EDGE('',*,*,#1284,.T.);
#1889=ORIENTED_EDGE('',*,*,#1278,.T.);
#1890=ORIENTED_EDGE('',*,*,#1272,.T.);
#1891=ORIENTED_EDGE('',*,*,#1266,.T.);
#1892=ORIENTED_EDGE('',*,*,#1260,.T.);
#1893=ORIENTED_EDGE('',*,*,#1254,.T.);
#1894=ORIENTED_EDGE('',*,*,#1248,.T.);
#1895=ORIENTED_EDGE('',*,*,#1242,.T.);
#1896=ORIENTED_EDGE('',*,*,#1236,.T.);
#1897=ORIENTED_EDGE('',*,*,#1230,.T.);
#1898=ORIENTED_EDGE('',*,*,#1224,.T.);
#1899=ORIENTED_EDGE('',*,*,#1218,.T.);
#1900=ORIENTED_EDGE('',*,*,#1212,.T.);
#1901=ORIENTED_EDGE('',*,*,#1206,.T.);
#1902=ORIENTED_EDGE('',*,*,#1200,.T.);
#1903=ORIENTED_EDGE('',*,*,#1194,.T.);
#1904=ORIENTED_EDGE('',*,*,#1328,.T.);
#1905=ORIENTED_EDGE('',*,*,#1326,.T.);
#1906=ORIENTED_EDGE('',*,*,#1322,.T.);
#1907=ORIENTED_EDGE('',*,*,#1325,.T.);
#1908=PLANE('',#2120);
#1909=PLANE('',#2121);
#1910=PLANE('',#2122);
#1911=PLANE('',#2123);
#1912=PLANE('',#2124);
#1913=PLANE('',#2127);
#1914=PLANE('',#2128);
#1915=PLANE('',#2135);
#1916=PLANE('',#2142);
#1917=PLANE('',#2149);
#1918=PLANE('',#2156);
#1919=PLANE('',#2163);
#1920=PLANE('',#2170);
#1921=PLANE('',#2177);
#1922=PLANE('',#2184);
#1923=PLANE('',#2191);
#1924=PLANE('',#2198);
#1925=PLANE('',#2205);
#1926=PLANE('',#2212);
#1927=PLANE('',#2219);
#1928=PLANE('',#2226);
#1929=PLANE('',#2233);
#1930=PLANE('',#2240);
#1931=PLANE('',#2241);
#1932=PLANE('',#2242);
#1933=PLANE('',#2251);
#1934=PLANE('',#2258);
#1935=PLANE('',#2265);
#1936=PLANE('',#2272);
#1937=PLANE('',#2279);
#1938=PLANE('',#2286);
#1939=PLANE('',#2293);
#1940=PLANE('',#2300);
#1941=PLANE('',#2307);
#1942=PLANE('',#2314);
#1943=PLANE('',#2321);
#1944=PLANE('',#2328);
#1945=PLANE('',#2335);
#1946=PLANE('',#2342);
#1947=PLANE('',#2349);
#1948=PLANE('',#2356);
#1949=PLANE('',#2357);
#1950=PLANE('',#2362);
#1951=PLANE('',#2367);
#1952=PLANE('',#2368);
#1953=PLANE('',#2369);
#1954=PLANE('',#2370);
#1955=PLANE('',#2371);
#1956=PLANE('',#2372);
#1957=PLANE('',#2373);
#1958=PLANE('',#2374);
#1959=PLANE('',#2375);
#1960=PLANE('',#2376);
#1961=PLANE('',#2377);
#1962=PLANE('',#2378);
#1963=PLANE('',#2379);
#1964=PLANE('',#2380);
#1965=PLANE('',#2381);
#1966=PLANE('',#2386);
#1967=ADVANCED_FACE('',(#334),#1908,.F.);
#1968=ADVANCED_FACE('',(#335),#1909,.F.);
#1969=ADVANCED_FACE('',(#336),#1910,.F.);
#1970=ADVANCED_FACE('',(#337),#1911,.F.);
#1971=ADVANCED_FACE('',(#338,#123,#124),#1912,.F.);
#1972=ADVANCED_FACE('',(#339),#1913,.T.);
#1973=ADVANCED_FACE('',(#340),#1914,.T.);
#1974=ADVANCED_FACE('',(#341),#91,.T.);
#1975=ADVANCED_FACE('',(#342),#53,.F.);
#1976=ADVANCED_FACE('',(#343),#1915,.F.);
#1977=ADVANCED_FACE('',(#344),#92,.T.);
#1978=ADVANCED_FACE('',(#345),#54,.F.);
#1979=ADVANCED_FACE('',(#346),#1916,.F.);
#1980=ADVANCED_FACE('',(#347),#93,.T.);
#1981=ADVANCED_FACE('',(#348),#55,.F.);
#1982=ADVANCED_FACE('',(#349),#1917,.F.);
#1983=ADVANCED_FACE('',(#350),#94,.T.);
#1984=ADVANCED_FACE('',(#351),#56,.F.);
#1985=ADVANCED_FACE('',(#352),#1918,.F.);
#1986=ADVANCED_FACE('',(#353),#95,.T.);
#1987=ADVANCED_FACE('',(#354),#57,.F.);
#1988=ADVANCED_FACE('',(#355),#1919,.F.);
#1989=ADVANCED_FACE('',(#356),#96,.T.);
#1990=ADVANCED_FACE('',(#357),#58,.F.);
#1991=ADVANCED_FACE('',(#358),#1920,.F.);
#1992=ADVANCED_FACE('',(#359),#97,.T.);
#1993=ADVANCED_FACE('',(#360),#59,.F.);
#1994=ADVANCED_FACE('',(#361),#1921,.F.);
#1995=ADVANCED_FACE('',(#362),#98,.T.);
#1996=ADVANCED_FACE('',(#363),#60,.F.);
#1997=ADVANCED_FACE('',(#364),#1922,.F.);
#1998=ADVANCED_FACE('',(#365),#99,.T.);
#1999=ADVANCED_FACE('',(#366),#61,.F.);
#2000=ADVANCED_FACE('',(#367),#1923,.F.);
#2001=ADVANCED_FACE('',(#368),#100,.T.);
#2002=ADVANCED_FACE('',(#369),#62,.F.);
#2003=ADVANCED_FACE('',(#370),#1924,.F.);
#2004=ADVANCED_FACE('',(#371),#101,.T.);
#2005=ADVANCED_FACE('',(#372),#63,.F.);
#2006=ADVANCED_FACE('',(#373),#1925,.F.);
#2007=ADVANCED_FACE('',(#374),#102,.T.);
#2008=ADVANCED_FACE('',(#375),#64,.F.);
#2009=ADVANCED_FACE('',(#376),#1926,.F.);
#2010=ADVANCED_FACE('',(#377),#103,.T.);
#2011=ADVANCED_FACE('',(#378),#65,.F.);
#2012=ADVANCED_FACE('',(#379),#1927,.F.);
#2013=ADVANCED_FACE('',(#380),#104,.T.);
#2014=ADVANCED_FACE('',(#381),#66,.F.);
#2015=ADVANCED_FACE('',(#382),#1928,.F.);
#2016=ADVANCED_FACE('',(#383),#105,.T.);
#2017=ADVANCED_FACE('',(#384),#67,.F.);
#2018=ADVANCED_FACE('',(#385),#1929,.F.);
#2019=ADVANCED_FACE('',(#386),#106,.T.);
#2020=ADVANCED_FACE('',(#387),#68,.F.);
#2021=ADVANCED_FACE('',(#388),#1930,.F.);
#2022=ADVANCED_FACE('',(#389),#1931,.F.);
#2023=ADVANCED_FACE('',(#390,#125,#126),#45,.T.);
#2024=ADVANCED_FACE('',(#391,#127,#128,#129,#130,#131,#132,#133,#134,#135,
#136,#137,#138,#139,#140,#141,#142,#143),#1932,.F.);
#2025=ADVANCED_FACE('',(#392),#107,.T.);
#2026=ADVANCED_FACE('',(#393),#69,.F.);
#2027=ADVANCED_FACE('',(#394),#1933,.T.);
#2028=ADVANCED_FACE('',(#395),#108,.T.);
#2029=ADVANCED_FACE('',(#396),#70,.F.);
#2030=ADVANCED_FACE('',(#397),#1934,.T.);
#2031=ADVANCED_FACE('',(#398),#109,.T.);
#2032=ADVANCED_FACE('',(#399),#71,.F.);
#2033=ADVANCED_FACE('',(#400),#1935,.T.);
#2034=ADVANCED_FACE('',(#401),#110,.T.);
#2035=ADVANCED_FACE('',(#402),#72,.F.);
#2036=ADVANCED_FACE('',(#403),#1936,.T.);
#2037=ADVANCED_FACE('',(#404),#111,.T.);
#2038=ADVANCED_FACE('',(#405),#73,.F.);
#2039=ADVANCED_FACE('',(#406),#1937,.T.);
#2040=ADVANCED_FACE('',(#407),#112,.T.);
#2041=ADVANCED_FACE('',(#408),#74,.F.);
#2042=ADVANCED_FACE('',(#409),#1938,.T.);
#2043=ADVANCED_FACE('',(#410),#113,.T.);
#2044=ADVANCED_FACE('',(#411),#75,.F.);
#2045=ADVANCED_FACE('',(#412),#1939,.T.);
#2046=ADVANCED_FACE('',(#413),#114,.T.);
#2047=ADVANCED_FACE('',(#414),#76,.F.);
#2048=ADVANCED_FACE('',(#415),#1940,.T.);
#2049=ADVANCED_FACE('',(#416),#115,.T.);
#2050=ADVANCED_FACE('',(#417),#77,.F.);
#2051=ADVANCED_FACE('',(#418),#1941,.T.);
#2052=ADVANCED_FACE('',(#419),#116,.T.);
#2053=ADVANCED_FACE('',(#420),#78,.F.);
#2054=ADVANCED_FACE('',(#421),#1942,.T.);
#2055=ADVANCED_FACE('',(#422),#117,.T.);
#2056=ADVANCED_FACE('',(#423),#79,.F.);
#2057=ADVANCED_FACE('',(#424),#1943,.T.);
#2058=ADVANCED_FACE('',(#425),#118,.T.);
#2059=ADVANCED_FACE('',(#426),#80,.F.);
#2060=ADVANCED_FACE('',(#427),#1944,.T.);
#2061=ADVANCED_FACE('',(#428),#119,.T.);
#2062=ADVANCED_FACE('',(#429),#81,.F.);
#2063=ADVANCED_FACE('',(#430),#1945,.T.);
#2064=ADVANCED_FACE('',(#431),#120,.T.);
#2065=ADVANCED_FACE('',(#432),#82,.F.);
#2066=ADVANCED_FACE('',(#433),#1946,.T.);
#2067=ADVANCED_FACE('',(#434),#121,.T.);
#2068=ADVANCED_FACE('',(#435),#83,.F.);
#2069=ADVANCED_FACE('',(#436),#1947,.T.);
#2070=ADVANCED_FACE('',(#437),#122,.T.);
#2071=ADVANCED_FACE('',(#438),#84,.F.);
#2072=ADVANCED_FACE('',(#439),#1948,.T.);
#2073=ADVANCED_FACE('',(#440,#144),#1949,.F.);
#2074=ADVANCED_FACE('',(#441),#85,.F.);
#2075=ADVANCED_FACE('',(#442),#86,.F.);
#2076=ADVANCED_FACE('',(#443,#145),#1950,.F.);
#2077=ADVANCED_FACE('',(#444),#87,.F.);
#2078=ADVANCED_FACE('',(#445),#88,.F.);
#2079=ADVANCED_FACE('',(#446),#1951,.F.);
#2080=ADVANCED_FACE('',(#447),#1952,.F.);
#2081=ADVANCED_FACE('',(#448),#1953,.F.);
#2082=ADVANCED_FACE('',(#449),#1954,.F.);
#2083=ADVANCED_FACE('',(#450),#1955,.F.);
#2084=ADVANCED_FACE('',(#451,#146),#1956,.T.);
#2085=ADVANCED_FACE('',(#452),#1957,.F.);
#2086=ADVANCED_FACE('',(#453),#1958,.F.);
#2087=ADVANCED_FACE('',(#454),#1959,.F.);
#2088=ADVANCED_FACE('',(#455),#1960,.F.);
#2089=ADVANCED_FACE('',(#456),#1961,.T.);
#2090=ADVANCED_FACE('',(#457),#1962,.T.);
#2091=ADVANCED_FACE('',(#458),#1963,.T.);
#2092=ADVANCED_FACE('',(#459),#1964,.T.);
#2093=ADVANCED_FACE('',(#460),#1965,.T.);
#2094=ADVANCED_FACE('',(#461),#89,.T.);
#2095=ADVANCED_FACE('',(#462),#90,.F.);
#2096=ADVANCED_FACE('',(#463,#147,#148,#149,#150,#151,#152,#153,#154,#155,
#156,#157,#158,#159,#160,#161,#162,#163),#1966,.T.);
#2097=CLOSED_SHELL('',(#1967,#1968,#1969,#1970,#1971,#1972,#1973,#1974,
#1975,#1976,#1977,#1978,#1979,#1980,#1981,#1982,#1983,#1984,#1985,#1986,
#1987,#1988,#1989,#1990,#1991,#1992,#1993,#1994,#1995,#1996,#1997,#1998,
#1999,#2000,#2001,#2002,#2003,#2004,#2005,#2006,#2007,#2008,#2009,#2010,
#2011,#2012,#2013,#2014,#2015,#2016,#2017,#2018,#2019,#2020,#2021,#2022,
#2023,#2024,#2025,#2026,#2027,#2028,#2029,#2030,#2031,#2032,#2033,#2034,
#2035,#2036,#2037,#2038,#2039,#2040,#2041,#2042,#2043,#2044,#2045,#2046,
#2047,#2048,#2049,#2050,#2051,#2052,#2053,#2054,#2055,#2056,#2057,#2058,
#2059,#2060,#2061,#2062,#2063,#2064,#2065,#2066,#2067,#2068,#2069,#2070,
#2071,#2072,#2073,#2074,#2075,#2076,#2077,#2078,#2079,#2080,#2081,#2082,
#2083,#2084,#2085,#2086,#2087,#2088,#2089,#2090,#2091,#2092,#2093,#2094,
#2095,#2096));
#2098=DERIVED_UNIT_ELEMENT(#2101,1.);
#2099=DERIVED_UNIT_ELEMENT(#4923,-3.);
#2100=DIMENSIONAL_EXPONENTS(0.,1.,0.,0.,0.,0.,0.);
#2101=(
CONVERSION_BASED_UNIT('gram',#2103)
MASS_UNIT()
NAMED_UNIT(#2100)
);
#2102=(
MASS_UNIT()
NAMED_UNIT(*)
SI_UNIT(.KILO.,.GRAM.)
);
#2103=MASS_MEASURE_WITH_UNIT(MASS_MEASURE(0.001),#2102);
#2104=DERIVED_UNIT((#2098,#2099));
#2105=MEASURE_REPRESENTATION_ITEM('density measure',
POSITIVE_RATIO_MEASURE(0.952),#2104);
#2106=PROPERTY_DEFINITION_REPRESENTATION(#2111,#2108);
#2107=PROPERTY_DEFINITION_REPRESENTATION(#2112,#2109);
#2108=REPRESENTATION('material name',(#2110),#4920);
#2109=REPRESENTATION('density',(#2105),#4920);
#2110=DESCRIPTIVE_REPRESENTATION_ITEM('Plastic, Opaque White',
'Plastic, Opaque White');
#2111=PROPERTY_DEFINITION('material property','material name',#4930);
#2112=PROPERTY_DEFINITION('material property','density of part',#4930);
#2113=DATE_TIME_ROLE('creation_date');
#2114=APPLIED_DATE_AND_TIME_ASSIGNMENT(#2115,#2113,(#4930));
#2115=DATE_AND_TIME(#2116,#2117);
#2116=CALENDAR_DATE(2025,1,8);
#2117=LOCAL_TIME(0,0,0.,#2118);
#2118=COORDINATED_UNIVERSAL_TIME_OFFSET(0,0,.BEHIND.);
#2119=AXIS2_PLACEMENT_3D('',#3033,#2387,#2388);
#2120=AXIS2_PLACEMENT_3D('',#3034,#2389,#2390);
#2121=AXIS2_PLACEMENT_3D('',#3043,#2395,#2396);
#2122=AXIS2_PLACEMENT_3D('',#3049,#2400,#2401);
#2123=AXIS2_PLACEMENT_3D('',#3058,#2406,#2407);
#2124=AXIS2_PLACEMENT_3D('',#3064,#2411,#2412);
#2125=AXIS2_PLACEMENT_3D('',#3080,#2421,#2422);
#2126=AXIS2_PLACEMENT_3D('',#3082,#2423,#2424);
#2127=AXIS2_PLACEMENT_3D('',#3083,#2425,#2426);
#2128=AXIS2_PLACEMENT_3D('',#3092,#2431,#2432);
#2129=AXIS2_PLACEMENT_3D('',#3123,#2434,#2435);
#2130=AXIS2_PLACEMENT_3D('',#3124,#2436,#2437);
#2131=AXIS2_PLACEMENT_3D('',#3126,#2438,#2439);
#2132=AXIS2_PLACEMENT_3D('',#3127,#2440,#2441);
#2133=AXIS2_PLACEMENT_3D('',#3128,#2442,#2443);
#2134=AXIS2_PLACEMENT_3D('',#3130,#2444,#2445);
#2135=AXIS2_PLACEMENT_3D('',#3132,#2447,#2448);
#2136=AXIS2_PLACEMENT_3D('',#3162,#2449,#2450);
#2137=AXIS2_PLACEMENT_3D('',#3163,#2451,#2452);
#2138=AXIS2_PLACEMENT_3D('',#3165,#2453,#2454);
#2139=AXIS2_PLACEMENT_3D('',#3166,#2455,#2456);
#2140=AXIS2_PLACEMENT_3D('',#3167,#2457,#2458);
#2141=AXIS2_PLACEMENT_3D('',#3169,#2459,#2460);
#2142=AXIS2_PLACEMENT_3D('',#3171,#2462,#2463);
#2143=AXIS2_PLACEMENT_3D('',#3201,#2464,#2465);
#2144=AXIS2_PLACEMENT_3D('',#3202,#2466,#2467);
#2145=AXIS2_PLACEMENT_3D('',#3204,#2468,#2469);
#2146=AXIS2_PLACEMENT_3D('',#3205,#2470,#2471);
#2147=AXIS2_PLACEMENT_3D('',#3206,#2472,#2473);
#2148=AXIS2_PLACEMENT_3D('',#3208,#2474,#2475);
#2149=AXIS2_PLACEMENT_3D('',#3210,#2477,#2478);
#2150=AXIS2_PLACEMENT_3D('',#3240,#2479,#2480);
#2151=AXIS2_PLACEMENT_3D('',#3241,#2481,#2482);
#2152=AXIS2_PLACEMENT_3D('',#3243,#2483,#2484);
#2153=AXIS2_PLACEMENT_3D('',#3244,#2485,#2486);
#2154=AXIS2_PLACEMENT_3D('',#3245,#2487,#2488);
#2155=AXIS2_PLACEMENT_3D('',#3247,#2489,#2490);
#2156=AXIS2_PLACEMENT_3D('',#3249,#2492,#2493);
#2157=AXIS2_PLACEMENT_3D('',#3279,#2494,#2495);
#2158=AXIS2_PLACEMENT_3D('',#3280,#2496,#2497);
#2159=AXIS2_PLACEMENT_3D('',#3282,#2498,#2499);
#2160=AXIS2_PLACEMENT_3D('',#3283,#2500,#2501);
#2161=AXIS2_PLACEMENT_3D('',#3284,#2502,#2503);
#2162=AXIS2_PLACEMENT_3D('',#3286,#2504,#2505);
#2163=AXIS2_PLACEMENT_3D('',#3288,#2507,#2508);
#2164=AXIS2_PLACEMENT_3D('',#3318,#2509,#2510);
#2165=AXIS2_PLACEMENT_3D('',#3319,#2511,#2512);
#2166=AXIS2_PLACEMENT_3D('',#3321,#2513,#2514);
#2167=AXIS2_PLACEMENT_3D('',#3322,#2515,#2516);
#2168=AXIS2_PLACEMENT_3D('',#3323,#2517,#2518);
#2169=AXIS2_PLACEMENT_3D('',#3325,#2519,#2520);
#2170=AXIS2_PLACEMENT_3D('',#3327,#2522,#2523);
#2171=AXIS2_PLACEMENT_3D('',#3357,#2524,#2525);
#2172=AXIS2_PLACEMENT_3D('',#3358,#2526,#2527);
#2173=AXIS2_PLACEMENT_3D('',#3360,#2528,#2529);
#2174=AXIS2_PLACEMENT_3D('',#3361,#2530,#2531);
#2175=AXIS2_PLACEMENT_3D('',#3362,#2532,#2533);
#2176=AXIS2_PLACEMENT_3D('',#3364,#2534,#2535);
#2177=AXIS2_PLACEMENT_3D('',#3366,#2537,#2538);
#2178=AXIS2_PLACEMENT_3D('',#3396,#2539,#2540);
#2179=AXIS2_PLACEMENT_3D('',#3397,#2541,#2542);
#2180=AXIS2_PLACEMENT_3D('',#3399,#2543,#2544);
#2181=AXIS2_PLACEMENT_3D('',#3400,#2545,#2546);
#2182=AXIS2_PLACEMENT_3D('',#3401,#2547,#2548);
#2183=AXIS2_PLACEMENT_3D('',#3403,#2549,#2550);
#2184=AXIS2_PLACEMENT_3D('',#3405,#2552,#2553);
#2185=AXIS2_PLACEMENT_3D('',#3435,#2554,#2555);
#2186=AXIS2_PLACEMENT_3D('',#3436,#2556,#2557);
#2187=AXIS2_PLACEMENT_3D('',#3438,#2558,#2559);
#2188=AXIS2_PLACEMENT_3D('',#3439,#2560,#2561);
#2189=AXIS2_PLACEMENT_3D('',#3440,#2562,#2563);
#2190=AXIS2_PLACEMENT_3D('',#3442,#2564,#2565);
#2191=AXIS2_PLACEMENT_3D('',#3444,#2567,#2568);
#2192=AXIS2_PLACEMENT_3D('',#3474,#2569,#2570);
#2193=AXIS2_PLACEMENT_3D('',#3475,#2571,#2572);
#2194=AXIS2_PLACEMENT_3D('',#3477,#2573,#2574);
#2195=AXIS2_PLACEMENT_3D('',#3478,#2575,#2576);
#2196=AXIS2_PLACEMENT_3D('',#3479,#2577,#2578);
#2197=AXIS2_PLACEMENT_3D('',#3481,#2579,#2580);
#2198=AXIS2_PLACEMENT_3D('',#3483,#2582,#2583);
#2199=AXIS2_PLACEMENT_3D('',#3513,#2584,#2585);
#2200=AXIS2_PLACEMENT_3D('',#3514,#2586,#2587);
#2201=AXIS2_PLACEMENT_3D('',#3516,#2588,#2589);
#2202=AXIS2_PLACEMENT_3D('',#3517,#2590,#2591);
#2203=AXIS2_PLACEMENT_3D('',#3518,#2592,#2593);
#2204=AXIS2_PLACEMENT_3D('',#3520,#2594,#2595);
#2205=AXIS2_PLACEMENT_3D('',#3522,#2597,#2598);
#2206=AXIS2_PLACEMENT_3D('',#3552,#2599,#2600);
#2207=AXIS2_PLACEMENT_3D('',#3553,#2601,#2602);
#2208=AXIS2_PLACEMENT_3D('',#3555,#2603,#2604);
#2209=AXIS2_PLACEMENT_3D('',#3556,#2605,#2606);
#2210=AXIS2_PLACEMENT_3D('',#3557,#2607,#2608);
#2211=AXIS2_PLACEMENT_3D('',#3559,#2609,#2610);
#2212=AXIS2_PLACEMENT_3D('',#3561,#2612,#2613);
#2213=AXIS2_PLACEMENT_3D('',#3591,#2614,#2615);
#2214=AXIS2_PLACEMENT_3D('',#3592,#2616,#2617);
#2215=AXIS2_PLACEMENT_3D('',#3594,#2618,#2619);
#2216=AXIS2_PLACEMENT_3D('',#3595,#2620,#2621);
#2217=AXIS2_PLACEMENT_3D('',#3596,#2622,#2623);
#2218=AXIS2_PLACEMENT_3D('',#3598,#2624,#2625);
#2219=AXIS2_PLACEMENT_3D('',#3600,#2627,#2628);
#2220=AXIS2_PLACEMENT_3D('',#3630,#2629,#2630);
#2221=AXIS2_PLACEMENT_3D('',#3631,#2631,#2632);
#2222=AXIS2_PLACEMENT_3D('',#3633,#2633,#2634);
#2223=AXIS2_PLACEMENT_3D('',#3634,#2635,#2636);
#2224=AXIS2_PLACEMENT_3D('',#3635,#2637,#2638);
#2225=AXIS2_PLACEMENT_3D('',#3637,#2639,#2640);
#2226=AXIS2_PLACEMENT_3D('',#3639,#2642,#2643);
#2227=AXIS2_PLACEMENT_3D('',#3669,#2644,#2645);
#2228=AXIS2_PLACEMENT_3D('',#3670,#2646,#2647);
#2229=AXIS2_PLACEMENT_3D('',#3672,#2648,#2649);
#2230=AXIS2_PLACEMENT_3D('',#3673,#2650,#2651);
#2231=AXIS2_PLACEMENT_3D('',#3674,#2652,#2653);
#2232=AXIS2_PLACEMENT_3D('',#3676,#2654,#2655);
#2233=AXIS2_PLACEMENT_3D('',#3678,#2657,#2658);
#2234=AXIS2_PLACEMENT_3D('',#3708,#2659,#2660);
#2235=AXIS2_PLACEMENT_3D('',#3709,#2661,#2662);
#2236=AXIS2_PLACEMENT_3D('',#3711,#2663,#2664);
#2237=AXIS2_PLACEMENT_3D('',#3712,#2665,#2666);
#2238=AXIS2_PLACEMENT_3D('',#3713,#2667,#2668);
#2239=AXIS2_PLACEMENT_3D('',#3715,#2669,#2670);
#2240=AXIS2_PLACEMENT_3D('',#3717,#2672,#2673);
#2241=AXIS2_PLACEMENT_3D('',#3718,#2674,#2675);
#2242=AXIS2_PLACEMENT_3D('',#4155,#2680,#2681);
#2243=AXIS2_PLACEMENT_3D('',#4161,#2684,#2685);
#2244=AXIS2_PLACEMENT_3D('',#4162,#2686,#2687);
#2245=AXIS2_PLACEMENT_3D('',#4196,#2691,#2692);
#2246=AXIS2_PLACEMENT_3D('',#4198,#2693,#2694);
#2247=AXIS2_PLACEMENT_3D('',#4200,#2695,#2696);
#2248=AXIS2_PLACEMENT_3D('',#4201,#2697,#2698);
#2249=AXIS2_PLACEMENT_3D('',#4202,#2699,#2700);
#2250=AXIS2_PLACEMENT_3D('',#4204,#2701,#2702);
#2251=AXIS2_PLACEMENT_3D('',#4206,#2704,#2705);
#2252=AXIS2_PLACEMENT_3D('',#4235,#2706,#2707);
#2253=AXIS2_PLACEMENT_3D('',#4237,#2708,#2709);
#2254=AXIS2_PLACEMENT_3D('',#4239,#2710,#2711);
#2255=AXIS2_PLACEMENT_3D('',#4240,#2712,#2713);
#2256=AXIS2_PLACEMENT_3D('',#4241,#2714,#2715);
#2257=AXIS2_PLACEMENT_3D('',#4243,#2716,#2717);
#2258=AXIS2_PLACEMENT_3D('',#4245,#2719,#2720);
#2259=AXIS2_PLACEMENT_3D('',#4274,#2721,#2722);
#2260=AXIS2_PLACEMENT_3D('',#4276,#2723,#2724);
#2261=AXIS2_PLACEMENT_3D('',#4278,#2725,#2726);
#2262=AXIS2_PLACEMENT_3D('',#4279,#2727,#2728);
#2263=AXIS2_PLACEMENT_3D('',#4280,#2729,#2730);
#2264=AXIS2_PLACEMENT_3D('',#4282,#2731,#2732);
#2265=AXIS2_PLACEMENT_3D('',#4284,#2734,#2735);
#2266=AXIS2_PLACEMENT_3D('',#4313,#2736,#2737);
#2267=AXIS2_PLACEMENT_3D('',#4315,#2738,#2739);
#2268=AXIS2_PLACEMENT_3D('',#4317,#2740,#2741);
#2269=AXIS2_PLACEMENT_3D('',#4318,#2742,#2743);
#2270=AXIS2_PLACEMENT_3D('',#4319,#2744,#2745);
#2271=AXIS2_PLACEMENT_3D('',#4321,#2746,#2747);
#2272=AXIS2_PLACEMENT_3D('',#4323,#2749,#2750);
#2273=AXIS2_PLACEMENT_3D('',#4352,#2751,#2752);
#2274=AXIS2_PLACEMENT_3D('',#4354,#2753,#2754);
#2275=AXIS2_PLACEMENT_3D('',#4356,#2755,#2756);
#2276=AXIS2_PLACEMENT_3D('',#4357,#2757,#2758);
#2277=AXIS2_PLACEMENT_3D('',#4358,#2759,#2760);
#2278=AXIS2_PLACEMENT_3D('',#4360,#2761,#2762);
#2279=AXIS2_PLACEMENT_3D('',#4362,#2764,#2765);
#2280=AXIS2_PLACEMENT_3D('',#4391,#2766,#2767);
#2281=AXIS2_PLACEMENT_3D('',#4393,#2768,#2769);
#2282=AXIS2_PLACEMENT_3D('',#4395,#2770,#2771);
#2283=AXIS2_PLACEMENT_3D('',#4396,#2772,#2773);
#2284=AXIS2_PLACEMENT_3D('',#4397,#2774,#2775);
#2285=AXIS2_PLACEMENT_3D('',#4399,#2776,#2777);
#2286=AXIS2_PLACEMENT_3D('',#4401,#2779,#2780);
#2287=AXIS2_PLACEMENT_3D('',#4430,#2781,#2782);
#2288=AXIS2_PLACEMENT_3D('',#4432,#2783,#2784);
#2289=AXIS2_PLACEMENT_3D('',#4434,#2785,#2786);
#2290=AXIS2_PLACEMENT_3D('',#4435,#2787,#2788);
#2291=AXIS2_PLACEMENT_3D('',#4436,#2789,#2790);
#2292=AXIS2_PLACEMENT_3D('',#4438,#2791,#2792);
#2293=AXIS2_PLACEMENT_3D('',#4440,#2794,#2795);
#2294=AXIS2_PLACEMENT_3D('',#4469,#2796,#2797);
#2295=AXIS2_PLACEMENT_3D('',#4471,#2798,#2799);
#2296=AXIS2_PLACEMENT_3D('',#4473,#2800,#2801);
#2297=AXIS2_PLACEMENT_3D('',#4474,#2802,#2803);
#2298=AXIS2_PLACEMENT_3D('',#4475,#2804,#2805);
#2299=AXIS2_PLACEMENT_3D('',#4477,#2806,#2807);
#2300=AXIS2_PLACEMENT_3D('',#4479,#2809,#2810);
#2301=AXIS2_PLACEMENT_3D('',#4508,#2811,#2812);
#2302=AXIS2_PLACEMENT_3D('',#4510,#2813,#2814);
#2303=AXIS2_PLACEMENT_3D('',#4512,#2815,#2816);
#2304=AXIS2_PLACEMENT_3D('',#4513,#2817,#2818);
#2305=AXIS2_PLACEMENT_3D('',#4514,#2819,#2820);
#2306=AXIS2_PLACEMENT_3D('',#4516,#2821,#2822);
#2307=AXIS2_PLACEMENT_3D('',#4518,#2824,#2825);
#2308=AXIS2_PLACEMENT_3D('',#4547,#2826,#2827);
#2309=AXIS2_PLACEMENT_3D('',#4549,#2828,#2829);
#2310=AXIS2_PLACEMENT_3D('',#4551,#2830,#2831);
#2311=AXIS2_PLACEMENT_3D('',#4552,#2832,#2833);
#2312=AXIS2_PLACEMENT_3D('',#4553,#2834,#2835);
#2313=AXIS2_PLACEMENT_3D('',#4555,#2836,#2837);
#2314=AXIS2_PLACEMENT_3D('',#4557,#2839,#2840);
#2315=AXIS2_PLACEMENT_3D('',#4586,#2841,#2842);
#2316=AXIS2_PLACEMENT_3D('',#4588,#2843,#2844);
#2317=AXIS2_PLACEMENT_3D('',#4590,#2845,#2846);
#2318=AXIS2_PLACEMENT_3D('',#4591,#2847,#2848);
#2319=AXIS2_PLACEMENT_3D('',#4592,#2849,#2850);
#2320=AXIS2_PLACEMENT_3D('',#4594,#2851,#2852);
#2321=AXIS2_PLACEMENT_3D('',#4596,#2854,#2855);
#2322=AXIS2_PLACEMENT_3D('',#4625,#2856,#2857);
#2323=AXIS2_PLACEMENT_3D('',#4627,#2858,#2859);
#2324=AXIS2_PLACEMENT_3D('',#4629,#2860,#2861);
#2325=AXIS2_PLACEMENT_3D('',#4630,#2862,#2863);
#2326=AXIS2_PLACEMENT_3D('',#4631,#2864,#2865);
#2327=AXIS2_PLACEMENT_3D('',#4633,#2866,#2867);
#2328=AXIS2_PLACEMENT_3D('',#4635,#2869,#2870);
#2329=AXIS2_PLACEMENT_3D('',#4664,#2871,#2872);
#2330=AXIS2_PLACEMENT_3D('',#4666,#2873,#2874);
#2331=AXIS2_PLACEMENT_3D('',#4668,#2875,#2876);
#2332=AXIS2_PLACEMENT_3D('',#4669,#2877,#2878);
#2333=AXIS2_PLACEMENT_3D('',#4670,#2879,#2880);
#2334=AXIS2_PLACEMENT_3D('',#4672,#2881,#2882);
#2335=AXIS2_PLACEMENT_3D('',#4674,#2884,#2885);
#2336=AXIS2_PLACEMENT_3D('',#4703,#2886,#2887);
#2337=AXIS2_PLACEMENT_3D('',#4705,#2888,#2889);
#2338=AXIS2_PLACEMENT_3D('',#4707,#2890,#2891);
#2339=AXIS2_PLACEMENT_3D('',#4708,#2892,#2893);
#2340=AXIS2_PLACEMENT_3D('',#4709,#2894,#2895);
#2341=AXIS2_PLACEMENT_3D('',#4711,#2896,#2897);
#2342=AXIS2_PLACEMENT_3D('',#4713,#2899,#2900);
#2343=AXIS2_PLACEMENT_3D('',#4742,#2901,#2902);
#2344=AXIS2_PLACEMENT_3D('',#4744,#2903,#2904);
#2345=AXIS2_PLACEMENT_3D('',#4746,#2905,#2906);
#2346=AXIS2_PLACEMENT_3D('',#4747,#2907,#2908);
#2347=AXIS2_PLACEMENT_3D('',#4748,#2909,#2910);
#2348=AXIS2_PLACEMENT_3D('',#4750,#2911,#2912);
#2349=AXIS2_PLACEMENT_3D('',#4752,#2914,#2915);
#2350=AXIS2_PLACEMENT_3D('',#4781,#2916,#2917);
#2351=AXIS2_PLACEMENT_3D('',#4783,#2918,#2919);
#2352=AXIS2_PLACEMENT_3D('',#4785,#2920,#2921);
#2353=AXIS2_PLACEMENT_3D('',#4786,#2922,#2923);
#2354=AXIS2_PLACEMENT_3D('',#4787,#2924,#2925);
#2355=AXIS2_PLACEMENT_3D('',#4789,#2926,#2927);
#2356=AXIS2_PLACEMENT_3D('',#4791,#2929,#2930);
#2357=AXIS2_PLACEMENT_3D('',#4792,#2931,#2932);
#2358=AXIS2_PLACEMENT_3D('',#4794,#2933,#2934);
#2359=AXIS2_PLACEMENT_3D('',#4796,#2935,#2936);
#2360=AXIS2_PLACEMENT_3D('',#4797,#2937,#2938);
#2361=AXIS2_PLACEMENT_3D('',#4799,#2940,#2941);
#2362=AXIS2_PLACEMENT_3D('',#4801,#2943,#2944);
#2363=AXIS2_PLACEMENT_3D('',#4803,#2945,#2946);
#2364=AXIS2_PLACEMENT_3D('',#4805,#2947,#2948);
#2365=AXIS2_PLACEMENT_3D('',#4806,#2949,#2950);
#2366=AXIS2_PLACEMENT_3D('',#4808,#2952,#2953);
#2367=AXIS2_PLACEMENT_3D('',#4810,#2955,#2956);
#2368=AXIS2_PLACEMENT_3D('',#4816,#2960,#2961);
#2369=AXIS2_PLACEMENT_3D('',#4820,#2964,#2965);
#2370=AXIS2_PLACEMENT_3D('',#4824,#2968,#2969);
#2371=AXIS2_PLACEMENT_3D('',#4828,#2972,#2973);
#2372=AXIS2_PLACEMENT_3D('',#4832,#2976,#2977);
#2373=AXIS2_PLACEMENT_3D('',#4841,#2983,#2984);
#2374=AXIS2_PLACEMENT_3D('',#4851,#2990,#2991);
#2375=AXIS2_PLACEMENT_3D('',#4857,#2995,#2996);
#2376=AXIS2_PLACEMENT_3D('',#4859,#2998,#2999);
#2377=AXIS2_PLACEMENT_3D('',#4862,#3002,#3003);
#2378=AXIS2_PLACEMENT_3D('',#4868,#3007,#3008);
#2379=AXIS2_PLACEMENT_3D('',#4872,#3011,#3012);
#2380=AXIS2_PLACEMENT_3D('',#4876,#3015,#3016);
#2381=AXIS2_PLACEMENT_3D('',#4878,#3018,#3019);
#2382=AXIS2_PLACEMENT_3D('',#4882,#3022,#3023);
#2383=AXIS2_PLACEMENT_3D('',#4884,#3024,#3025);
#2384=AXIS2_PLACEMENT_3D('',#4886,#3027,#3028);
#2385=AXIS2_PLACEMENT_3D('',#4887,#3029,#3030);
#2386=AXIS2_PLACEMENT_3D('',#4888,#3031,#3032);
#2387=DIRECTION('axis',(0.,0.,1.));
#2388=DIRECTION('refdir',(1.,0.,0.));
#2389=DIRECTION('center_axis',(-1.,0.,0.));
#2390=DIRECTION('ref_axis',(0.,0.,1.));
#2391=DIRECTION('',(0.,0.998396250730738,-0.0566120705044831));
#2392=DIRECTION('',(0.,0.,1.));
#2393=DIRECTION('',(0.,1.,0.));
#2394=DIRECTION('',(0.,0.0566120705045029,0.998396250730737));
#2395=DIRECTION('center_axis',(3.5527136788005E-15,0.,-1.));
#2396=DIRECTION('ref_axis',(-1.,0.,-3.5527136788005E-15));
#2397=DIRECTION('',(-1.,-2.01449551838119E-16,-3.5527136788005E-15));
#2398=DIRECTION('',(-1.,0.,-3.5527136788005E-15));
#2399=DIRECTION('',(0.,1.,0.));
#2400=DIRECTION('center_axis',(1.,0.,7.105427357601E-16));
#2401=DIRECTION('ref_axis',(7.105427357601E-16,0.,-1.));
#2402=DIRECTION('',(-4.02252954532991E-17,-0.998396250730738,0.0566120705044831));
#2403=DIRECTION('',(7.09403203366845E-16,-0.0566120705045029,-0.998396250730737));
#2404=DIRECTION('',(0.,1.,0.));
#2405=DIRECTION('',(7.105427357601E-16,0.,-1.));
#2406=DIRECTION('center_axis',(0.,0.,-1.));
#2407=DIRECTION('ref_axis',(-1.,0.,0.));
#2408=DIRECTION('',(-1.,0.,0.));
#2409=DIRECTION('',(0.,1.,0.));
#2410=DIRECTION('',(-1.,0.,0.));
#2411=DIRECTION('center_axis',(0.,1.,0.));
#2412=DIRECTION('ref_axis',(0.,0.,1.));
#2413=DIRECTION('',(1.,0.,0.));
#2414=DIRECTION('',(-2.51965509134787E-16,0.,1.));
#2415=DIRECTION('',(-1.,0.,0.));
#2416=DIRECTION('',(-2.28698308166836E-16,0.,-1.));
#2417=DIRECTION('',(-1.,0.,-1.75442650804963E-15));
#2418=DIRECTION('',(3.43047462250254E-16,0.,1.));
#2419=DIRECTION('',(-1.,0.,0.));
#2420=DIRECTION('',(5.75875911620554E-16,0.,-1.));
#2421=DIRECTION('center_axis',(0.,1.,0.));
#2422=DIRECTION('ref_axis',(1.,0.,0.));
#2423=DIRECTION('center_axis',(0.,1.,0.));
#2424=DIRECTION('ref_axis',(1.,0.,0.));
#2425=DIRECTION('center_axis',(0.,0.0566120705044831,0.998396250730738));
#2426=DIRECTION('ref_axis',(0.,-0.998396250730738,0.0566120705044831));
#2427=DIRECTION('',(1.42642891678366E-17,0.998396250730738,-0.0566120705044831));
#2428=DIRECTION('',(1.,0.,0.));
#2429=DIRECTION('',(0.,-0.998396250730738,0.0566120705044831));
#2430=DIRECTION('',(1.,0.,0.));
#2431=DIRECTION('center_axis',(0.,0.0566120705044831,0.998396250730738));
#2432=DIRECTION('ref_axis',(0.,-0.998396250730738,0.0566120705044831));
#2433=DIRECTION('',(1.,0.,0.));
#2434=DIRECTION('center_axis',(-1.,0.,0.));
#2435=DIRECTION('ref_axis',(0.,1.20024110770287E-16,1.));
#2436=DIRECTION('center_axis',(-1.,0.,0.));
#2437=DIRECTION('ref_axis',(0.,1.20024110770287E-16,1.));
#2438=DIRECTION('center_axis',(0.,-1.,1.20024110770287E-16));
#2439=DIRECTION('ref_axis',(0.,-1.20024110770287E-16,-1.));
#2440=DIRECTION('center_axis',(1.,0.,0.));
#2441=DIRECTION('ref_axis',(0.,1.20024110770287E-16,1.));
#2442=DIRECTION('center_axis',(-1.,0.,0.));
#2443=DIRECTION('ref_axis',(0.,0.,-1.));
#2444=DIRECTION('center_axis',(1.,0.,0.));
#2445=DIRECTION('ref_axis',(0.,0.,-1.));
#2446=DIRECTION('',(1.,0.,0.));
#2447=DIRECTION('center_axis',(1.,0.,0.));
#2448=DIRECTION('ref_axis',(0.,0.,-1.));
#2449=DIRECTION('center_axis',(-1.,0.,0.));
#2450=DIRECTION('ref_axis',(0.,0.,1.));
#2451=DIRECTION('center_axis',(-1.,0.,0.));
#2452=DIRECTION('ref_axis',(0.,0.,1.));
#2453=DIRECTION('center_axis',(0.,-1.,0.));
#2454=DIRECTION('ref_axis',(0.,0.,-1.));
#2455=DIRECTION('center_axis',(1.,0.,0.));
#2456=DIRECTION('ref_axis',(0.,0.,1.));
#2457=DIRECTION('center_axis',(-1.,0.,0.));
#2458=DIRECTION('ref_axis',(0.,0.,-1.));
#2459=DIRECTION('center_axis',(1.,0.,0.));
#2460=DIRECTION('ref_axis',(0.,0.,-1.));
#2461=DIRECTION('',(1.,0.,0.));
#2462=DIRECTION('center_axis',(1.,0.,0.));
#2463=DIRECTION('ref_axis',(0.,0.,-1.));
#2464=DIRECTION('center_axis',(-1.,0.,0.));
#2465=DIRECTION('ref_axis',(0.,2.40048221540574E-16,1.));
#2466=DIRECTION('center_axis',(-1.,0.,0.));
#2467=DIRECTION('ref_axis',(0.,2.40048221540574E-16,1.));
#2468=DIRECTION('center_axis',(0.,-1.,2.40048221540574E-16));
#2469=DIRECTION('ref_axis',(0.,-2.40048221540574E-16,-1.));
#2470=DIRECTION('center_axis',(1.,0.,0.));
#2471=DIRECTION('ref_axis',(0.,2.40048221540574E-16,1.));
#2472=DIRECTION('center_axis',(-1.,0.,0.));
#2473=DIRECTION('ref_axis',(0.,0.,-1.));
#2474=DIRECTION('center_axis',(1.,0.,0.));
#2475=DIRECTION('ref_axis',(0.,0.,-1.));
#2476=DIRECTION('',(1.,0.,0.));
#2477=DIRECTION('center_axis',(1.,0.,0.));
#2478=DIRECTION('ref_axis',(0.,0.,-1.));
#2479=DIRECTION('center_axis',(-1.,0.,0.));
#2480=DIRECTION('ref_axis',(0.,0.,1.));
#2481=DIRECTION('center_axis',(-1.,0.,0.));
#2482=DIRECTION('ref_axis',(0.,0.,1.));
#2483=DIRECTION('center_axis',(0.,-1.,0.));
#2484=DIRECTION('ref_axis',(0.,0.,-1.));
#2485=DIRECTION('center_axis',(1.,0.,0.));
#2486=DIRECTION('ref_axis',(0.,0.,1.));
#2487=DIRECTION('center_axis',(-1.,0.,0.));
#2488=DIRECTION('ref_axis',(0.,0.,-1.));
#2489=DIRECTION('center_axis',(1.,0.,0.));
#2490=DIRECTION('ref_axis',(0.,0.,-1.));
#2491=DIRECTION('',(1.,0.,0.));
#2492=DIRECTION('center_axis',(1.,0.,0.));
#2493=DIRECTION('ref_axis',(0.,0.,-1.));
#2494=DIRECTION('center_axis',(-1.,0.,0.));
#2495=DIRECTION('ref_axis',(0.,1.20024110770287E-16,1.));
#2496=DIRECTION('center_axis',(-1.,0.,0.));
#2497=DIRECTION('ref_axis',(0.,1.20024110770287E-16,1.));
#2498=DIRECTION('center_axis',(0.,-1.,1.20024110770287E-16));
#2499=DIRECTION('ref_axis',(0.,-1.20024110770287E-16,-1.));
#2500=DIRECTION('center_axis',(1.,0.,0.));
#2501=DIRECTION('ref_axis',(0.,1.20024110770287E-16,1.));
#2502=DIRECTION('center_axis',(-1.,0.,0.));
#2503=DIRECTION('ref_axis',(0.,0.,-1.));
#2504=DIRECTION('center_axis',(1.,0.,0.));
#2505=DIRECTION('ref_axis',(0.,0.,-1.));
#2506=DIRECTION('',(1.,0.,0.));
#2507=DIRECTION('center_axis',(1.,0.,0.));
#2508=DIRECTION('ref_axis',(0.,0.,-1.));
#2509=DIRECTION('center_axis',(-1.,0.,0.));
#2510=DIRECTION('ref_axis',(0.,2.40048221540573E-16,1.));
#2511=DIRECTION('center_axis',(-1.,0.,0.));
#2512=DIRECTION('ref_axis',(0.,2.40048221540573E-16,1.));
#2513=DIRECTION('center_axis',(0.,-1.,2.40048221540573E-16));
#2514=DIRECTION('ref_axis',(0.,-2.40048221540573E-16,-1.));
#2515=DIRECTION('center_axis',(1.,0.,0.));
#2516=DIRECTION('ref_axis',(0.,2.40048221540573E-16,1.));
#2517=DIRECTION('center_axis',(-1.,0.,0.));
#2518=DIRECTION('ref_axis',(0.,0.,-1.));
#2519=DIRECTION('center_axis',(1.,0.,0.));
#2520=DIRECTION('ref_axis',(0.,0.,-1.));
#2521=DIRECTION('',(1.,0.,0.));
#2522=DIRECTION('center_axis',(1.,0.,0.));
#2523=DIRECTION('ref_axis',(0.,0.,-1.));
#2524=DIRECTION('center_axis',(-1.,0.,0.));
#2525=DIRECTION('ref_axis',(0.,0.,1.));
#2526=DIRECTION('center_axis',(-1.,0.,0.));
#2527=DIRECTION('ref_axis',(0.,0.,1.));
#2528=DIRECTION('center_axis',(0.,-1.,0.));
#2529=DIRECTION('ref_axis',(0.,0.,-1.));
#2530=DIRECTION('center_axis',(1.,0.,0.));
#2531=DIRECTION('ref_axis',(0.,0.,1.));
#2532=DIRECTION('center_axis',(-1.,0.,0.));
#2533=DIRECTION('ref_axis',(0.,0.,-1.));
#2534=DIRECTION('center_axis',(1.,0.,0.));
#2535=DIRECTION('ref_axis',(0.,0.,-1.));
#2536=DIRECTION('',(1.,0.,0.));
#2537=DIRECTION('center_axis',(1.,0.,0.));
#2538=DIRECTION('ref_axis',(0.,0.,-1.));
#2539=DIRECTION('center_axis',(-1.,0.,0.));
#2540=DIRECTION('ref_axis',(0.,2.40048221540574E-16,1.));
#2541=DIRECTION('center_axis',(-1.,0.,0.));
#2542=DIRECTION('ref_axis',(0.,2.40048221540574E-16,1.));
#2543=DIRECTION('center_axis',(0.,-1.,2.40048221540574E-16));
#2544=DIRECTION('ref_axis',(0.,-2.40048221540574E-16,-1.));
#2545=DIRECTION('center_axis',(1.,0.,0.));
#2546=DIRECTION('ref_axis',(0.,2.40048221540574E-16,1.));
#2547=DIRECTION('center_axis',(-1.,0.,0.));
#2548=DIRECTION('ref_axis',(0.,0.,-1.));
#2549=DIRECTION('center_axis',(1.,0.,0.));
#2550=DIRECTION('ref_axis',(0.,0.,-1.));
#2551=DIRECTION('',(1.,0.,0.));
#2552=DIRECTION('center_axis',(1.,0.,0.));
#2553=DIRECTION('ref_axis',(0.,0.,-1.));
#2554=DIRECTION('center_axis',(-1.,0.,0.));
#2555=DIRECTION('ref_axis',(0.,2.40048221540575E-16,1.));
#2556=DIRECTION('center_axis',(-1.,0.,0.));
#2557=DIRECTION('ref_axis',(0.,2.40048221540575E-16,1.));
#2558=DIRECTION('center_axis',(0.,-1.,2.40048221540575E-16));
#2559=DIRECTION('ref_axis',(0.,-2.40048221540575E-16,-1.));
#2560=DIRECTION('center_axis',(1.,0.,0.));
#2561=DIRECTION('ref_axis',(0.,2.40048221540575E-16,1.));
#2562=DIRECTION('center_axis',(-1.,0.,0.));
#2563=DIRECTION('ref_axis',(0.,0.,-1.));
#2564=DIRECTION('center_axis',(1.,0.,0.));
#2565=DIRECTION('ref_axis',(0.,0.,-1.));
#2566=DIRECTION('',(1.,0.,0.));
#2567=DIRECTION('center_axis',(1.,0.,0.));
#2568=DIRECTION('ref_axis',(0.,0.,-1.));
#2569=DIRECTION('center_axis',(-1.,0.,0.));
#2570=DIRECTION('ref_axis',(0.,0.,1.));
#2571=DIRECTION('center_axis',(-1.,0.,0.));
#2572=DIRECTION('ref_axis',(0.,0.,1.));
#2573=DIRECTION('center_axis',(0.,-1.,0.));
#2574=DIRECTION('ref_axis',(0.,0.,-1.));
#2575=DIRECTION('center_axis',(1.,0.,0.));
#2576=DIRECTION('ref_axis',(0.,0.,1.));
#2577=DIRECTION('center_axis',(-1.,0.,0.));
#2578=DIRECTION('ref_axis',(0.,0.,-1.));
#2579=DIRECTION('center_axis',(1.,0.,0.));
#2580=DIRECTION('ref_axis',(0.,0.,-1.));
#2581=DIRECTION('',(1.,0.,0.));
#2582=DIRECTION('center_axis',(1.,0.,0.));
#2583=DIRECTION('ref_axis',(0.,0.,-1.));
#2584=DIRECTION('center_axis',(-1.,0.,0.));
#2585=DIRECTION('ref_axis',(0.,0.,1.));
#2586=DIRECTION('center_axis',(-1.,0.,0.));
#2587=DIRECTION('ref_axis',(0.,0.,1.));
#2588=DIRECTION('center_axis',(0.,-1.,0.));
#2589=DIRECTION('ref_axis',(0.,0.,-1.));
#2590=DIRECTION('center_axis',(1.,0.,0.));
#2591=DIRECTION('ref_axis',(0.,0.,1.));
#2592=DIRECTION('center_axis',(-1.,0.,0.));
#2593=DIRECTION('ref_axis',(0.,0.,-1.));
#2594=DIRECTION('center_axis',(1.,0.,0.));
#2595=DIRECTION('ref_axis',(0.,0.,-1.));
#2596=DIRECTION('',(1.,0.,0.));
#2597=DIRECTION('center_axis',(1.,0.,0.));
#2598=DIRECTION('ref_axis',(0.,0.,-1.));
#2599=DIRECTION('center_axis',(-1.,0.,0.));
#2600=DIRECTION('ref_axis',(0.,2.40048221540573E-16,1.));
#2601=DIRECTION('center_axis',(-1.,0.,0.));
#2602=DIRECTION('ref_axis',(0.,2.40048221540573E-16,1.));
#2603=DIRECTION('center_axis',(0.,-1.,2.40048221540573E-16));
#2604=DIRECTION('ref_axis',(0.,-2.40048221540573E-16,-1.));
#2605=DIRECTION('center_axis',(1.,0.,0.));
#2606=DIRECTION('ref_axis',(0.,2.40048221540573E-16,1.));
#2607=DIRECTION('center_axis',(-1.,0.,0.));
#2608=DIRECTION('ref_axis',(0.,0.,-1.));
#2609=DIRECTION('center_axis',(1.,0.,0.));
#2610=DIRECTION('ref_axis',(0.,0.,-1.));
#2611=DIRECTION('',(1.,0.,0.));
#2612=DIRECTION('center_axis',(1.,0.,0.));
#2613=DIRECTION('ref_axis',(0.,0.,-1.));
#2614=DIRECTION('center_axis',(-1.,0.,0.));
#2615=DIRECTION('ref_axis',(0.,2.40048221540573E-16,1.));
#2616=DIRECTION('center_axis',(-1.,0.,0.));
#2617=DIRECTION('ref_axis',(0.,2.40048221540573E-16,1.));
#2618=DIRECTION('center_axis',(0.,-1.,2.40048221540573E-16));
#2619=DIRECTION('ref_axis',(0.,-2.40048221540573E-16,-1.));
#2620=DIRECTION('center_axis',(1.,0.,0.));
#2621=DIRECTION('ref_axis',(0.,2.40048221540573E-16,1.));
#2622=DIRECTION('center_axis',(-1.,0.,0.));
#2623=DIRECTION('ref_axis',(0.,0.,-1.));
#2624=DIRECTION('center_axis',(1.,0.,0.));
#2625=DIRECTION('ref_axis',(0.,0.,-1.));
#2626=DIRECTION('',(1.,0.,0.));
#2627=DIRECTION('center_axis',(1.,0.,0.));
#2628=DIRECTION('ref_axis',(0.,0.,-1.));
#2629=DIRECTION('center_axis',(-1.,0.,0.));
#2630=DIRECTION('ref_axis',(0.,0.,1.));
#2631=DIRECTION('center_axis',(-1.,0.,0.));
#2632=DIRECTION('ref_axis',(0.,0.,1.));
#2633=DIRECTION('center_axis',(0.,-1.,0.));
#2634=DIRECTION('ref_axis',(0.,0.,-1.));
#2635=DIRECTION('center_axis',(1.,0.,0.));
#2636=DIRECTION('ref_axis',(0.,0.,1.));
#2637=DIRECTION('center_axis',(-1.,0.,0.));
#2638=DIRECTION('ref_axis',(0.,0.,-1.));
#2639=DIRECTION('center_axis',(1.,0.,0.));
#2640=DIRECTION('ref_axis',(0.,0.,-1.));
#2641=DIRECTION('',(1.,0.,0.));
#2642=DIRECTION('center_axis',(1.,0.,0.));
#2643=DIRECTION('ref_axis',(0.,0.,-1.));
#2644=DIRECTION('center_axis',(-1.,0.,0.));
#2645=DIRECTION('ref_axis',(0.,1.20024110770287E-16,1.));
#2646=DIRECTION('center_axis',(-1.,0.,0.));
#2647=DIRECTION('ref_axis',(0.,1.20024110770287E-16,1.));
#2648=DIRECTION('center_axis',(0.,-1.,1.20024110770287E-16));
#2649=DIRECTION('ref_axis',(0.,-1.20024110770287E-16,-1.));
#2650=DIRECTION('center_axis',(1.,0.,0.));
#2651=DIRECTION('ref_axis',(0.,1.20024110770287E-16,1.));
#2652=DIRECTION('center_axis',(-1.,0.,0.));
#2653=DIRECTION('ref_axis',(0.,0.,-1.));
#2654=DIRECTION('center_axis',(1.,0.,0.));
#2655=DIRECTION('ref_axis',(0.,0.,-1.));
#2656=DIRECTION('',(1.,0.,0.));
#2657=DIRECTION('center_axis',(1.,0.,0.));
#2658=DIRECTION('ref_axis',(0.,0.,-1.));
#2659=DIRECTION('center_axis',(-1.,0.,0.));
#2660=DIRECTION('ref_axis',(0.,0.,1.));
#2661=DIRECTION('center_axis',(-1.,0.,0.));
#2662=DIRECTION('ref_axis',(0.,0.,1.));
#2663=DIRECTION('center_axis',(0.,-1.,0.));
#2664=DIRECTION('ref_axis',(0.,0.,-1.));
#2665=DIRECTION('center_axis',(1.,0.,0.));
#2666=DIRECTION('ref_axis',(0.,0.,1.));
#2667=DIRECTION('center_axis',(-1.,0.,0.));
#2668=DIRECTION('ref_axis',(0.,0.,-1.));
#2669=DIRECTION('center_axis',(1.,0.,0.));
#2670=DIRECTION('ref_axis',(0.,0.,-1.));
#2671=DIRECTION('',(1.,0.,0.));
#2672=DIRECTION('center_axis',(1.,0.,0.));
#2673=DIRECTION('ref_axis',(0.,0.,-1.));
#2674=DIRECTION('center_axis',(0.,0.,1.));
#2675=DIRECTION('ref_axis',(1.,0.,0.));
#2676=DIRECTION('',(0.,1.,0.));
#2677=DIRECTION('',(1.,0.,0.));
#2678=DIRECTION('',(0.,-1.,0.));
#2679=DIRECTION('',(1.,0.,0.));
#2680=DIRECTION('center_axis',(1.,0.,0.));
#2681=DIRECTION('ref_axis',(0.,0.,-1.));
#2682=DIRECTION('',(0.,0.,-1.));
#2683=DIRECTION('',(0.,-1.,-6.49348747467288E-14));
#2684=DIRECTION('center_axis',(1.,0.,0.));
#2685=DIRECTION('ref_axis',(0.,0.999996585793936,-0.00261312082976726));
#2686=DIRECTION('center_axis',(-1.,0.,0.));
#2687=DIRECTION('ref_axis',(0.,0.999996585793936,-0.00261312082976729));
#2688=DIRECTION('',(0.,-0.0566120705045029,-0.998396250730737));
#2689=DIRECTION('',(0.,0.998445662487556,-0.0557338233013433));
#2690=DIRECTION('',(0.,0.0557338233013232,0.998445662487557));
#2691=DIRECTION('center_axis',(-1.,0.,0.));
#2692=DIRECTION('ref_axis',(0.,1.20024110770287E-16,1.));
#2693=DIRECTION('center_axis',(0.,-1.,1.20024110770287E-16));
#2694=DIRECTION('ref_axis',(0.,-1.20024110770287E-16,-1.));
#2695=DIRECTION('center_axis',(1.,0.,0.));
#2696=DIRECTION('ref_axis',(0.,1.20024110770287E-16,1.));
#2697=DIRECTION('center_axis',(1.,0.,0.));
#2698=DIRECTION('ref_axis',(0.,1.20024110770287E-16,1.));
#2699=DIRECTION('center_axis',(-1.,0.,0.));
#2700=DIRECTION('ref_axis',(0.,0.,-1.));
#2701=DIRECTION('center_axis',(-1.,0.,0.));
#2702=DIRECTION('ref_axis',(0.,0.,-1.));
#2703=DIRECTION('',(-1.,0.,0.));
#2704=DIRECTION('center_axis',(1.,0.,0.));
#2705=DIRECTION('ref_axis',(0.,0.,-1.));
#2706=DIRECTION('center_axis',(-1.,0.,0.));
#2707=DIRECTION('ref_axis',(0.,0.,1.));
#2708=DIRECTION('center_axis',(0.,-1.,0.));
#2709=DIRECTION('ref_axis',(0.,0.,-1.));
#2710=DIRECTION('center_axis',(1.,0.,0.));
#2711=DIRECTION('ref_axis',(0.,0.,1.));
#2712=DIRECTION('center_axis',(1.,0.,0.));
#2713=DIRECTION('ref_axis',(0.,0.,1.));
#2714=DIRECTION('center_axis',(-1.,0.,0.));
#2715=DIRECTION('ref_axis',(0.,0.,-1.));
#2716=DIRECTION('center_axis',(-1.,0.,0.));
#2717=DIRECTION('ref_axis',(0.,0.,-1.));
#2718=DIRECTION('',(-1.,0.,0.));
#2719=DIRECTION('center_axis',(1.,0.,0.));
#2720=DIRECTION('ref_axis',(0.,0.,-1.));
#2721=DIRECTION('center_axis',(-1.,0.,0.));
#2722=DIRECTION('ref_axis',(0.,2.40048221540574E-16,1.));
#2723=DIRECTION('center_axis',(0.,-1.,2.40048221540574E-16));
#2724=DIRECTION('ref_axis',(0.,-2.40048221540574E-16,-1.));
#2725=DIRECTION('center_axis',(1.,0.,0.));
#2726=DIRECTION('ref_axis',(0.,2.40048221540574E-16,1.));
#2727=DIRECTION('center_axis',(1.,0.,0.));
#2728=DIRECTION('ref_axis',(0.,2.40048221540574E-16,1.));
#2729=DIRECTION('center_axis',(-1.,0.,0.));
#2730=DIRECTION('ref_axis',(0.,0.,-1.));
#2731=DIRECTION('center_axis',(-1.,0.,0.));
#2732=DIRECTION('ref_axis',(0.,0.,-1.));
#2733=DIRECTION('',(-1.,0.,0.));
#2734=DIRECTION('center_axis',(1.,0.,0.));
#2735=DIRECTION('ref_axis',(0.,0.,-1.));
#2736=DIRECTION('center_axis',(-1.,0.,0.));
#2737=DIRECTION('ref_axis',(0.,0.,1.));
#2738=DIRECTION('center_axis',(0.,-1.,0.));
#2739=DIRECTION('ref_axis',(0.,0.,-1.));
#2740=DIRECTION('center_axis',(1.,0.,0.));
#2741=DIRECTION('ref_axis',(0.,0.,1.));
#2742=DIRECTION('center_axis',(1.,0.,0.));
#2743=DIRECTION('ref_axis',(0.,0.,1.));
#2744=DIRECTION('center_axis',(-1.,0.,0.));
#2745=DIRECTION('ref_axis',(0.,0.,-1.));
#2746=DIRECTION('center_axis',(-1.,0.,0.));
#2747=DIRECTION('ref_axis',(0.,0.,-1.));
#2748=DIRECTION('',(-1.,0.,0.));
#2749=DIRECTION('center_axis',(1.,0.,0.));
#2750=DIRECTION('ref_axis',(0.,0.,-1.));
#2751=DIRECTION('center_axis',(-1.,0.,0.));
#2752=DIRECTION('ref_axis',(0.,1.20024110770287E-16,1.));
#2753=DIRECTION('center_axis',(0.,-1.,1.20024110770287E-16));
#2754=DIRECTION('ref_axis',(0.,-1.20024110770287E-16,-1.));
#2755=DIRECTION('center_axis',(1.,0.,0.));
#2756=DIRECTION('ref_axis',(0.,1.20024110770287E-16,1.));
#2757=DIRECTION('center_axis',(1.,0.,0.));
#2758=DIRECTION('ref_axis',(0.,1.20024110770287E-16,1.));
#2759=DIRECTION('center_axis',(-1.,0.,0.));
#2760=DIRECTION('ref_axis',(0.,0.,-1.));
#2761=DIRECTION('center_axis',(-1.,0.,0.));
#2762=DIRECTION('ref_axis',(0.,0.,-1.));
#2763=DIRECTION('',(-1.,0.,0.));
#2764=DIRECTION('center_axis',(1.,0.,0.));
#2765=DIRECTION('ref_axis',(0.,0.,-1.));
#2766=DIRECTION('center_axis',(-1.,0.,0.));
#2767=DIRECTION('ref_axis',(0.,2.40048221540573E-16,1.));
#2768=DIRECTION('center_axis',(0.,-1.,2.40048221540573E-16));
#2769=DIRECTION('ref_axis',(0.,-2.40048221540573E-16,-1.));
#2770=DIRECTION('center_axis',(1.,0.,0.));
#2771=DIRECTION('ref_axis',(0.,2.40048221540573E-16,1.));
#2772=DIRECTION('center_axis',(1.,0.,0.));
#2773=DIRECTION('ref_axis',(0.,2.40048221540573E-16,1.));
#2774=DIRECTION('center_axis',(-1.,0.,0.));
#2775=DIRECTION('ref_axis',(0.,0.,-1.));
#2776=DIRECTION('center_axis',(-1.,0.,0.));
#2777=DIRECTION('ref_axis',(0.,0.,-1.));
#2778=DIRECTION('',(-1.,0.,0.));
#2779=DIRECTION('center_axis',(1.,0.,0.));
#2780=DIRECTION('ref_axis',(0.,0.,-1.));
#2781=DIRECTION('center_axis',(-1.,0.,0.));
#2782=DIRECTION('ref_axis',(0.,0.,1.));
#2783=DIRECTION('center_axis',(0.,-1.,0.));
#2784=DIRECTION('ref_axis',(0.,0.,-1.));
#2785=DIRECTION('center_axis',(1.,0.,0.));
#2786=DIRECTION('ref_axis',(0.,0.,1.));
#2787=DIRECTION('center_axis',(1.,0.,0.));
#2788=DIRECTION('ref_axis',(0.,0.,1.));
#2789=DIRECTION('center_axis',(-1.,0.,0.));
#2790=DIRECTION('ref_axis',(0.,0.,-1.));
#2791=DIRECTION('center_axis',(-1.,0.,0.));
#2792=DIRECTION('ref_axis',(0.,0.,-1.));
#2793=DIRECTION('',(-1.,0.,0.));
#2794=DIRECTION('center_axis',(1.,0.,0.));
#2795=DIRECTION('ref_axis',(0.,0.,-1.));
#2796=DIRECTION('center_axis',(-1.,0.,0.));
#2797=DIRECTION('ref_axis',(0.,2.40048221540574E-16,1.));
#2798=DIRECTION('center_axis',(0.,-1.,2.40048221540574E-16));
#2799=DIRECTION('ref_axis',(0.,-2.40048221540574E-16,-1.));
#2800=DIRECTION('center_axis',(1.,0.,0.));
#2801=DIRECTION('ref_axis',(0.,2.40048221540574E-16,1.));
#2802=DIRECTION('center_axis',(1.,0.,0.));
#2803=DIRECTION('ref_axis',(0.,2.40048221540574E-16,1.));
#2804=DIRECTION('center_axis',(-1.,0.,0.));
#2805=DIRECTION('ref_axis',(0.,0.,-1.));
#2806=DIRECTION('center_axis',(-1.,0.,0.));
#2807=DIRECTION('ref_axis',(0.,0.,-1.));
#2808=DIRECTION('',(-1.,0.,0.));
#2809=DIRECTION('center_axis',(1.,0.,0.));
#2810=DIRECTION('ref_axis',(0.,0.,-1.));
#2811=DIRECTION('center_axis',(-1.,0.,0.));
#2812=DIRECTION('ref_axis',(0.,2.40048221540575E-16,1.));
#2813=DIRECTION('center_axis',(0.,-1.,2.40048221540575E-16));
#2814=DIRECTION('ref_axis',(0.,-2.40048221540575E-16,-1.));
#2815=DIRECTION('center_axis',(1.,0.,0.));
#2816=DIRECTION('ref_axis',(0.,2.40048221540575E-16,1.));
#2817=DIRECTION('center_axis',(1.,0.,0.));
#2818=DIRECTION('ref_axis',(0.,2.40048221540575E-16,1.));
#2819=DIRECTION('center_axis',(-1.,0.,0.));
#2820=DIRECTION('ref_axis',(0.,0.,-1.));
#2821=DIRECTION('center_axis',(-1.,0.,0.));
#2822=DIRECTION('ref_axis',(0.,0.,-1.));
#2823=DIRECTION('',(-1.,0.,0.));
#2824=DIRECTION('center_axis',(1.,0.,0.));
#2825=DIRECTION('ref_axis',(0.,0.,-1.));
#2826=DIRECTION('center_axis',(-1.,0.,0.));
#2827=DIRECTION('ref_axis',(0.,0.,1.));
#2828=DIRECTION('center_axis',(0.,-1.,0.));
#2829=DIRECTION('ref_axis',(0.,0.,-1.));
#2830=DIRECTION('center_axis',(1.,0.,0.));
#2831=DIRECTION('ref_axis',(0.,0.,1.));
#2832=DIRECTION('center_axis',(1.,0.,0.));
#2833=DIRECTION('ref_axis',(0.,0.,1.));
#2834=DIRECTION('center_axis',(-1.,0.,0.));
#2835=DIRECTION('ref_axis',(0.,0.,-1.));
#2836=DIRECTION('center_axis',(-1.,0.,0.));
#2837=DIRECTION('ref_axis',(0.,0.,-1.));
#2838=DIRECTION('',(-1.,0.,0.));
#2839=DIRECTION('center_axis',(1.,0.,0.));
#2840=DIRECTION('ref_axis',(0.,0.,-1.));
#2841=DIRECTION('center_axis',(-1.,0.,0.));
#2842=DIRECTION('ref_axis',(0.,0.,1.));
#2843=DIRECTION('center_axis',(0.,-1.,0.));
#2844=DIRECTION('ref_axis',(0.,0.,-1.));
#2845=DIRECTION('center_axis',(1.,0.,0.));
#2846=DIRECTION('ref_axis',(0.,0.,1.));
#2847=DIRECTION('center_axis',(1.,0.,0.));
#2848=DIRECTION('ref_axis',(0.,0.,1.));
#2849=DIRECTION('center_axis',(-1.,0.,0.));
#2850=DIRECTION('ref_axis',(0.,0.,-1.));
#2851=DIRECTION('center_axis',(-1.,0.,0.));
#2852=DIRECTION('ref_axis',(0.,0.,-1.));
#2853=DIRECTION('',(-1.,0.,0.));
#2854=DIRECTION('center_axis',(1.,0.,0.));
#2855=DIRECTION('ref_axis',(0.,0.,-1.));
#2856=DIRECTION('center_axis',(-1.,0.,0.));
#2857=DIRECTION('ref_axis',(0.,2.40048221540573E-16,1.));
#2858=DIRECTION('center_axis',(0.,-1.,2.40048221540573E-16));
#2859=DIRECTION('ref_axis',(0.,-2.40048221540573E-16,-1.));
#2860=DIRECTION('center_axis',(1.,0.,0.));
#2861=DIRECTION('ref_axis',(0.,2.40048221540573E-16,1.));
#2862=DIRECTION('center_axis',(1.,0.,0.));
#2863=DIRECTION('ref_axis',(0.,2.40048221540573E-16,1.));
#2864=DIRECTION('center_axis',(-1.,0.,0.));
#2865=DIRECTION('ref_axis',(0.,0.,-1.));
#2866=DIRECTION('center_axis',(-1.,0.,0.));
#2867=DIRECTION('ref_axis',(0.,0.,-1.));
#2868=DIRECTION('',(-1.,0.,0.));
#2869=DIRECTION('center_axis',(1.,0.,0.));
#2870=DIRECTION('ref_axis',(0.,0.,-1.));
#2871=DIRECTION('center_axis',(-1.,0.,0.));
#2872=DIRECTION('ref_axis',(0.,2.40048221540573E-16,1.));
#2873=DIRECTION('center_axis',(0.,-1.,2.40048221540573E-16));
#2874=DIRECTION('ref_axis',(0.,-2.40048221540573E-16,-1.));
#2875=DIRECTION('center_axis',(1.,0.,0.));
#2876=DIRECTION('ref_axis',(0.,2.40048221540573E-16,1.));
#2877=DIRECTION('center_axis',(1.,0.,0.));
#2878=DIRECTION('ref_axis',(0.,2.40048221540573E-16,1.));
#2879=DIRECTION('center_axis',(-1.,0.,0.));
#2880=DIRECTION('ref_axis',(0.,0.,-1.));
#2881=DIRECTION('center_axis',(-1.,0.,0.));
#2882=DIRECTION('ref_axis',(0.,0.,-1.));
#2883=DIRECTION('',(-1.,0.,0.));
#2884=DIRECTION('center_axis',(1.,0.,0.));
#2885=DIRECTION('ref_axis',(0.,0.,-1.));
#2886=DIRECTION('center_axis',(-1.,0.,0.));
#2887=DIRECTION('ref_axis',(0.,0.,1.));
#2888=DIRECTION('center_axis',(0.,-1.,0.));
#2889=DIRECTION('ref_axis',(0.,0.,-1.));
#2890=DIRECTION('center_axis',(1.,0.,0.));
#2891=DIRECTION('ref_axis',(0.,0.,1.));
#2892=DIRECTION('center_axis',(1.,0.,0.));
#2893=DIRECTION('ref_axis',(0.,0.,1.));
#2894=DIRECTION('center_axis',(-1.,0.,0.));
#2895=DIRECTION('ref_axis',(0.,0.,-1.));
#2896=DIRECTION('center_axis',(-1.,0.,0.));
#2897=DIRECTION('ref_axis',(0.,0.,-1.));
#2898=DIRECTION('',(-1.,0.,0.));
#2899=DIRECTION('center_axis',(1.,0.,0.));
#2900=DIRECTION('ref_axis',(0.,0.,-1.));
#2901=DIRECTION('center_axis',(-1.,0.,0.));
#2902=DIRECTION('ref_axis',(0.,1.20024110770287E-16,1.));
#2903=DIRECTION('center_axis',(0.,-1.,1.20024110770287E-16));
#2904=DIRECTION('ref_axis',(0.,-1.20024110770287E-16,-1.));
#2905=DIRECTION('center_axis',(1.,0.,0.));
#2906=DIRECTION('ref_axis',(0.,1.20024110770287E-16,1.));
#2907=DIRECTION('center_axis',(1.,0.,0.));
#2908=DIRECTION('ref_axis',(0.,1.20024110770287E-16,1.));
#2909=DIRECTION('center_axis',(-1.,0.,0.));
#2910=DIRECTION('ref_axis',(0.,0.,-1.));
#2911=DIRECTION('center_axis',(-1.,0.,0.));
#2912=DIRECTION('ref_axis',(0.,0.,-1.));
#2913=DIRECTION('',(-1.,0.,0.));
#2914=DIRECTION('center_axis',(1.,0.,0.));
#2915=DIRECTION('ref_axis',(0.,0.,-1.));
#2916=DIRECTION('center_axis',(-1.,0.,0.));
#2917=DIRECTION('ref_axis',(0.,0.,1.));
#2918=DIRECTION('center_axis',(0.,-1.,0.));
#2919=DIRECTION('ref_axis',(0.,0.,-1.));
#2920=DIRECTION('center_axis',(1.,0.,0.));
#2921=DIRECTION('ref_axis',(0.,0.,1.));
#2922=DIRECTION('center_axis',(1.,0.,0.));
#2923=DIRECTION('ref_axis',(0.,0.,1.));
#2924=DIRECTION('center_axis',(-1.,0.,0.));
#2925=DIRECTION('ref_axis',(0.,0.,-1.));
#2926=DIRECTION('center_axis',(-1.,0.,0.));
#2927=DIRECTION('ref_axis',(0.,0.,-1.));
#2928=DIRECTION('',(-1.,0.,0.));
#2929=DIRECTION('center_axis',(1.,0.,0.));
#2930=DIRECTION('ref_axis',(0.,0.,-1.));
#2931=DIRECTION('center_axis',(0.,-1.,0.));
#2932=DIRECTION('ref_axis',(1.,0.,0.));
#2933=DIRECTION('center_axis',(0.,-1.,0.));
#2934=DIRECTION('ref_axis',(1.,0.,0.));
#2935=DIRECTION('center_axis',(0.,-1.,0.));
#2936=DIRECTION('ref_axis',(1.,0.,0.));
#2937=DIRECTION('center_axis',(0.,-1.,0.));
#2938=DIRECTION('ref_axis',(1.,0.,0.));
#2939=DIRECTION('',(0.,-1.,0.));
#2940=DIRECTION('center_axis',(0.,-1.,0.));
#2941=DIRECTION('ref_axis',(1.,0.,0.));
#2942=DIRECTION('',(0.,-1.,0.));
#2943=DIRECTION('center_axis',(0.,-1.,0.));
#2944=DIRECTION('ref_axis',(1.,0.,0.));
#2945=DIRECTION('center_axis',(0.,-1.,0.));
#2946=DIRECTION('ref_axis',(1.,0.,0.));
#2947=DIRECTION('center_axis',(0.,-1.,0.));
#2948=DIRECTION('ref_axis',(1.,0.,0.));
#2949=DIRECTION('center_axis',(0.,-1.,0.));
#2950=DIRECTION('ref_axis',(1.,0.,0.));
#2951=DIRECTION('',(0.,-1.,0.));
#2952=DIRECTION('center_axis',(0.,-1.,0.));
#2953=DIRECTION('ref_axis',(1.,0.,0.));
#2954=DIRECTION('',(0.,-1.,0.));
#2955=DIRECTION('center_axis',(1.,0.,-2.28698308166836E-16));
#2956=DIRECTION('ref_axis',(-2.28698308166836E-16,0.,-1.));
#2957=DIRECTION('',(-2.28698308166836E-16,0.,-1.));
#2958=DIRECTION('',(0.,1.,0.));
#2959=DIRECTION('',(0.,1.,0.));
#2960=DIRECTION('center_axis',(1.75442650804963E-15,0.,-1.));
#2961=DIRECTION('ref_axis',(-1.,0.,-1.75442650804963E-15));
#2962=DIRECTION('',(-1.,0.,-1.75442650804963E-15));
#2963=DIRECTION('',(0.,1.,0.));
#2964=DIRECTION('center_axis',(-1.,0.,3.43047462250254E-16));
#2965=DIRECTION('ref_axis',(3.43047462250254E-16,0.,1.));
#2966=DIRECTION('',(3.43047462250254E-16,0.,1.));
#2967=DIRECTION('',(0.,1.,0.));
#2968=DIRECTION('center_axis',(0.,0.,-1.));
#2969=DIRECTION('ref_axis',(-1.,0.,0.));
#2970=DIRECTION('',(-1.,0.,0.));
#2971=DIRECTION('',(0.,1.,0.));
#2972=DIRECTION('center_axis',(0.,0.,-1.));
#2973=DIRECTION('ref_axis',(-1.,0.,0.));
#2974=DIRECTION('',(-1.,0.,0.));
#2975=DIRECTION('',(0.,1.,0.));
#2976=DIRECTION('center_axis',(0.,-1.,0.));
#2977=DIRECTION('ref_axis',(0.,0.,-1.));
#2978=DIRECTION('',(0.,0.,-1.));
#2979=DIRECTION('',(1.,0.,0.));
#2980=DIRECTION('',(5.75875911620554E-16,0.,-1.));
#2981=DIRECTION('',(-2.87937955810277E-16,0.,1.));
#2982=DIRECTION('',(1.,0.,0.));
#2983=DIRECTION('center_axis',(1.,0.,5.03931018269575E-16));
#2984=DIRECTION('ref_axis',(5.03931018269575E-16,0.,-1.));
#2985=DIRECTION('',(-2.85285783356731E-17,-0.998396250730738,0.0566120705044831));
#2986=DIRECTION('',(0.,-0.0566120705045029,-0.998396250730737));
#2987=DIRECTION('',(0.,1.,0.));
#2988=DIRECTION('',(5.03931018269575E-16,0.,-1.));
#2989=DIRECTION('',(-5.03147739384195E-16,0.0557338233013232,0.998445662487557));
#2990=DIRECTION('center_axis',(0.,1.,0.));
#2991=DIRECTION('ref_axis',(0.,0.,1.));
#2992=DIRECTION('',(-1.,0.,0.));
#2993=DIRECTION('',(1.,0.,0.));
#2994=DIRECTION('',(-2.51965509134787E-16,0.,1.));
#2995=DIRECTION('center_axis',(0.,0.,1.));
#2996=DIRECTION('ref_axis',(1.,0.,0.));
#2997=DIRECTION('',(0.,1.,0.));
#2998=DIRECTION('center_axis',(-1.,0.,-2.51965509134787E-16));
#2999=DIRECTION('ref_axis',(-2.51965509134787E-16,0.,1.));
#3000=DIRECTION('',(2.51573869692097E-16,-0.0557338233013232,-0.998445662487557));
#3001=DIRECTION('',(1.77350800841711E-16,0.0566120705045029,0.998396250730737));
#3002=DIRECTION('center_axis',(0.,0.998445662487557,-0.0557338233013232));
#3003=DIRECTION('ref_axis',(0.,0.0557338233013232,0.998445662487557));
#3004=DIRECTION('',(1.,0.,0.));
#3005=DIRECTION('',(0.,0.0557338233013232,0.998445662487557));
#3006=DIRECTION('',(1.,0.,0.));
#3007=DIRECTION('center_axis',(0.,-0.0557338233013433,-0.998445662487556));
#3008=DIRECTION('ref_axis',(0.,0.998445662487556,-0.0557338233013433));
#3009=DIRECTION('',(1.,0.,0.));
#3010=DIRECTION('',(0.,0.998445662487556,-0.0557338233013433));
#3011=DIRECTION('center_axis',(0.,0.0566120705044831,0.998396250730738));
#3012=DIRECTION('ref_axis',(0.,-0.998396250730738,0.0566120705044831));
#3013=DIRECTION('',(0.,-0.998396250730738,0.0566120705044831));
#3014=DIRECTION('',(1.,0.,0.));
#3015=DIRECTION('center_axis',(0.,-0.998396250730737,0.0566120705045028));
#3016=DIRECTION('ref_axis',(0.,-0.0566120705045029,-0.998396250730737));
#3017=DIRECTION('',(0.,-0.0566120705045029,-0.998396250730737));
#3018=DIRECTION('center_axis',(0.,-6.49348747467288E-14,1.));
#3019=DIRECTION('ref_axis',(0.,-1.,-6.49348747467288E-14));
#3020=DIRECTION('',(0.,-1.,-6.49348747467288E-14));
#3021=DIRECTION('',(1.,0.,0.));
#3022=DIRECTION('center_axis',(1.,0.,0.));
#3023=DIRECTION('ref_axis',(0.,0.999996585793936,-0.00261312082976726));
#3024=DIRECTION('center_axis',(1.,0.,0.));
#3025=DIRECTION('ref_axis',(0.,0.999996585793936,-0.00261312082976726));
#3026=DIRECTION('',(1.,0.,0.));
#3027=DIRECTION('center_axis',(1.,0.,0.));
#3028=DIRECTION('ref_axis',(0.,0.999996585793936,-0.00261312082976729));
#3029=DIRECTION('center_axis',(-1.,0.,0.));
#3030=DIRECTION('ref_axis',(0.,0.999996585793936,-0.00261312082976729));
#3031=DIRECTION('center_axis',(1.,0.,0.));
#3032=DIRECTION('ref_axis',(0.,0.,-1.));
#3033=CARTESIAN_POINT('',(0.,0.,0.));
#3034=CARTESIAN_POINT('Origin',(95.2499999999999,2.55779109828771,-167.127189864756));
#3035=CARTESIAN_POINT('',(95.2499999999999,2.55779109828771,-117.127189864756));
#3036=CARTESIAN_POINT('',(95.2499999999999,21.849892549677,-118.221110045992));
#3037=CARTESIAN_POINT('',(95.2499999999999,13.6168737974269,-117.754273118544));
#3038=CARTESIAN_POINT('',(95.2499999999999,2.55779109828771,-167.127189864756));
#3039=CARTESIAN_POINT('',(95.2499999999999,2.55779109828771,-150.242559129118));
#3040=CARTESIAN_POINT('',(95.2499999999999,19.0767707187685,-167.127189864756));
#3041=CARTESIAN_POINT('',(95.2499999999999,2.55779109828771,-167.127189864756));
#3042=CARTESIAN_POINT('',(95.2499999999999,19.7598454836478,-155.080654944786));
#3043=CARTESIAN_POINT('Origin',(105.25,2.55779109828771,-167.127189864755));
#3044=CARTESIAN_POINT('',(105.25,19.0767707187685,-167.127189864755));
#3045=CARTESIAN_POINT('',(90.125,19.0767707187685,-167.127189864756));
#3046=CARTESIAN_POINT('',(105.25,2.55779109828771,-167.127189864755));
#3047=CARTESIAN_POINT('',(90.125,2.55779109828771,-167.127189864756));
#3048=CARTESIAN_POINT('',(105.25,2.55779109828771,-167.127189864755));
#3049=CARTESIAN_POINT('Origin',(54.7499999999999,2.55779109828771,-117.073702475084));
#3050=CARTESIAN_POINT('',(54.7499999999999,21.849892549677,-118.221110045992));
#3051=CARTESIAN_POINT('',(54.7499999999999,2.55779109828771,-117.127189864755));
#3052=CARTESIAN_POINT('',(54.7499999999999,12.2023302361467,-117.674064243797));
#3053=CARTESIAN_POINT('',(54.7499999999999,19.0798036146482,-167.073702475084));
#3054=CARTESIAN_POINT('',(54.7499999999999,21.1743890449284,-130.134120124698));
#3055=CARTESIAN_POINT('',(54.7499999999999,2.55779109828771,-167.073702475084));
#3056=CARTESIAN_POINT('',(54.7499999999999,2.55779109828771,-167.073702475084));
#3057=CARTESIAN_POINT('',(54.7499999999999,2.55779109828771,-125.215815434282));
#3058=CARTESIAN_POINT('Origin',(54.7499999999999,2.55779109828771,-167.073702475084));
#3059=CARTESIAN_POINT('',(44.7499999999999,19.0798036146482,-167.073702475084));
#3060=CARTESIAN_POINT('',(64.8749999999999,19.0798036146482,-167.073702475084));
#3061=CARTESIAN_POINT('',(44.7499999999999,2.55779109828771,-167.073702475084));
#3062=CARTESIAN_POINT('',(44.7499999999999,2.55779109828771,-167.073702475084));
#3063=CARTESIAN_POINT('',(64.8749999999999,2.55779109828771,-167.073702475084));
#3064=CARTESIAN_POINT('Origin',(74.9999999999999,2.55779109828771,-133.35792839348));
#3065=CARTESIAN_POINT('',(37.5,2.55779109828771,-117.127189864755));
#3066=CARTESIAN_POINT('',(44.7499999999999,2.55779109828771,-230.30027577441));
#3067=CARTESIAN_POINT('',(44.7499999999999,2.55779109828771,-98.1079283934797));
#3068=CARTESIAN_POINT('',(64.875,2.55779109828771,-230.30027577441));
#3069=CARTESIAN_POINT('',(44.7499999999999,2.55779109828771,-230.30027577441));
#3070=CARTESIAN_POINT('',(64.875,2.55779109828771,-229.771765974127));
#3071=CARTESIAN_POINT('',(64.8749999999999,2.55779109828771,-323.424410310791));
#3072=CARTESIAN_POINT('',(85.125,2.55779109828771,-229.771765974127));
#3073=CARTESIAN_POINT('',(64.875,2.55779109828771,-229.771765974127));
#3074=CARTESIAN_POINT('',(85.125,2.55779109828771,-230.30027577441));
#3075=CARTESIAN_POINT('',(85.125,2.55779109828771,-168.079418593196));
#3076=CARTESIAN_POINT('',(105.25,2.55779109828771,-230.30027577441));
#3077=CARTESIAN_POINT('',(44.7499999999999,2.55779109828771,-230.30027577441));
#3078=CARTESIAN_POINT('',(105.25,2.55779109828771,-230.30027577441));
#3079=CARTESIAN_POINT('',(52.2499999999999,2.55779109828772,-219.271765974126));
#3080=CARTESIAN_POINT('Origin',(54.9999999999999,2.55779109828772,-219.271765974126));
#3081=CARTESIAN_POINT('',(92.2499999999999,2.55779109828772,-219.271765974127));
#3082=CARTESIAN_POINT('Origin',(94.9999999999999,2.55779109828772,-219.271765974127));
#3083=CARTESIAN_POINT('Origin',(0.,21.849892549677,-118.221110045992));
#3084=CARTESIAN_POINT('',(44.7499999999999,1.61450093360813,-117.073702475084));
#3085=CARTESIAN_POINT('',(44.7499999999999,21.849892549677,-118.221110045992));
#3086=CARTESIAN_POINT('',(44.7499999999999,11.1667327314519,-117.615342750295));
#3087=CARTESIAN_POINT('',(0.,21.849892549677,-118.221110045992));
#3088=CARTESIAN_POINT('',(0.,21.849892549677,-118.221110045992));
#3089=CARTESIAN_POINT('',(0.,1.61450093360813,-117.073702475084));
#3090=CARTESIAN_POINT('',(0.,21.849892549677,-118.221110045992));
#3091=CARTESIAN_POINT('',(0.,1.61450093360813,-117.073702475084));
#3092=CARTESIAN_POINT('Origin',(0.,21.849892549677,-118.221110045992));
#3093=CARTESIAN_POINT('',(0.,21.849892549677,-118.221110045992));
#3094=CARTESIAN_POINT('Ctrl Pts',(5.,3.88416721304976,-42.1816833373076));
#3095=CARTESIAN_POINT('Ctrl Pts',(5.,3.85916721304976,-42.1816833373076));
#3096=CARTESIAN_POINT('Ctrl Pts',(5.,3.85916721304976,-42.1566833373076));
#3097=CARTESIAN_POINT('Ctrl Pts',(5.,3.85916721304976,-42.1316833373076));
#3098=CARTESIAN_POINT('Ctrl Pts',(5.,3.88416721304976,-42.1316833373076));
#3099=CARTESIAN_POINT('Ctrl Pts',(5.,3.90916721304976,-42.1316833373076));
#3100=CARTESIAN_POINT('Ctrl Pts',(5.,3.90916721304976,-42.1566833373076));
#3101=CARTESIAN_POINT('Ctrl Pts',(5.,3.90916721304976,-42.1816833373076));
#3102=CARTESIAN_POINT('Ctrl Pts',(5.,3.88416721304976,-42.1816833373076));
#3103=CARTESIAN_POINT('Ctrl Pts',(5.,3.88416721304976,-46.7816833373076));
#3104=CARTESIAN_POINT('Ctrl Pts',(5.,-0.740832786950242,-46.7816833373076));
#3105=CARTESIAN_POINT('Ctrl Pts',(5.,-0.740832786950243,-42.1566833373076));
#3106=CARTESIAN_POINT('Ctrl Pts',(5.,-0.740832786950242,-37.5316833373076));
#3107=CARTESIAN_POINT('Ctrl Pts',(5.,3.88416721304976,-37.5316833373076));
#3108=CARTESIAN_POINT('Ctrl Pts',(5.,8.50916721304976,-37.5316833373076));
#3109=CARTESIAN_POINT('Ctrl Pts',(5.,8.50916721304976,-42.1566833373076));
#3110=CARTESIAN_POINT('Ctrl Pts',(5.,8.50916721304976,-46.7816833373076));
#3111=CARTESIAN_POINT('Ctrl Pts',(5.,3.88416721304976,-46.7816833373076));
#3112=CARTESIAN_POINT('Ctrl Pts',(0.4,3.88416721304976,-46.7816833373076));
#3113=CARTESIAN_POINT('Ctrl Pts',(0.4,-0.740832786950242,-46.7816833373076));
#3114=CARTESIAN_POINT('Ctrl Pts',(0.4,-0.740832786950243,-42.1566833373076));
#3115=CARTESIAN_POINT('Ctrl Pts',(0.4,-0.740832786950242,-37.5316833373076));
#3116=CARTESIAN_POINT('Ctrl Pts',(0.4,3.88416721304976,-37.5316833373076));
#3117=CARTESIAN_POINT('Ctrl Pts',(0.4,8.50916721304976,-37.5316833373076));
#3118=CARTESIAN_POINT('Ctrl Pts',(0.4,8.50916721304976,-42.1566833373076));
#3119=CARTESIAN_POINT('Ctrl Pts',(0.4,8.50916721304976,-46.7816833373076));
#3120=CARTESIAN_POINT('Ctrl Pts',(0.4,3.88416721304976,-46.7816833373076));
#3121=CARTESIAN_POINT('',(0.4,3.88416721304976,-46.7816833373076));
#3122=CARTESIAN_POINT('',(0.4,3.88416721304976,-37.5316833373076));
#3123=CARTESIAN_POINT('Origin',(0.4,3.88416721304976,-42.1566833373076));
#3124=CARTESIAN_POINT('Origin',(0.4,3.88416721304976,-42.1566833373076));
#3125=CARTESIAN_POINT('',(5.,3.88416721304976,-42.1816833373076));
#3126=CARTESIAN_POINT('Origin',(0.4,3.88416721304976,-42.1816833373076));
#3127=CARTESIAN_POINT('Origin',(5.,3.88416721304976,-42.1566833373076));
#3128=CARTESIAN_POINT('Origin',(0.,3.88416721304976,-42.1566833373076));
#3129=CARTESIAN_POINT('',(0.,3.88416721304976,-37.5316833373076));
#3130=CARTESIAN_POINT('Origin',(0.,3.88416721304976,-42.1566833373076));
#3131=CARTESIAN_POINT('',(0.,3.88416721304976,-37.5316833373076));
#3132=CARTESIAN_POINT('Origin',(5.,3.88416721304976,-42.1566833373076));
#3133=CARTESIAN_POINT('Ctrl Pts',(5.,11.9421280595789,-139.725916340787));
#3134=CARTESIAN_POINT('Ctrl Pts',(5.,11.9171280595789,-139.725916340787));
#3135=CARTESIAN_POINT('Ctrl Pts',(5.,11.9171280595789,-139.700916340787));
#3136=CARTESIAN_POINT('Ctrl Pts',(5.,11.9171280595789,-139.675916340787));
#3137=CARTESIAN_POINT('Ctrl Pts',(5.,11.9421280595789,-139.675916340787));
#3138=CARTESIAN_POINT('Ctrl Pts',(5.,11.9671280595789,-139.675916340787));
#3139=CARTESIAN_POINT('Ctrl Pts',(5.,11.9671280595789,-139.700916340787));
#3140=CARTESIAN_POINT('Ctrl Pts',(5.,11.9671280595789,-139.725916340787));
#3141=CARTESIAN_POINT('Ctrl Pts',(5.,11.9421280595789,-139.725916340787));
#3142=CARTESIAN_POINT('Ctrl Pts',(5.,11.9421280595789,-144.325916340787));
#3143=CARTESIAN_POINT('Ctrl Pts',(5.,7.31712805957896,-144.325916340787));
#3144=CARTESIAN_POINT('Ctrl Pts',(5.,7.31712805957896,-139.700916340787));
#3145=CARTESIAN_POINT('Ctrl Pts',(5.,7.31712805957896,-135.075916340787));
#3146=CARTESIAN_POINT('Ctrl Pts',(5.,11.9421280595789,-135.075916340787));
#3147=CARTESIAN_POINT('Ctrl Pts',(5.,16.5671280595789,-135.075916340787));
#3148=CARTESIAN_POINT('Ctrl Pts',(5.,16.5671280595789,-139.700916340787));
#3149=CARTESIAN_POINT('Ctrl Pts',(5.,16.5671280595789,-144.325916340787));
#3150=CARTESIAN_POINT('Ctrl Pts',(5.,11.9421280595789,-144.325916340787));
#3151=CARTESIAN_POINT('Ctrl Pts',(0.4,11.9421280595789,-144.325916340787));
#3152=CARTESIAN_POINT('Ctrl Pts',(0.4,7.31712805957896,-144.325916340787));
#3153=CARTESIAN_POINT('Ctrl Pts',(0.4,7.31712805957896,-139.700916340787));
#3154=CARTESIAN_POINT('Ctrl Pts',(0.4,7.31712805957896,-135.075916340787));
#3155=CARTESIAN_POINT('Ctrl Pts',(0.4,11.9421280595789,-135.075916340787));
#3156=CARTESIAN_POINT('Ctrl Pts',(0.4,16.5671280595789,-135.075916340787));
#3157=CARTESIAN_POINT('Ctrl Pts',(0.4,16.5671280595789,-139.700916340787));
#3158=CARTESIAN_POINT('Ctrl Pts',(0.4,16.5671280595789,-144.325916340787));
#3159=CARTESIAN_POINT('Ctrl Pts',(0.4,11.9421280595789,-144.325916340787));
#3160=CARTESIAN_POINT('',(0.4,11.9421280595789,-144.325916340787));
#3161=CARTESIAN_POINT('',(0.4,11.9421280595789,-135.075916340787));
#3162=CARTESIAN_POINT('Origin',(0.4,11.9421280595789,-139.700916340787));
#3163=CARTESIAN_POINT('Origin',(0.4,11.9421280595789,-139.700916340787));
#3164=CARTESIAN_POINT('',(5.,11.9421280595789,-139.725916340787));
#3165=CARTESIAN_POINT('Origin',(0.4,11.9421280595789,-139.725916340787));
#3166=CARTESIAN_POINT('Origin',(5.,11.9421280595789,-139.700916340787));
#3167=CARTESIAN_POINT('Origin',(0.,11.9421280595789,-139.700916340787));
#3168=CARTESIAN_POINT('',(0.,11.9421280595789,-135.075916340787));
#3169=CARTESIAN_POINT('Origin',(0.,11.9421280595789,-139.700916340787));
#3170=CARTESIAN_POINT('',(0.,11.9421280595789,-135.075916340787));
#3171=CARTESIAN_POINT('Origin',(5.,11.9421280595789,-139.700916340787));
#3172=CARTESIAN_POINT('Ctrl Pts',(5.,5.10921355234471,-154.293060959978));
#3173=CARTESIAN_POINT('Ctrl Pts',(5.,5.08421355234471,-154.293060959978));
#3174=CARTESIAN_POINT('Ctrl Pts',(5.,5.08421355234471,-154.268060959978));
#3175=CARTESIAN_POINT('Ctrl Pts',(5.,5.08421355234471,-154.243060959978));
#3176=CARTESIAN_POINT('Ctrl Pts',(5.,5.10921355234471,-154.243060959978));
#3177=CARTESIAN_POINT('Ctrl Pts',(5.,5.1342135523447,-154.243060959978));
#3178=CARTESIAN_POINT('Ctrl Pts',(5.,5.1342135523447,-154.268060959978));
#3179=CARTESIAN_POINT('Ctrl Pts',(5.,5.1342135523447,-154.293060959978));
#3180=CARTESIAN_POINT('Ctrl Pts',(5.,5.10921355234471,-154.293060959978));
#3181=CARTESIAN_POINT('Ctrl Pts',(5.,5.10921355234471,-158.893060959978));
#3182=CARTESIAN_POINT('Ctrl Pts',(5.,0.484213552344724,-158.893060959978));
#3183=CARTESIAN_POINT('Ctrl Pts',(5.,0.484213552344723,-154.268060959978));
#3184=CARTESIAN_POINT('Ctrl Pts',(5.,0.484213552344724,-149.643060959978));
#3185=CARTESIAN_POINT('Ctrl Pts',(5.,5.10921355234471,-149.643060959978));
#3186=CARTESIAN_POINT('Ctrl Pts',(5.,9.73421355234469,-149.643060959978));
#3187=CARTESIAN_POINT('Ctrl Pts',(5.,9.73421355234469,-154.268060959978));
#3188=CARTESIAN_POINT('Ctrl Pts',(5.,9.73421355234469,-158.893060959978));
#3189=CARTESIAN_POINT('Ctrl Pts',(5.,5.10921355234471,-158.893060959978));
#3190=CARTESIAN_POINT('Ctrl Pts',(0.4,5.10921355234471,-158.893060959978));
#3191=CARTESIAN_POINT('Ctrl Pts',(0.4,0.484213552344724,-158.893060959978));
#3192=CARTESIAN_POINT('Ctrl Pts',(0.4,0.484213552344723,-154.268060959978));
#3193=CARTESIAN_POINT('Ctrl Pts',(0.4,0.484213552344724,-149.643060959978));
#3194=CARTESIAN_POINT('Ctrl Pts',(0.4,5.10921355234471,-149.643060959978));
#3195=CARTESIAN_POINT('Ctrl Pts',(0.4,9.73421355234469,-149.643060959978));
#3196=CARTESIAN_POINT('Ctrl Pts',(0.4,9.73421355234469,-154.268060959978));
#3197=CARTESIAN_POINT('Ctrl Pts',(0.4,9.73421355234469,-158.893060959978));
#3198=CARTESIAN_POINT('Ctrl Pts',(0.4,5.10921355234471,-158.893060959978));
#3199=CARTESIAN_POINT('',(0.4,5.10921355234471,-158.893060959978));
#3200=CARTESIAN_POINT('',(0.4,5.10921355234471,-149.643060959978));
#3201=CARTESIAN_POINT('Origin',(0.4,5.10921355234471,-154.268060959978));
#3202=CARTESIAN_POINT('Origin',(0.4,5.10921355234471,-154.268060959978));
#3203=CARTESIAN_POINT('',(5.,5.10921355234471,-154.293060959978));
#3204=CARTESIAN_POINT('Origin',(0.4,5.10921355234471,-154.293060959978));
#3205=CARTESIAN_POINT('Origin',(5.,5.10921355234471,-154.268060959978));
#3206=CARTESIAN_POINT('Origin',(0.,5.10921355234471,-154.268060959978));
#3207=CARTESIAN_POINT('',(0.,5.10921355234471,-149.643060959978));
#3208=CARTESIAN_POINT('Origin',(0.,5.10921355234471,-154.268060959978));
#3209=CARTESIAN_POINT('',(0.,5.10921355234471,-149.643060959978));
#3210=CARTESIAN_POINT('Origin',(5.,5.10921355234471,-154.268060959978));
#3211=CARTESIAN_POINT('Ctrl Pts',(5.,18.5472220094227,-215.551118547358));
#3212=CARTESIAN_POINT('Ctrl Pts',(5.,18.5222220094227,-215.551118547358));
#3213=CARTESIAN_POINT('Ctrl Pts',(5.,18.5222220094227,-215.526118547358));
#3214=CARTESIAN_POINT('Ctrl Pts',(5.,18.5222220094227,-215.501118547358));
#3215=CARTESIAN_POINT('Ctrl Pts',(5.,18.5472220094227,-215.501118547358));
#3216=CARTESIAN_POINT('Ctrl Pts',(5.,18.5722220094227,-215.501118547358));
#3217=CARTESIAN_POINT('Ctrl Pts',(5.,18.5722220094227,-215.526118547358));
#3218=CARTESIAN_POINT('Ctrl Pts',(5.,18.5722220094227,-215.551118547358));
#3219=CARTESIAN_POINT('Ctrl Pts',(5.,18.5472220094227,-215.551118547358));
#3220=CARTESIAN_POINT('Ctrl Pts',(5.00000000000002,18.5472220094227,-220.151118547358));
#3221=CARTESIAN_POINT('Ctrl Pts',(5.00000000000002,13.9222220094227,-220.151118547358));
#3222=CARTESIAN_POINT('Ctrl Pts',(5.00000000000002,13.9222220094227,-215.526118547358));
#3223=CARTESIAN_POINT('Ctrl Pts',(5.00000000000002,13.9222220094227,-210.901118547358));
#3224=CARTESIAN_POINT('Ctrl Pts',(5.00000000000002,18.5472220094227,-210.901118547358));
#3225=CARTESIAN_POINT('Ctrl Pts',(5.00000000000002,23.1722220094227,-210.901118547358));
#3226=CARTESIAN_POINT('Ctrl Pts',(5.00000000000002,23.1722220094227,-215.526118547358));
#3227=CARTESIAN_POINT('Ctrl Pts',(5.00000000000002,23.1722220094227,-220.151118547358));
#3228=CARTESIAN_POINT('Ctrl Pts',(5.00000000000002,18.5472220094227,-220.151118547358));
#3229=CARTESIAN_POINT('Ctrl Pts',(0.4,18.5472220094227,-220.151118547358));
#3230=CARTESIAN_POINT('Ctrl Pts',(0.4,13.9222220094227,-220.151118547358));
#3231=CARTESIAN_POINT('Ctrl Pts',(0.4,13.9222220094227,-215.526118547358));
#3232=CARTESIAN_POINT('Ctrl Pts',(0.4,13.9222220094227,-210.901118547358));
#3233=CARTESIAN_POINT('Ctrl Pts',(0.4,18.5472220094227,-210.901118547358));
#3234=CARTESIAN_POINT('Ctrl Pts',(0.4,23.1722220094227,-210.901118547358));
#3235=CARTESIAN_POINT('Ctrl Pts',(0.4,23.1722220094227,-215.526118547358));
#3236=CARTESIAN_POINT('Ctrl Pts',(0.4,23.1722220094227,-220.151118547358));
#3237=CARTESIAN_POINT('Ctrl Pts',(0.4,18.5472220094227,-220.151118547358));
#3238=CARTESIAN_POINT('',(0.4,18.5472220094227,-220.151118547358));
#3239=CARTESIAN_POINT('',(0.4,18.5472220094227,-210.901118547358));
#3240=CARTESIAN_POINT('Origin',(0.4,18.5472220094227,-215.526118547358));
#3241=CARTESIAN_POINT('Origin',(0.4,18.5472220094227,-215.526118547358));
#3242=CARTESIAN_POINT('',(5.,18.5472220094227,-215.551118547358));
#3243=CARTESIAN_POINT('Origin',(0.4,18.5472220094227,-215.551118547358));
#3244=CARTESIAN_POINT('Origin',(5.,18.5472220094227,-215.526118547358));
#3245=CARTESIAN_POINT('Origin',(0.,18.5472220094227,-215.526118547358));
#3246=CARTESIAN_POINT('',(0.,18.5472220094227,-210.901118547358));
#3247=CARTESIAN_POINT('Origin',(0.,18.5472220094227,-215.526118547358));
#3248=CARTESIAN_POINT('',(0.,18.5472220094227,-210.901118547358));
#3249=CARTESIAN_POINT('Origin',(5.,18.5472220094227,-215.526118547358));
#3250=CARTESIAN_POINT('Ctrl Pts',(5.,4.73329573524671,-289.552591991418));
#3251=CARTESIAN_POINT('Ctrl Pts',(5.,4.7082957352467,-289.552591991418));
#3252=CARTESIAN_POINT('Ctrl Pts',(5.,4.7082957352467,-289.527591991418));
#3253=CARTESIAN_POINT('Ctrl Pts',(5.,4.7082957352467,-289.502591991418));
#3254=CARTESIAN_POINT('Ctrl Pts',(5.,4.73329573524671,-289.502591991418));
#3255=CARTESIAN_POINT('Ctrl Pts',(5.,4.75829573524672,-289.502591991418));
#3256=CARTESIAN_POINT('Ctrl Pts',(5.,4.75829573524672,-289.527591991418));
#3257=CARTESIAN_POINT('Ctrl Pts',(5.,4.75829573524672,-289.552591991418));
#3258=CARTESIAN_POINT('Ctrl Pts',(5.,4.73329573524671,-289.552591991418));
#3259=CARTESIAN_POINT('Ctrl Pts',(5.,4.73329573524671,-294.152591991418));
#3260=CARTESIAN_POINT('Ctrl Pts',(5.,0.10829573524669,-294.152591991418));
#3261=CARTESIAN_POINT('Ctrl Pts',(5.,0.108295735246688,-289.527591991418));
#3262=CARTESIAN_POINT('Ctrl Pts',(5.,0.10829573524669,-284.902591991418));
#3263=CARTESIAN_POINT('Ctrl Pts',(5.,4.73329573524671,-284.902591991418));
#3264=CARTESIAN_POINT('Ctrl Pts',(5.,9.35829573524673,-284.902591991418));
#3265=CARTESIAN_POINT('Ctrl Pts',(5.,9.35829573524673,-289.527591991418));
#3266=CARTESIAN_POINT('Ctrl Pts',(5.,9.35829573524673,-294.152591991418));
#3267=CARTESIAN_POINT('Ctrl Pts',(5.,4.73329573524671,-294.152591991418));
#3268=CARTESIAN_POINT('Ctrl Pts',(0.4,4.73329573524671,-294.152591991418));
#3269=CARTESIAN_POINT('Ctrl Pts',(0.4,0.10829573524669,-294.152591991418));
#3270=CARTESIAN_POINT('Ctrl Pts',(0.4,0.108295735246688,-289.527591991418));
#3271=CARTESIAN_POINT('Ctrl Pts',(0.4,0.10829573524669,-284.902591991418));
#3272=CARTESIAN_POINT('Ctrl Pts',(0.4,4.73329573524671,-284.902591991418));
#3273=CARTESIAN_POINT('Ctrl Pts',(0.4,9.35829573524673,-284.902591991418));
#3274=CARTESIAN_POINT('Ctrl Pts',(0.4,9.35829573524673,-289.527591991418));
#3275=CARTESIAN_POINT('Ctrl Pts',(0.4,9.35829573524673,-294.152591991418));
#3276=CARTESIAN_POINT('Ctrl Pts',(0.4,4.73329573524671,-294.152591991418));
#3277=CARTESIAN_POINT('',(0.4,4.73329573524671,-294.152591991418));
#3278=CARTESIAN_POINT('',(0.4,4.73329573524671,-284.902591991418));
#3279=CARTESIAN_POINT('Origin',(0.4,4.73329573524671,-289.527591991418));
#3280=CARTESIAN_POINT('Origin',(0.4,4.73329573524671,-289.527591991418));
#3281=CARTESIAN_POINT('',(5.,4.73329573524671,-289.552591991418));
#3282=CARTESIAN_POINT('Origin',(0.4,4.73329573524671,-289.552591991418));
#3283=CARTESIAN_POINT('Origin',(5.,4.73329573524671,-289.527591991418));
#3284=CARTESIAN_POINT('Origin',(0.,4.73329573524671,-289.527591991418));
#3285=CARTESIAN_POINT('',(0.,4.73329573524671,-284.902591991418));
#3286=CARTESIAN_POINT('Origin',(0.,4.73329573524671,-289.527591991418));
#3287=CARTESIAN_POINT('',(0.,4.73329573524671,-284.902591991418));
#3288=CARTESIAN_POINT('Origin',(5.,4.73329573524671,-289.527591991418));
#3289=CARTESIAN_POINT('Ctrl Pts',(5.,9.05859512984605,-199.656586601039));
#3290=CARTESIAN_POINT('Ctrl Pts',(5.,9.03359512984604,-199.656586601039));
#3291=CARTESIAN_POINT('Ctrl Pts',(5.,9.03359512984604,-199.631586601039));
#3292=CARTESIAN_POINT('Ctrl Pts',(5.,9.03359512984604,-199.606586601039));
#3293=CARTESIAN_POINT('Ctrl Pts',(5.,9.05859512984605,-199.606586601039));
#3294=CARTESIAN_POINT('Ctrl Pts',(5.,9.08359512984607,-199.606586601039));
#3295=CARTESIAN_POINT('Ctrl Pts',(5.,9.08359512984607,-199.631586601039));
#3296=CARTESIAN_POINT('Ctrl Pts',(5.,9.08359512984607,-199.656586601039));
#3297=CARTESIAN_POINT('Ctrl Pts',(5.,9.05859512984605,-199.656586601039));
#3298=CARTESIAN_POINT('Ctrl Pts',(5.,9.05859512984605,-204.256586601039));
#3299=CARTESIAN_POINT('Ctrl Pts',(5.,4.43359512984603,-204.256586601039));
#3300=CARTESIAN_POINT('Ctrl Pts',(5.,4.43359512984603,-199.631586601039));
#3301=CARTESIAN_POINT('Ctrl Pts',(5.,4.43359512984603,-195.006586601039));
#3302=CARTESIAN_POINT('Ctrl Pts',(5.,9.05859512984605,-195.006586601039));
#3303=CARTESIAN_POINT('Ctrl Pts',(5.,13.6835951298461,-195.006586601039));
#3304=CARTESIAN_POINT('Ctrl Pts',(5.,13.6835951298461,-199.631586601039));
#3305=CARTESIAN_POINT('Ctrl Pts',(5.,13.6835951298461,-204.256586601039));
#3306=CARTESIAN_POINT('Ctrl Pts',(5.,9.05859512984605,-204.256586601039));
#3307=CARTESIAN_POINT('Ctrl Pts',(0.4,9.05859512984605,-204.256586601039));
#3308=CARTESIAN_POINT('Ctrl Pts',(0.4,4.43359512984603,-204.256586601039));
#3309=CARTESIAN_POINT('Ctrl Pts',(0.4,4.43359512984603,-199.631586601039));
#3310=CARTESIAN_POINT('Ctrl Pts',(0.4,4.43359512984603,-195.006586601039));
#3311=CARTESIAN_POINT('Ctrl Pts',(0.4,9.05859512984605,-195.006586601039));
#3312=CARTESIAN_POINT('Ctrl Pts',(0.4,13.6835951298461,-195.006586601039));
#3313=CARTESIAN_POINT('Ctrl Pts',(0.4,13.6835951298461,-199.631586601039));
#3314=CARTESIAN_POINT('Ctrl Pts',(0.4,13.6835951298461,-204.256586601039));
#3315=CARTESIAN_POINT('Ctrl Pts',(0.4,9.05859512984605,-204.256586601039));
#3316=CARTESIAN_POINT('',(0.4,9.05859512984605,-204.256586601039));
#3317=CARTESIAN_POINT('',(0.4,9.05859512984606,-195.006586601039));
#3318=CARTESIAN_POINT('Origin',(0.4,9.05859512984605,-199.631586601039));
#3319=CARTESIAN_POINT('Origin',(0.4,9.05859512984605,-199.631586601039));
#3320=CARTESIAN_POINT('',(5.,9.05859512984605,-199.656586601039));
#3321=CARTESIAN_POINT('Origin',(0.4,9.05859512984605,-199.656586601039));
#3322=CARTESIAN_POINT('Origin',(5.,9.05859512984605,-199.631586601039));
#3323=CARTESIAN_POINT('Origin',(0.,9.05859512984605,-199.631586601039));
#3324=CARTESIAN_POINT('',(0.,9.05859512984606,-195.006586601039));
#3325=CARTESIAN_POINT('Origin',(0.,9.05859512984605,-199.631586601039));
#3326=CARTESIAN_POINT('',(0.,9.05859512984606,-195.006586601039));
#3327=CARTESIAN_POINT('Origin',(5.,9.05859512984605,-199.631586601039));
#3328=CARTESIAN_POINT('Ctrl Pts',(5.,21.2229679966879,-156.192788242016));
#3329=CARTESIAN_POINT('Ctrl Pts',(5.,21.1979679966879,-156.192788242016));
#3330=CARTESIAN_POINT('Ctrl Pts',(5.,21.1979679966879,-156.167788242016));
#3331=CARTESIAN_POINT('Ctrl Pts',(5.,21.1979679966879,-156.142788242016));
#3332=CARTESIAN_POINT('Ctrl Pts',(5.,21.2229679966879,-156.142788242016));
#3333=CARTESIAN_POINT('Ctrl Pts',(5.,21.2479679966879,-156.142788242016));
#3334=CARTESIAN_POINT('Ctrl Pts',(5.,21.2479679966879,-156.167788242016));
#3335=CARTESIAN_POINT('Ctrl Pts',(5.,21.2479679966879,-156.192788242016));
#3336=CARTESIAN_POINT('Ctrl Pts',(5.,21.2229679966879,-156.192788242016));
#3337=CARTESIAN_POINT('Ctrl Pts',(5.,21.2229679966879,-160.792788242016));
#3338=CARTESIAN_POINT('Ctrl Pts',(5.,16.5979679966879,-160.792788242016));
#3339=CARTESIAN_POINT('Ctrl Pts',(5.,16.5979679966879,-156.167788242016));
#3340=CARTESIAN_POINT('Ctrl Pts',(5.,16.5979679966879,-151.542788242016));
#3341=CARTESIAN_POINT('Ctrl Pts',(5.,21.2229679966879,-151.542788242016));
#3342=CARTESIAN_POINT('Ctrl Pts',(5.,25.8479679966879,-151.542788242016));
#3343=CARTESIAN_POINT('Ctrl Pts',(5.,25.8479679966879,-156.167788242016));
#3344=CARTESIAN_POINT('Ctrl Pts',(5.,25.8479679966879,-160.792788242016));
#3345=CARTESIAN_POINT('Ctrl Pts',(5.,21.2229679966879,-160.792788242016));
#3346=CARTESIAN_POINT('Ctrl Pts',(0.4,21.2229679966879,-160.792788242016));
#3347=CARTESIAN_POINT('Ctrl Pts',(0.4,16.5979679966879,-160.792788242016));
#3348=CARTESIAN_POINT('Ctrl Pts',(0.4,16.5979679966879,-156.167788242016));
#3349=CARTESIAN_POINT('Ctrl Pts',(0.4,16.5979679966879,-151.542788242016));
#3350=CARTESIAN_POINT('Ctrl Pts',(0.4,21.2229679966879,-151.542788242016));
#3351=CARTESIAN_POINT('Ctrl Pts',(0.4,25.8479679966879,-151.542788242016));
#3352=CARTESIAN_POINT('Ctrl Pts',(0.4,25.8479679966879,-156.167788242016));
#3353=CARTESIAN_POINT('Ctrl Pts',(0.4,25.8479679966879,-160.792788242016));
#3354=CARTESIAN_POINT('Ctrl Pts',(0.4,21.2229679966879,-160.792788242016));
#3355=CARTESIAN_POINT('',(0.4,21.2229679966879,-160.792788242016));
#3356=CARTESIAN_POINT('',(0.4,21.2229679966879,-151.542788242016));
#3357=CARTESIAN_POINT('Origin',(0.4,21.2229679966879,-156.167788242016));
#3358=CARTESIAN_POINT('Origin',(0.4,21.2229679966879,-156.167788242016));
#3359=CARTESIAN_POINT('',(5.,21.2229679966879,-156.192788242016));
#3360=CARTESIAN_POINT('Origin',(0.4,21.2229679966879,-156.192788242016));
#3361=CARTESIAN_POINT('Origin',(5.,21.2229679966879,-156.167788242016));
#3362=CARTESIAN_POINT('Origin',(0.,21.2229679966879,-156.167788242016));
#3363=CARTESIAN_POINT('',(0.,21.2229679966879,-151.542788242016));
#3364=CARTESIAN_POINT('Origin',(0.,21.2229679966879,-156.167788242016));
#3365=CARTESIAN_POINT('',(0.,21.2229679966879,-151.542788242016));
#3366=CARTESIAN_POINT('Origin',(5.,21.2229679966879,-156.167788242016));
#3367=CARTESIAN_POINT('Ctrl Pts',(5.,5.98195235873938,-90.2604915403313));
#3368=CARTESIAN_POINT('Ctrl Pts',(5.,5.95695235873938,-90.2604915403313));
#3369=CARTESIAN_POINT('Ctrl Pts',(5.,5.95695235873938,-90.2354915403313));
#3370=CARTESIAN_POINT('Ctrl Pts',(5.,5.95695235873938,-90.2104915403313));
#3371=CARTESIAN_POINT('Ctrl Pts',(5.,5.98195235873938,-90.2104915403313));
#3372=CARTESIAN_POINT('Ctrl Pts',(5.,6.00695235873937,-90.2104915403313));
#3373=CARTESIAN_POINT('Ctrl Pts',(5.,6.00695235873937,-90.2354915403313));
#3374=CARTESIAN_POINT('Ctrl Pts',(5.,6.00695235873937,-90.2604915403313));
#3375=CARTESIAN_POINT('Ctrl Pts',(5.,5.98195235873938,-90.2604915403313));
#3376=CARTESIAN_POINT('Ctrl Pts',(5.,5.98195235873938,-94.8604915403313));
#3377=CARTESIAN_POINT('Ctrl Pts',(5.,1.35695235873939,-94.8604915403313));
#3378=CARTESIAN_POINT('Ctrl Pts',(5.,1.35695235873939,-90.2354915403313));
#3379=CARTESIAN_POINT('Ctrl Pts',(5.,1.35695235873939,-85.6104915403313));
#3380=CARTESIAN_POINT('Ctrl Pts',(5.,5.98195235873938,-85.6104915403313));
#3381=CARTESIAN_POINT('Ctrl Pts',(5.,10.6069523587394,-85.6104915403313));
#3382=CARTESIAN_POINT('Ctrl Pts',(5.,10.6069523587394,-90.2354915403313));
#3383=CARTESIAN_POINT('Ctrl Pts',(5.,10.6069523587394,-94.8604915403313));
#3384=CARTESIAN_POINT('Ctrl Pts',(5.,5.98195235873938,-94.8604915403313));
#3385=CARTESIAN_POINT('Ctrl Pts',(0.4,5.98195235873938,-94.8604915403313));
#3386=CARTESIAN_POINT('Ctrl Pts',(0.4,1.35695235873939,-94.8604915403313));
#3387=CARTESIAN_POINT('Ctrl Pts',(0.4,1.35695235873939,-90.2354915403313));
#3388=CARTESIAN_POINT('Ctrl Pts',(0.4,1.35695235873939,-85.6104915403313));
#3389=CARTESIAN_POINT('Ctrl Pts',(0.4,5.98195235873938,-85.6104915403313));
#3390=CARTESIAN_POINT('Ctrl Pts',(0.4,10.6069523587394,-85.6104915403313));
#3391=CARTESIAN_POINT('Ctrl Pts',(0.4,10.6069523587394,-90.2354915403313));
#3392=CARTESIAN_POINT('Ctrl Pts',(0.4,10.6069523587394,-94.8604915403313));
#3393=CARTESIAN_POINT('Ctrl Pts',(0.4,5.98195235873938,-94.8604915403313));
#3394=CARTESIAN_POINT('',(0.4,5.98195235873938,-94.8604915403313));
#3395=CARTESIAN_POINT('',(0.4,5.98195235873938,-85.6104915403313));
#3396=CARTESIAN_POINT('Origin',(0.4,5.98195235873938,-90.2354915403313));
#3397=CARTESIAN_POINT('Origin',(0.4,5.98195235873938,-90.2354915403313));
#3398=CARTESIAN_POINT('',(5.,5.98195235873938,-90.2604915403313));
#3399=CARTESIAN_POINT('Origin',(0.4,5.98195235873938,-90.2604915403313));
#3400=CARTESIAN_POINT('Origin',(5.,5.98195235873938,-90.2354915403313));
#3401=CARTESIAN_POINT('Origin',(0.,5.98195235873938,-90.2354915403313));
#3402=CARTESIAN_POINT('',(0.,5.98195235873938,-85.6104915403313));
#3403=CARTESIAN_POINT('Origin',(0.,5.98195235873938,-90.2354915403313));
#3404=CARTESIAN_POINT('',(0.,5.98195235873938,-85.6104915403313));
#3405=CARTESIAN_POINT('Origin',(5.,5.98195235873938,-90.2354915403313));
#3406=CARTESIAN_POINT('Ctrl Pts',(5.,7.42371882360583,-60.2951564102051));
#3407=CARTESIAN_POINT('Ctrl Pts',(5.,7.39871882360584,-60.2951564102051));
#3408=CARTESIAN_POINT('Ctrl Pts',(5.,7.39871882360584,-60.2701564102051));
#3409=CARTESIAN_POINT('Ctrl Pts',(5.,7.39871882360584,-60.2451564102051));
#3410=CARTESIAN_POINT('Ctrl Pts',(5.,7.42371882360583,-60.2451564102051));
#3411=CARTESIAN_POINT('Ctrl Pts',(5.,7.44871882360583,-60.2451564102051));
#3412=CARTESIAN_POINT('Ctrl Pts',(5.,7.44871882360583,-60.2701564102051));
#3413=CARTESIAN_POINT('Ctrl Pts',(5.,7.44871882360583,-60.2951564102051));
#3414=CARTESIAN_POINT('Ctrl Pts',(5.,7.42371882360583,-60.2951564102051));
#3415=CARTESIAN_POINT('Ctrl Pts',(5.,7.42371882360583,-64.8951564102051));
#3416=CARTESIAN_POINT('Ctrl Pts',(5.,2.79871882360584,-64.8951564102051));
#3417=CARTESIAN_POINT('Ctrl Pts',(5.,2.79871882360584,-60.2701564102051));
#3418=CARTESIAN_POINT('Ctrl Pts',(5.,2.79871882360584,-55.6451564102051));
#3419=CARTESIAN_POINT('Ctrl Pts',(5.,7.42371882360583,-55.6451564102051));
#3420=CARTESIAN_POINT('Ctrl Pts',(5.,12.0487188236058,-55.6451564102051));
#3421=CARTESIAN_POINT('Ctrl Pts',(5.,12.0487188236058,-60.2701564102051));
#3422=CARTESIAN_POINT('Ctrl Pts',(5.,12.0487188236058,-64.8951564102051));
#3423=CARTESIAN_POINT('Ctrl Pts',(5.,7.42371882360583,-64.8951564102051));
#3424=CARTESIAN_POINT('Ctrl Pts',(0.4,7.42371882360583,-64.8951564102051));
#3425=CARTESIAN_POINT('Ctrl Pts',(0.4,2.79871882360584,-64.8951564102051));
#3426=CARTESIAN_POINT('Ctrl Pts',(0.4,2.79871882360584,-60.2701564102051));
#3427=CARTESIAN_POINT('Ctrl Pts',(0.4,2.79871882360584,-55.6451564102051));
#3428=CARTESIAN_POINT('Ctrl Pts',(0.4,7.42371882360583,-55.6451564102051));
#3429=CARTESIAN_POINT('Ctrl Pts',(0.4,12.0487188236058,-55.6451564102051));
#3430=CARTESIAN_POINT('Ctrl Pts',(0.4,12.0487188236058,-60.2701564102051));
#3431=CARTESIAN_POINT('Ctrl Pts',(0.4,12.0487188236058,-64.8951564102051));
#3432=CARTESIAN_POINT('Ctrl Pts',(0.4,7.42371882360583,-64.8951564102051));
#3433=CARTESIAN_POINT('',(0.4,7.42371882360583,-64.8951564102051));
#3434=CARTESIAN_POINT('',(0.4,7.42371882360583,-55.6451564102051));
#3435=CARTESIAN_POINT('Origin',(0.4,7.42371882360583,-60.2701564102051));
#3436=CARTESIAN_POINT('Origin',(0.4,7.42371882360583,-60.2701564102051));
#3437=CARTESIAN_POINT('',(5.,7.42371882360583,-60.2951564102051));
#3438=CARTESIAN_POINT('Origin',(0.4,7.42371882360583,-60.2951564102051));
#3439=CARTESIAN_POINT('Origin',(5.,7.42371882360583,-60.2701564102051));
#3440=CARTESIAN_POINT('Origin',(0.,7.42371882360583,-60.2701564102051));
#3441=CARTESIAN_POINT('',(0.,7.42371882360583,-55.6451564102051));
#3442=CARTESIAN_POINT('Origin',(0.,7.42371882360583,-60.2701564102051));
#3443=CARTESIAN_POINT('',(0.,7.42371882360583,-55.6451564102051));
#3444=CARTESIAN_POINT('Origin',(5.,7.42371882360583,-60.2701564102051));
#3445=CARTESIAN_POINT('Ctrl Pts',(5.,22.6647344615543,-126.22745311189));
#3446=CARTESIAN_POINT('Ctrl Pts',(5.,22.6397344615544,-126.22745311189));
#3447=CARTESIAN_POINT('Ctrl Pts',(5.,22.6397344615544,-126.20245311189));
#3448=CARTESIAN_POINT('Ctrl Pts',(5.,22.6397344615544,-126.17745311189));
#3449=CARTESIAN_POINT('Ctrl Pts',(5.,22.6647344615543,-126.17745311189));
#3450=CARTESIAN_POINT('Ctrl Pts',(5.,22.6897344615543,-126.17745311189));
#3451=CARTESIAN_POINT('Ctrl Pts',(5.,22.6897344615543,-126.20245311189));
#3452=CARTESIAN_POINT('Ctrl Pts',(5.,22.6897344615543,-126.22745311189));
#3453=CARTESIAN_POINT('Ctrl Pts',(5.,22.6647344615543,-126.22745311189));
#3454=CARTESIAN_POINT('Ctrl Pts',(5.00000000000001,22.6647344615543,-130.82745311189));
#3455=CARTESIAN_POINT('Ctrl Pts',(5.00000000000001,18.0397344615543,-130.82745311189));
#3456=CARTESIAN_POINT('Ctrl Pts',(5.00000000000001,18.0397344615543,-126.20245311189));
#3457=CARTESIAN_POINT('Ctrl Pts',(5.00000000000001,18.0397344615543,-121.57745311189));
#3458=CARTESIAN_POINT('Ctrl Pts',(5.00000000000001,22.6647344615543,-121.57745311189));
#3459=CARTESIAN_POINT('Ctrl Pts',(5.00000000000001,27.2897344615543,-121.57745311189));
#3460=CARTESIAN_POINT('Ctrl Pts',(5.00000000000001,27.2897344615543,-126.20245311189));
#3461=CARTESIAN_POINT('Ctrl Pts',(5.00000000000001,27.2897344615543,-130.82745311189));
#3462=CARTESIAN_POINT('Ctrl Pts',(5.00000000000001,22.6647344615543,-130.82745311189));
#3463=CARTESIAN_POINT('Ctrl Pts',(0.4,22.6647344615543,-130.82745311189));
#3464=CARTESIAN_POINT('Ctrl Pts',(0.4,18.0397344615543,-130.82745311189));
#3465=CARTESIAN_POINT('Ctrl Pts',(0.4,18.0397344615543,-126.20245311189));
#3466=CARTESIAN_POINT('Ctrl Pts',(0.4,18.0397344615543,-121.57745311189));
#3467=CARTESIAN_POINT('Ctrl Pts',(0.4,22.6647344615543,-121.57745311189));
#3468=CARTESIAN_POINT('Ctrl Pts',(0.4,27.2897344615543,-121.57745311189));
#3469=CARTESIAN_POINT('Ctrl Pts',(0.4,27.2897344615543,-126.20245311189));
#3470=CARTESIAN_POINT('Ctrl Pts',(0.4,27.2897344615543,-130.82745311189));
#3471=CARTESIAN_POINT('Ctrl Pts',(0.4,22.6647344615543,-130.82745311189));
#3472=CARTESIAN_POINT('',(0.4,22.6647344615543,-130.82745311189));
#3473=CARTESIAN_POINT('',(0.4,22.6647344615543,-121.57745311189));
#3474=CARTESIAN_POINT('Origin',(0.4,22.6647344615543,-126.20245311189));
#3475=CARTESIAN_POINT('Origin',(0.4,22.6647344615543,-126.20245311189));
#3476=CARTESIAN_POINT('',(5.,22.6647344615543,-126.22745311189));
#3477=CARTESIAN_POINT('Origin',(0.4,22.6647344615543,-126.22745311189));
#3478=CARTESIAN_POINT('Origin',(5.,22.6647344615543,-126.20245311189));
#3479=CARTESIAN_POINT('Origin',(0.,22.6647344615543,-126.20245311189));
#3480=CARTESIAN_POINT('',(0.,22.6647344615543,-121.57745311189));
#3481=CARTESIAN_POINT('Origin',(0.,22.6647344615543,-126.20245311189));
#3482=CARTESIAN_POINT('',(0.,22.6647344615543,-121.57745311189));
#3483=CARTESIAN_POINT('Origin',(5.,22.6647344615543,-126.20245311189));
#3484=CARTESIAN_POINT('Ctrl Pts',(5.,10.5003615947125,-169.691251470913));
#3485=CARTESIAN_POINT('Ctrl Pts',(5.,10.4753615947125,-169.691251470913));
#3486=CARTESIAN_POINT('Ctrl Pts',(5.,10.4753615947125,-169.666251470913));
#3487=CARTESIAN_POINT('Ctrl Pts',(5.,10.4753615947125,-169.641251470913));
#3488=CARTESIAN_POINT('Ctrl Pts',(5.,10.5003615947125,-169.641251470913));
#3489=CARTESIAN_POINT('Ctrl Pts',(5.,10.5253615947125,-169.641251470913));
#3490=CARTESIAN_POINT('Ctrl Pts',(5.,10.5253615947125,-169.666251470913));
#3491=CARTESIAN_POINT('Ctrl Pts',(5.,10.5253615947125,-169.691251470913));
#3492=CARTESIAN_POINT('Ctrl Pts',(5.,10.5003615947125,-169.691251470913));
#3493=CARTESIAN_POINT('Ctrl Pts',(5.,10.5003615947125,-174.291251470913));
#3494=CARTESIAN_POINT('Ctrl Pts',(5.,5.87536159471249,-174.291251470913));
#3495=CARTESIAN_POINT('Ctrl Pts',(5.,5.87536159471249,-169.666251470913));
#3496=CARTESIAN_POINT('Ctrl Pts',(5.,5.87536159471249,-165.041251470913));
#3497=CARTESIAN_POINT('Ctrl Pts',(5.,10.5003615947125,-165.041251470913));
#3498=CARTESIAN_POINT('Ctrl Pts',(5.,15.1253615947125,-165.041251470913));
#3499=CARTESIAN_POINT('Ctrl Pts',(5.,15.1253615947125,-169.666251470913));
#3500=CARTESIAN_POINT('Ctrl Pts',(5.,15.1253615947125,-174.291251470913));
#3501=CARTESIAN_POINT('Ctrl Pts',(5.,10.5003615947125,-174.291251470913));
#3502=CARTESIAN_POINT('Ctrl Pts',(0.4,10.5003615947125,-174.291251470913));
#3503=CARTESIAN_POINT('Ctrl Pts',(0.4,5.87536159471249,-174.291251470913));
#3504=CARTESIAN_POINT('Ctrl Pts',(0.4,5.87536159471249,-169.666251470913));
#3505=CARTESIAN_POINT('Ctrl Pts',(0.4,5.87536159471249,-165.041251470913));
#3506=CARTESIAN_POINT('Ctrl Pts',(0.4,10.5003615947125,-165.041251470913));
#3507=CARTESIAN_POINT('Ctrl Pts',(0.4,15.1253615947125,-165.041251470913));
#3508=CARTESIAN_POINT('Ctrl Pts',(0.4,15.1253615947125,-169.666251470913));
#3509=CARTESIAN_POINT('Ctrl Pts',(0.4,15.1253615947125,-174.291251470913));
#3510=CARTESIAN_POINT('Ctrl Pts',(0.4,10.5003615947125,-174.291251470913));
#3511=CARTESIAN_POINT('',(0.4,10.5003615947125,-174.291251470913));
#3512=CARTESIAN_POINT('',(0.4,10.5003615947125,-165.041251470913));
#3513=CARTESIAN_POINT('Origin',(0.4,10.5003615947125,-169.666251470913));
#3514=CARTESIAN_POINT('Origin',(0.4,10.5003615947125,-169.666251470913));
#3515=CARTESIAN_POINT('',(5.,10.5003615947125,-169.691251470913));
#3516=CARTESIAN_POINT('Origin',(0.4,10.5003615947125,-169.691251470913));
#3517=CARTESIAN_POINT('Origin',(5.,10.5003615947125,-169.666251470913));
#3518=CARTESIAN_POINT('Origin',(0.,10.5003615947125,-169.666251470913));
#3519=CARTESIAN_POINT('',(0.,10.5003615947125,-165.041251470913));
#3520=CARTESIAN_POINT('Origin',(0.,10.5003615947125,-169.666251470913));
#3521=CARTESIAN_POINT('',(0.,10.5003615947125,-165.041251470913));
#3522=CARTESIAN_POINT('Origin',(5.,10.5003615947125,-169.666251470913));
#3523=CARTESIAN_POINT('Ctrl Pts',(5.,7.6168286649796,-229.621921731165));
#3524=CARTESIAN_POINT('Ctrl Pts',(5.,7.59182866497959,-229.621921731165));
#3525=CARTESIAN_POINT('Ctrl Pts',(5.,7.59182866497959,-229.596921731165));
#3526=CARTESIAN_POINT('Ctrl Pts',(5.,7.59182866497959,-229.571921731165));
#3527=CARTESIAN_POINT('Ctrl Pts',(5.,7.6168286649796,-229.571921731165));
#3528=CARTESIAN_POINT('Ctrl Pts',(5.,7.64182866497961,-229.571921731165));
#3529=CARTESIAN_POINT('Ctrl Pts',(5.,7.64182866497961,-229.596921731165));
#3530=CARTESIAN_POINT('Ctrl Pts',(5.,7.64182866497961,-229.621921731165));
#3531=CARTESIAN_POINT('Ctrl Pts',(5.,7.6168286649796,-229.621921731165));
#3532=CARTESIAN_POINT('Ctrl Pts',(5.,7.6168286649796,-234.221921731165));
#3533=CARTESIAN_POINT('Ctrl Pts',(5.,2.99182866497958,-234.221921731165));
#3534=CARTESIAN_POINT('Ctrl Pts',(5.,2.99182866497958,-229.596921731165));
#3535=CARTESIAN_POINT('Ctrl Pts',(5.,2.99182866497958,-224.971921731165));
#3536=CARTESIAN_POINT('Ctrl Pts',(5.,7.6168286649796,-224.971921731165));
#3537=CARTESIAN_POINT('Ctrl Pts',(5.,12.2418286649796,-224.971921731165));
#3538=CARTESIAN_POINT('Ctrl Pts',(5.,12.2418286649796,-229.596921731165));
#3539=CARTESIAN_POINT('Ctrl Pts',(5.,12.2418286649796,-234.221921731165));
#3540=CARTESIAN_POINT('Ctrl Pts',(5.,7.6168286649796,-234.221921731165));
#3541=CARTESIAN_POINT('Ctrl Pts',(0.4,7.6168286649796,-234.221921731165));
#3542=CARTESIAN_POINT('Ctrl Pts',(0.4,2.99182866497958,-234.221921731165));
#3543=CARTESIAN_POINT('Ctrl Pts',(0.4,2.99182866497958,-229.596921731165));
#3544=CARTESIAN_POINT('Ctrl Pts',(0.4,2.99182866497958,-224.971921731165));
#3545=CARTESIAN_POINT('Ctrl Pts',(0.4,7.6168286649796,-224.971921731165));
#3546=CARTESIAN_POINT('Ctrl Pts',(0.4,12.2418286649796,-224.971921731165));
#3547=CARTESIAN_POINT('Ctrl Pts',(0.4,12.2418286649796,-229.596921731165));
#3548=CARTESIAN_POINT('Ctrl Pts',(0.4,12.2418286649796,-234.221921731165));
#3549=CARTESIAN_POINT('Ctrl Pts',(0.4,7.6168286649796,-234.221921731165));
#3550=CARTESIAN_POINT('',(0.4,7.6168286649796,-234.221921731165));
#3551=CARTESIAN_POINT('',(0.4,7.6168286649796,-224.971921731165));
#3552=CARTESIAN_POINT('Origin',(0.4,7.6168286649796,-229.596921731165));
#3553=CARTESIAN_POINT('Origin',(0.4,7.6168286649796,-229.596921731165));
#3554=CARTESIAN_POINT('',(5.,7.6168286649796,-229.621921731165));
#3555=CARTESIAN_POINT('Origin',(0.4,7.6168286649796,-229.621921731165));
#3556=CARTESIAN_POINT('Origin',(5.,7.6168286649796,-229.596921731165));
#3557=CARTESIAN_POINT('Origin',(0.,7.6168286649796,-229.596921731165));
#3558=CARTESIAN_POINT('',(0.,7.6168286649796,-224.971921731165));
#3559=CARTESIAN_POINT('Origin',(0.,7.6168286649796,-229.596921731165));
#3560=CARTESIAN_POINT('',(0.,7.6168286649796,-224.971921731165));
#3561=CARTESIAN_POINT('Origin',(5.,7.6168286649796,-229.596921731165));
#3562=CARTESIAN_POINT('Ctrl Pts',(5.,6.17506220011316,-259.587256861292));
#3563=CARTESIAN_POINT('Ctrl Pts',(5.,6.15006220011315,-259.587256861292));
#3564=CARTESIAN_POINT('Ctrl Pts',(5.,6.15006220011315,-259.562256861292));
#3565=CARTESIAN_POINT('Ctrl Pts',(5.,6.15006220011315,-259.537256861291));
#3566=CARTESIAN_POINT('Ctrl Pts',(5.,6.17506220011316,-259.537256861291));
#3567=CARTESIAN_POINT('Ctrl Pts',(5.,6.20006220011318,-259.537256861291));
#3568=CARTESIAN_POINT('Ctrl Pts',(5.,6.20006220011318,-259.562256861292));
#3569=CARTESIAN_POINT('Ctrl Pts',(5.,6.20006220011318,-259.587256861292));
#3570=CARTESIAN_POINT('Ctrl Pts',(5.,6.17506220011316,-259.587256861292));
#3571=CARTESIAN_POINT('Ctrl Pts',(5.,6.17506220011316,-264.187256861292));
#3572=CARTESIAN_POINT('Ctrl Pts',(5.,1.55006220011314,-264.187256861292));
#3573=CARTESIAN_POINT('Ctrl Pts',(5.,1.55006220011314,-259.562256861292));
#3574=CARTESIAN_POINT('Ctrl Pts',(5.,1.55006220011314,-254.937256861292));
#3575=CARTESIAN_POINT('Ctrl Pts',(5.,6.17506220011316,-254.937256861292));
#3576=CARTESIAN_POINT('Ctrl Pts',(5.,10.8000622001132,-254.937256861292));
#3577=CARTESIAN_POINT('Ctrl Pts',(5.,10.8000622001132,-259.562256861292));
#3578=CARTESIAN_POINT('Ctrl Pts',(5.,10.8000622001132,-264.187256861292));
#3579=CARTESIAN_POINT('Ctrl Pts',(5.,6.17506220011316,-264.187256861292));
#3580=CARTESIAN_POINT('Ctrl Pts',(0.4,6.17506220011316,-264.187256861292));
#3581=CARTESIAN_POINT('Ctrl Pts',(0.4,1.55006220011314,-264.187256861292));
#3582=CARTESIAN_POINT('Ctrl Pts',(0.4,1.55006220011314,-259.562256861292));
#3583=CARTESIAN_POINT('Ctrl Pts',(0.4,1.55006220011314,-254.937256861292));
#3584=CARTESIAN_POINT('Ctrl Pts',(0.4,6.17506220011316,-254.937256861292));
#3585=CARTESIAN_POINT('Ctrl Pts',(0.4,10.8000622001132,-254.937256861292));
#3586=CARTESIAN_POINT('Ctrl Pts',(0.4,10.8000622001132,-259.562256861292));
#3587=CARTESIAN_POINT('Ctrl Pts',(0.4,10.8000622001132,-264.187256861292));
#3588=CARTESIAN_POINT('Ctrl Pts',(0.4,6.17506220011316,-264.187256861292));
#3589=CARTESIAN_POINT('',(0.4,6.17506220011316,-264.187256861292));
#3590=CARTESIAN_POINT('',(0.4,6.17506220011316,-254.937256861292));
#3591=CARTESIAN_POINT('Origin',(0.4,6.17506220011316,-259.562256861292));
#3592=CARTESIAN_POINT('Origin',(0.4,6.17506220011316,-259.562256861292));
#3593=CARTESIAN_POINT('',(5.,6.17506220011316,-259.587256861292));
#3594=CARTESIAN_POINT('Origin',(0.4,6.17506220011316,-259.587256861292));
#3595=CARTESIAN_POINT('Origin',(5.,6.17506220011316,-259.562256861292));
#3596=CARTESIAN_POINT('Origin',(0.,6.17506220011316,-259.562256861292));
#3597=CARTESIAN_POINT('',(0.,6.17506220011316,-254.937256861292));
#3598=CARTESIAN_POINT('Origin',(0.,6.17506220011316,-259.562256861292));
#3599=CARTESIAN_POINT('',(0.,6.17506220011316,-254.937256861292));
#3600=CARTESIAN_POINT('Origin',(5.,6.17506220011316,-259.562256861292));
#3601=CARTESIAN_POINT('Ctrl Pts',(5.,19.7812015318214,-186.158123372142));
#3602=CARTESIAN_POINT('Ctrl Pts',(5.,19.7562015318214,-186.158123372142));
#3603=CARTESIAN_POINT('Ctrl Pts',(5.,19.7562015318214,-186.133123372142));
#3604=CARTESIAN_POINT('Ctrl Pts',(5.,19.7562015318214,-186.108123372142));
#3605=CARTESIAN_POINT('Ctrl Pts',(5.,19.7812015318214,-186.108123372142));
#3606=CARTESIAN_POINT('Ctrl Pts',(5.,19.8062015318215,-186.108123372142));
#3607=CARTESIAN_POINT('Ctrl Pts',(5.,19.8062015318215,-186.133123372142));
#3608=CARTESIAN_POINT('Ctrl Pts',(5.,19.8062015318215,-186.158123372142));
#3609=CARTESIAN_POINT('Ctrl Pts',(5.,19.7812015318214,-186.158123372142));
#3610=CARTESIAN_POINT('Ctrl Pts',(5.,19.7812015318214,-190.758123372142));
#3611=CARTESIAN_POINT('Ctrl Pts',(5.,15.1562015318214,-190.758123372142));
#3612=CARTESIAN_POINT('Ctrl Pts',(5.,15.1562015318214,-186.133123372142));
#3613=CARTESIAN_POINT('Ctrl Pts',(5.,15.1562015318214,-181.508123372142));
#3614=CARTESIAN_POINT('Ctrl Pts',(5.,19.7812015318214,-181.508123372142));
#3615=CARTESIAN_POINT('Ctrl Pts',(5.,24.4062015318215,-181.508123372142));
#3616=CARTESIAN_POINT('Ctrl Pts',(5.,24.4062015318215,-186.133123372142));
#3617=CARTESIAN_POINT('Ctrl Pts',(5.,24.4062015318215,-190.758123372142));
#3618=CARTESIAN_POINT('Ctrl Pts',(5.,19.7812015318214,-190.758123372142));
#3619=CARTESIAN_POINT('Ctrl Pts',(0.4,19.7812015318214,-190.758123372142));
#3620=CARTESIAN_POINT('Ctrl Pts',(0.4,15.1562015318214,-190.758123372142));
#3621=CARTESIAN_POINT('Ctrl Pts',(0.4,15.1562015318214,-186.133123372142));
#3622=CARTESIAN_POINT('Ctrl Pts',(0.4,15.1562015318214,-181.508123372142));
#3623=CARTESIAN_POINT('Ctrl Pts',(0.4,19.7812015318214,-181.508123372142));
#3624=CARTESIAN_POINT('Ctrl Pts',(0.4,24.4062015318215,-181.508123372142));
#3625=CARTESIAN_POINT('Ctrl Pts',(0.4,24.4062015318215,-186.133123372142));
#3626=CARTESIAN_POINT('Ctrl Pts',(0.4,24.4062015318215,-190.758123372142));
#3627=CARTESIAN_POINT('Ctrl Pts',(0.4,19.7812015318214,-190.758123372142));
#3628=CARTESIAN_POINT('',(0.4,19.7812015318214,-190.758123372142));
#3629=CARTESIAN_POINT('',(0.4,19.7812015318214,-181.508123372142));
#3630=CARTESIAN_POINT('Origin',(0.4,19.7812015318214,-186.133123372142));
#3631=CARTESIAN_POINT('Origin',(0.4,19.7812015318214,-186.133123372142));
#3632=CARTESIAN_POINT('',(5.,19.7812015318214,-186.158123372142));
#3633=CARTESIAN_POINT('Origin',(0.4,19.7812015318214,-186.158123372142));
#3634=CARTESIAN_POINT('Origin',(5.,19.7812015318214,-186.133123372142));
#3635=CARTESIAN_POINT('Origin',(0.,19.7812015318214,-186.133123372142));
#3636=CARTESIAN_POINT('',(0.,19.7812015318214,-181.508123372142));
#3637=CARTESIAN_POINT('Origin',(0.,19.7812015318214,-186.133123372142));
#3638=CARTESIAN_POINT('',(0.,19.7812015318214,-181.508123372142));
#3639=CARTESIAN_POINT('Origin',(5.,19.7812015318214,-186.133123372142));
#3640=CARTESIAN_POINT('Ctrl Pts',(5.,4.98934668271421,-126.303148002609));
#3641=CARTESIAN_POINT('Ctrl Pts',(5.,4.96434668271419,-126.303148002609));
#3642=CARTESIAN_POINT('Ctrl Pts',(5.,4.96434668271419,-126.278148002609));
#3643=CARTESIAN_POINT('Ctrl Pts',(5.,4.96434668271419,-126.253148002609));
#3644=CARTESIAN_POINT('Ctrl Pts',(5.,4.98934668271421,-126.253148002609));
#3645=CARTESIAN_POINT('Ctrl Pts',(5.,5.01434668271422,-126.253148002609));
#3646=CARTESIAN_POINT('Ctrl Pts',(5.,5.01434668271422,-126.278148002609));
#3647=CARTESIAN_POINT('Ctrl Pts',(5.,5.01434668271422,-126.303148002609));
#3648=CARTESIAN_POINT('Ctrl Pts',(5.,4.98934668271421,-126.303148002609));
#3649=CARTESIAN_POINT('Ctrl Pts',(5.,4.98934668271421,-130.903148002609));
#3650=CARTESIAN_POINT('Ctrl Pts',(5.,0.364346682714204,-130.903148002609));
#3651=CARTESIAN_POINT('Ctrl Pts',(5.,0.364346682714203,-126.278148002609));
#3652=CARTESIAN_POINT('Ctrl Pts',(5.,0.364346682714204,-121.653148002609));
#3653=CARTESIAN_POINT('Ctrl Pts',(5.,4.98934668271421,-121.653148002609));
#3654=CARTESIAN_POINT('Ctrl Pts',(5.,9.61434668271421,-121.653148002609));
#3655=CARTESIAN_POINT('Ctrl Pts',(5.,9.61434668271421,-126.278148002609));
#3656=CARTESIAN_POINT('Ctrl Pts',(5.,9.61434668271421,-130.903148002609));
#3657=CARTESIAN_POINT('Ctrl Pts',(5.,4.98934668271421,-130.903148002609));
#3658=CARTESIAN_POINT('Ctrl Pts',(0.4,4.98934668271421,-130.903148002609));
#3659=CARTESIAN_POINT('Ctrl Pts',(0.4,0.364346682714204,-130.903148002609));
#3660=CARTESIAN_POINT('Ctrl Pts',(0.4,0.364346682714203,-126.278148002609));
#3661=CARTESIAN_POINT('Ctrl Pts',(0.4,0.364346682714204,-121.653148002609));
#3662=CARTESIAN_POINT('Ctrl Pts',(0.4,4.98934668271421,-121.653148002609));
#3663=CARTESIAN_POINT('Ctrl Pts',(0.4,9.61434668271421,-121.653148002609));
#3664=CARTESIAN_POINT('Ctrl Pts',(0.4,9.61434668271421,-126.278148002609));
#3665=CARTESIAN_POINT('Ctrl Pts',(0.4,9.61434668271421,-130.903148002609));
#3666=CARTESIAN_POINT('Ctrl Pts',(0.4,4.98934668271421,-130.903148002609));
#3667=CARTESIAN_POINT('',(0.4,4.98934668271421,-130.903148002609));
#3668=CARTESIAN_POINT('',(0.4,4.98934668271421,-121.653148002609));
#3669=CARTESIAN_POINT('Origin',(0.4,4.98934668271421,-126.278148002609));
#3670=CARTESIAN_POINT('Origin',(0.4,4.98934668271421,-126.278148002609));
#3671=CARTESIAN_POINT('',(5.,4.98934668271421,-126.303148002609));
#3672=CARTESIAN_POINT('Origin',(0.4,4.98934668271421,-126.303148002609));
#3673=CARTESIAN_POINT('Origin',(5.,4.98934668271421,-126.278148002609));
#3674=CARTESIAN_POINT('Origin',(0.,4.98934668271421,-126.278148002609));
#3675=CARTESIAN_POINT('',(0.,4.98934668271421,-121.653148002609));
#3676=CARTESIAN_POINT('Origin',(0.,4.98934668271421,-126.278148002609));
#3677=CARTESIAN_POINT('',(0.,4.98934668271421,-121.653148002609));
#3678=CARTESIAN_POINT('Origin',(5.,4.98934668271421,-126.278148002609));
#3679=CARTESIAN_POINT('Ctrl Pts',(5.,14.931063540036,-77.5511334064846));
#3680=CARTESIAN_POINT('Ctrl Pts',(5.,14.906063540036,-77.5511334064846));
#3681=CARTESIAN_POINT('Ctrl Pts',(5.,14.906063540036,-77.5261334064846));
#3682=CARTESIAN_POINT('Ctrl Pts',(5.,14.906063540036,-77.5011334064846));
#3683=CARTESIAN_POINT('Ctrl Pts',(5.,14.931063540036,-77.5011334064846));
#3684=CARTESIAN_POINT('Ctrl Pts',(5.,14.956063540036,-77.5011334064846));
#3685=CARTESIAN_POINT('Ctrl Pts',(5.,14.956063540036,-77.5261334064846));
#3686=CARTESIAN_POINT('Ctrl Pts',(5.,14.956063540036,-77.5511334064846));
#3687=CARTESIAN_POINT('Ctrl Pts',(5.,14.931063540036,-77.5511334064846));
#3688=CARTESIAN_POINT('Ctrl Pts',(5.,14.931063540036,-82.1511334064846));
#3689=CARTESIAN_POINT('Ctrl Pts',(5.,10.306063540036,-82.1511334064846));
#3690=CARTESIAN_POINT('Ctrl Pts',(5.,10.306063540036,-77.5261334064846));
#3691=CARTESIAN_POINT('Ctrl Pts',(5.,10.306063540036,-72.9011334064846));
#3692=CARTESIAN_POINT('Ctrl Pts',(5.,14.931063540036,-72.9011334064846));
#3693=CARTESIAN_POINT('Ctrl Pts',(5.,19.556063540036,-72.9011334064846));
#3694=CARTESIAN_POINT('Ctrl Pts',(5.,19.556063540036,-77.5261334064846));
#3695=CARTESIAN_POINT('Ctrl Pts',(5.,19.556063540036,-82.1511334064846));
#3696=CARTESIAN_POINT('Ctrl Pts',(5.,14.931063540036,-82.1511334064846));
#3697=CARTESIAN_POINT('Ctrl Pts',(0.4,14.931063540036,-82.1511334064846));
#3698=CARTESIAN_POINT('Ctrl Pts',(0.4,10.306063540036,-82.1511334064846));
#3699=CARTESIAN_POINT('Ctrl Pts',(0.4,10.306063540036,-77.5261334064846));
#3700=CARTESIAN_POINT('Ctrl Pts',(0.4,10.306063540036,-72.9011334064846));
#3701=CARTESIAN_POINT('Ctrl Pts',(0.4,14.931063540036,-72.9011334064846));
#3702=CARTESIAN_POINT('Ctrl Pts',(0.4,19.556063540036,-72.9011334064846));
#3703=CARTESIAN_POINT('Ctrl Pts',(0.4,19.556063540036,-77.5261334064846));
#3704=CARTESIAN_POINT('Ctrl Pts',(0.4,19.556063540036,-82.1511334064846));
#3705=CARTESIAN_POINT('Ctrl Pts',(0.4,14.931063540036,-82.1511334064846));
#3706=CARTESIAN_POINT('',(0.4,14.931063540036,-82.1511334064846));
#3707=CARTESIAN_POINT('',(0.4,14.931063540036,-72.9011334064846));
#3708=CARTESIAN_POINT('Origin',(0.4,14.931063540036,-77.5261334064846));
#3709=CARTESIAN_POINT('Origin',(0.4,14.931063540036,-77.5261334064846));
#3710=CARTESIAN_POINT('',(5.,14.931063540036,-77.5511334064846));
#3711=CARTESIAN_POINT('Origin',(0.4,14.931063540036,-77.5511334064846));
#3712=CARTESIAN_POINT('Origin',(5.,14.931063540036,-77.5261334064846));
#3713=CARTESIAN_POINT('Origin',(0.,14.931063540036,-77.5261334064846));
#3714=CARTESIAN_POINT('',(0.,14.931063540036,-72.9011334064846));
#3715=CARTESIAN_POINT('Origin',(0.,14.931063540036,-77.5261334064846));
#3716=CARTESIAN_POINT('',(0.,14.931063540036,-72.9011334064846));
#3717=CARTESIAN_POINT('Origin',(5.,14.931063540036,-77.5261334064846));
#3718=CARTESIAN_POINT('Origin',(0.,0.,-328.995136793503));
#3719=CARTESIAN_POINT('',(150.,-0.0912521656193093,-328.995136793503));
#3720=CARTESIAN_POINT('',(0.,-0.0912521656193161,-328.995136793503));
#3721=CARTESIAN_POINT('Ctrl Pts',(150.,-0.0912521656193313,-328.995136793503));
#3722=CARTESIAN_POINT('Ctrl Pts',(125.,-0.0912521656193313,-328.995136793503));
#3723=CARTESIAN_POINT('Ctrl Pts',(100.,-0.0912521656193313,-328.995136793503));
#3724=CARTESIAN_POINT('Ctrl Pts',(50.,-0.0912521656193313,-328.995136793503));
#3725=CARTESIAN_POINT('Ctrl Pts',(25.,-0.0912521656193313,-328.995136793503));
#3726=CARTESIAN_POINT('Ctrl Pts',(0.,-0.0912521656193313,-328.995136793503));
#3727=CARTESIAN_POINT('',(150.,-2.44220890171229,-328.995136793503));
#3728=CARTESIAN_POINT('',(150.,7.55082412743771,-328.995136793503));
#3729=CARTESIAN_POINT('',(0.,-2.44220890171229,-328.995136793503));
#3730=CARTESIAN_POINT('',(0.,-2.44220890171229,-328.995136793503));
#3731=CARTESIAN_POINT('',(0.,7.55082412743771,-328.995136793503));
#3732=CARTESIAN_POINT('Ctrl Pts',(0.,-0.404960139186272,-330.15521369278));
#3733=CARTESIAN_POINT('Ctrl Pts',(150.,-0.404960139186272,-330.15521369278));
#3734=CARTESIAN_POINT('Ctrl Pts',(0.,0.953697117559003,-325.123255061039));
#3735=CARTESIAN_POINT('Ctrl Pts',(150.,0.953697117559003,-325.123255061039));
#3736=CARTESIAN_POINT('Ctrl Pts',(0.,1.95625028183994,-321.510470910114));
#3737=CARTESIAN_POINT('Ctrl Pts',(150.,1.95625028183994,-321.510470910114));
#3738=CARTESIAN_POINT('Ctrl Pts',(0.,2.88072517874953,-318.129643587526));
#3739=CARTESIAN_POINT('Ctrl Pts',(150.,2.88072517874953,-318.129643587526));
#3740=CARTESIAN_POINT('Ctrl Pts',(0.,3.80790893342487,-314.738909905786));
#3741=CARTESIAN_POINT('Ctrl Pts',(150.,3.80790893342487,-314.738909905786));
#3742=CARTESIAN_POINT('Ctrl Pts',(0.,4.65654114164936,-311.581460054697));
#3743=CARTESIAN_POINT('Ctrl Pts',(150.,4.65654114164936,-311.581460054697));
#3744=CARTESIAN_POINT('Ctrl Pts',(0.,5.58297307987619,-307.971376619013));
#3745=CARTESIAN_POINT('Ctrl Pts',(150.,5.58297307987619,-307.971376619013));
#3746=CARTESIAN_POINT('Ctrl Pts',(0.,6.50946304902215,-304.361067050729));
#3747=CARTESIAN_POINT('Ctrl Pts',(150.,6.50946304902215,-304.361067050729));
#3748=CARTESIAN_POINT('Ctrl Pts',(0.,7.51373688482547,-300.298211776142));
#3749=CARTESIAN_POINT('Ctrl Pts',(150.,7.51373688482547,-300.298211776142));
#3750=CARTESIAN_POINT('Ctrl Pts',(0.,8.62982002895606,-295.602592116179));
#3751=CARTESIAN_POINT('Ctrl Pts',(150.,8.62982002895606,-295.602592116179));
#3752=CARTESIAN_POINT('Ctrl Pts',(0.,9.75484106691011,-290.869368671787));
#3753=CARTESIAN_POINT('Ctrl Pts',(150.,9.75484106691011,-290.869368671787));
#3754=CARTESIAN_POINT('Ctrl Pts',(0.,10.9936681402808,-285.492405494434));
#3755=CARTESIAN_POINT('Ctrl Pts',(150.,10.9936681402808,-285.492405494434));
#3756=CARTESIAN_POINT('Ctrl Pts',(0.,12.2548415072165,-279.808573859771));
#3757=CARTESIAN_POINT('Ctrl Pts',(150.,12.2548415072165,-279.808573859771));
#3758=CARTESIAN_POINT('Ctrl Pts',(0.,13.5479408687029,-273.98085877295));
#3759=CARTESIAN_POINT('Ctrl Pts',(150.,13.5479408687029,-273.98085877295));
#3760=CARTESIAN_POINT('Ctrl Pts',(0.,14.8421703685512,-267.917813651268));
#3761=CARTESIAN_POINT('Ctrl Pts',(150.,14.8421703685512,-267.917813651268));
#3762=CARTESIAN_POINT('Ctrl Pts',(0.,16.0283979003451,-262.054203507743));
#3763=CARTESIAN_POINT('Ctrl Pts',(150.,16.0283979003451,-262.054203507743));
#3764=CARTESIAN_POINT('Ctrl Pts',(0.,17.2338104258696,-256.095760525817));
#3765=CARTESIAN_POINT('Ctrl Pts',(150.,17.2338104258696,-256.095760525817));
#3766=CARTESIAN_POINT('Ctrl Pts',(0.,18.3275502246086,-250.343843467286));
#3767=CARTESIAN_POINT('Ctrl Pts',(150.,18.3275502246086,-250.343843467286));
#3768=CARTESIAN_POINT('Ctrl Pts',(0.,19.3394881304497,-244.722787710351));
#3769=CARTESIAN_POINT('Ctrl Pts',(150.,19.3394881304497,-244.722787710351));
#3770=CARTESIAN_POINT('Ctrl Pts',(0.,20.6698479366964,-237.332979892567));
#3771=CARTESIAN_POINT('Ctrl Pts',(150.,20.6698479366964,-237.332979892567));
#3772=CARTESIAN_POINT('Ctrl Pts',(0.,21.8920075080921,-230.063089379443));
#3773=CARTESIAN_POINT('Ctrl Pts',(150.,21.8920075080921,-230.063089379443));
#3774=CARTESIAN_POINT('Ctrl Pts',(0.,23.0732227776756,-222.614101057919));
#3775=CARTESIAN_POINT('Ctrl Pts',(150.,23.0732227776756,-222.614101057919));
#3776=CARTESIAN_POINT('Ctrl Pts',(0.,24.6539501374955,-212.645706688145));
#3777=CARTESIAN_POINT('Ctrl Pts',(150.,24.6539501374955,-212.645706688145));
#3778=CARTESIAN_POINT('Ctrl Pts',(0.,26.1277598422896,-202.374455395187));
#3779=CARTESIAN_POINT('Ctrl Pts',(150.,26.1277598422896,-202.374455395187));
#3780=CARTESIAN_POINT('Ctrl Pts',(0.,27.3658589956211,-192.128892082238));
#3781=CARTESIAN_POINT('Ctrl Pts',(150.,27.3658589956211,-192.128892082238));
#3782=CARTESIAN_POINT('Ctrl Pts',(0.,28.2425295568923,-184.874235849007));
#3783=CARTESIAN_POINT('Ctrl Pts',(150.,28.2425295568923,-184.874235849007));
#3784=CARTESIAN_POINT('Ctrl Pts',(0.,29.0102442238729,-177.661473510213));
#3785=CARTESIAN_POINT('Ctrl Pts',(150.,29.0102442238729,-177.661473510213));
#3786=CARTESIAN_POINT('Ctrl Pts',(0.,29.6986064329272,-170.629959876851));
#3787=CARTESIAN_POINT('Ctrl Pts',(150.,29.6986064329272,-170.629959876851));
#3788=CARTESIAN_POINT('Ctrl Pts',(0.,30.3697896043765,-163.773927458946));
#3789=CARTESIAN_POINT('Ctrl Pts',(150.,30.3697896043765,-163.773927458946));
#3790=CARTESIAN_POINT('Ctrl Pts',(0.,30.9693432629178,-157.103092325658));
#3791=CARTESIAN_POINT('Ctrl Pts',(150.,30.9693432629178,-157.103092325658));
#3792=CARTESIAN_POINT('Ctrl Pts',(0.,31.4539018654625,-150.233802136994));
#3793=CARTESIAN_POINT('Ctrl Pts',(150.,31.4539018654625,-150.233802136994));
#3794=CARTESIAN_POINT('Ctrl Pts',(0.,31.8153944460103,-145.109143481047));
#3795=CARTESIAN_POINT('Ctrl Pts',(150.,31.8153944460103,-145.109143481047));
#3796=CARTESIAN_POINT('Ctrl Pts',(0.,32.1062512253518,-139.805754737683));
#3797=CARTESIAN_POINT('Ctrl Pts',(150.,32.1062512253518,-139.805754737683));
#3798=CARTESIAN_POINT('Ctrl Pts',(0.,32.3035897291345,-134.267115566282));
#3799=CARTESIAN_POINT('Ctrl Pts',(150.,32.3035897291345,-134.267115566282));
#3800=CARTESIAN_POINT('Ctrl Pts',(0.,32.5007380147604,-128.733815189364));
#3801=CARTESIAN_POINT('Ctrl Pts',(150.,32.5007380147604,-128.733815189364));
#3802=CARTESIAN_POINT('Ctrl Pts',(0.,32.6045825349964,-122.965617904796));
#3803=CARTESIAN_POINT('Ctrl Pts',(150.,32.6045825349964,-122.965617904796));
#3804=CARTESIAN_POINT('Ctrl Pts',(0.,32.6262182109089,-117.429981371338));
#3805=CARTESIAN_POINT('Ctrl Pts',(150.,32.6262182109089,-117.429981371338));
#3806=CARTESIAN_POINT('Ctrl Pts',(0.,32.6455054114645,-112.495218415096));
#3807=CARTESIAN_POINT('Ctrl Pts',(150.,32.6455054114645,-112.495218415096));
#3808=CARTESIAN_POINT('Ctrl Pts',(0.,32.6029628172987,-107.823227911878));
#3809=CARTESIAN_POINT('Ctrl Pts',(150.,32.6029628172987,-107.823227911878));
#3810=CARTESIAN_POINT('Ctrl Pts',(0.,32.5117507529529,-103.694383956806));
#3811=CARTESIAN_POINT('Ctrl Pts',(150.,32.5117507529529,-103.694383956806));
#3812=CARTESIAN_POINT('Ctrl Pts',(0.,32.4627419185063,-101.475929289616));
#3813=CARTESIAN_POINT('Ctrl Pts',(150.,32.4627419185063,-101.475929289616));
#3814=CARTESIAN_POINT('Ctrl Pts',(0.,32.3996803237066,-99.4144195831996));
#3815=CARTESIAN_POINT('Ctrl Pts',(150.,32.3996803237066,-99.4144195831996));
#3816=CARTESIAN_POINT('Ctrl Pts',(0.,32.3222198750705,-97.4721745035797));
#3817=CARTESIAN_POINT('Ctrl Pts',(150.,32.3222198750705,-97.4721745035797));
#3818=CARTESIAN_POINT('',(0.,32.3222198750701,-97.4721745035797));
#3819=CARTESIAN_POINT('Ctrl Pts',(0.,-0.0912521656187908,-328.995136793501));
#3820=CARTESIAN_POINT('Ctrl Pts',(0.,1.11071506263552,-324.55712294088));
#3821=CARTESIAN_POINT('Ctrl Pts',(0.,2.02886713269606,-321.244909309388));
#3822=CARTESIAN_POINT('Ctrl Pts',(0.,2.88072517874953,-318.129643587526));
#3823=CARTESIAN_POINT('Ctrl Pts',(0.,3.80790893342487,-314.738909905786));
#3824=CARTESIAN_POINT('Ctrl Pts',(0.,4.65654114164936,-311.581460054697));
#3825=CARTESIAN_POINT('Ctrl Pts',(0.,5.58297307987619,-307.971376619013));
#3826=CARTESIAN_POINT('Ctrl Pts',(0.,6.50946304902215,-304.361067050729));
#3827=CARTESIAN_POINT('Ctrl Pts',(0.,7.51373688482547,-300.298211776142));
#3828=CARTESIAN_POINT('Ctrl Pts',(0.,8.62982002895606,-295.602592116179));
#3829=CARTESIAN_POINT('Ctrl Pts',(0.,9.75484106691011,-290.869368671787));
#3830=CARTESIAN_POINT('Ctrl Pts',(0.,10.9936681402808,-285.492405494434));
#3831=CARTESIAN_POINT('Ctrl Pts',(0.,12.2548415072165,-279.808573859771));
#3832=CARTESIAN_POINT('Ctrl Pts',(0.,13.5479408687029,-273.98085877295));
#3833=CARTESIAN_POINT('Ctrl Pts',(0.,14.8421703685512,-267.917813651268));
#3834=CARTESIAN_POINT('Ctrl Pts',(0.,16.0283979003451,-262.054203507743));
#3835=CARTESIAN_POINT('Ctrl Pts',(0.,17.2338104258696,-256.095760525817));
#3836=CARTESIAN_POINT('Ctrl Pts',(0.,18.3275502246086,-250.343843467286));
#3837=CARTESIAN_POINT('Ctrl Pts',(0.,19.3394881304497,-244.722787710351));
#3838=CARTESIAN_POINT('Ctrl Pts',(0.,20.6698479366964,-237.332979892567));
#3839=CARTESIAN_POINT('Ctrl Pts',(0.,21.8920075080921,-230.063089379443));
#3840=CARTESIAN_POINT('Ctrl Pts',(0.,23.0732227776756,-222.614101057919));
#3841=CARTESIAN_POINT('Ctrl Pts',(0.,24.6539501374955,-212.645706688145));
#3842=CARTESIAN_POINT('Ctrl Pts',(0.,26.1277598422896,-202.374455395187));
#3843=CARTESIAN_POINT('Ctrl Pts',(0.,27.3658589956211,-192.128892082238));
#3844=CARTESIAN_POINT('Ctrl Pts',(0.,28.2425295568923,-184.874235849007));
#3845=CARTESIAN_POINT('Ctrl Pts',(0.,29.0102442238729,-177.661473510213));
#3846=CARTESIAN_POINT('Ctrl Pts',(0.,29.6986064329272,-170.629959876851));
#3847=CARTESIAN_POINT('Ctrl Pts',(0.,30.3697896043765,-163.773927458946));
#3848=CARTESIAN_POINT('Ctrl Pts',(0.,30.9693432629178,-157.103092325658));
#3849=CARTESIAN_POINT('Ctrl Pts',(0.,31.4539018654625,-150.233802136994));
#3850=CARTESIAN_POINT('Ctrl Pts',(0.,31.8153944460103,-145.109143481047));
#3851=CARTESIAN_POINT('Ctrl Pts',(0.,32.1062512253518,-139.805754737683));
#3852=CARTESIAN_POINT('Ctrl Pts',(0.,32.3035897291345,-134.267115566282));
#3853=CARTESIAN_POINT('Ctrl Pts',(0.,32.5007380147604,-128.733815189364));
#3854=CARTESIAN_POINT('Ctrl Pts',(0.,32.6045825349964,-122.965617904796));
#3855=CARTESIAN_POINT('Ctrl Pts',(0.,32.6262182109089,-117.429981371338));
#3856=CARTESIAN_POINT('Ctrl Pts',(0.,32.6455054114645,-112.495218415096));
#3857=CARTESIAN_POINT('Ctrl Pts',(0.,32.6029628172987,-107.823227911878));
#3858=CARTESIAN_POINT('Ctrl Pts',(0.,32.5117507529529,-103.694383956806));
#3859=CARTESIAN_POINT('Ctrl Pts',(0.,32.4627419185063,-101.475929289616));
#3860=CARTESIAN_POINT('Ctrl Pts',(0.,32.3996803237066,-99.4144195831996));
#3861=CARTESIAN_POINT('Ctrl Pts',(0.,32.3222198750705,-97.4721745035797));
#3862=CARTESIAN_POINT('',(150.,32.3222198750701,-97.4721745035797));
#3863=CARTESIAN_POINT('',(0.,32.3222198750701,-97.4721745035797));
#3864=CARTESIAN_POINT('Ctrl Pts',(150.,-0.0912521656187903,-328.995136793501));
#3865=CARTESIAN_POINT('Ctrl Pts',(150.,1.11071506263552,-324.55712294088));
#3866=CARTESIAN_POINT('Ctrl Pts',(150.,2.02886713269606,-321.244909309388));
#3867=CARTESIAN_POINT('Ctrl Pts',(150.,2.88072517874953,-318.129643587526));
#3868=CARTESIAN_POINT('Ctrl Pts',(150.,3.80790893342487,-314.738909905786));
#3869=CARTESIAN_POINT('Ctrl Pts',(150.,4.65654114164936,-311.581460054697));
#3870=CARTESIAN_POINT('Ctrl Pts',(150.,5.58297307987619,-307.971376619013));
#3871=CARTESIAN_POINT('Ctrl Pts',(150.,6.50946304902215,-304.361067050729));
#3872=CARTESIAN_POINT('Ctrl Pts',(150.,7.51373688482547,-300.298211776142));
#3873=CARTESIAN_POINT('Ctrl Pts',(150.,8.62982002895606,-295.602592116179));
#3874=CARTESIAN_POINT('Ctrl Pts',(150.,9.75484106691011,-290.869368671787));
#3875=CARTESIAN_POINT('Ctrl Pts',(150.,10.9936681402808,-285.492405494434));
#3876=CARTESIAN_POINT('Ctrl Pts',(150.,12.2548415072165,-279.808573859771));
#3877=CARTESIAN_POINT('Ctrl Pts',(150.,13.5479408687029,-273.98085877295));
#3878=CARTESIAN_POINT('Ctrl Pts',(150.,14.8421703685512,-267.917813651268));
#3879=CARTESIAN_POINT('Ctrl Pts',(150.,16.0283979003451,-262.054203507743));
#3880=CARTESIAN_POINT('Ctrl Pts',(150.,17.2338104258696,-256.095760525817));
#3881=CARTESIAN_POINT('Ctrl Pts',(150.,18.3275502246086,-250.343843467286));
#3882=CARTESIAN_POINT('Ctrl Pts',(150.,19.3394881304497,-244.722787710351));
#3883=CARTESIAN_POINT('Ctrl Pts',(150.,20.6698479366964,-237.332979892567));
#3884=CARTESIAN_POINT('Ctrl Pts',(150.,21.8920075080921,-230.063089379443));
#3885=CARTESIAN_POINT('Ctrl Pts',(150.,23.0732227776756,-222.614101057919));
#3886=CARTESIAN_POINT('Ctrl Pts',(150.,24.6539501374955,-212.645706688145));
#3887=CARTESIAN_POINT('Ctrl Pts',(150.,26.1277598422896,-202.374455395187));
#3888=CARTESIAN_POINT('Ctrl Pts',(150.,27.3658589956211,-192.128892082238));
#3889=CARTESIAN_POINT('Ctrl Pts',(150.,28.2425295568923,-184.874235849007));
#3890=CARTESIAN_POINT('Ctrl Pts',(150.,29.0102442238729,-177.661473510213));
#3891=CARTESIAN_POINT('Ctrl Pts',(150.,29.6986064329272,-170.629959876851));
#3892=CARTESIAN_POINT('Ctrl Pts',(150.,30.3697896043765,-163.773927458946));
#3893=CARTESIAN_POINT('Ctrl Pts',(150.,30.9693432629178,-157.103092325658));
#3894=CARTESIAN_POINT('Ctrl Pts',(150.,31.4539018654625,-150.233802136994));
#3895=CARTESIAN_POINT('Ctrl Pts',(150.,31.8153944460103,-145.109143481047));
#3896=CARTESIAN_POINT('Ctrl Pts',(150.,32.1062512253518,-139.805754737683));
#3897=CARTESIAN_POINT('Ctrl Pts',(150.,32.3035897291345,-134.267115566282));
#3898=CARTESIAN_POINT('Ctrl Pts',(150.,32.5007380147604,-128.733815189364));
#3899=CARTESIAN_POINT('Ctrl Pts',(150.,32.6045825349964,-122.965617904796));
#3900=CARTESIAN_POINT('Ctrl Pts',(150.,32.6262182109089,-117.429981371338));
#3901=CARTESIAN_POINT('Ctrl Pts',(150.,32.6455054114645,-112.495218415096));
#3902=CARTESIAN_POINT('Ctrl Pts',(150.,32.6029628172987,-107.823227911878));
#3903=CARTESIAN_POINT('Ctrl Pts',(150.,32.5117507529529,-103.694383956806));
#3904=CARTESIAN_POINT('Ctrl Pts',(150.,32.4627419185063,-101.475929289616));
#3905=CARTESIAN_POINT('Ctrl Pts',(150.,32.3996803237066,-99.4144195831996));
#3906=CARTESIAN_POINT('Ctrl Pts',(150.,32.3222198750705,-97.4721745035797));
#3907=CARTESIAN_POINT('',(90.785965630526,23.6827310966103,-218.72002841614));
#3908=CARTESIAN_POINT('',(90.7499999999999,23.5973551475817,-219.27176597413));
#3909=CARTESIAN_POINT('Ctrl Pts',(90.785965630526,23.6827310966103,-218.72002841614));
#3910=CARTESIAN_POINT('Ctrl Pts',(90.767317965398,23.6607345143736,-218.862454648725));
#3911=CARTESIAN_POINT('Ctrl Pts',(90.7559052773234,23.6385758542316,-219.005716378257));
#3912=CARTESIAN_POINT('Ctrl Pts',(90.7517659303615,23.6163398495362,-219.149261731116));
#3913=CARTESIAN_POINT('Ctrl Pts',(90.7505886779698,23.6100158109977,-219.190086796406));
#3914=CARTESIAN_POINT('Ctrl Pts',(90.7499999999994,23.6036869193194,-219.230925786929));
#3915=CARTESIAN_POINT('Ctrl Pts',(90.7499999999999,23.5973551475699,-219.271765974211));
#3916=CARTESIAN_POINT('Ctrl Pts',(90.7499999999999,23.5973551475699,-219.271765974211));
#3917=CARTESIAN_POINT('Ctrl Pts',(90.75,23.5962416630091,-219.278947995262));
#3918=CARTESIAN_POINT('Ctrl Pts',(90.7500182052096,23.5951280893931,-219.286130053351));
#3919=CARTESIAN_POINT('Ctrl Pts',(90.7500546161919,23.5940144374682,-219.293312079288));
#3920=CARTESIAN_POINT('Ctrl Pts',(90.7503782741653,23.5841151625176,-219.35715325612));
#3921=CARTESIAN_POINT('Ctrl Pts',(90.7521403902618,23.574211693907,-219.420979012691));
#3922=CARTESIAN_POINT('Ctrl Pts',(90.7553396197619,23.5643116097707,-219.484740753591));
#3923=CARTESIAN_POINT('Ctrl Pts',(90.7719196566924,23.513004330756,-219.815186574635));
#3924=CARTESIAN_POINT('Ctrl Pts',(90.8270311356636,23.4619934168481,-220.142575894103));
#3925=CARTESIAN_POINT('Ctrl Pts',(90.9195573284849,23.4123383507629,-220.460247398774));
#3926=CARTESIAN_POINT('Ctrl Pts',(90.9298730380099,23.4068023266106,-220.495664472217));
#3927=CARTESIAN_POINT('Ctrl Pts',(90.9406538099599,23.4012831745928,-220.530960803678));
#3928=CARTESIAN_POINT('Ctrl Pts',(90.9518980967637,23.3957823768557,-220.566127199216));
#3929=CARTESIAN_POINT('Ctrl Pts',(91.0604767758247,23.3426647925658,-220.905705941871));
#3930=CARTESIAN_POINT('Ctrl Pts',(91.2113415435126,23.2917147500787,-221.230240284281));
#3931=CARTESIAN_POINT('Ctrl Pts',(91.4009008062199,23.2441931654656,-221.532074362647));
#3932=CARTESIAN_POINT('Ctrl Pts',(91.4602904943145,23.2293044596982,-221.626640207198));
#3933=CARTESIAN_POINT('Ctrl Pts',(91.5234784123286,23.2147523977357,-221.718978192541));
#3934=CARTESIAN_POINT('Ctrl Pts',(91.590354105285,23.2005760128045,-221.8088538466));
#3935=CARTESIAN_POINT('Ctrl Pts',(91.8151885988159,23.1529153429077,-222.111013663836));
#3936=CARTESIAN_POINT('Ctrl Pts',(92.0790546523723,23.1100658645306,-222.381760915713));
#3937=CARTESIAN_POINT('Ctrl Pts',(92.3748695884858,23.0732227776756,-222.614101057919));
#3938=CARTESIAN_POINT('Ctrl Pts',(92.5177818675588,23.0554233738331,-222.726347787848));
#3939=CARTESIAN_POINT('Ctrl Pts',(92.6681509821988,23.0390300450577,-222.829628419898));
#3940=CARTESIAN_POINT('Ctrl Pts',(92.8251783020648,23.0241748243404,-222.92315620008));
#3941=CARTESIAN_POINT('Ctrl Pts',(93.118265630495,22.9964479488069,-223.097723321592));
#3942=CARTESIAN_POINT('Ctrl Pts',(93.4308950669256,22.9744296522538,-223.236116915296));
#3943=CARTESIAN_POINT('Ctrl Pts',(93.756186134966,22.9585814164314,-223.335679104881));
#3944=CARTESIAN_POINT('Ctrl Pts',(93.9614805136509,22.9485794395987,-223.398513777763));
#3945=CARTESIAN_POINT('Ctrl Pts',(94.1718180147753,22.9410348425749,-223.44588098645));
#3946=CARTESIAN_POINT('Ctrl Pts',(94.38546908776,22.9360613577295,-223.477102079248));
#3947=CARTESIAN_POINT('Ctrl Pts',(94.7085202799959,22.928541197936,-223.524309945374));
#3948=CARTESIAN_POINT('Ctrl Pts',(95.0351814419947,22.9269933813921,-223.534019766788));
#3949=CARTESIAN_POINT('Ctrl Pts',(95.3590115256464,22.9313669422958,-223.506569003002));
#3950=CARTESIAN_POINT('Ctrl Pts',(95.5725393806014,22.9342507913433,-223.488468452732));
#3951=CARTESIAN_POINT('Ctrl Pts',(95.7848363247664,22.9397088905247,-223.454209995453));
#3952=CARTESIAN_POINT('Ctrl Pts',(95.9940557762227,22.9477235376142,-223.403878401658));
#3953=CARTESIAN_POINT('Ctrl Pts',(96.3357723353089,22.9608138005254,-223.32167218744));
#3954=CARTESIAN_POINT('Ctrl Pts',(96.6649266018854,22.9805560511112,-223.197648561843));
#3955=CARTESIAN_POINT('Ctrl Pts',(96.9743290445154,23.0063508944066,-223.035341607418));
#3956=CARTESIAN_POINT('Ctrl Pts',(97.1268132630437,23.0190634848067,-222.955351129978));
#3957=CARTESIAN_POINT('Ctrl Pts',(97.2745000418498,23.0332459887355,-222.866061340043));
#3958=CARTESIAN_POINT('Ctrl Pts',(97.4165287755312,23.0488258760562,-222.767890782437));
#3959=CARTESIAN_POINT('Ctrl Pts',(97.4877264928513,23.056635932406,-222.718678771399));
#3960=CARTESIAN_POINT('Ctrl Pts',(97.5572862278979,23.0647731995168,-222.66738584914));
#3961=CARTESIAN_POINT('Ctrl Pts',(97.625129123193,23.0732227776756,-222.614101057919));
#3962=CARTESIAN_POINT('Ctrl Pts',(98.000255080262,23.1199433086887,-222.319471705545));
#3963=CARTESIAN_POINT('Ctrl Pts',(98.3228911977241,23.1761831924393,-221.963955680604));
#3964=CARTESIAN_POINT('Ctrl Pts',(98.5797065251838,23.2393769893417,-221.562661256261));
#3965=CARTESIAN_POINT('Ctrl Pts',(98.7673953421277,23.2855610278729,-221.269382515867));
#3966=CARTESIAN_POINT('Ctrl Pts',(98.9179501785704,23.3349696934562,-220.954754597686));
#3967=CARTESIAN_POINT('Ctrl Pts',(99.0284603779633,23.3864116232143,-220.626021902323));
#3968=CARTESIAN_POINT('Ctrl Pts',(99.0584445106562,23.4003690828544,-220.536828644032));
#3969=CARTESIAN_POINT('Ctrl Pts',(99.0854806763397,23.4144763072736,-220.446597314717));
#3970=CARTESIAN_POINT('Ctrl Pts',(99.1095107372468,23.428709701565,-220.355473268765));
#3971=CARTESIAN_POINT('Ctrl Pts',(99.193738583021,23.4785992188597,-220.036074074632));
#3972=CARTESIAN_POINT('Ctrl Pts',(99.2403952159064,23.5296587034733,-219.708127541225));
#3973=CARTESIAN_POINT('Ctrl Pts',(99.248664875612,23.5808342260671,-219.378287206721));
#3974=CARTESIAN_POINT('Ctrl Pts',(99.2493911201334,23.5853284790642,-219.349320508644));
#3975=CARTESIAN_POINT('Ctrl Pts',(99.2498213083392,23.5898236395577,-219.320339235605));
#3976=CARTESIAN_POINT('Ctrl Pts',(99.2499548877091,23.5943190011115,-219.291347911804));
#3977=CARTESIAN_POINT('Ctrl Pts',(99.2503434137942,23.6073941131401,-219.207024370299));
#3978=CARTESIAN_POINT('Ctrl Pts',(99.2482222682767,23.6204571362021,-219.122704676413));
#3979=CARTESIAN_POINT('Ctrl Pts',(99.2435936861986,23.6334907367233,-219.038500832163));
#3980=CARTESIAN_POINT('Ctrl Pts',(99.2336646216809,23.6614499385453,-218.857869833711));
#3981=CARTESIAN_POINT('Ctrl Pts',(99.2122105277662,23.6892355527442,-218.678017616327));
#3982=CARTESIAN_POINT('Ctrl Pts',(99.1793474336454,23.716679708535,-218.500043855174));
#3983=CARTESIAN_POINT('Ctrl Pts',(99.1135700660648,23.7716107602722,-218.143819165433));
#3984=CARTESIAN_POINT('Ctrl Pts',(99.00248824621,23.8248352966112,-217.797301574585));
#3985=CARTESIAN_POINT('Ctrl Pts',(98.848690317246,23.87509597901,-217.468967325648));
#3986=CARTESIAN_POINT('Ctrl Pts',(98.8303976133975,23.881073977443,-217.429915296667));
#3987=CARTESIAN_POINT('Ctrl Pts',(98.8115006180019,23.8870100797305,-217.391120552169));
#3988=CARTESIAN_POINT('Ctrl Pts',(98.7920036862192,23.8929021959849,-217.352597392761));
#3989=CARTESIAN_POINT('Ctrl Pts',(98.5643628788484,23.9616969230847,-216.902811590167));
#3990=CARTESIAN_POINT('Ctrl Pts',(98.2582096399029,24.0235009318751,-216.496518998395));
#3991=CARTESIAN_POINT('Ctrl Pts',(97.8873677818005,24.0755598373795,-216.153175029096));
#3992=CARTESIAN_POINT('Ctrl Pts',(97.857870394602,24.079700690574,-216.125864870376));
#3993=CARTESIAN_POINT('Ctrl Pts',(97.8279637302692,24.0837799097732,-216.098952990887));
#3994=CARTESIAN_POINT('Ctrl Pts',(97.7976547456456,24.0877961182292,-216.072449183909));
#3995=CARTESIAN_POINT('Ctrl Pts',(97.4978558894422,24.1275221175106,-215.810288932895));
#3996=CARTESIAN_POINT('Ctrl Pts',(97.1628918812913,24.1605267981072,-215.591738259182));
#3997=CARTESIAN_POINT('Ctrl Pts',(96.802734453376,24.1859672821159,-215.423042685179));
#3998=CARTESIAN_POINT('Ctrl Pts',(96.6587970599408,24.1961346052699,-215.355623275432));
#3999=CARTESIAN_POINT('Ctrl Pts',(96.5108357437239,24.2050935688931,-215.296166295304));
#4000=CARTESIAN_POINT('Ctrl Pts',(96.3594870281327,24.2127893083098,-215.245068192901));
#4001=CARTESIAN_POINT('Ctrl Pts',(96.031856795291,24.2294485636404,-215.134454216941));
#4002=CARTESIAN_POINT('Ctrl Pts',(95.6925671387116,24.2399748191576,-215.06444321311));
#4003=CARTESIAN_POINT('Ctrl Pts',(95.3492241046195,24.2442315064845,-215.036135493665));
#4004=CARTESIAN_POINT('Ctrl Pts',(95.1438368154802,24.2467778504729,-215.019201858258));
#4005=CARTESIAN_POINT('Ctrl Pts',(94.9369990598567,24.2470801873957,-215.017190566517));
#4006=CARTESIAN_POINT('Ctrl Pts',(94.7303389896732,24.2451045386263,-215.030329550047));
#4007=CARTESIAN_POINT('Ctrl Pts',(94.3772857800609,24.2417293866753,-215.052775880885));
#4008=CARTESIAN_POINT('Ctrl Pts',(94.0293462164433,24.2317513318831,-215.119148765591));
#4009=CARTESIAN_POINT('Ctrl Pts',(93.6944117685125,24.2154698093596,-215.227269043118));
#4010=CARTESIAN_POINT('Ctrl Pts',(93.5260128528491,24.2072837575657,-215.281629941524));
#4011=CARTESIAN_POINT('Ctrl Pts',(93.3609014932469,24.1975038012817,-215.346543409682));
#4012=CARTESIAN_POINT('Ctrl Pts',(93.2000806790388,24.1861655064878,-215.421728255087));
#4013=CARTESIAN_POINT('Ctrl Pts',(92.8054495057378,24.158342960011,-215.60622106407));
#4014=CARTESIAN_POINT('Ctrl Pts',(92.4426174670811,24.1215598706013,-215.849768907668));
#4015=CARTESIAN_POINT('Ctrl Pts',(92.1236243879515,24.0770974357752,-216.143033732632));
#4016=CARTESIAN_POINT('Ctrl Pts',(92.0638196327694,24.0687616278736,-216.198014960151));
#4017=CARTESIAN_POINT('Ctrl Pts',(92.0055557587658,24.0601558534437,-216.254743533062));
#4018=CARTESIAN_POINT('Ctrl Pts',(91.9489121043593,24.0512885090251,-216.313157745064));
#4019=CARTESIAN_POINT('Ctrl Pts',(91.6368820544616,24.002441414847,-216.634941176533));
#4020=CARTESIAN_POINT('Ctrl Pts',(91.3785727302985,23.9463688752291,-217.003165169246));
#4021=CARTESIAN_POINT('Ctrl Pts',(91.182591141374,23.8850935467684,-217.40364164872));
#4022=CARTESIAN_POINT('Ctrl Pts',(91.1502320141373,23.8749761874746,-217.469765560797));
#4023=CARTESIAN_POINT('Ctrl Pts',(91.1195720865001,23.8647170731384,-217.536768830185));
#4024=CARTESIAN_POINT('Ctrl Pts',(91.0906501017847,23.8543254201776,-217.604587707297));
#4025=CARTESIAN_POINT('Ctrl Pts',(90.9518591686705,23.8044579153982,-217.930037199435));
#4026=CARTESIAN_POINT('Ctrl Pts',(90.8544132733804,23.752011957866,-218.271159993485));
#4027=CARTESIAN_POINT('Ctrl Pts',(90.80027753092,23.6981780645041,-218.619975333675));
#4028=CARTESIAN_POINT('Ctrl Pts',(90.7951120070722,23.6930413424911,-218.653258593059));
#4029=CARTESIAN_POINT('Ctrl Pts',(90.7903408045482,23.6878920041297,-218.686611924123));
#4030=CARTESIAN_POINT('Ctrl Pts',(90.785965630526,23.6827310966103,-218.72002841614));
#4031=CARTESIAN_POINT('',(50.785965630526,23.6827310966103,-218.72002841614));
#4032=CARTESIAN_POINT('',(50.7499999999999,23.5973551475817,-219.27176597413));
#4033=CARTESIAN_POINT('Ctrl Pts',(50.785965630526,23.6827310966103,-218.72002841614));
#4034=CARTESIAN_POINT('Ctrl Pts',(50.7673179653981,23.6607345143736,-218.862454648725));
#4035=CARTESIAN_POINT('Ctrl Pts',(50.7559052773235,23.6385758542317,-219.005716378257));
#4036=CARTESIAN_POINT('Ctrl Pts',(50.7517659303615,23.6163398495362,-219.149261731116));
#4037=CARTESIAN_POINT('Ctrl Pts',(50.7505886779698,23.6100158109978,-219.190086796406));
#4038=CARTESIAN_POINT('Ctrl Pts',(50.7499999999994,23.6036869193196,-219.230925786928));
#4039=CARTESIAN_POINT('Ctrl Pts',(50.7499999999999,23.5973551475699,-219.271765974211));
#4040=CARTESIAN_POINT('Ctrl Pts',(50.7499999999999,23.5973551475699,-219.271765974211));
#4041=CARTESIAN_POINT('Ctrl Pts',(50.75,23.5962416630091,-219.278947995262));
#4042=CARTESIAN_POINT('Ctrl Pts',(50.7500182052096,23.5951280893931,-219.286130053351));
#4043=CARTESIAN_POINT('Ctrl Pts',(50.7500546161919,23.5940144374682,-219.293312079288));
#4044=CARTESIAN_POINT('Ctrl Pts',(50.7503782741653,23.5841151625176,-219.35715325612));
#4045=CARTESIAN_POINT('Ctrl Pts',(50.7521403902618,23.574211693907,-219.420979012692));
#4046=CARTESIAN_POINT('Ctrl Pts',(50.7553396197619,23.5643116097708,-219.484740753591));
#4047=CARTESIAN_POINT('Ctrl Pts',(50.7719196566925,23.5130043307557,-219.815186574637));
#4048=CARTESIAN_POINT('Ctrl Pts',(50.8270311356642,23.4619934168476,-220.142575894107));
#4049=CARTESIAN_POINT('Ctrl Pts',(50.9195573284863,23.4123383507622,-220.460247398779));
#4050=CARTESIAN_POINT('Ctrl Pts',(50.9298730380108,23.4068023266102,-220.49566447222));
#4051=CARTESIAN_POINT('Ctrl Pts',(50.9406538099605,23.4012831745926,-220.530960803679));
#4052=CARTESIAN_POINT('Ctrl Pts',(50.9518980967637,23.3957823768557,-220.566127199216));
#4053=CARTESIAN_POINT('Ctrl Pts',(51.0604767758234,23.3426647925665,-220.905705941867));
#4054=CARTESIAN_POINT('Ctrl Pts',(51.2113415435091,23.2917147500799,-221.230240284274));
#4055=CARTESIAN_POINT('Ctrl Pts',(51.4009008062133,23.2441931654672,-221.532074362636));
#4056=CARTESIAN_POINT('Ctrl Pts',(51.4602904943098,23.2293044596993,-221.626640207191));
#4057=CARTESIAN_POINT('Ctrl Pts',(51.5234784123261,23.2147523977362,-221.718978192537));
#4058=CARTESIAN_POINT('Ctrl Pts',(51.5903541052849,23.2005760128045,-221.8088538466));
#4059=CARTESIAN_POINT('Ctrl Pts',(51.815188598816,23.1529153429077,-222.111013663836));
#4060=CARTESIAN_POINT('Ctrl Pts',(52.0790546523724,23.1100658645306,-222.381760915713));
#4061=CARTESIAN_POINT('Ctrl Pts',(52.3748695884858,23.0732227776756,-222.614101057919));
#4062=CARTESIAN_POINT('Ctrl Pts',(52.5177818675587,23.0554233738331,-222.726347787848));
#4063=CARTESIAN_POINT('Ctrl Pts',(52.6681509821987,23.0390300450577,-222.829628419898));
#4064=CARTESIAN_POINT('Ctrl Pts',(52.8251783020647,23.0241748243404,-222.92315620008));
#4065=CARTESIAN_POINT('Ctrl Pts',(53.1182656304942,22.996447948807,-223.097723321591));
#4066=CARTESIAN_POINT('Ctrl Pts',(53.4308950669237,22.9744296522539,-223.236116915295));
#4067=CARTESIAN_POINT('Ctrl Pts',(53.7561861349627,22.9585814164315,-223.33567910488));
#4068=CARTESIAN_POINT('Ctrl Pts',(53.9614805136487,22.9485794395987,-223.398513777762));
#4069=CARTESIAN_POINT('Ctrl Pts',(54.1718180147741,22.941034842575,-223.44588098645));
#4070=CARTESIAN_POINT('Ctrl Pts',(54.3854690877599,22.9360613577295,-223.477102079248));
#4071=CARTESIAN_POINT('Ctrl Pts',(54.7085202799958,22.928541197936,-223.524309945374));
#4072=CARTESIAN_POINT('Ctrl Pts',(55.0351814419946,22.9269933813921,-223.534019766788));
#4073=CARTESIAN_POINT('Ctrl Pts',(55.3590115256462,22.9313669422958,-223.506569003002));
#4074=CARTESIAN_POINT('Ctrl Pts',(55.5725393806012,22.9342507913433,-223.488468452732));
#4075=CARTESIAN_POINT('Ctrl Pts',(55.7848363247663,22.9397088905247,-223.454209995453));
#4076=CARTESIAN_POINT('Ctrl Pts',(55.9940557762226,22.9477235376142,-223.403878401658));
#4077=CARTESIAN_POINT('Ctrl Pts',(56.3357723353116,22.9608138005255,-223.321672187439));
#4078=CARTESIAN_POINT('Ctrl Pts',(56.6649266018905,22.9805560511115,-223.197648561841));
#4079=CARTESIAN_POINT('Ctrl Pts',(56.9743290445224,23.0063508944072,-223.035341607414));
#4080=CARTESIAN_POINT('Ctrl Pts',(57.1268132630482,23.0190634848072,-222.955351129975));
#4081=CARTESIAN_POINT('Ctrl Pts',(57.274500041852,23.0332459887358,-222.866061340042));
#4082=CARTESIAN_POINT('Ctrl Pts',(57.4165287755311,23.0488258760562,-222.767890782437));
#4083=CARTESIAN_POINT('Ctrl Pts',(57.4877264928511,23.056635932406,-222.718678771399));
#4084=CARTESIAN_POINT('Ctrl Pts',(57.5572862278978,23.0647731995168,-222.66738584914));
#4085=CARTESIAN_POINT('Ctrl Pts',(57.6251291231928,23.0732227776756,-222.614101057919));
#4086=CARTESIAN_POINT('Ctrl Pts',(58.0002550802619,23.1199433086887,-222.319471705545));
#4087=CARTESIAN_POINT('Ctrl Pts',(58.322891197724,23.1761831924393,-221.963955680604));
#4088=CARTESIAN_POINT('Ctrl Pts',(58.5797065251837,23.2393769893417,-221.562661256261));
#4089=CARTESIAN_POINT('Ctrl Pts',(58.7673953421275,23.2855610278728,-221.269382515868));
#4090=CARTESIAN_POINT('Ctrl Pts',(58.91795017857,23.3349696934561,-220.954754597687));
#4091=CARTESIAN_POINT('Ctrl Pts',(59.0284603779628,23.3864116232141,-220.626021902325));
#4092=CARTESIAN_POINT('Ctrl Pts',(59.0584445106559,23.4003690828542,-220.536828644033));
#4093=CARTESIAN_POINT('Ctrl Pts',(59.0854806763396,23.4144763072735,-220.446597314717));
#4094=CARTESIAN_POINT('Ctrl Pts',(59.1095107372468,23.428709701565,-220.355473268765));
#4095=CARTESIAN_POINT('Ctrl Pts',(59.1937385830209,23.4785992188597,-220.036074074632));
#4096=CARTESIAN_POINT('Ctrl Pts',(59.2403952159062,23.5296587034732,-219.708127541226));
#4097=CARTESIAN_POINT('Ctrl Pts',(59.2486648756119,23.5808342260669,-219.378287206723));
#4098=CARTESIAN_POINT('Ctrl Pts',(59.2493911201334,23.5853284790641,-219.349320508645));
#4099=CARTESIAN_POINT('Ctrl Pts',(59.2498213083392,23.5898236395576,-219.320339235606));
#4100=CARTESIAN_POINT('Ctrl Pts',(59.2499548877091,23.5943190011115,-219.291347911804));
#4101=CARTESIAN_POINT('Ctrl Pts',(59.2503434137942,23.6073941131401,-219.207024370299));
#4102=CARTESIAN_POINT('Ctrl Pts',(59.2482222682767,23.6204571362021,-219.122704676413));
#4103=CARTESIAN_POINT('Ctrl Pts',(59.2435936861986,23.6334907367233,-219.038500832163));
#4104=CARTESIAN_POINT('Ctrl Pts',(59.2336646216809,23.6614499385453,-218.857869833711));
#4105=CARTESIAN_POINT('Ctrl Pts',(59.2122105277662,23.6892355527443,-218.678017616327));
#4106=CARTESIAN_POINT('Ctrl Pts',(59.1793474336454,23.716679708535,-218.500043855174));
#4107=CARTESIAN_POINT('Ctrl Pts',(59.1135700660644,23.7716107602725,-218.143819165431));
#4108=CARTESIAN_POINT('Ctrl Pts',(59.0024882462087,23.8248352966119,-217.79730157458));
#4109=CARTESIAN_POINT('Ctrl Pts',(58.8486903172433,23.8750959790109,-217.468967325642));
#4110=CARTESIAN_POINT('Ctrl Pts',(58.8303976133956,23.8810739774436,-217.429915296663));
#4111=CARTESIAN_POINT('Ctrl Pts',(58.811500618001,23.8870100797308,-217.391120552167));
#4112=CARTESIAN_POINT('Ctrl Pts',(58.7920036862192,23.8929021959849,-217.352597392761));
#4113=CARTESIAN_POINT('Ctrl Pts',(58.5643628788514,23.9616969230839,-216.902811590172));
#4114=CARTESIAN_POINT('Ctrl Pts',(58.2582096399106,24.0235009318735,-216.496518998405));
#4115=CARTESIAN_POINT('Ctrl Pts',(57.8873677818145,24.0755598373775,-216.153175029109));
#4116=CARTESIAN_POINT('Ctrl Pts',(57.8578703946115,24.0797006905727,-216.125864870385));
#4117=CARTESIAN_POINT('Ctrl Pts',(57.8279637302741,24.0837799097726,-216.098952990891));
#4118=CARTESIAN_POINT('Ctrl Pts',(57.7976547456457,24.0877961182292,-216.072449183909));
#4119=CARTESIAN_POINT('Ctrl Pts',(57.4978558894446,24.1275221175103,-215.810288932897));
#4120=CARTESIAN_POINT('Ctrl Pts',(57.1628918812968,24.1605267981067,-215.591738259185));
#4121=CARTESIAN_POINT('Ctrl Pts',(56.8027344533851,24.1859672821152,-215.423042685183));
#4122=CARTESIAN_POINT('Ctrl Pts',(56.658797059947,24.1961346052695,-215.355623275434));
#4123=CARTESIAN_POINT('Ctrl Pts',(56.5108357437272,24.2050935688929,-215.296166295305));
#4124=CARTESIAN_POINT('Ctrl Pts',(56.3594870281328,24.2127893083098,-215.245068192901));
#4125=CARTESIAN_POINT('Ctrl Pts',(56.0318567952911,24.2294485636404,-215.134454216941));
#4126=CARTESIAN_POINT('Ctrl Pts',(55.6925671387117,24.2399748191576,-215.06444321311));
#4127=CARTESIAN_POINT('Ctrl Pts',(55.3492241046195,24.2442315064845,-215.036135493664));
#4128=CARTESIAN_POINT('Ctrl Pts',(55.1438368154803,24.2467778504729,-215.019201858258));
#4129=CARTESIAN_POINT('Ctrl Pts',(54.9369990598567,24.2470801873957,-215.017190566517));
#4130=CARTESIAN_POINT('Ctrl Pts',(54.7303389896733,24.2451045386263,-215.030329550047));
#4131=CARTESIAN_POINT('Ctrl Pts',(54.3772857800597,24.2417293866753,-215.052775880885));
#4132=CARTESIAN_POINT('Ctrl Pts',(54.0293462164408,24.2317513318831,-215.119148765592));
#4133=CARTESIAN_POINT('Ctrl Pts',(53.6944117685091,24.2154698093594,-215.227269043119));
#4134=CARTESIAN_POINT('Ctrl Pts',(53.5260128528469,24.2072837575656,-215.281629941524));
#4135=CARTESIAN_POINT('Ctrl Pts',(53.3609014932458,24.1975038012816,-215.346543409683));
#4136=CARTESIAN_POINT('Ctrl Pts',(53.200080679039,24.1861655064878,-215.421728255086));
#4137=CARTESIAN_POINT('Ctrl Pts',(52.8054495057318,24.1583429600106,-215.606221064073));
#4138=CARTESIAN_POINT('Ctrl Pts',(52.4426174670702,24.1215598706002,-215.849768907676));
#4139=CARTESIAN_POINT('Ctrl Pts',(52.1236243879374,24.0770974357732,-216.143033732645));
#4140=CARTESIAN_POINT('Ctrl Pts',(52.0638196327602,24.0687616278722,-216.19801496016));
#4141=CARTESIAN_POINT('Ctrl Pts',(52.0055557587614,24.060155853443,-216.254743533066));
#4142=CARTESIAN_POINT('Ctrl Pts',(51.9489121043594,24.0512885090251,-216.313157745064));
#4143=CARTESIAN_POINT('Ctrl Pts',(51.636882054521,24.0024414148563,-216.634941176472));
#4144=CARTESIAN_POINT('Ctrl Pts',(51.3785727303968,23.9463688752505,-217.003165169106));
#4145=CARTESIAN_POINT('Ctrl Pts',(51.1825911414858,23.8850935468034,-217.403641648492));
#4146=CARTESIAN_POINT('Ctrl Pts',(51.1502320142079,23.8749761874982,-217.469765560642));
#4147=CARTESIAN_POINT('Ctrl Pts',(51.1195720865334,23.8647170731504,-217.536768830106));
#4148=CARTESIAN_POINT('Ctrl Pts',(51.0906501017847,23.8543254201776,-217.604587707297));
#4149=CARTESIAN_POINT('Ctrl Pts',(50.9518591686727,23.804457915399,-217.93003719943));
#4150=CARTESIAN_POINT('Ctrl Pts',(50.8544132733836,23.7520119578677,-218.271159993475));
#4151=CARTESIAN_POINT('Ctrl Pts',(50.8002775309227,23.6981780645067,-218.619975333658));
#4152=CARTESIAN_POINT('Ctrl Pts',(50.7951120070739,23.6930413424929,-218.653258593047));
#4153=CARTESIAN_POINT('Ctrl Pts',(50.790340804549,23.6878920041306,-218.686611924118));
#4154=CARTESIAN_POINT('Ctrl Pts',(50.785965630526,23.6827310966103,-218.72002841614));
#4155=CARTESIAN_POINT('Origin',(0.,15.1016482548754,-162.777476224923));
#4156=CARTESIAN_POINT('',(0.,-2.44220890171229,4.60026124293282));
#4157=CARTESIAN_POINT('',(0.,-2.44220890171229,4.60026124293282));
#4158=CARTESIAN_POINT('',(0.,2.48186667923203,4.60026124293314));
#4159=CARTESIAN_POINT('',(0.,2.48186667923203,4.60026124293314));
#4160=CARTESIAN_POINT('',(0.,7.48184960820175,-0.412804361215694));
#4161=CARTESIAN_POINT('Origin',(0.,2.48186667923203,-0.399738757066858));
#4162=CARTESIAN_POINT('Origin',(0.,207.481166766988,-0.935428527169151));
#4163=CARTESIAN_POINT('',(0.,22.996788188193,-97.9947467409669));
#4164=CARTESIAN_POINT('',(0.,22.996788188193,-97.9947467409669));
#4165=CARTESIAN_POINT('',(0.,2.74261021062765,-96.8641466302877));
#4166=CARTESIAN_POINT('',(0.,2.74261021062765,-96.8641466302877));
#4167=CARTESIAN_POINT('',(0.,1.61450093360813,-117.073702475084));
#4168=CARTESIAN_POINT('Ctrl Pts',(149.62,3.88416721304976,-46.7816833373076));
#4169=CARTESIAN_POINT('Ctrl Pts',(149.62,-0.740832786950237,-46.7816833373076));
#4170=CARTESIAN_POINT('Ctrl Pts',(149.62,-0.740832786950238,-42.1566833373076));
#4171=CARTESIAN_POINT('Ctrl Pts',(149.62,-0.740832786950237,-37.5316833373076));
#4172=CARTESIAN_POINT('Ctrl Pts',(149.62,3.88416721304976,-37.5316833373076));
#4173=CARTESIAN_POINT('Ctrl Pts',(149.62,8.50916721304976,-37.5316833373076));
#4174=CARTESIAN_POINT('Ctrl Pts',(149.62,8.50916721304976,-42.1566833373076));
#4175=CARTESIAN_POINT('Ctrl Pts',(149.62,8.50916721304976,-46.7816833373076));
#4176=CARTESIAN_POINT('Ctrl Pts',(149.62,3.88416721304976,-46.7816833373076));
#4177=CARTESIAN_POINT('Ctrl Pts',(145.,3.88416721304976,-46.7816833373076));
#4178=CARTESIAN_POINT('Ctrl Pts',(145.,-0.740832786950237,-46.7816833373076));
#4179=CARTESIAN_POINT('Ctrl Pts',(145.,-0.740832786950238,-42.1566833373076));
#4180=CARTESIAN_POINT('Ctrl Pts',(145.,-0.740832786950237,-37.5316833373076));
#4181=CARTESIAN_POINT('Ctrl Pts',(145.,3.88416721304976,-37.5316833373076));
#4182=CARTESIAN_POINT('Ctrl Pts',(145.,8.50916721304976,-37.5316833373076));
#4183=CARTESIAN_POINT('Ctrl Pts',(145.,8.50916721304976,-42.1566833373076));
#4184=CARTESIAN_POINT('Ctrl Pts',(145.,8.50916721304976,-46.7816833373076));
#4185=CARTESIAN_POINT('Ctrl Pts',(145.,3.88416721304976,-46.7816833373076));
#4186=CARTESIAN_POINT('Ctrl Pts',(145.,3.88416721304976,-42.1616833373076));
#4187=CARTESIAN_POINT('Ctrl Pts',(145.,3.87916721304976,-42.1616833373076));
#4188=CARTESIAN_POINT('Ctrl Pts',(145.,3.87916721304976,-42.1566833373076));
#4189=CARTESIAN_POINT('Ctrl Pts',(145.,3.87916721304976,-42.1516833373076));
#4190=CARTESIAN_POINT('Ctrl Pts',(145.,3.88416721304976,-42.1516833373076));
#4191=CARTESIAN_POINT('Ctrl Pts',(145.,3.88916721304976,-42.1516833373076));
#4192=CARTESIAN_POINT('Ctrl Pts',(145.,3.88916721304976,-42.1566833373076));
#4193=CARTESIAN_POINT('Ctrl Pts',(145.,3.88916721304976,-42.1616833373076));
#4194=CARTESIAN_POINT('Ctrl Pts',(145.,3.88416721304976,-42.1616833373076));
#4195=CARTESIAN_POINT('',(145.,3.88416721304976,-42.1616833373076));
#4196=CARTESIAN_POINT('Origin',(145.,3.88416721304976,-42.1566833373076));
#4197=CARTESIAN_POINT('',(149.62,3.88416721304976,-46.7816833373076));
#4198=CARTESIAN_POINT('Origin',(149.62,3.88416721304976,-42.1616833373076));
#4199=CARTESIAN_POINT('',(149.62,3.88416721304976,-37.5316833373076));
#4200=CARTESIAN_POINT('Origin',(149.62,3.88416721304976,-42.1566833373076));
#4201=CARTESIAN_POINT('Origin',(149.62,3.88416721304976,-42.1566833373076));
#4202=CARTESIAN_POINT('Origin',(150.,3.88416721304976,-42.1566833373076));
#4203=CARTESIAN_POINT('',(150.,3.88416721304976,-37.5316833373076));
#4204=CARTESIAN_POINT('Origin',(150.,3.88416721304976,-42.1566833373076));
#4205=CARTESIAN_POINT('',(150.,3.88416721304976,-37.5316833373076));
#4206=CARTESIAN_POINT('Origin',(145.,3.88416721304976,-42.1566833373076));
#4207=CARTESIAN_POINT('Ctrl Pts',(149.62,11.9421280595789,-144.325916340787));
#4208=CARTESIAN_POINT('Ctrl Pts',(149.62,7.31712805957896,-144.325916340787));
#4209=CARTESIAN_POINT('Ctrl Pts',(149.62,7.31712805957896,-139.700916340787));
#4210=CARTESIAN_POINT('Ctrl Pts',(149.62,7.31712805957896,-135.075916340787));
#4211=CARTESIAN_POINT('Ctrl Pts',(149.62,11.9421280595789,-135.075916340787));
#4212=CARTESIAN_POINT('Ctrl Pts',(149.62,16.5671280595789,-135.075916340787));
#4213=CARTESIAN_POINT('Ctrl Pts',(149.62,16.5671280595789,-139.700916340787));
#4214=CARTESIAN_POINT('Ctrl Pts',(149.62,16.5671280595789,-144.325916340787));
#4215=CARTESIAN_POINT('Ctrl Pts',(149.62,11.9421280595789,-144.325916340787));
#4216=CARTESIAN_POINT('Ctrl Pts',(145.,11.9421280595789,-144.325916340787));
#4217=CARTESIAN_POINT('Ctrl Pts',(145.,7.31712805957896,-144.325916340787));
#4218=CARTESIAN_POINT('Ctrl Pts',(145.,7.31712805957896,-139.700916340787));
#4219=CARTESIAN_POINT('Ctrl Pts',(145.,7.31712805957896,-135.075916340787));
#4220=CARTESIAN_POINT('Ctrl Pts',(145.,11.9421280595789,-135.075916340787));
#4221=CARTESIAN_POINT('Ctrl Pts',(145.,16.5671280595789,-135.075916340787));
#4222=CARTESIAN_POINT('Ctrl Pts',(145.,16.5671280595789,-139.700916340787));
#4223=CARTESIAN_POINT('Ctrl Pts',(145.,16.5671280595789,-144.325916340787));
#4224=CARTESIAN_POINT('Ctrl Pts',(145.,11.9421280595789,-144.325916340787));
#4225=CARTESIAN_POINT('Ctrl Pts',(145.,11.9421280595789,-139.705916340787));
#4226=CARTESIAN_POINT('Ctrl Pts',(145.,11.937128059579,-139.705916340787));
#4227=CARTESIAN_POINT('Ctrl Pts',(145.,11.937128059579,-139.700916340787));
#4228=CARTESIAN_POINT('Ctrl Pts',(145.,11.937128059579,-139.695916340787));
#4229=CARTESIAN_POINT('Ctrl Pts',(145.,11.9421280595789,-139.695916340787));
#4230=CARTESIAN_POINT('Ctrl Pts',(145.,11.9471280595789,-139.695916340787));
#4231=CARTESIAN_POINT('Ctrl Pts',(145.,11.9471280595789,-139.700916340787));
#4232=CARTESIAN_POINT('Ctrl Pts',(145.,11.9471280595789,-139.705916340787));
#4233=CARTESIAN_POINT('Ctrl Pts',(145.,11.9421280595789,-139.705916340787));
#4234=CARTESIAN_POINT('',(145.,11.9421280595789,-139.705916340787));
#4235=CARTESIAN_POINT('Origin',(145.,11.9421280595789,-139.700916340787));
#4236=CARTESIAN_POINT('',(149.62,11.9421280595789,-144.325916340787));
#4237=CARTESIAN_POINT('Origin',(149.62,11.9421280595789,-139.705916340787));
#4238=CARTESIAN_POINT('',(149.62,11.9421280595789,-135.075916340787));
#4239=CARTESIAN_POINT('Origin',(149.62,11.9421280595789,-139.700916340787));
#4240=CARTESIAN_POINT('Origin',(149.62,11.9421280595789,-139.700916340787));
#4241=CARTESIAN_POINT('Origin',(150.,11.9421280595789,-139.700916340787));
#4242=CARTESIAN_POINT('',(150.,11.9421280595789,-135.075916340787));
#4243=CARTESIAN_POINT('Origin',(150.,11.9421280595789,-139.700916340787));
#4244=CARTESIAN_POINT('',(150.,11.9421280595789,-135.075916340787));
#4245=CARTESIAN_POINT('Origin',(145.,11.9421280595789,-139.700916340787));
#4246=CARTESIAN_POINT('Ctrl Pts',(149.62,5.10921355234471,-158.893060959978));
#4247=CARTESIAN_POINT('Ctrl Pts',(149.62,0.484213552344707,-158.893060959978));
#4248=CARTESIAN_POINT('Ctrl Pts',(149.62,0.484213552344706,-154.268060959978));
#4249=CARTESIAN_POINT('Ctrl Pts',(149.62,0.484213552344707,-149.643060959978));
#4250=CARTESIAN_POINT('Ctrl Pts',(149.62,5.10921355234471,-149.643060959978));
#4251=CARTESIAN_POINT('Ctrl Pts',(149.62,9.73421355234471,-149.643060959978));
#4252=CARTESIAN_POINT('Ctrl Pts',(149.62,9.73421355234471,-154.268060959978));
#4253=CARTESIAN_POINT('Ctrl Pts',(149.62,9.73421355234471,-158.893060959978));
#4254=CARTESIAN_POINT('Ctrl Pts',(149.62,5.10921355234471,-158.893060959978));
#4255=CARTESIAN_POINT('Ctrl Pts',(145.,5.10921355234471,-158.893060959978));
#4256=CARTESIAN_POINT('Ctrl Pts',(145.,0.484213552344707,-158.893060959978));
#4257=CARTESIAN_POINT('Ctrl Pts',(145.,0.484213552344706,-154.268060959978));
#4258=CARTESIAN_POINT('Ctrl Pts',(145.,0.484213552344707,-149.643060959978));
#4259=CARTESIAN_POINT('Ctrl Pts',(145.,5.10921355234471,-149.643060959978));
#4260=CARTESIAN_POINT('Ctrl Pts',(145.,9.73421355234471,-149.643060959978));
#4261=CARTESIAN_POINT('Ctrl Pts',(145.,9.73421355234471,-154.268060959978));
#4262=CARTESIAN_POINT('Ctrl Pts',(145.,9.73421355234471,-158.893060959978));
#4263=CARTESIAN_POINT('Ctrl Pts',(145.,5.10921355234471,-158.893060959978));
#4264=CARTESIAN_POINT('Ctrl Pts',(145.,5.10921355234471,-154.273060959978));
#4265=CARTESIAN_POINT('Ctrl Pts',(145.,5.1042135523447,-154.273060959978));
#4266=CARTESIAN_POINT('Ctrl Pts',(145.,5.1042135523447,-154.268060959978));
#4267=CARTESIAN_POINT('Ctrl Pts',(145.,5.1042135523447,-154.263060959978));
#4268=CARTESIAN_POINT('Ctrl Pts',(145.,5.10921355234471,-154.263060959978));
#4269=CARTESIAN_POINT('Ctrl Pts',(145.,5.11421355234472,-154.263060959978));
#4270=CARTESIAN_POINT('Ctrl Pts',(145.,5.11421355234472,-154.268060959978));
#4271=CARTESIAN_POINT('Ctrl Pts',(145.,5.11421355234472,-154.273060959978));
#4272=CARTESIAN_POINT('Ctrl Pts',(145.,5.10921355234471,-154.273060959978));
#4273=CARTESIAN_POINT('',(145.,5.10921355234471,-154.273060959978));
#4274=CARTESIAN_POINT('Origin',(145.,5.10921355234471,-154.268060959978));
#4275=CARTESIAN_POINT('',(149.62,5.10921355234471,-158.893060959978));
#4276=CARTESIAN_POINT('Origin',(149.62,5.10921355234471,-154.273060959978));
#4277=CARTESIAN_POINT('',(149.62,5.10921355234471,-149.643060959978));
#4278=CARTESIAN_POINT('Origin',(149.62,5.10921355234471,-154.268060959978));
#4279=CARTESIAN_POINT('Origin',(149.62,5.10921355234471,-154.268060959978));
#4280=CARTESIAN_POINT('Origin',(150.,5.10921355234471,-154.268060959978));
#4281=CARTESIAN_POINT('',(150.,5.10921355234471,-149.643060959978));
#4282=CARTESIAN_POINT('Origin',(150.,5.10921355234471,-154.268060959978));
#4283=CARTESIAN_POINT('',(150.,5.10921355234471,-149.643060959978));
#4284=CARTESIAN_POINT('Origin',(145.,5.10921355234471,-154.268060959978));
#4285=CARTESIAN_POINT('Ctrl Pts',(149.62,18.5472220094227,-220.151118547358));
#4286=CARTESIAN_POINT('Ctrl Pts',(149.62,13.9222220094227,-220.151118547358));
#4287=CARTESIAN_POINT('Ctrl Pts',(149.62,13.9222220094227,-215.526118547358));
#4288=CARTESIAN_POINT('Ctrl Pts',(149.62,13.9222220094227,-210.901118547358));
#4289=CARTESIAN_POINT('Ctrl Pts',(149.62,18.5472220094227,-210.901118547358));
#4290=CARTESIAN_POINT('Ctrl Pts',(149.62,23.1722220094227,-210.901118547358));
#4291=CARTESIAN_POINT('Ctrl Pts',(149.62,23.1722220094227,-215.526118547358));
#4292=CARTESIAN_POINT('Ctrl Pts',(149.62,23.1722220094227,-220.151118547358));
#4293=CARTESIAN_POINT('Ctrl Pts',(149.62,18.5472220094227,-220.151118547358));
#4294=CARTESIAN_POINT('Ctrl Pts',(145.,18.5472220094227,-220.151118547358));
#4295=CARTESIAN_POINT('Ctrl Pts',(145.,13.9222220094227,-220.151118547358));
#4296=CARTESIAN_POINT('Ctrl Pts',(145.,13.9222220094227,-215.526118547358));
#4297=CARTESIAN_POINT('Ctrl Pts',(145.,13.9222220094227,-210.901118547358));
#4298=CARTESIAN_POINT('Ctrl Pts',(145.,18.5472220094227,-210.901118547358));
#4299=CARTESIAN_POINT('Ctrl Pts',(145.,23.1722220094227,-210.901118547358));
#4300=CARTESIAN_POINT('Ctrl Pts',(145.,23.1722220094227,-215.526118547358));
#4301=CARTESIAN_POINT('Ctrl Pts',(145.,23.1722220094227,-220.151118547358));
#4302=CARTESIAN_POINT('Ctrl Pts',(145.,18.5472220094227,-220.151118547358));
#4303=CARTESIAN_POINT('Ctrl Pts',(145.,18.5472220094227,-215.531118547358));
#4304=CARTESIAN_POINT('Ctrl Pts',(145.,18.5422220094227,-215.531118547358));
#4305=CARTESIAN_POINT('Ctrl Pts',(145.,18.5422220094227,-215.526118547358));
#4306=CARTESIAN_POINT('Ctrl Pts',(145.,18.5422220094227,-215.521118547358));
#4307=CARTESIAN_POINT('Ctrl Pts',(145.,18.5472220094227,-215.521118547358));
#4308=CARTESIAN_POINT('Ctrl Pts',(145.,18.5522220094227,-215.521118547358));
#4309=CARTESIAN_POINT('Ctrl Pts',(145.,18.5522220094227,-215.526118547358));
#4310=CARTESIAN_POINT('Ctrl Pts',(145.,18.5522220094227,-215.531118547358));
#4311=CARTESIAN_POINT('Ctrl Pts',(145.,18.5472220094227,-215.531118547358));
#4312=CARTESIAN_POINT('',(145.,18.5472220094227,-215.531118547358));
#4313=CARTESIAN_POINT('Origin',(145.,18.5472220094227,-215.526118547358));
#4314=CARTESIAN_POINT('',(149.62,18.5472220094227,-220.151118547358));
#4315=CARTESIAN_POINT('Origin',(149.62,18.5472220094227,-215.531118547358));
#4316=CARTESIAN_POINT('',(149.62,18.5472220094227,-210.901118547358));
#4317=CARTESIAN_POINT('Origin',(149.62,18.5472220094227,-215.526118547358));
#4318=CARTESIAN_POINT('Origin',(149.62,18.5472220094227,-215.526118547358));
#4319=CARTESIAN_POINT('Origin',(150.,18.5472220094227,-215.526118547358));
#4320=CARTESIAN_POINT('',(150.,18.5472220094227,-210.901118547358));
#4321=CARTESIAN_POINT('Origin',(150.,18.5472220094227,-215.526118547358));
#4322=CARTESIAN_POINT('',(150.,18.5472220094227,-210.901118547358));
#4323=CARTESIAN_POINT('Origin',(145.,18.5472220094227,-215.526118547358));
#4324=CARTESIAN_POINT('Ctrl Pts',(149.62,4.73329573524671,-294.152591991418));
#4325=CARTESIAN_POINT('Ctrl Pts',(149.62,0.10829573524669,-294.152591991418));
#4326=CARTESIAN_POINT('Ctrl Pts',(149.62,0.108295735246688,-289.527591991418));
#4327=CARTESIAN_POINT('Ctrl Pts',(149.62,0.10829573524669,-284.902591991418));
#4328=CARTESIAN_POINT('Ctrl Pts',(149.62,4.73329573524671,-284.902591991418));
#4329=CARTESIAN_POINT('Ctrl Pts',(149.62,9.35829573524673,-284.902591991418));
#4330=CARTESIAN_POINT('Ctrl Pts',(149.62,9.35829573524673,-289.527591991418));
#4331=CARTESIAN_POINT('Ctrl Pts',(149.62,9.35829573524673,-294.152591991418));
#4332=CARTESIAN_POINT('Ctrl Pts',(149.62,4.73329573524671,-294.152591991418));
#4333=CARTESIAN_POINT('Ctrl Pts',(145.,4.73329573524671,-294.152591991418));
#4334=CARTESIAN_POINT('Ctrl Pts',(145.,0.10829573524669,-294.152591991418));
#4335=CARTESIAN_POINT('Ctrl Pts',(145.,0.108295735246688,-289.527591991418));
#4336=CARTESIAN_POINT('Ctrl Pts',(145.,0.10829573524669,-284.902591991418));
#4337=CARTESIAN_POINT('Ctrl Pts',(145.,4.73329573524671,-284.902591991418));
#4338=CARTESIAN_POINT('Ctrl Pts',(145.,9.35829573524673,-284.902591991418));
#4339=CARTESIAN_POINT('Ctrl Pts',(145.,9.35829573524673,-289.527591991418));
#4340=CARTESIAN_POINT('Ctrl Pts',(145.,9.35829573524673,-294.152591991418));
#4341=CARTESIAN_POINT('Ctrl Pts',(145.,4.73329573524671,-294.152591991418));
#4342=CARTESIAN_POINT('Ctrl Pts',(145.,4.73329573524671,-289.532591991418));
#4343=CARTESIAN_POINT('Ctrl Pts',(145.,4.72829573524669,-289.532591991418));
#4344=CARTESIAN_POINT('Ctrl Pts',(145.,4.72829573524669,-289.527591991418));
#4345=CARTESIAN_POINT('Ctrl Pts',(145.,4.72829573524669,-289.522591991418));
#4346=CARTESIAN_POINT('Ctrl Pts',(145.,4.73329573524671,-289.522591991418));
#4347=CARTESIAN_POINT('Ctrl Pts',(145.,4.73829573524673,-289.522591991418));
#4348=CARTESIAN_POINT('Ctrl Pts',(145.,4.73829573524673,-289.527591991418));
#4349=CARTESIAN_POINT('Ctrl Pts',(145.,4.73829573524673,-289.532591991418));
#4350=CARTESIAN_POINT('Ctrl Pts',(145.,4.73329573524671,-289.532591991418));
#4351=CARTESIAN_POINT('',(145.,4.73329573524671,-289.532591991418));
#4352=CARTESIAN_POINT('Origin',(145.,4.73329573524671,-289.527591991418));
#4353=CARTESIAN_POINT('',(149.62,4.73329573524671,-294.152591991418));
#4354=CARTESIAN_POINT('Origin',(149.62,4.73329573524671,-289.532591991418));
#4355=CARTESIAN_POINT('',(149.62,4.73329573524671,-284.902591991418));
#4356=CARTESIAN_POINT('Origin',(149.62,4.73329573524671,-289.527591991418));
#4357=CARTESIAN_POINT('Origin',(149.62,4.73329573524671,-289.527591991418));
#4358=CARTESIAN_POINT('Origin',(150.,4.73329573524671,-289.527591991418));
#4359=CARTESIAN_POINT('',(150.,4.73329573524671,-284.902591991418));
#4360=CARTESIAN_POINT('Origin',(150.,4.73329573524671,-289.527591991418));
#4361=CARTESIAN_POINT('',(150.,4.73329573524671,-284.902591991418));
#4362=CARTESIAN_POINT('Origin',(145.,4.73329573524671,-289.527591991418));
#4363=CARTESIAN_POINT('Ctrl Pts',(149.62,9.05859512984605,-204.256586601039));
#4364=CARTESIAN_POINT('Ctrl Pts',(149.62,4.43359512984603,-204.256586601039));
#4365=CARTESIAN_POINT('Ctrl Pts',(149.62,4.43359512984603,-199.631586601039));
#4366=CARTESIAN_POINT('Ctrl Pts',(149.62,4.43359512984603,-195.006586601039));
#4367=CARTESIAN_POINT('Ctrl Pts',(149.62,9.05859512984605,-195.006586601039));
#4368=CARTESIAN_POINT('Ctrl Pts',(149.62,13.6835951298461,-195.006586601039));
#4369=CARTESIAN_POINT('Ctrl Pts',(149.62,13.6835951298461,-199.631586601039));
#4370=CARTESIAN_POINT('Ctrl Pts',(149.62,13.6835951298461,-204.256586601039));
#4371=CARTESIAN_POINT('Ctrl Pts',(149.62,9.05859512984605,-204.256586601039));
#4372=CARTESIAN_POINT('Ctrl Pts',(145.,9.05859512984605,-204.256586601039));
#4373=CARTESIAN_POINT('Ctrl Pts',(145.,4.43359512984603,-204.256586601039));
#4374=CARTESIAN_POINT('Ctrl Pts',(145.,4.43359512984603,-199.631586601039));
#4375=CARTESIAN_POINT('Ctrl Pts',(145.,4.43359512984603,-195.006586601039));
#4376=CARTESIAN_POINT('Ctrl Pts',(145.,9.05859512984605,-195.006586601039));
#4377=CARTESIAN_POINT('Ctrl Pts',(145.,13.6835951298461,-195.006586601039));
#4378=CARTESIAN_POINT('Ctrl Pts',(145.,13.6835951298461,-199.631586601039));
#4379=CARTESIAN_POINT('Ctrl Pts',(145.,13.6835951298461,-204.256586601039));
#4380=CARTESIAN_POINT('Ctrl Pts',(145.,9.05859512984605,-204.256586601039));
#4381=CARTESIAN_POINT('Ctrl Pts',(145.,9.05859512984605,-199.636586601039));
#4382=CARTESIAN_POINT('Ctrl Pts',(145.,9.05359512984603,-199.636586601039));
#4383=CARTESIAN_POINT('Ctrl Pts',(145.,9.05359512984603,-199.631586601039));
#4384=CARTESIAN_POINT('Ctrl Pts',(145.,9.05359512984603,-199.626586601039));
#4385=CARTESIAN_POINT('Ctrl Pts',(145.,9.05859512984605,-199.626586601039));
#4386=CARTESIAN_POINT('Ctrl Pts',(145.,9.06359512984608,-199.626586601039));
#4387=CARTESIAN_POINT('Ctrl Pts',(145.,9.06359512984608,-199.631586601039));
#4388=CARTESIAN_POINT('Ctrl Pts',(145.,9.06359512984608,-199.636586601039));
#4389=CARTESIAN_POINT('Ctrl Pts',(145.,9.05859512984605,-199.636586601039));
#4390=CARTESIAN_POINT('',(145.,9.05859512984605,-199.636586601039));
#4391=CARTESIAN_POINT('Origin',(145.,9.05859512984605,-199.631586601039));
#4392=CARTESIAN_POINT('',(149.62,9.05859512984605,-204.256586601039));
#4393=CARTESIAN_POINT('Origin',(149.62,9.05859512984605,-199.636586601039));
#4394=CARTESIAN_POINT('',(149.62,9.05859512984606,-195.006586601039));
#4395=CARTESIAN_POINT('Origin',(149.62,9.05859512984605,-199.631586601039));
#4396=CARTESIAN_POINT('Origin',(149.62,9.05859512984605,-199.631586601039));
#4397=CARTESIAN_POINT('Origin',(150.,9.05859512984605,-199.631586601039));
#4398=CARTESIAN_POINT('',(150.,9.05859512984606,-195.006586601039));
#4399=CARTESIAN_POINT('Origin',(150.,9.05859512984605,-199.631586601039));
#4400=CARTESIAN_POINT('',(150.,9.05859512984606,-195.006586601039));
#4401=CARTESIAN_POINT('Origin',(145.,9.05859512984605,-199.631586601039));
#4402=CARTESIAN_POINT('Ctrl Pts',(149.62,21.2229679966879,-160.792788242016));
#4403=CARTESIAN_POINT('Ctrl Pts',(149.62,16.5979679966879,-160.792788242016));
#4404=CARTESIAN_POINT('Ctrl Pts',(149.62,16.5979679966879,-156.167788242016));
#4405=CARTESIAN_POINT('Ctrl Pts',(149.62,16.5979679966879,-151.542788242016));
#4406=CARTESIAN_POINT('Ctrl Pts',(149.62,21.2229679966879,-151.542788242016));
#4407=CARTESIAN_POINT('Ctrl Pts',(149.62,25.8479679966879,-151.542788242016));
#4408=CARTESIAN_POINT('Ctrl Pts',(149.62,25.8479679966879,-156.167788242016));
#4409=CARTESIAN_POINT('Ctrl Pts',(149.62,25.8479679966879,-160.792788242016));
#4410=CARTESIAN_POINT('Ctrl Pts',(149.62,21.2229679966879,-160.792788242016));
#4411=CARTESIAN_POINT('Ctrl Pts',(145.,21.2229679966879,-160.792788242016));
#4412=CARTESIAN_POINT('Ctrl Pts',(145.,16.5979679966879,-160.792788242016));
#4413=CARTESIAN_POINT('Ctrl Pts',(145.,16.5979679966879,-156.167788242016));
#4414=CARTESIAN_POINT('Ctrl Pts',(145.,16.5979679966879,-151.542788242016));
#4415=CARTESIAN_POINT('Ctrl Pts',(145.,21.2229679966879,-151.542788242016));
#4416=CARTESIAN_POINT('Ctrl Pts',(145.,25.8479679966879,-151.542788242016));
#4417=CARTESIAN_POINT('Ctrl Pts',(145.,25.8479679966879,-156.167788242016));
#4418=CARTESIAN_POINT('Ctrl Pts',(145.,25.8479679966879,-160.792788242016));
#4419=CARTESIAN_POINT('Ctrl Pts',(145.,21.2229679966879,-160.792788242016));
#4420=CARTESIAN_POINT('Ctrl Pts',(145.,21.2229679966879,-156.172788242016));
#4421=CARTESIAN_POINT('Ctrl Pts',(145.,21.2179679966879,-156.172788242016));
#4422=CARTESIAN_POINT('Ctrl Pts',(145.,21.2179679966879,-156.167788242016));
#4423=CARTESIAN_POINT('Ctrl Pts',(145.,21.2179679966879,-156.162788242016));
#4424=CARTESIAN_POINT('Ctrl Pts',(145.,21.2229679966879,-156.162788242016));
#4425=CARTESIAN_POINT('Ctrl Pts',(145.,21.2279679966879,-156.162788242016));
#4426=CARTESIAN_POINT('Ctrl Pts',(145.,21.2279679966879,-156.167788242016));
#4427=CARTESIAN_POINT('Ctrl Pts',(145.,21.2279679966879,-156.172788242016));
#4428=CARTESIAN_POINT('Ctrl Pts',(145.,21.2229679966879,-156.172788242016));
#4429=CARTESIAN_POINT('',(145.,21.2229679966879,-156.172788242016));
#4430=CARTESIAN_POINT('Origin',(145.,21.2229679966879,-156.167788242016));
#4431=CARTESIAN_POINT('',(149.62,21.2229679966879,-160.792788242016));
#4432=CARTESIAN_POINT('Origin',(149.62,21.2229679966879,-156.172788242016));
#4433=CARTESIAN_POINT('',(149.62,21.2229679966879,-151.542788242016));
#4434=CARTESIAN_POINT('Origin',(149.62,21.2229679966879,-156.167788242016));
#4435=CARTESIAN_POINT('Origin',(149.62,21.2229679966879,-156.167788242016));
#4436=CARTESIAN_POINT('Origin',(150.,21.2229679966879,-156.167788242016));
#4437=CARTESIAN_POINT('',(150.,21.2229679966879,-151.542788242016));
#4438=CARTESIAN_POINT('Origin',(150.,21.2229679966879,-156.167788242016));
#4439=CARTESIAN_POINT('',(150.,21.2229679966879,-151.542788242016));
#4440=CARTESIAN_POINT('Origin',(145.,21.2229679966879,-156.167788242016));
#4441=CARTESIAN_POINT('Ctrl Pts',(149.62,5.98195235873938,-94.8604915403313));
#4442=CARTESIAN_POINT('Ctrl Pts',(149.62,1.35695235873939,-94.8604915403313));
#4443=CARTESIAN_POINT('Ctrl Pts',(149.62,1.35695235873939,-90.2354915403313));
#4444=CARTESIAN_POINT('Ctrl Pts',(149.62,1.35695235873939,-85.6104915403313));
#4445=CARTESIAN_POINT('Ctrl Pts',(149.62,5.98195235873938,-85.6104915403313));
#4446=CARTESIAN_POINT('Ctrl Pts',(149.62,10.6069523587394,-85.6104915403313));
#4447=CARTESIAN_POINT('Ctrl Pts',(149.62,10.6069523587394,-90.2354915403313));
#4448=CARTESIAN_POINT('Ctrl Pts',(149.62,10.6069523587394,-94.8604915403313));
#4449=CARTESIAN_POINT('Ctrl Pts',(149.62,5.98195235873938,-94.8604915403313));
#4450=CARTESIAN_POINT('Ctrl Pts',(145.,5.98195235873938,-94.8604915403313));
#4451=CARTESIAN_POINT('Ctrl Pts',(145.,1.35695235873939,-94.8604915403313));
#4452=CARTESIAN_POINT('Ctrl Pts',(145.,1.35695235873939,-90.2354915403313));
#4453=CARTESIAN_POINT('Ctrl Pts',(145.,1.35695235873939,-85.6104915403313));
#4454=CARTESIAN_POINT('Ctrl Pts',(145.,5.98195235873938,-85.6104915403313));
#4455=CARTESIAN_POINT('Ctrl Pts',(145.,10.6069523587394,-85.6104915403313));
#4456=CARTESIAN_POINT('Ctrl Pts',(145.,10.6069523587394,-90.2354915403313));
#4457=CARTESIAN_POINT('Ctrl Pts',(145.,10.6069523587394,-94.8604915403313));
#4458=CARTESIAN_POINT('Ctrl Pts',(145.,5.98195235873938,-94.8604915403313));
#4459=CARTESIAN_POINT('Ctrl Pts',(145.,5.98195235873938,-90.2404915403313));
#4460=CARTESIAN_POINT('Ctrl Pts',(145.,5.97695235873939,-90.2404915403313));
#4461=CARTESIAN_POINT('Ctrl Pts',(145.,5.97695235873939,-90.2354915403313));
#4462=CARTESIAN_POINT('Ctrl Pts',(145.,5.97695235873939,-90.2304915403313));
#4463=CARTESIAN_POINT('Ctrl Pts',(145.,5.98195235873938,-90.2304915403313));
#4464=CARTESIAN_POINT('Ctrl Pts',(145.,5.98695235873937,-90.2304915403313));
#4465=CARTESIAN_POINT('Ctrl Pts',(145.,5.98695235873937,-90.2354915403313));
#4466=CARTESIAN_POINT('Ctrl Pts',(145.,5.98695235873937,-90.2404915403313));
#4467=CARTESIAN_POINT('Ctrl Pts',(145.,5.98195235873938,-90.2404915403313));
#4468=CARTESIAN_POINT('',(145.,5.98195235873938,-90.2404915403313));
#4469=CARTESIAN_POINT('Origin',(145.,5.98195235873938,-90.2354915403313));
#4470=CARTESIAN_POINT('',(149.62,5.98195235873938,-94.8604915403313));
#4471=CARTESIAN_POINT('Origin',(149.62,5.98195235873938,-90.2404915403313));
#4472=CARTESIAN_POINT('',(149.62,5.98195235873938,-85.6104915403313));
#4473=CARTESIAN_POINT('Origin',(149.62,5.98195235873938,-90.2354915403313));
#4474=CARTESIAN_POINT('Origin',(149.62,5.98195235873938,-90.2354915403313));
#4475=CARTESIAN_POINT('Origin',(150.,5.98195235873938,-90.2354915403313));
#4476=CARTESIAN_POINT('',(150.,5.98195235873938,-85.6104915403313));
#4477=CARTESIAN_POINT('Origin',(150.,5.98195235873938,-90.2354915403313));
#4478=CARTESIAN_POINT('',(150.,5.98195235873938,-85.6104915403313));
#4479=CARTESIAN_POINT('Origin',(145.,5.98195235873938,-90.2354915403313));
#4480=CARTESIAN_POINT('Ctrl Pts',(149.62,7.42371882360583,-64.8951564102051));
#4481=CARTESIAN_POINT('Ctrl Pts',(149.62,2.79871882360584,-64.8951564102051));
#4482=CARTESIAN_POINT('Ctrl Pts',(149.62,2.79871882360584,-60.2701564102051));
#4483=CARTESIAN_POINT('Ctrl Pts',(149.62,2.79871882360584,-55.6451564102051));
#4484=CARTESIAN_POINT('Ctrl Pts',(149.62,7.42371882360583,-55.6451564102051));
#4485=CARTESIAN_POINT('Ctrl Pts',(149.62,12.0487188236058,-55.6451564102051));
#4486=CARTESIAN_POINT('Ctrl Pts',(149.62,12.0487188236058,-60.2701564102051));
#4487=CARTESIAN_POINT('Ctrl Pts',(149.62,12.0487188236058,-64.8951564102051));
#4488=CARTESIAN_POINT('Ctrl Pts',(149.62,7.42371882360583,-64.8951564102051));
#4489=CARTESIAN_POINT('Ctrl Pts',(145.,7.42371882360583,-64.8951564102051));
#4490=CARTESIAN_POINT('Ctrl Pts',(145.,2.79871882360584,-64.8951564102051));
#4491=CARTESIAN_POINT('Ctrl Pts',(145.,2.79871882360584,-60.2701564102051));
#4492=CARTESIAN_POINT('Ctrl Pts',(145.,2.79871882360584,-55.6451564102051));
#4493=CARTESIAN_POINT('Ctrl Pts',(145.,7.42371882360583,-55.6451564102051));
#4494=CARTESIAN_POINT('Ctrl Pts',(145.,12.0487188236058,-55.6451564102051));
#4495=CARTESIAN_POINT('Ctrl Pts',(145.,12.0487188236058,-60.2701564102051));
#4496=CARTESIAN_POINT('Ctrl Pts',(145.,12.0487188236058,-64.8951564102051));
#4497=CARTESIAN_POINT('Ctrl Pts',(145.,7.42371882360583,-64.8951564102051));
#4498=CARTESIAN_POINT('Ctrl Pts',(145.,7.42371882360583,-60.2751564102051));
#4499=CARTESIAN_POINT('Ctrl Pts',(145.,7.41871882360583,-60.2751564102051));
#4500=CARTESIAN_POINT('Ctrl Pts',(145.,7.41871882360583,-60.2701564102051));
#4501=CARTESIAN_POINT('Ctrl Pts',(145.,7.41871882360583,-60.2651564102051));
#4502=CARTESIAN_POINT('Ctrl Pts',(145.,7.42371882360583,-60.2651564102051));
#4503=CARTESIAN_POINT('Ctrl Pts',(145.,7.42871882360583,-60.2651564102051));
#4504=CARTESIAN_POINT('Ctrl Pts',(145.,7.42871882360583,-60.2701564102051));
#4505=CARTESIAN_POINT('Ctrl Pts',(145.,7.42871882360583,-60.2751564102051));
#4506=CARTESIAN_POINT('Ctrl Pts',(145.,7.42371882360583,-60.2751564102051));
#4507=CARTESIAN_POINT('',(145.,7.42371882360583,-60.2751564102051));
#4508=CARTESIAN_POINT('Origin',(145.,7.42371882360583,-60.2701564102051));
#4509=CARTESIAN_POINT('',(149.62,7.42371882360583,-64.8951564102051));
#4510=CARTESIAN_POINT('Origin',(149.62,7.42371882360583,-60.2751564102051));
#4511=CARTESIAN_POINT('',(149.62,7.42371882360583,-55.6451564102051));
#4512=CARTESIAN_POINT('Origin',(149.62,7.42371882360583,-60.2701564102051));
#4513=CARTESIAN_POINT('Origin',(149.62,7.42371882360583,-60.2701564102051));
#4514=CARTESIAN_POINT('Origin',(150.,7.42371882360583,-60.2701564102051));
#4515=CARTESIAN_POINT('',(150.,7.42371882360583,-55.6451564102051));
#4516=CARTESIAN_POINT('Origin',(150.,7.42371882360583,-60.2701564102051));
#4517=CARTESIAN_POINT('',(150.,7.42371882360583,-55.6451564102051));
#4518=CARTESIAN_POINT('Origin',(145.,7.42371882360583,-60.2701564102051));
#4519=CARTESIAN_POINT('Ctrl Pts',(149.62,22.6647344615543,-130.82745311189));
#4520=CARTESIAN_POINT('Ctrl Pts',(149.62,18.0397344615543,-130.82745311189));
#4521=CARTESIAN_POINT('Ctrl Pts',(149.62,18.0397344615543,-126.20245311189));
#4522=CARTESIAN_POINT('Ctrl Pts',(149.62,18.0397344615543,-121.57745311189));
#4523=CARTESIAN_POINT('Ctrl Pts',(149.62,22.6647344615543,-121.57745311189));
#4524=CARTESIAN_POINT('Ctrl Pts',(149.62,27.2897344615543,-121.57745311189));
#4525=CARTESIAN_POINT('Ctrl Pts',(149.62,27.2897344615543,-126.20245311189));
#4526=CARTESIAN_POINT('Ctrl Pts',(149.62,27.2897344615543,-130.82745311189));
#4527=CARTESIAN_POINT('Ctrl Pts',(149.62,22.6647344615543,-130.82745311189));
#4528=CARTESIAN_POINT('Ctrl Pts',(145.,22.6647344615543,-130.82745311189));
#4529=CARTESIAN_POINT('Ctrl Pts',(145.,18.0397344615543,-130.82745311189));
#4530=CARTESIAN_POINT('Ctrl Pts',(145.,18.0397344615543,-126.20245311189));
#4531=CARTESIAN_POINT('Ctrl Pts',(145.,18.0397344615543,-121.57745311189));
#4532=CARTESIAN_POINT('Ctrl Pts',(145.,22.6647344615543,-121.57745311189));
#4533=CARTESIAN_POINT('Ctrl Pts',(145.,27.2897344615543,-121.57745311189));
#4534=CARTESIAN_POINT('Ctrl Pts',(145.,27.2897344615543,-126.20245311189));
#4535=CARTESIAN_POINT('Ctrl Pts',(145.,27.2897344615543,-130.82745311189));
#4536=CARTESIAN_POINT('Ctrl Pts',(145.,22.6647344615543,-130.82745311189));
#4537=CARTESIAN_POINT('Ctrl Pts',(145.,22.6647344615543,-126.20745311189));
#4538=CARTESIAN_POINT('Ctrl Pts',(145.,22.6597344615543,-126.20745311189));
#4539=CARTESIAN_POINT('Ctrl Pts',(145.,22.6597344615543,-126.20245311189));
#4540=CARTESIAN_POINT('Ctrl Pts',(145.,22.6597344615543,-126.19745311189));
#4541=CARTESIAN_POINT('Ctrl Pts',(145.,22.6647344615543,-126.19745311189));
#4542=CARTESIAN_POINT('Ctrl Pts',(145.,22.6697344615543,-126.19745311189));
#4543=CARTESIAN_POINT('Ctrl Pts',(145.,22.6697344615543,-126.20245311189));
#4544=CARTESIAN_POINT('Ctrl Pts',(145.,22.6697344615543,-126.20745311189));
#4545=CARTESIAN_POINT('Ctrl Pts',(145.,22.6647344615543,-126.20745311189));
#4546=CARTESIAN_POINT('',(145.,22.6647344615543,-126.20745311189));
#4547=CARTESIAN_POINT('Origin',(145.,22.6647344615543,-126.20245311189));
#4548=CARTESIAN_POINT('',(149.62,22.6647344615543,-130.82745311189));
#4549=CARTESIAN_POINT('Origin',(149.62,22.6647344615543,-126.20745311189));
#4550=CARTESIAN_POINT('',(149.62,22.6647344615543,-121.57745311189));
#4551=CARTESIAN_POINT('Origin',(149.62,22.6647344615543,-126.20245311189));
#4552=CARTESIAN_POINT('Origin',(149.62,22.6647344615543,-126.20245311189));
#4553=CARTESIAN_POINT('Origin',(150.,22.6647344615543,-126.20245311189));
#4554=CARTESIAN_POINT('',(150.,22.6647344615543,-121.57745311189));
#4555=CARTESIAN_POINT('Origin',(150.,22.6647344615543,-126.20245311189));
#4556=CARTESIAN_POINT('',(150.,22.6647344615543,-121.57745311189));
#4557=CARTESIAN_POINT('Origin',(145.,22.6647344615543,-126.20245311189));
#4558=CARTESIAN_POINT('Ctrl Pts',(149.62,10.5003615947125,-174.291251470913));
#4559=CARTESIAN_POINT('Ctrl Pts',(149.62,5.87536159471252,-174.291251470913));
#4560=CARTESIAN_POINT('Ctrl Pts',(149.62,5.87536159471252,-169.666251470913));
#4561=CARTESIAN_POINT('Ctrl Pts',(149.62,5.87536159471252,-165.041251470913));
#4562=CARTESIAN_POINT('Ctrl Pts',(149.62,10.5003615947125,-165.041251470913));
#4563=CARTESIAN_POINT('Ctrl Pts',(149.62,15.1253615947125,-165.041251470913));
#4564=CARTESIAN_POINT('Ctrl Pts',(149.62,15.1253615947125,-169.666251470913));
#4565=CARTESIAN_POINT('Ctrl Pts',(149.62,15.1253615947125,-174.291251470913));
#4566=CARTESIAN_POINT('Ctrl Pts',(149.62,10.5003615947125,-174.291251470913));
#4567=CARTESIAN_POINT('Ctrl Pts',(145.,10.5003615947125,-174.291251470913));
#4568=CARTESIAN_POINT('Ctrl Pts',(145.,5.87536159471252,-174.291251470913));
#4569=CARTESIAN_POINT('Ctrl Pts',(145.,5.87536159471252,-169.666251470913));
#4570=CARTESIAN_POINT('Ctrl Pts',(145.,5.87536159471252,-165.041251470913));
#4571=CARTESIAN_POINT('Ctrl Pts',(145.,10.5003615947125,-165.041251470913));
#4572=CARTESIAN_POINT('Ctrl Pts',(145.,15.1253615947125,-165.041251470913));
#4573=CARTESIAN_POINT('Ctrl Pts',(145.,15.1253615947125,-169.666251470913));
#4574=CARTESIAN_POINT('Ctrl Pts',(145.,15.1253615947125,-174.291251470913));
#4575=CARTESIAN_POINT('Ctrl Pts',(145.,10.5003615947125,-174.291251470913));
#4576=CARTESIAN_POINT('Ctrl Pts',(145.,10.5003615947125,-169.671251470913));
#4577=CARTESIAN_POINT('Ctrl Pts',(145.,10.4953615947125,-169.671251470913));
#4578=CARTESIAN_POINT('Ctrl Pts',(145.,10.4953615947125,-169.666251470913));
#4579=CARTESIAN_POINT('Ctrl Pts',(145.,10.4953615947125,-169.661251470913));
#4580=CARTESIAN_POINT('Ctrl Pts',(145.,10.5003615947125,-169.661251470913));
#4581=CARTESIAN_POINT('Ctrl Pts',(145.,10.5053615947125,-169.661251470913));
#4582=CARTESIAN_POINT('Ctrl Pts',(145.,10.5053615947125,-169.666251470913));
#4583=CARTESIAN_POINT('Ctrl Pts',(145.,10.5053615947125,-169.671251470913));
#4584=CARTESIAN_POINT('Ctrl Pts',(145.,10.5003615947125,-169.671251470913));
#4585=CARTESIAN_POINT('',(145.,10.5003615947125,-169.671251470913));
#4586=CARTESIAN_POINT('Origin',(145.,10.5003615947125,-169.666251470913));
#4587=CARTESIAN_POINT('',(149.62,10.5003615947125,-174.291251470913));
#4588=CARTESIAN_POINT('Origin',(149.62,10.5003615947125,-169.671251470913));
#4589=CARTESIAN_POINT('',(149.62,10.5003615947125,-165.041251470913));
#4590=CARTESIAN_POINT('Origin',(149.62,10.5003615947125,-169.666251470913));
#4591=CARTESIAN_POINT('Origin',(149.62,10.5003615947125,-169.666251470913));
#4592=CARTESIAN_POINT('Origin',(150.,10.5003615947125,-169.666251470913));
#4593=CARTESIAN_POINT('',(150.,10.5003615947125,-165.041251470913));
#4594=CARTESIAN_POINT('Origin',(150.,10.5003615947125,-169.666251470913));
#4595=CARTESIAN_POINT('',(150.,10.5003615947125,-165.041251470913));
#4596=CARTESIAN_POINT('Origin',(145.,10.5003615947125,-169.666251470913));
#4597=CARTESIAN_POINT('Ctrl Pts',(149.62,7.6168286649796,-234.221921731165));
#4598=CARTESIAN_POINT('Ctrl Pts',(149.62,2.99182866497958,-234.221921731165));
#4599=CARTESIAN_POINT('Ctrl Pts',(149.62,2.99182866497958,-229.596921731165));
#4600=CARTESIAN_POINT('Ctrl Pts',(149.62,2.99182866497958,-224.971921731165));
#4601=CARTESIAN_POINT('Ctrl Pts',(149.62,7.6168286649796,-224.971921731165));
#4602=CARTESIAN_POINT('Ctrl Pts',(149.62,12.2418286649796,-224.971921731165));
#4603=CARTESIAN_POINT('Ctrl Pts',(149.62,12.2418286649796,-229.596921731165));
#4604=CARTESIAN_POINT('Ctrl Pts',(149.62,12.2418286649796,-234.221921731165));
#4605=CARTESIAN_POINT('Ctrl Pts',(149.62,7.6168286649796,-234.221921731165));
#4606=CARTESIAN_POINT('Ctrl Pts',(145.,7.6168286649796,-234.221921731165));
#4607=CARTESIAN_POINT('Ctrl Pts',(145.,2.99182866497958,-234.221921731165));
#4608=CARTESIAN_POINT('Ctrl Pts',(145.,2.99182866497958,-229.596921731165));
#4609=CARTESIAN_POINT('Ctrl Pts',(145.,2.99182866497958,-224.971921731165));
#4610=CARTESIAN_POINT('Ctrl Pts',(145.,7.6168286649796,-224.971921731165));
#4611=CARTESIAN_POINT('Ctrl Pts',(145.,12.2418286649796,-224.971921731165));
#4612=CARTESIAN_POINT('Ctrl Pts',(145.,12.2418286649796,-229.596921731165));
#4613=CARTESIAN_POINT('Ctrl Pts',(145.,12.2418286649796,-234.221921731165));
#4614=CARTESIAN_POINT('Ctrl Pts',(145.,7.6168286649796,-234.221921731165));
#4615=CARTESIAN_POINT('Ctrl Pts',(145.,7.6168286649796,-229.601921731165));
#4616=CARTESIAN_POINT('Ctrl Pts',(145.,7.61182866497958,-229.601921731165));
#4617=CARTESIAN_POINT('Ctrl Pts',(145.,7.61182866497958,-229.596921731165));
#4618=CARTESIAN_POINT('Ctrl Pts',(145.,7.61182866497958,-229.591921731165));
#4619=CARTESIAN_POINT('Ctrl Pts',(145.,7.6168286649796,-229.591921731165));
#4620=CARTESIAN_POINT('Ctrl Pts',(145.,7.62182866497962,-229.591921731165));
#4621=CARTESIAN_POINT('Ctrl Pts',(145.,7.62182866497962,-229.596921731165));
#4622=CARTESIAN_POINT('Ctrl Pts',(145.,7.62182866497962,-229.601921731165));
#4623=CARTESIAN_POINT('Ctrl Pts',(145.,7.6168286649796,-229.601921731165));
#4624=CARTESIAN_POINT('',(145.,7.6168286649796,-229.601921731165));
#4625=CARTESIAN_POINT('Origin',(145.,7.6168286649796,-229.596921731165));
#4626=CARTESIAN_POINT('',(149.62,7.6168286649796,-234.221921731165));
#4627=CARTESIAN_POINT('Origin',(149.62,7.6168286649796,-229.601921731165));
#4628=CARTESIAN_POINT('',(149.62,7.6168286649796,-224.971921731165));
#4629=CARTESIAN_POINT('Origin',(149.62,7.6168286649796,-229.596921731165));
#4630=CARTESIAN_POINT('Origin',(149.62,7.6168286649796,-229.596921731165));
#4631=CARTESIAN_POINT('Origin',(150.,7.6168286649796,-229.596921731165));
#4632=CARTESIAN_POINT('',(150.,7.6168286649796,-224.971921731165));
#4633=CARTESIAN_POINT('Origin',(150.,7.6168286649796,-229.596921731165));
#4634=CARTESIAN_POINT('',(150.,7.6168286649796,-224.971921731165));
#4635=CARTESIAN_POINT('Origin',(145.,7.6168286649796,-229.596921731165));
#4636=CARTESIAN_POINT('Ctrl Pts',(149.62,6.17506220011316,-264.187256861292));
#4637=CARTESIAN_POINT('Ctrl Pts',(149.62,1.55006220011314,-264.187256861292));
#4638=CARTESIAN_POINT('Ctrl Pts',(149.62,1.55006220011314,-259.562256861292));
#4639=CARTESIAN_POINT('Ctrl Pts',(149.62,1.55006220011314,-254.937256861292));
#4640=CARTESIAN_POINT('Ctrl Pts',(149.62,6.17506220011316,-254.937256861292));
#4641=CARTESIAN_POINT('Ctrl Pts',(149.62,10.8000622001132,-254.937256861292));
#4642=CARTESIAN_POINT('Ctrl Pts',(149.62,10.8000622001132,-259.562256861292));
#4643=CARTESIAN_POINT('Ctrl Pts',(149.62,10.8000622001132,-264.187256861292));
#4644=CARTESIAN_POINT('Ctrl Pts',(149.62,6.17506220011316,-264.187256861292));
#4645=CARTESIAN_POINT('Ctrl Pts',(145.,6.17506220011316,-264.187256861292));
#4646=CARTESIAN_POINT('Ctrl Pts',(145.,1.55006220011314,-264.187256861292));
#4647=CARTESIAN_POINT('Ctrl Pts',(145.,1.55006220011314,-259.562256861292));
#4648=CARTESIAN_POINT('Ctrl Pts',(145.,1.55006220011314,-254.937256861292));
#4649=CARTESIAN_POINT('Ctrl Pts',(145.,6.17506220011316,-254.937256861292));
#4650=CARTESIAN_POINT('Ctrl Pts',(145.,10.8000622001132,-254.937256861292));
#4651=CARTESIAN_POINT('Ctrl Pts',(145.,10.8000622001132,-259.562256861292));
#4652=CARTESIAN_POINT('Ctrl Pts',(145.,10.8000622001132,-264.187256861292));
#4653=CARTESIAN_POINT('Ctrl Pts',(145.,6.17506220011316,-264.187256861292));
#4654=CARTESIAN_POINT('Ctrl Pts',(145.,6.17506220011316,-259.567256861292));
#4655=CARTESIAN_POINT('Ctrl Pts',(145.,6.17006220011314,-259.567256861292));
#4656=CARTESIAN_POINT('Ctrl Pts',(145.,6.17006220011314,-259.562256861292));
#4657=CARTESIAN_POINT('Ctrl Pts',(145.,6.17006220011314,-259.557256861291));
#4658=CARTESIAN_POINT('Ctrl Pts',(145.,6.17506220011316,-259.557256861291));
#4659=CARTESIAN_POINT('Ctrl Pts',(145.,6.18006220011319,-259.557256861291));
#4660=CARTESIAN_POINT('Ctrl Pts',(145.,6.18006220011319,-259.562256861292));
#4661=CARTESIAN_POINT('Ctrl Pts',(145.,6.18006220011319,-259.567256861292));
#4662=CARTESIAN_POINT('Ctrl Pts',(145.,6.17506220011316,-259.567256861292));
#4663=CARTESIAN_POINT('',(145.,6.17506220011316,-259.567256861292));
#4664=CARTESIAN_POINT('Origin',(145.,6.17506220011316,-259.562256861292));
#4665=CARTESIAN_POINT('',(149.62,6.17506220011316,-264.187256861292));
#4666=CARTESIAN_POINT('Origin',(149.62,6.17506220011316,-259.567256861292));
#4667=CARTESIAN_POINT('',(149.62,6.17506220011316,-254.937256861292));
#4668=CARTESIAN_POINT('Origin',(149.62,6.17506220011316,-259.562256861292));
#4669=CARTESIAN_POINT('Origin',(149.62,6.17506220011316,-259.562256861292));
#4670=CARTESIAN_POINT('Origin',(150.,6.17506220011316,-259.562256861292));
#4671=CARTESIAN_POINT('',(150.,6.17506220011316,-254.937256861292));
#4672=CARTESIAN_POINT('Origin',(150.,6.17506220011316,-259.562256861292));
#4673=CARTESIAN_POINT('',(150.,6.17506220011316,-254.937256861292));
#4674=CARTESIAN_POINT('Origin',(145.,6.17506220011316,-259.562256861292));
#4675=CARTESIAN_POINT('Ctrl Pts',(149.62,19.7812015318214,-190.758123372142));
#4676=CARTESIAN_POINT('Ctrl Pts',(149.62,15.1562015318214,-190.758123372142));
#4677=CARTESIAN_POINT('Ctrl Pts',(149.62,15.1562015318214,-186.133123372142));
#4678=CARTESIAN_POINT('Ctrl Pts',(149.62,15.1562015318214,-181.508123372142));
#4679=CARTESIAN_POINT('Ctrl Pts',(149.62,19.7812015318214,-181.508123372142));
#4680=CARTESIAN_POINT('Ctrl Pts',(149.62,24.4062015318215,-181.508123372142));
#4681=CARTESIAN_POINT('Ctrl Pts',(149.62,24.4062015318215,-186.133123372142));
#4682=CARTESIAN_POINT('Ctrl Pts',(149.62,24.4062015318215,-190.758123372142));
#4683=CARTESIAN_POINT('Ctrl Pts',(149.62,19.7812015318214,-190.758123372142));
#4684=CARTESIAN_POINT('Ctrl Pts',(145.,19.7812015318214,-190.758123372142));
#4685=CARTESIAN_POINT('Ctrl Pts',(145.,15.1562015318214,-190.758123372142));
#4686=CARTESIAN_POINT('Ctrl Pts',(145.,15.1562015318214,-186.133123372142));
#4687=CARTESIAN_POINT('Ctrl Pts',(145.,15.1562015318214,-181.508123372142));
#4688=CARTESIAN_POINT('Ctrl Pts',(145.,19.7812015318214,-181.508123372142));
#4689=CARTESIAN_POINT('Ctrl Pts',(145.,24.4062015318215,-181.508123372142));
#4690=CARTESIAN_POINT('Ctrl Pts',(145.,24.4062015318215,-186.133123372142));
#4691=CARTESIAN_POINT('Ctrl Pts',(145.,24.4062015318215,-190.758123372142));
#4692=CARTESIAN_POINT('Ctrl Pts',(145.,19.7812015318214,-190.758123372142));
#4693=CARTESIAN_POINT('Ctrl Pts',(145.,19.7812015318214,-186.138123372142));
#4694=CARTESIAN_POINT('Ctrl Pts',(145.,19.7762015318214,-186.138123372142));
#4695=CARTESIAN_POINT('Ctrl Pts',(145.,19.7762015318214,-186.133123372142));
#4696=CARTESIAN_POINT('Ctrl Pts',(145.,19.7762015318214,-186.128123372142));
#4697=CARTESIAN_POINT('Ctrl Pts',(145.,19.7812015318214,-186.128123372142));
#4698=CARTESIAN_POINT('Ctrl Pts',(145.,19.7862015318215,-186.128123372142));
#4699=CARTESIAN_POINT('Ctrl Pts',(145.,19.7862015318215,-186.133123372142));
#4700=CARTESIAN_POINT('Ctrl Pts',(145.,19.7862015318215,-186.138123372142));
#4701=CARTESIAN_POINT('Ctrl Pts',(145.,19.7812015318214,-186.138123372142));
#4702=CARTESIAN_POINT('',(145.,19.7812015318214,-186.138123372142));
#4703=CARTESIAN_POINT('Origin',(145.,19.7812015318214,-186.133123372142));
#4704=CARTESIAN_POINT('',(149.62,19.7812015318214,-190.758123372142));
#4705=CARTESIAN_POINT('Origin',(149.62,19.7812015318214,-186.138123372142));
#4706=CARTESIAN_POINT('',(149.62,19.7812015318214,-181.508123372142));
#4707=CARTESIAN_POINT('Origin',(149.62,19.7812015318214,-186.133123372142));
#4708=CARTESIAN_POINT('Origin',(149.62,19.7812015318214,-186.133123372142));
#4709=CARTESIAN_POINT('Origin',(150.,19.7812015318214,-186.133123372142));
#4710=CARTESIAN_POINT('',(150.,19.7812015318214,-181.508123372142));
#4711=CARTESIAN_POINT('Origin',(150.,19.7812015318214,-186.133123372142));
#4712=CARTESIAN_POINT('',(150.,19.7812015318214,-181.508123372142));
#4713=CARTESIAN_POINT('Origin',(145.,19.7812015318214,-186.133123372142));
#4714=CARTESIAN_POINT('Ctrl Pts',(149.62,4.98934668271421,-130.903148002609));
#4715=CARTESIAN_POINT('Ctrl Pts',(149.62,0.364346682714204,-130.903148002609));
#4716=CARTESIAN_POINT('Ctrl Pts',(149.62,0.364346682714203,-126.278148002609));
#4717=CARTESIAN_POINT('Ctrl Pts',(149.62,0.364346682714204,-121.653148002609));
#4718=CARTESIAN_POINT('Ctrl Pts',(149.62,4.98934668271421,-121.653148002609));
#4719=CARTESIAN_POINT('Ctrl Pts',(149.62,9.61434668271421,-121.653148002609));
#4720=CARTESIAN_POINT('Ctrl Pts',(149.62,9.61434668271421,-126.278148002609));
#4721=CARTESIAN_POINT('Ctrl Pts',(149.62,9.61434668271421,-130.903148002609));
#4722=CARTESIAN_POINT('Ctrl Pts',(149.62,4.98934668271421,-130.903148002609));
#4723=CARTESIAN_POINT('Ctrl Pts',(145.,4.98934668271421,-130.903148002609));
#4724=CARTESIAN_POINT('Ctrl Pts',(145.,0.364346682714204,-130.903148002609));
#4725=CARTESIAN_POINT('Ctrl Pts',(145.,0.364346682714203,-126.278148002609));
#4726=CARTESIAN_POINT('Ctrl Pts',(145.,0.364346682714204,-121.653148002609));
#4727=CARTESIAN_POINT('Ctrl Pts',(145.,4.98934668271421,-121.653148002609));
#4728=CARTESIAN_POINT('Ctrl Pts',(145.,9.61434668271421,-121.653148002609));
#4729=CARTESIAN_POINT('Ctrl Pts',(145.,9.61434668271421,-126.278148002609));
#4730=CARTESIAN_POINT('Ctrl Pts',(145.,9.61434668271421,-130.903148002609));
#4731=CARTESIAN_POINT('Ctrl Pts',(145.,4.98934668271421,-130.903148002609));
#4732=CARTESIAN_POINT('Ctrl Pts',(145.,4.98934668271421,-126.283148002609));
#4733=CARTESIAN_POINT('Ctrl Pts',(145.,4.9843466827142,-126.283148002609));
#4734=CARTESIAN_POINT('Ctrl Pts',(145.,4.9843466827142,-126.278148002609));
#4735=CARTESIAN_POINT('Ctrl Pts',(145.,4.9843466827142,-126.273148002609));
#4736=CARTESIAN_POINT('Ctrl Pts',(145.,4.98934668271421,-126.273148002609));
#4737=CARTESIAN_POINT('Ctrl Pts',(145.,4.99434668271421,-126.273148002609));
#4738=CARTESIAN_POINT('Ctrl Pts',(145.,4.99434668271421,-126.278148002609));
#4739=CARTESIAN_POINT('Ctrl Pts',(145.,4.99434668271421,-126.283148002609));
#4740=CARTESIAN_POINT('Ctrl Pts',(145.,4.98934668271421,-126.283148002609));
#4741=CARTESIAN_POINT('',(145.,4.98934668271421,-126.283148002609));
#4742=CARTESIAN_POINT('Origin',(145.,4.98934668271421,-126.278148002609));
#4743=CARTESIAN_POINT('',(149.62,4.98934668271421,-130.903148002609));
#4744=CARTESIAN_POINT('Origin',(149.62,4.98934668271421,-126.283148002609));
#4745=CARTESIAN_POINT('',(149.62,4.98934668271421,-121.653148002609));
#4746=CARTESIAN_POINT('Origin',(149.62,4.98934668271421,-126.278148002609));
#4747=CARTESIAN_POINT('Origin',(149.62,4.98934668271421,-126.278148002609));
#4748=CARTESIAN_POINT('Origin',(150.,4.98934668271421,-126.278148002609));
#4749=CARTESIAN_POINT('',(150.,4.98934668271421,-121.653148002609));
#4750=CARTESIAN_POINT('Origin',(150.,4.98934668271421,-126.278148002609));
#4751=CARTESIAN_POINT('',(150.,4.98934668271421,-121.653148002609));
#4752=CARTESIAN_POINT('Origin',(145.,4.98934668271421,-126.278148002609));
#4753=CARTESIAN_POINT('Ctrl Pts',(149.62,14.931063540036,-82.1511334064846));
#4754=CARTESIAN_POINT('Ctrl Pts',(149.62,10.306063540036,-82.1511334064846));
#4755=CARTESIAN_POINT('Ctrl Pts',(149.62,10.306063540036,-77.5261334064846));
#4756=CARTESIAN_POINT('Ctrl Pts',(149.62,10.306063540036,-72.9011334064846));
#4757=CARTESIAN_POINT('Ctrl Pts',(149.62,14.931063540036,-72.9011334064846));
#4758=CARTESIAN_POINT('Ctrl Pts',(149.62,19.556063540036,-72.9011334064846));
#4759=CARTESIAN_POINT('Ctrl Pts',(149.62,19.556063540036,-77.5261334064846));
#4760=CARTESIAN_POINT('Ctrl Pts',(149.62,19.556063540036,-82.1511334064846));
#4761=CARTESIAN_POINT('Ctrl Pts',(149.62,14.931063540036,-82.1511334064846));
#4762=CARTESIAN_POINT('Ctrl Pts',(145.,14.931063540036,-82.1511334064846));
#4763=CARTESIAN_POINT('Ctrl Pts',(145.,10.306063540036,-82.1511334064846));
#4764=CARTESIAN_POINT('Ctrl Pts',(145.,10.306063540036,-77.5261334064846));
#4765=CARTESIAN_POINT('Ctrl Pts',(145.,10.306063540036,-72.9011334064846));
#4766=CARTESIAN_POINT('Ctrl Pts',(145.,14.931063540036,-72.9011334064846));
#4767=CARTESIAN_POINT('Ctrl Pts',(145.,19.556063540036,-72.9011334064846));
#4768=CARTESIAN_POINT('Ctrl Pts',(145.,19.556063540036,-77.5261334064846));
#4769=CARTESIAN_POINT('Ctrl Pts',(145.,19.556063540036,-82.1511334064846));
#4770=CARTESIAN_POINT('Ctrl Pts',(145.,14.931063540036,-82.1511334064846));
#4771=CARTESIAN_POINT('Ctrl Pts',(145.,14.931063540036,-77.5311334064846));
#4772=CARTESIAN_POINT('Ctrl Pts',(145.,14.926063540036,-77.5311334064846));
#4773=CARTESIAN_POINT('Ctrl Pts',(145.,14.926063540036,-77.5261334064846));
#4774=CARTESIAN_POINT('Ctrl Pts',(145.,14.926063540036,-77.5211334064846));
#4775=CARTESIAN_POINT('Ctrl Pts',(145.,14.931063540036,-77.5211334064846));
#4776=CARTESIAN_POINT('Ctrl Pts',(145.,14.936063540036,-77.5211334064846));
#4777=CARTESIAN_POINT('Ctrl Pts',(145.,14.936063540036,-77.5261334064846));
#4778=CARTESIAN_POINT('Ctrl Pts',(145.,14.936063540036,-77.5311334064846));
#4779=CARTESIAN_POINT('Ctrl Pts',(145.,14.931063540036,-77.5311334064846));
#4780=CARTESIAN_POINT('',(145.,14.931063540036,-77.5311334064846));
#4781=CARTESIAN_POINT('Origin',(145.,14.931063540036,-77.5261334064846));
#4782=CARTESIAN_POINT('',(149.62,14.931063540036,-82.1511334064846));
#4783=CARTESIAN_POINT('Origin',(149.62,14.931063540036,-77.5311334064846));
#4784=CARTESIAN_POINT('',(149.62,14.931063540036,-72.9011334064846));
#4785=CARTESIAN_POINT('Origin',(149.62,14.931063540036,-77.5261334064846));
#4786=CARTESIAN_POINT('Origin',(149.62,14.931063540036,-77.5261334064846));
#4787=CARTESIAN_POINT('Origin',(150.,14.931063540036,-77.5261334064846));
#4788=CARTESIAN_POINT('',(150.,14.931063540036,-72.9011334064846));
#4789=CARTESIAN_POINT('Origin',(150.,14.931063540036,-77.5261334064846));
#4790=CARTESIAN_POINT('',(150.,14.931063540036,-72.9011334064846));
#4791=CARTESIAN_POINT('Origin',(145.,14.931063540036,-77.5261334064846));
#4792=CARTESIAN_POINT('Origin',(94.9999999999999,8.59735514758293,-219.271765974127));
#4793=CARTESIAN_POINT('',(90.7499999999999,8.59735514758293,-219.271765974127));
#4794=CARTESIAN_POINT('Origin',(94.9999999999999,8.59735514758293,-219.271765974127));
#4795=CARTESIAN_POINT('',(92.2499999999999,8.59735514758293,-219.271765974127));
#4796=CARTESIAN_POINT('Origin',(94.9999999999999,8.59735514758293,-219.271765974127));
#4797=CARTESIAN_POINT('Origin',(94.9999999999999,16.0973551475829,-219.271765974127));
#4798=CARTESIAN_POINT('',(90.7499999999999,16.0973551475829,-219.271765974127));
#4799=CARTESIAN_POINT('Origin',(94.9999999999999,-344.902815402117,-219.271765974127));
#4800=CARTESIAN_POINT('',(92.2499999999999,-344.902815402117,-219.271765974127));
#4801=CARTESIAN_POINT('Origin',(54.9999999999999,8.59735514758293,-219.271765974126));
#4802=CARTESIAN_POINT('',(50.7499999999999,8.59735514758293,-219.271765974126));
#4803=CARTESIAN_POINT('Origin',(54.9999999999999,8.59735514758293,-219.271765974126));
#4804=CARTESIAN_POINT('',(52.2499999999999,8.59735514758293,-219.271765974126));
#4805=CARTESIAN_POINT('Origin',(54.9999999999999,8.59735514758293,-219.271765974126));
#4806=CARTESIAN_POINT('Origin',(54.9999999999999,16.0973551475829,-219.271765974126));
#4807=CARTESIAN_POINT('',(50.7499999999999,16.0973551475829,-219.271765974126));
#4808=CARTESIAN_POINT('Origin',(54.9999999999999,-344.902815402117,-219.271765974126));
#4809=CARTESIAN_POINT('',(52.2499999999999,-344.902815402117,-219.271765974126));
#4810=CARTESIAN_POINT('Origin',(64.875,-2.44220890171229,-229.771765974127));
#4811=CARTESIAN_POINT('',(64.875,-2.44220890171229,-229.771765974127));
#4812=CARTESIAN_POINT('',(64.875,-2.44220890171229,-230.30027577441));
#4813=CARTESIAN_POINT('',(64.875,-2.44220890171229,-112.585752365597));
#4814=CARTESIAN_POINT('',(64.875,-2.44220890171229,-229.771765974127));
#4815=CARTESIAN_POINT('',(64.875,-2.44220890171229,-230.30027577441));
#4816=CARTESIAN_POINT('Origin',(85.125,-2.44220890171229,-229.771765974127));
#4817=CARTESIAN_POINT('',(85.125,-2.44220890171229,-229.771765974127));
#4818=CARTESIAN_POINT('',(42.5625000000002,-2.44220890171229,-229.771765974127));
#4819=CARTESIAN_POINT('',(85.125,-2.44220890171229,-229.771765974127));
#4820=CARTESIAN_POINT('Origin',(85.125,-2.44220890171229,-230.30027577441));
#4821=CARTESIAN_POINT('',(85.125,-2.44220890171229,-230.30027577441));
#4822=CARTESIAN_POINT('',(85.125,-2.44220890171229,-112.850007265738));
#4823=CARTESIAN_POINT('',(85.125,-2.44220890171229,-230.30027577441));
#4824=CARTESIAN_POINT('Origin',(105.25,-2.44220890171229,-230.30027577441));
#4825=CARTESIAN_POINT('',(105.25,-2.44220890171229,-230.30027577441));
#4826=CARTESIAN_POINT('',(52.625,-2.44220890171229,-230.30027577441));
#4827=CARTESIAN_POINT('',(105.25,-2.44220890171229,-230.30027577441));
#4828=CARTESIAN_POINT('Origin',(64.875,-2.44220890171229,-230.30027577441));
#4829=CARTESIAN_POINT('',(44.7499999999999,-2.44220890171229,-230.30027577441));
#4830=CARTESIAN_POINT('',(32.4375,-2.44220890171229,-230.30027577441));
#4831=CARTESIAN_POINT('',(44.7499999999999,-2.44220890171229,-230.30027577441));
#4832=CARTESIAN_POINT('Origin',(0.,-2.44220890171229,4.60026124293282));
#4833=CARTESIAN_POINT('',(150.,-2.44220890171229,4.60026124293282));
#4834=CARTESIAN_POINT('',(150.,-2.44220890171229,4.60026124293282));
#4835=CARTESIAN_POINT('',(0.,-2.44220890171229,4.60026124293282));
#4836=CARTESIAN_POINT('',(105.25,-2.44220890171229,-98.1079283934797));
#4837=CARTESIAN_POINT('',(105.25,-2.44220890171229,-82.0038335752734));
#4838=CARTESIAN_POINT('',(44.7499999999999,-2.44220890171229,-98.1079283934797));
#4839=CARTESIAN_POINT('',(44.7499999999999,-2.44220890171229,-112.850007265738));
#4840=CARTESIAN_POINT('',(22.375,-2.44220890171229,-98.1079283934797));
#4841=CARTESIAN_POINT('Origin',(105.25,-2.44220890171229,-98.1079283934797));
#4842=CARTESIAN_POINT('',(105.25,21.849892549677,-118.221110045992));
#4843=CARTESIAN_POINT('',(105.25,1.61450093360813,-117.073702475084));
#4844=CARTESIAN_POINT('',(105.25,9.1743576488951,-117.502369090225));
#4845=CARTESIAN_POINT('',(105.25,21.1728774570927,-130.160778107956));
#4846=CARTESIAN_POINT('',(105.25,2.55779109828771,-98.1079283934797));
#4847=CARTESIAN_POINT('',(105.25,-2.44220890171229,-98.1079283934797));
#4848=CARTESIAN_POINT('',(105.25,2.55779109828771,-100.175095532231));
#4849=CARTESIAN_POINT('',(105.25,2.55779109828771,-168.60792839348));
#4850=CARTESIAN_POINT('',(105.25,2.13589639383211,-107.733143997931));
#4851=CARTESIAN_POINT('Origin',(74.9999999999999,2.55779109828771,-133.35792839348));
#4852=CARTESIAN_POINT('',(44.7499999999999,2.55779109828771,-100.175095532231));
#4853=CARTESIAN_POINT('',(37.5,2.55779109828771,-100.175095532231));
#4854=CARTESIAN_POINT('',(44.7499999999999,2.55779109828771,-98.1079283934797));
#4855=CARTESIAN_POINT('',(105.25,2.55779109828771,-98.1079283934797));
#4856=CARTESIAN_POINT('',(44.7499999999999,2.55779109828771,-98.1079283934797));
#4857=CARTESIAN_POINT('Origin',(44.7499999999999,-2.44220890171229,-98.1079283934797));
#4858=CARTESIAN_POINT('',(44.7499999999999,-2.44220890171229,-98.1079283934797));
#4859=CARTESIAN_POINT('Origin',(44.7499999999999,-2.44220890171229,-168.60792839348));
#4860=CARTESIAN_POINT('',(44.7499999999999,0.174332800782951,-142.873648366074));
#4861=CARTESIAN_POINT('',(44.7499999999999,19.7613570714834,-155.053996961528));
#4862=CARTESIAN_POINT('Origin',(0.,1.61450093360813,-117.073702475084));
#4863=CARTESIAN_POINT('',(150.,2.74261021062765,-96.8641466302877));
#4864=CARTESIAN_POINT('',(0.,2.74261021062765,-96.8641466302877));
#4865=CARTESIAN_POINT('',(150.,1.61450093360813,-117.073702475084));
#4866=CARTESIAN_POINT('',(150.,1.61450093360813,-117.073702475084));
#4867=CARTESIAN_POINT('',(0.,1.61450093360813,-117.073702475084));
#4868=CARTESIAN_POINT('Origin',(0.,2.74261021062765,-96.8641466302877));
#4869=CARTESIAN_POINT('',(150.,22.996788188193,-97.9947467409669));
#4870=CARTESIAN_POINT('',(0.,22.996788188193,-97.9947467409669));
#4871=CARTESIAN_POINT('',(150.,2.74261021062765,-96.8641466302877));
#4872=CARTESIAN_POINT('Origin',(0.,21.849892549677,-118.221110045992));
#4873=CARTESIAN_POINT('',(150.,21.849892549677,-118.221110045992));
#4874=CARTESIAN_POINT('',(150.,21.849892549677,-118.221110045992));
#4875=CARTESIAN_POINT('',(0.,21.849892549677,-118.221110045992));
#4876=CARTESIAN_POINT('Origin',(0.,22.996788188193,-97.9947467409669));
#4877=CARTESIAN_POINT('',(150.,22.996788188193,-97.9947467409669));
#4878=CARTESIAN_POINT('Origin',(0.,2.48186667923203,4.60026124293314));
#4879=CARTESIAN_POINT('',(150.,2.48186667923203,4.60026124293314));
#4880=CARTESIAN_POINT('',(150.,2.48186667923203,4.60026124293314));
#4881=CARTESIAN_POINT('',(0.,2.48186667923203,4.60026124293314));
#4882=CARTESIAN_POINT('Origin',(0.,2.48186667923203,-0.399738757066858));
#4883=CARTESIAN_POINT('',(150.,7.48184960820175,-0.412804361215694));
#4884=CARTESIAN_POINT('Origin',(150.,2.48186667923203,-0.399738757066858));
#4885=CARTESIAN_POINT('',(0.,7.48184960820175,-0.412804361215694));
#4886=CARTESIAN_POINT('Origin',(0.,207.481166766988,-0.935428527169151));
#4887=CARTESIAN_POINT('Origin',(150.,207.481166766988,-0.935428527169151));
#4888=CARTESIAN_POINT('Origin',(150.,15.1016482548754,-162.777476224923));
#4889=CARTESIAN_POINT('polyline point',(0.,2.74261021062765,-96.8641466302877));
#4890=CARTESIAN_POINT('polyline point',(0.,22.996788188193,-97.9947467409669));
#4891=CARTESIAN_POINT('polyline point',(150.,2.74261021062765,-96.8641466302877));
#4892=CARTESIAN_POINT('polyline point',(150.,22.996788188193,-97.9947467409669));
#4893=CARTESIAN_POINT('polyline point',(150.,22.996788188193,-97.9947467409669));
#4894=CARTESIAN_POINT('polyline point',(0.,22.996788188193,-97.9947467409669));
#4895=CARTESIAN_POINT('polyline point',(0.,22.996788188193,-97.9947467409669));
#4896=CARTESIAN_POINT('polyline point',(0.,2.74261021062765,-96.8641466302877));
#4897=CARTESIAN_POINT('polyline point',(0.,2.74261021062765,-96.8641466302877));
#4898=CARTESIAN_POINT('polyline point',(150.,2.74261021062773,-96.8641466302877));
#4899=CARTESIAN_POINT('polyline point',(150.,2.74261021062773,-96.8641466302877));
#4900=CARTESIAN_POINT('polyline point',(150.,22.996788188193,-97.9947467409669));
#4901=CARTESIAN_POINT('polyline point',(75.,22.996788188193,-97.9947467409669));
#4902=CARTESIAN_POINT('polyline point',(97.4696085667,22.996788188193,-97.9947467409669));
#4903=CARTESIAN_POINT('polyline point',(97.4696085667,22.996788188193,-97.9947467409669));
#4904=CARTESIAN_POINT('polyline point',(97.4696085667,42.9657014379441,
-99.1094232069938));
#4905=CARTESIAN_POINT('polyline point',(97.4696085667,42.9657014379441,
-99.1094232069938));
#4906=CARTESIAN_POINT('polyline point',(75.,42.9657014379441,-99.1094232069938));
#4907=CARTESIAN_POINT('polyline point',(75.,42.9657014379441,-99.1094232069938));
#4908=CARTESIAN_POINT('polyline point',(75.,22.996788188193,-97.9947467409669));
#4909=CARTESIAN_POINT('polyline point',(75.,22.996788188193,-97.9947467409669));
#4910=CARTESIAN_POINT('polyline point',(55.,22.996788188193,-97.9947467409669));
#4911=CARTESIAN_POINT('polyline point',(55.,22.996788188193,-97.9947467409669));
#4912=CARTESIAN_POINT('polyline point',(55.,42.9657014379441,-99.1094232069938));
#4913=CARTESIAN_POINT('polyline point',(55.,42.9657014379441,-99.1094232069938));
#4914=CARTESIAN_POINT('polyline point',(75.,42.9657014379441,-99.1094232069938));
#4915=CARTESIAN_POINT('polyline point',(75.,42.9657014379441,-99.1094232069938));
#4916=CARTESIAN_POINT('polyline point',(75.,22.996788188193,-97.9947467409669));
#4917=CARTESIAN_POINT('',(0.,-5.3816987138685,-96.4106429344378));
#4918=UNCERTAINTY_MEASURE_WITH_UNIT(LENGTH_MEASURE(0.01),#4922,
'DISTANCE_ACCURACY_VALUE',
'Maximum model space distance between geometric entities at asserted c
onnectivities');
#4919=UNCERTAINTY_MEASURE_WITH_UNIT(LENGTH_MEASURE(0.01),#4922,
'DISTANCE_ACCURACY_VALUE',
'Maximum model space distance between geometric entities at asserted c
onnectivities');
#4920=(
GEOMETRIC_REPRESENTATION_CONTEXT(3)
GLOBAL_UNCERTAINTY_ASSIGNED_CONTEXT((#4918))
GLOBAL_UNIT_ASSIGNED_CONTEXT((#4922,#4924,#4925))
REPRESENTATION_CONTEXT('','3D')
);
#4921=(
GEOMETRIC_REPRESENTATION_CONTEXT(3)
GLOBAL_UNCERTAINTY_ASSIGNED_CONTEXT((#4919))
GLOBAL_UNIT_ASSIGNED_CONTEXT((#4922,#4924,#4925))
REPRESENTATION_CONTEXT('','3D')
);
#4922=(
LENGTH_UNIT()
NAMED_UNIT(*)
SI_UNIT(.MILLI.,.METRE.)
);
#4923=(
LENGTH_UNIT()
NAMED_UNIT(*)
SI_UNIT(.CENTI.,.METRE.)
);
#4924=(
NAMED_UNIT(*)
PLANE_ANGLE_UNIT()
SI_UNIT($,.RADIAN.)
);
#4925=(
NAMED_UNIT(*)
SI_UNIT($,.STERADIAN.)
SOLID_ANGLE_UNIT()
);
#4926=SHAPE_DEFINITION_REPRESENTATION(#4927,#4928);
#4927=PRODUCT_DEFINITION_SHAPE('',$,#4930);
#4928=SHAPE_REPRESENTATION('',(#2119),#4920);
#4929=PRODUCT_DEFINITION_CONTEXT('part definition',#4934,'design');
#4930=PRODUCT_DEFINITION('WingBox','WingBox',#4931,#4929);
#4931=PRODUCT_DEFINITION_FORMATION('',$,#4936);
#4932=PRODUCT_RELATED_PRODUCT_CATEGORY('WingBox','WingBox',(#4936));
#4933=APPLICATION_PROTOCOL_DEFINITION('international standard',
'automotive_design',2009,#4934);
#4934=APPLICATION_CONTEXT(
'Core Data for Automotive Mechanical Design Process');
#4935=PRODUCT_CONTEXT('part definition',#4934,'mechanical');
#4936=PRODUCT('WingBox','WingBox',$,(#4935));
#4937=PRESENTATION_STYLE_ASSIGNMENT((#4940));
#4938=PRESENTATION_STYLE_ASSIGNMENT((#4941));
#4939=PRESENTATION_STYLE_ASSIGNMENT((#4942));
#4940=SURFACE_STYLE_USAGE(.BOTH.,#4945);
#4941=SURFACE_STYLE_USAGE(.BOTH.,#4946);
#4942=SURFACE_STYLE_USAGE(.BOTH.,#4947);
#4943=SURFACE_STYLE_RENDERING_WITH_PROPERTIES($,#4957,(#4944));
#4944=SURFACE_STYLE_TRANSPARENT(0.);
#4945=SURFACE_SIDE_STYLE('',(#4948,#4943));
#4946=SURFACE_SIDE_STYLE('',(#4949));
#4947=SURFACE_SIDE_STYLE('',(#4950));
#4948=SURFACE_STYLE_FILL_AREA(#4951);
#4949=SURFACE_STYLE_FILL_AREA(#4952);
#4950=SURFACE_STYLE_FILL_AREA(#4953);
#4951=FILL_AREA_STYLE('',(#4954));
#4952=FILL_AREA_STYLE('',(#4955));
#4953=FILL_AREA_STYLE('',(#4956));
#4954=FILL_AREA_STYLE_COLOUR('',#4957);
#4955=FILL_AREA_STYLE_COLOUR('',#4958);
#4956=FILL_AREA_STYLE_COLOUR('',#4959);
#4957=COLOUR_RGB('',0.92156862745098,0.92156862745098,0.92156862745098);
#4958=COLOUR_RGB('',0.227450980392157,0.580392156862745,0.341176470588235);
#4959=COLOUR_RGB('',0.,0.,0.627450980392157);
ENDSEC;
END-ISO-10303-21;
